key,query,cleaned,rawg_name,rawg_slug,match,our_year,rawg_year,confidence,released,added,ratings_count,rating,metacritic
tiny tina’s wonderlands,Tiny Tina’s Wonderlands,Tiny Tina’s Wonderlands,Tiny Tina's Wonderlands,tiny-tinas-wonderlands,1.0,2022.0,2022.0,high,2022-03-25,1301.0,135.0,3.6,
limbo,Limbo,Limbo,Limbo,limbo,1.0,2010.0,2010.0,high,2010-07-21,14182.0,3412.0,4.14,88.0
sifu,Sifu,Sifu,Sifu,sifu,1.0,2022.0,2022.0,high,2022-02-08,1936.0,391.0,4.07,79.0
gigapocalypse,Gigapocalypse,Gigapocalypse,Gigapocalypse,gigapocalypse,1.0,2021.0,2021.0,high,2021-07-22,81.0,0.0,0.0,
happy game,Happy Game,Happy Game,Happy Game,happy-game-2,1.0,2021.0,2021.0,high,2021-10-28,238.0,51.0,3.38,
dead island 2,Dead Island 2,Dead Island 2,Dead Island 2,dead-island-2,1.0,2023.0,2023.0,high,2023-04-21,1069.0,236.0,3.68,75.0
deadtime defenders,Deadtime Defenders,Deadtime Defenders,Deadtime Defenders,deadtime-defenders,1.0,,,high,,37.0,0.0,0.0,
lego star wars: the skywalker saga,Lego Star Wars: The Skywalker Saga,Lego Star Wars: The Skywalker Saga,Lego Star Wars: The Skywalker Saga,lego-star-wars-the-sywalker-saga,1.0,2022.0,2022.0,high,2022-04-05,2174.0,237.0,3.84,80.0
super space club,Super Space Club,Super Space Club,Super Space Club,super-space-club,1.0,2023.0,2023.0,high,2023-08-04,31.0,1.0,0.0,
chuchel,Chuchel,Chuchel,Chuchel,chuchel,1.0,2018.0,2018.0,high,2018-03-07,860.0,184.0,3.88,80.0
botanicula,Botanicula,Botanicula,Botanicula,botanicula,1.0,2012.0,2012.0,high,2012-04-18,2090.0,298.0,3.91,82.0
river city girls,River City Girls,River City Girls,River City Girls,river-city-girls,1.0,2019.0,2019.0,high,2019-09-04,1011.0,165.0,3.99,
idle champions of the forgotten realms,Idle Champions of the Forgotten Realms,Idle Champions of the Forgotten Realms,Idle Champions of the Forgotten Realms,idle-champions-of-the-forgotten-realms,1.0,2017.0,2017.0,high,2017-09-07,2035.0,147.0,2.47,
cat quest ii,Cat Quest II,Cat Quest II,Cat Quest II,cat-quest-ii,1.0,2019.0,2019.0,high,2019-09-23,1045.0,122.0,3.92,77.0
"neko ghost, jump!","Neko Ghost, Jump!","Neko Ghost, Jump!","Neko Ghost, Jump!",neko-ghost-jump,1.0,2019.0,2019.0,high,2019-10-11,40.0,1.0,0.0,
cat quest,Cat Quest,Cat Quest,Cat Quest,cat-quest,1.0,2017.0,2017.0,high,2017-08-07,1599.0,238.0,3.79,77.0
jurassic world evolution 2,Jurassic World Evolution 2,Jurassic World Evolution 2,Jurassic World Evolution 2,jurassic-world-evolution-2-2,1.0,2021.0,2021.0,high,2021-11-09,895.0,59.0,3.46,
mortal shell,Mortal Shell,Mortal Shell,Mortal Shell,mortal-shell,1.0,2020.0,2020.0,high,2020-08-18,1899.0,238.0,3.22,75.0
them’s fightin’ herds,Them’s Fightin’ Herds,Them’s Fightin’ Herds,Them's Fightin' Herds,thems-fightin-herds,1.0,2020.0,2020.0,high,2020-04-30,815.0,42.0,3.36,82.0
mages of mystralia,Mages of Mystralia,Mages of Mystralia,Mages of Mystralia,mages-of-mystralia,1.0,2017.0,2017.0,high,2017-05-17,1162.0,45.0,3.23,75.0
world war z: aftermath,World War Z: Aftermath,World War Z: Aftermath,World War Z: Aftermath,world-war-z-aftermath,1.0,2021.0,2021.0,high,2021-09-21,518.0,53.0,3.6,
garden story,Garden Story,Garden Story,Garden Story,garden-story,1.0,2021.0,2021.0,high,2021-08-11,356.0,20.0,3.3,
f1 manager 2024,F1 Manager 2024,F1 Manager 2024,F1 Manager 2024,f1-manager-2024,1.0,2024.0,2024.0,high,2024-07-23,62.0,5.0,0.0,
beyond blue,Beyond Blue,Beyond Blue,Beyond Blue,beyond-blue,1.0,2020.0,2020.0,high,2020-06-11,385.0,29.0,3.62,72.0
undying,Undying,Undying,Undying,undying-2,1.0,2021.0,2021.0,high,2021-10-19,175.0,2.0,0.0,
behind the frame: the finest scenery,Behind the Frame: The Finest Scenery,Behind the Frame: The Finest Scenery,Behind the Frame: The Finest Scenery,behind-the-frame,1.0,2021.0,2021.0,high,2021-08-17,580.0,70.0,3.9,
escape academy,Escape Academy,Escape Academy,Escape Academy,escape-academy,1.0,2022.0,2022.0,high,2022-07-13,581.0,64.0,3.97,
turmoil,Turmoil,Turmoil,Turmoil,turmoil,1.0,2016.0,2016.0,high,2016-06-01,1118.0,95.0,3.51,73.0
hell let loose,Hell Let Loose,Hell Let Loose,Hell Let Loose,hell-let-loose,1.0,2019.0,2019.0,high,2019-06-06,1554.0,91.0,3.54,77.0
kingdom come: deliverance,Kingdom Come: Deliverance,Kingdom Come: Deliverance,Kingdom Come: Deliverance,kingdom-come-deliverance,1.0,2018.0,2018.0,high,2018-02-13,7541.0,1487.0,4.05,71.0
orcs must die! 3,Orcs Must Die! 3,Orcs Must Die! 3,Orcs Must Die! 3,orcs-must-die-3,1.0,2020.0,2020.0,high,2020-07-13,721.0,68.0,3.77,
kill knight,Kill Knight,Kill Knight,KILL KNIGHT,kill-knight,1.0,,,high,,71.0,7.0,3.14,
hot wheels unleashed,Hot Wheels Unleashed,Hot Wheels Unleashed,Hot Wheels Unleashed,hot-wheels-unleashed,1.0,2021.0,2021.0,high,2021-09-27,1382.0,108.0,3.42,74.0
ghostrunner 2,Ghostrunner 2,Ghostrunner 2,Ghostrunner 2,ghostrunner-2,1.0,2023.0,2023.0,high,2023-10-26,680.0,82.0,3.77,
control,Control,Control,Control,control,1.0,2019.0,2019.0,high,2019-08-27,9780.0,2064.0,4.14,84.0
dredge,Dredge,Dredge,Dredge,dredge,1.0,2023.0,2023.0,high,2023-03-29,1290.0,251.0,4.26,
wizard of legend,Wizard of Legend,Wizard of Legend,Wizard of Legend,wizard-of-legend,1.0,2018.0,2018.0,high,2018-05-15,2730.0,247.0,3.54,77.0
terratech,TerraTech,TerraTech,TerraTech,terratech,1.0,2015.0,2015.0,high,2015-02-06,290.0,34.0,3.85,
astrea: six-sided oracles,Astrea: Six-Sided Oracles,Astrea: Six-Sided Oracles,Astrea: Six-Sided Oracles,astrea-six-sided-oracles,1.0,2023.0,2023.0,high,2023-09-21,187.0,4.0,0.0,
vampire survivors,Vampire Survivors,Vampire Survivors,Vampire Survivors,vampire-survivors,1.0,2022.0,2022.0,high,2022-10-20,5229.0,803.0,4.19,
the lord of the rings: return to moria,The Lord of the Rings: Return to Moria,The Lord of the Rings: Return to Moria,The Lord of the Rings: Return to Moria,the-lord-of-the-rings-return-to-moria,1.0,2023.0,2023.0,high,2023-10-24,140.0,22.0,3.17,
bus simulator 21 next stop,Bus Simulator 21 Next Stop,Bus Simulator 21 Next Stop,Bus Simulator 21 Next Stop,bus-simulator-21-next-stop,1.0,2021.0,2021.0,high,2021-09-06,68.0,2.0,0.0,
brotato,Brotato,Brotato,Brotato,brotato,1.0,2022.0,2022.0,high,2022-09-27,1052.0,146.0,4.04,
beholder,Beholder,Beholder,Beholder,beholder,1.0,2016.0,2016.0,high,2016-11-08,5634.0,732.0,3.8,75.0
snakebird complete,Snakebird Complete,Snakebird Complete,Snakebird Complete,snakebird-complete,1.0,2023.0,2023.0,high,2023-12-29,53.0,6.0,4.43,
castlevania anniversary collection,Castlevania Anniversary Collection,Castlevania Anniversary Collection,Castlevania Anniversary Collection,castlevania-anniversary-collection,1.0,2019.0,2019.0,high,2019-05-16,763.0,38.0,4.03,78.0
deceive inc.,Deceive Inc.,Deceive Inc.,Deceive Inc.,deceive-inc,1.0,2023.0,2023.0,high,2023-03-21,297.0,5.0,3.5,
ghostwire: tokyo,Ghostwire: Tokyo,Ghostwire: Tokyo,Ghostwire: Tokyo,ghostwire-tokio,1.0,2022.0,2022.0,high,2022-03-24,2139.0,316.0,3.54,78.0
witch it,Witch It,Witch It,Witch It,witch-it,1.0,2017.0,2017.0,high,2017-05-31,901.0,73.0,3.64,
moving out,Moving Out,Moving Out,Moving Out,moving-out-2,1.0,2020.0,2020.0,high,2020-04-28,2201.0,197.0,3.66,77.0
invincible presents: atom eve,Invincible Presents: Atom Eve,Invincible Presents: Atom Eve,Invincible Presents: Atom Eve,invincible-presents-atom-eve,1.0,2023.0,2023.0,high,2023-11-14,89.0,10.0,3.8,
outliver: tribulation,Outliver: Tribulation,Outliver: Tribulation,Outliver: Tribulation,outliver-tribulation,1.0,2023.0,2023.0,high,2023-07-18,38.0,2.0,0.0,
empyrion: galactic survival,Empyrion: Galactic Survival,Empyrion: Galactic Survival,Empyrion - Galactic Survival,empyrion-galactic-survival,1.0,2015.0,2015.0,high,2015-08-05,785.0,38.0,3.13,
bear and breakfast,Bear and Breakfast,Bear and Breakfast,Bear and Breakfast,bear-and-breakfast,1.0,2022.0,2022.0,high,2022-07-28,251.0,16.0,3.56,72.0
the spirit and the mouse,The Spirit and the Mouse,The Spirit and the Mouse,The Spirit and the Mouse,the-spirit-and-the-mouse,1.0,2022.0,2022.0,high,2022-09-26,93.0,11.0,3.92,
the last stand: aftermath,The Last Stand: Aftermath,The Last Stand: Aftermath,The Last Stand: Aftermath,the-last-stand-aftermath,1.0,2021.0,2021.0,high,2021-11-16,286.0,32.0,3.61,
super crazy rhythm castle,Super Crazy Rhythm Castle,Super Crazy Rhythm Castle,SUPER CRAZY RHYTHM CASTLE,super-crazy-rhythm-castle,1.0,2023.0,2023.0,high,2023-11-13,52.0,3.0,0.0,
rugrats: adventures in gameland,Rugrats: Adventures in Gameland,Rugrats: Adventures in Gameland,Rugrats: Adventures in Gameland,rugrats-adventures-in-gameland,1.0,2024.0,2024.0,high,2024-09-10,41.0,2.0,0.0,
sniper ghost warrior contracts,Sniper Ghost Warrior Contracts,Sniper Ghost Warrior Contracts,Sniper Ghost Warrior Contracts,sniper-ghost-warrior-contracts,1.0,2019.0,2019.0,high,2019-11-21,1256.0,86.0,3.32,57.0
football manager 2024,Football Manager 2024,Football Manager 2024,Football Manager 2024,football-manager-2024,1.0,2023.0,2023.0,high,2023-11-06,99.0,21.0,3.95,
wild card football,Wild Card Football,Wild Card Football,Wild Card Football,wild-card-football,1.0,2023.0,2023.0,high,2023-10-10,29.0,0.0,0.0,
the callisto protocol,The Callisto Protocol,The Callisto Protocol,The Callisto Protocol,the-calisto-protocol,1.0,2022.0,2022.0,high,2022-12-01,1602.0,259.0,3.54,69.0
gigantic: rampage edition,Gigantic: Rampage Edition,Gigantic: Rampage Edition,Gigantic: Rampage Edition,gigantic-rampage-edition,1.0,2024.0,2024.0,high,2024-04-09,54.0,1.0,0.0,
death’s gambit: afterlife,Death’s Gambit: Afterlife,Death’s Gambit: Afterlife,Death's Gambit: Afterlife,deaths-gambit-afterlife,1.0,2021.0,2021.0,high,2021-09-30,61.0,7.0,3.88,
dnf duel,DNF Duel,DNF Duel,DNF DUEL,dnf-duel,1.0,2022.0,2022.0,high,2022-06-28,114.0,6.0,3.5,
cygni: all guns blazing,CYGNI: All Guns Blazing,CYGNI: All Guns Blazing,Cygni: All Guns Blazing,cygni-all-guns-blazing,1.0,,2024.0,high,2024-08-05,48.0,1.0,0.0,
lumbearjack,LumbearJack,LumbearJack,LumbearJack,lumbearjack,1.0,,2022.0,high,2022-06-11,70.0,10.0,3.73,
f.i.s.t.: forged in shadow torch,F.I.S.T.: Forged in Shadow Torch,F.I.S.T.: Forged in Shadow Torch,F.I.S.T.: Forged In Shadow Torch,fist-forged-in-shadow-torch,1.0,2021.0,2021.0,high,2021-09-07,544.0,77.0,3.69,76.0
maid of sker,Maid of Sker,Maid of Sker,Maid of Sker,maid-of-sker,1.0,2020.0,2020.0,high,2020-07-28,957.0,41.0,3.14,64.0
arcade paradise,Arcade Paradise,Arcade Paradise,Arcade Paradise,arcade-paradise,1.0,2022.0,2022.0,high,2022-08-11,608.0,18.0,3.53,
floppy knights,Floppy Knights,Floppy Knights,Floppy Knights,floppy-knights,1.0,2022.0,2022.0,high,2022-05-24,144.0,14.0,3.29,76.0
the falconeer,The Falconeer,The Falconeer,The Falconeer,the-falconeer,1.0,2020.0,2020.0,high,2020-11-10,953.0,57.0,2.79,65.0
sunless skies: sovereign edition,Sunless Skies: Sovereign Edition,Sunless Skies,Sunless Skies,sunless-skies,1.0,2017.0,2017.0,high,2017-08-30,1247.0,50.0,3.69,87.0
freshly frosted,Freshly Frosted,Freshly Frosted,Freshly Frosted,freshly-frosted,1.0,2019.0,2019.0,high,2019-03-17,76.0,5.0,2.5,
redout 2,Redout 2,Redout 2,Redout 2,redout-2,1.0,2022.0,2022.0,high,2022-06-16,138.0,6.0,2.5,
marvel’s midnight suns,Marvel’s Midnight Suns,Marvel’s Midnight Suns,Marvel's Midnight Suns,marvels-midnight-suns,1.0,2022.0,2022.0,high,2022-12-02,989.0,112.0,3.97,
chivalry 2,Chivalry 2,Chivalry 2,Chivalry 2,chivalry-2,1.0,2021.0,2021.0,high,2021-06-08,1249.0,98.0,3.77,78.0
farming simulator 22,Farming Simulator 22,Farming Simulator 22,Farming Simulator 22,farming-simulator-22,1.0,2021.0,2021.0,high,2021-11-22,593.0,47.0,3.4,
dragon age: inquisition – game of the year edition,Dragon Age: Inquisition – Game of the Year Edition,Dragon Age: Inquisition,Dragon Age: Inquisition,dragon-age-inquisition,1.0,2014.0,2014.0,high,2014-11-18,6421.0,1569.0,3.79,86.0
circus electrique,Circus Electrique,Circus Electrique,Circus Electrique,circus-electrique,1.0,2022.0,2022.0,high,2022-09-06,121.0,9.0,3.0,
lisa: definitive edition,Lisa: Definitive Edition,Lisa,LISA,lisa,1.0,2014.0,2014.0,high,2014-12-14,1617.0,197.0,4.26,78.0
industria,Industria,Industria,Industria,industria,1.0,2021.0,2021.0,high,2021-09-30,1145.0,43.0,3.04,66.0
town of salem 2,Town of Salem 2,Town of Salem 2,Town of Salem 2,town-of-salem-2,1.0,2023.0,2023.0,high,2023-05-26,174.0,6.0,3.33,
the big con,The Big Con,The Big Con,The Big Con,the-big-con,1.0,2021.0,2021.0,high,2021-08-31,212.0,13.0,3.54,76.0
ghostrunner,Ghostrunner,Ghostrunner,Ghostrunner,ghostrunner,1.0,2020.0,2020.0,high,2020-10-27,4447.0,653.0,3.84,
thief,Thief,Thief,Thief,thief,1.0,2014.0,2014.0,high,2014-02-25,7383.0,1284.0,3.26,70.0
the outer worlds: spacer’s choice edition,The Outer Worlds: Spacer’s Choice Edition,The Outer Worlds: Spacer’s Choice Edition,The Outer Worlds: Spacer's Choice Edition,the-outer-worlds-spacers-choice-edition,1.0,2023.0,2023.0,high,2023-03-07,511.0,36.0,3.76,
islets,Islets,Islets,Islets,islets,1.0,2022.0,2022.0,high,2022-08-24,196.0,29.0,4.0,
call of the wild: the angler,Call of the Wild: The Angler,Call of the Wild: The Angler,Call of the Wild: The Angler,call-of-the-wild-the-angler,1.0,2022.0,2022.0,high,2022-08-31,110.0,4.0,0.0,
the bridge,The Bridge,The Bridge,The Bridge,the-bridge,1.0,2013.0,2013.0,high,2013-02-21,2605.0,252.0,3.26,74.0
deus ex: mankind divided,Deus Ex: Mankind Divided,Deus Ex: Mankind Divided,Deus Ex: Mankind Divided,deus-ex-mankind-divided,1.0,2016.0,2016.0,high,2016-08-22,10824.0,2022.0,3.96,83.0
astro duel 2,Astro Duel 2,Astro Duel 2,Astro Duel 2,astro-duel-2,1.0,2024.0,2024.0,high,2024-03-07,73.0,5.0,0.0,
aerial_knight’s never yield,Aerial_Knight’s Never Yield,Aerial_Knight’s Never Yield,Aerial_Knights Never Yield,aerial_knights-never-yield,0.981,2021.0,2021.0,high,2021-05-19,44.0,2.0,0.0,70.0
super meat boy forever,Super Meat Boy Forever,Super Meat Boy Forever,Super Meat Boy Forever,super-meat-boy-forever,1.0,2020.0,2020.0,high,2020-12-23,436.0,34.0,2.63,68.0
dakar desert rally,Dakar Desert Rally,Dakar Desert Rally,Dakar Desert Rally,dakar-desert-rally,1.0,2022.0,2022.0,high,2022-10-04,136.0,15.0,3.0,
lost castle,Lost Castle,Lost Castle,Lost Castle,lost-castle,1.0,2016.0,2016.0,high,2016-08-31,1614.0,98.0,3.23,
doki doki literature club plus!,Doki Doki Literature Club Plus!,Doki Doki Literature Club Plus!,Doki Doki Literature Club Plus!,doki-doki-literature-club-plus,1.0,2021.0,2021.0,high,2021-06-30,716.0,124.0,4.03,
doors: paradox,Doors: Paradox,Doors: Paradox,Doors: Paradox,doors-paradox,1.0,2021.0,2021.0,high,2021-09-27,166.0,26.0,3.59,
infinifactory,Infinifactory,Infinifactory,Infinifactory,infinifactory,1.0,2015.0,2015.0,high,2015-06-29,1182.0,70.0,3.93,
love,Love,Love,LOVE,love,1.0,2014.0,2014.0,high,2014-02-07,606.0,29.0,3.61,
sail forth,Sail Forth,Sail Forth,Sail Forth,sail-forth,1.0,2022.0,2022.0,high,2022-12-20,84.0,4.0,0.0,
marvel’s guardians of the galaxy,Marvel’s Guardians of the Galaxy,Marvel’s Guardians of the Galaxy,Marvel's Guardians of the Galaxy,guardians-of-the-galaxy,1.0,2021.0,2021.0,high,2021-10-26,4741.0,904.0,4.28,
a plague tale: innocence,A Plague Tale: Innocence,A Plague Tale: Innocence,A Plague Tale: Innocence,a-plague-tale-innocence,1.0,2019.0,2019.0,high,2019-05-13,7177.0,1544.0,4.14,82.0
20 minutes till dawn,20 Minutes Till Dawn,20 Minutes Till Dawn,20 Minutes Till Dawn,20-minutes-till-dawn,1.0,2023.0,2023.0,high,2023-06-06,868.0,99.0,3.85,
saints row,Saints Row,Saints Row,Saints Row,saints-row,1.0,2006.0,2006.0,high,2006-08-29,1252.0,158.0,3.51,81.0
human resource machine,Human Resource Machine,Human Resource Machine,Human Resource Machine,human-resource-machine,1.0,2015.0,2015.0,high,2015-10-14,1651.0,203.0,4.01,78.0
fallout 3: game of the year edition,Fallout 3: Game of the Year Edition,Fallout 3,Fallout 3: Game of the Year Edition,fallout-3-game-of-the-year-edition,1.0,2009.0,2009.0,high,2009-10-13,5586.0,953.0,4.14,91.0
art of rally,Art of Rally,Art of Rally,art of rally,art-of-rally,1.0,2020.0,2020.0,high,2020-09-23,1067.0,129.0,3.47,78.0
melvor idle,Melvor Idle,Melvor Idle,Melvor Idle,melvor-idle,1.0,2020.0,2020.0,high,2020-06-23,433.0,30.0,3.29,
predecessor,Predecessor,Predecessor,Predecessor,predecessor,1.0,,,high,,257.0,12.0,3.08,
gigabash,GigaBash,GigaBash,Gigabash,gigabash,1.0,2022.0,2022.0,high,2022-08-05,101.0,8.0,2.88,
mighty fight federation,Mighty Fight Federation,Mighty Fight Federation,Mighty Fight Federation,mighty-fight-federation,1.0,2021.0,2021.0,high,2021-02-25,89.0,3.0,0.0,
jitsu squad,Jitsu Squad,Jitsu Squad,Jitsu Squad,jitsu-squad,1.0,2021.0,2021.0,high,2021-02-18,79.0,5.0,3.17,
deliver us mars,Deliver Us Mars,Deliver Us Mars,Deliver Us Mars,deliver-us-mars,1.0,2023.0,2023.0,high,2023-02-02,322.0,52.0,3.3,
surviving the aftermath,Surviving the Aftermath,Surviving the Aftermath,Surviving the Aftermath,surviving-the-aftermath,1.0,2021.0,2021.0,high,2021-11-15,855.0,33.0,3.41,
golden light,Golden Light,Golden Light,Golden Light,golden-light,1.0,2022.0,2022.0,high,2022-03-11,693.0,32.0,3.03,
turnip boy commits tax evasion,Turnip Boy Commits Tax Evasion,Turnip Boy Commits Tax Evasion,Turnip Boy Commits Tax Evasion,turnip-boy-commits-tax-evasion,1.0,2021.0,2021.0,high,2021-04-22,1410.0,99.0,3.88,74.0
the evil within 2,The Evil Within 2,The Evil Within 2,The Evil Within 2,the-evil-within-2,1.0,2017.0,2017.0,high,2017-10-11,4494.0,831.0,4.14,82.0
tandem: a tale of shadows,Tandem: A Tale of Shadows,Tandem: A Tale of Shadows,Tandem: A Tale of Shadows,tandem-a-tale-of-shadows,1.0,2021.0,2021.0,high,2021-10-21,173.0,13.0,3.46,
the evil within,The Evil Within,The Evil Within,The Evil Within,the-evil-within,1.0,2014.0,2014.0,high,2014-10-12,5675.0,1179.0,3.98,68.0
eternal threads,Eternal Threads,Eternal Threads,Eternal Threads,eternal-threads,1.0,2022.0,2022.0,high,2022-05-19,117.0,13.0,3.5,
blazing sails,Blazing Sails,Blazing Sails,Blazing Sails,blazing-sails,1.0,,,high,,145.0,8.0,3.25,
godlike burger,Godlike Burger,Godlike Burger,Godlike Burger,godlike-burger,1.0,2022.0,2022.0,high,2022-04-20,149.0,8.0,2.38,
soulstice,Soulstice,Soulstice,Soulstice,soulstice-2,1.0,2022.0,2022.0,high,2022-09-19,476.0,32.0,2.5,
model builder,Model Builder,Model Builder,Model Builder,model-builder,1.0,2022.0,2022.0,high,2022-02-08,209.0,15.0,3.5,
the forest quartet,The Forest Quartet,The Forest Quartet,The Forest Quartet,the-forest-quartet,1.0,2022.0,2022.0,high,2022-12-08,100.0,10.0,3.6,
out of line,Out of Line,Out of Line,Out of Line,out-of-line,1.0,2021.0,2021.0,high,2021-06-23,170.0,16.0,3.47,
911 operator,911 Operator,911 Operator,911 Operator,911-operator,1.0,2017.0,2017.0,high,2017-02-24,2290.0,160.0,3.42,68.0
spelldrifter,Spelldrifter,Spelldrifter,Spelldrifter,spelldrifter,1.0,2019.0,2019.0,high,2019-09-14,80.0,9.0,2.56,
cave story+,Cave Story+,Cave Story+,Cave Story+,cave-story,1.0,2010.0,2010.0,high,2010-03-22,2875.0,318.0,3.95,83.0
homeworld: deserts of kharak,Homeworld: Deserts of Kharak,Homeworld: Deserts of Kharak,Homeworld: Deserts of Kharak,homeworld-deserts-of-kharak,1.0,2016.0,2016.0,high,2016-01-19,1229.0,103.0,3.84,79.0
dodo peak,Dodo Peak,Dodo Peak,Dodo Peak,dodo-peak,1.0,2019.0,2019.0,high,2019-09-12,61.0,2.0,0.0,
black book,Black Book,Black Book,Black Book,black-book,1.0,2021.0,2021.0,high,2021-08-10,2048.0,199.0,4.07,78.0
orwell: keeping an eye on you,Orwell: Keeping an Eye on You,Orwell: Keeping an Eye on You,Orwell: Keeping an Eye On You,orwell,1.0,2016.0,2016.0,high,2016-10-27,5268.0,559.0,3.28,77.0
europa universalis iv,Europa Universalis IV,Europa Universalis IV,Europa Universalis IV,europa-universalis-iv,1.0,2013.0,2013.0,high,2013-08-12,2882.0,400.0,4.22,87.0
loop hero,Loop Hero,Loop Hero,Loop Hero,loop-hero,1.0,2021.0,2021.0,high,2021-03-04,2762.0,479.0,4.04,83.0
bloons td 6,Bloons TD 6,Bloons TD 6,Bloons TD 6,bloons-td-6,1.0,2018.0,2018.0,high,2018-06-14,2117.0,213.0,3.92,
severed steel,Severed Steel,Severed Steel,Severed Steel,severed-steel,1.0,2021.0,2021.0,high,2021-09-16,822.0,95.0,3.97,
homeworld remastered collection,Homeworld Remastered Collection,Homeworld Remastered Collection,Homeworld Remastered Collection,homeworld-remastered-collection,1.0,2015.0,2015.0,high,2015-02-24,2174.0,171.0,4.03,86.0
the elder scrolls online,The Elder Scrolls Online,The Elder Scrolls Online,The Elder Scrolls Online,the-elder-scrolls-online,1.0,2014.0,2014.0,high,2014-04-04,480.0,135.0,3.64,71.0
murder by numbers,Murder by Numbers,Murder by Numbers,Murder by Numbers,murder-by-numbers,1.0,2020.0,2020.0,high,2020-03-05,438.0,27.0,3.5,
train valley 2,Train Valley 2,Train Valley 2,Train Valley 2,train-valley-2,1.0,2019.0,2019.0,high,2019-04-14,986.0,38.0,3.26,
grime,Grime,Grime,Grime,grime,1.0,2021.0,2021.0,high,2021-08-02,741.0,71.0,3.68,
the dungeon of naheulbeuk: the amulet of chaos,The Dungeon of Naheulbeuk: The Amulet of Chaos,The Dungeon of Naheulbeuk: The Amulet of Chaos,The Dungeon Of Naheulbeuk: The Amulet Of Chaos,the-dungeon-of-naheulbeuk-the-amulet-of-chaos,1.0,2020.0,2020.0,high,2020-09-17,249.0,39.0,3.27,
thehunter: call of the wild,theHunter: Call of the Wild,theHunter: Call of the Wild,theHunter: Call of the Wild,thehunter-call-of-the-wild,1.0,2017.0,2017.0,high,2017-02-16,2208.0,227.0,3.45,74.0
guacamelee! 2,Guacamelee! 2,Guacamelee! 2,Guacamelee! 2,guacamelee-2,1.0,2018.0,2018.0,high,2018-08-20,2131.0,252.0,4.1,85.0
guacamelee! super turbo championship edition,Guacamelee! Super Turbo Championship Edition,Guacamelee! Super Turbo Championship Edition,Guacamelee! Super Turbo Championship Edition,guacamelee-super-turbo-championship-edition,1.0,2014.0,2014.0,high,2014-07-01,6626.0,821.0,3.55,86.0
payday 2,Payday 2,Payday 2,PAYDAY 2,payday-2,1.0,2013.0,2013.0,high,2013-08-13,14169.0,2248.0,3.52,79.0
midnight ghost hunt,Midnight Ghost Hunt,Midnight Ghost Hunt,Midnight Ghost Hunt,midnight-ghost-hunt,1.0,2022.0,2022.0,high,2022-03-31,304.0,11.0,2.62,
fallout: new vegas ultimate edition,Fallout: New Vegas Ultimate Edition,Fallout: New Vegas,Fallout: New Vegas - Ultimate Edition,fallout-new-vegas-ultimate-edition,1.0,2012.0,2012.0,high,2012-02-07,606.0,300.0,4.48,
death stranding,Death Stranding,Death Stranding,Death Stranding,death-stranding,1.0,2019.0,2019.0,high,2019-11-08,9436.0,2120.0,4.31,84.0
horizon chase turbo,Horizon Chase Turbo,Horizon Chase Turbo,Horizon Chase Turbo,horizon-chase-turbo,1.0,2018.0,2018.0,high,2018-05-15,2823.0,403.0,3.43,78.0
poker club,Poker Club,Poker Club,Poker Club,poker-club,1.0,,2020.0,high,2020-11-19,102.0,8.0,4.38,
breathedge,Breathedge,Breathedge,Breathedge,breathedge,1.0,2021.0,2021.0,high,2021-02-25,1784.0,273.0,3.7,66.0
second extinction,Second Extinction,Second Extinction,Second Extinction,second-extinction,1.0,2022.0,2022.0,high,2022-10-20,593.0,37.0,2.53,
mordhau,Mordhau,Mordhau,MORDHAU,mordhau,1.0,2019.0,2019.0,high,2019-04-29,2210.0,269.0,3.9,81.0
shapez,shapez,shapez,shapez,shapez-2,1.0,2020.0,2020.0,high,2020-06-06,106.0,10.0,4.36,
dying light: the following – enhanced edition,Dying Light: The Following – Enhanced Edition,Dying Light: The Following,Dying Light: The Following - Enhanced Edition,dying-light-the-following-enhanced-edition,1.0,2015.0,2015.0,high,2015-01-26,7021.0,1113.0,4.14,87.0
tunche,Tunche,Tunche,Tunche,tunche,1.0,2021.0,2021.0,high,2021-11-02,218.0,13.0,3.0,
the silent age,The Silent Age,The Silent Age,The Silent Age,the-silent-age,1.0,2012.0,2012.0,high,2012-12-06,1854.0,211.0,3.5,84.0
world of warships starter pack: ishizuchi,World of Warships Starter Pack: Ishizuchi,World of Warships Starter Pack: Ishizuchi,World of Warships — Starter Pack: Ishizuchi,world-of-warships-starter-pack-ishizuchi,1.0,2022.0,2022.0,not_a_game,2022-10-07,1.0,0.0,0.0,
chess ultra,Chess Ultra,Chess Ultra,Chess Ultra,chess-ultra,1.0,2017.0,2017.0,high,2017-06-20,791.0,24.0,3.5,81.0
"warhammer 40,000: gladius – relics of war","Warhammer 40,000: Gladius – Relics of War","Warhammer 40,000: Gladius – Relics of War","Warhammer 40,000: Gladius - Relics of War",warhammer-40000-gladius-relics-of-war,1.0,2018.0,2018.0,high,2018-07-11,2476.0,96.0,2.78,71.0
call of the sea,Call of the Sea,Call of the Sea,Call of the Sea,call-of-the-sea,1.0,2020.0,2020.0,high,2020-12-08,1910.0,234.0,3.71,77.0
rise of industry,Rise of Industry,Rise of Industry,Rise of Industry,rise-of-industry,1.0,2018.0,2018.0,high,2018-02-09,1300.0,67.0,3.06,62.0
duskers,Duskers,Duskers,Duskers,duskers,1.0,2016.0,2016.0,high,2016-05-17,1037.0,46.0,3.54,83.0
warpips,Warpips,Warpips,Warpips,warpips,1.0,2021.0,2021.0,high,2021-04-29,350.0,17.0,2.71,
recipe for disaster,Recipe for Disaster,Recipe for Disaster,Recipe for disaster (2018),recipe-for-disaster,1.0,2018.0,2018.0,high,2018-04-24,30.0,1.0,0.0,
dishonored: death of the outsider,Dishonored: Death of the Outsider,Dishonored: Death of the Outsider,Dishonored: Death of the Outsider,dishonored-death-of-the-outsider,1.0,2017.0,2017.0,high,2017-09-14,3961.0,631.0,4.05,83.0
city of gangsters,City of Gangsters,City of Gangsters,City of Gangsters,city-of-gangsters,1.0,2021.0,2021.0,high,2021-08-09,181.0,14.0,3.0,
hell is others,Hell Is Others,Hell Is Others,Hell is Others,hell-is-others,1.0,2022.0,2022.0,high,2022-10-20,170.0,8.0,3.12,
adios,Adios,Adios,Adios,adios,1.0,2021.0,2021.0,high,2021-03-17,253.0,36.0,3.51,78.0
epistory: typing chronicles,Epistory: Typing Chronicles,Epistory: Typing Chronicles,Epistory - Typing Chronicles,epistory,1.0,2016.0,2016.0,high,2016-03-29,1706.0,132.0,3.6,74.0
first class trouble,First Class Trouble,First Class Trouble,First Class Trouble,first-class-trouble,1.0,2021.0,2021.0,high,2021-11-02,963.0,34.0,2.89,
divine knockout,Divine Knockout,Divine Knockout,Divine Knockout,divine-knockout,1.0,2022.0,2022.0,high,2022-12-06,94.0,8.0,3.62,
shadow tactics: aiko’s choice,Shadow Tactics: Aiko’s Choice,Shadow Tactics: Aiko’s Choice,Shadow Tactics: Aiko's Choice,shadow-tactics-aikos-choice,1.0,2021.0,2021.0,high,2021-12-06,254.0,7.0,4.14,
kerbal space program,Kerbal Space Program,Kerbal Space Program,Kerbal Space Program,kerbal-space-program,1.0,2015.0,2015.0,high,2015-04-26,4329.0,412.0,4.16,88.0
eximius: seize the frontline,Eximius: Seize the Frontline,Eximius: Seize the Frontline,Eximius: Seize the Frontline,eximius-seize-the-frontline,1.0,2021.0,2021.0,high,2021-03-16,195.0,7.0,2.29,53.0
dishonored: definitive edition,Dishonored: Definitive Edition,Dishonored,Dishonored Definitive Edition,dishonored-definitive-edition,1.0,2015.0,2015.0,high,2015-08-25,2174.0,531.0,4.39,78.0
metro: last light redux,Metro: Last Light Redux,Metro: Last Light Redux,Metro: Last Light Redux,metro-last-light-redux,1.0,2014.0,2014.0,high,2014-08-25,9396.0,1708.0,4.13,76.0
fallout tactics: brotherhood of steel,Fallout Tactics: Brotherhood of Steel,Fallout Tactics: Brotherhood of Steel,Fallout Tactics: Brotherhood of Steel,fallout-tactics-brotherhood-of-steel,1.0,2001.0,2001.0,high,2001-03-01,3912.0,339.0,3.37,82.0
lego builder’s journey,LEGO Builder’s Journey,LEGO Builder’s Journey,LEGO Builder’s Journey,lego-builders-journey,1.0,2019.0,2019.0,high,2019-12-19,591.0,108.0,3.78,78.0
wolfenstein: the new order,Wolfenstein: The New Order,Wolfenstein: The New Order,Wolfenstein: The New Order,wolfenstein-the-new-order,1.0,2014.0,2014.0,high,2014-05-19,10512.0,2523.0,4.18,81.0
sable,Sable,Sable,Sable,sable,1.0,2021.0,2021.0,high,2021-09-23,1471.0,159.0,3.48,74.0
costume quest 2,Costume Quest 2,Costume Quest 2,Costume Quest 2,costume-quest-2,1.0,2014.0,2014.0,high,2014-10-06,1050.0,97.0,3.79,68.0
wildcat gun machine,Wildcat Gun Machine,Wildcat Gun Machine,Wildcat Gun Machine,wildcat-gun-machine,1.0,2022.0,2022.0,high,2022-05-04,123.0,7.0,1.86,
saints row iv: re-elected,Saints Row IV: Re-Elected,Saints Row IV: Re-Elected,Saints Row IV: Re-Elected,saints-row-iv-re-elected,1.0,2013.0,2013.0,high,2013-08-21,1752.0,294.0,3.74,73.0
rpg in a box,RPG in a Box,RPG in a Box,RPG in a Box,rpg-in-a-box,1.0,,,high,,75.0,0.0,0.0,
fort triumph,Fort Triumph,Fort Triumph,Fort Triumph,fort-triumph,1.0,2021.0,2021.0,high,2021-08-13,791.0,22.0,3.41,
star wars: squadrons,Star Wars: Squadrons,Star Wars: Squadrons,Star Wars: Squadrons,star-wars-squadrons,1.0,2020.0,2020.0,high,2020-10-02,2616.0,275.0,3.16,79.0
evil dead: the game,Evil Dead: The Game,Evil Dead: The Game,Evil Dead: The Game,evil-dead-the-game,1.0,2022.0,2022.0,high,2022-05-13,298.0,31.0,3.06,73.0
dark deity,Dark Deity,Dark Deity,Dark Deity,dark-deity,1.0,2021.0,2021.0,high,2021-06-15,271.0,14.0,3.43,
shadow tactics: blades of the shogun,Shadow Tactics: Blades of the Shogun,Shadow Tactics: Blades of the Shogun,Shadow Tactics: Blades of the Shogun,shadow-tactics,1.0,2016.0,2016.0,high,2016-12-05,4664.0,466.0,4.08,85.0
alba: a wildlife adventure,Alba: A Wildlife Adventure,Alba: A Wildlife Adventure,Alba: A Wildlife Adventure,alba-a-wildlife-adventure,1.0,2020.0,2020.0,high,2020-12-11,508.0,83.0,4.16,81.0
rising storm 2: vietnam,Rising Storm 2: Vietnam,Rising Storm 2: Vietnam,Rising Storm 2: VIETNAM,rising-storm-2-vietnam,1.0,2017.0,2017.0,high,2017-05-30,1734.0,132.0,3.77,81.0
filament,Filament,Filament,Filament,filament-2,1.0,2020.0,2020.0,high,2020-04-22,244.0,19.0,3.67,
"warhammer 40,000: mechanicus","Warhammer 40,000: Mechanicus","Warhammer 40,000: Mechanicus","Warhammer 40,000: Mechanicus",warhammer-40000-mechanicus,1.0,2018.0,2018.0,high,2018-11-15,1551.0,99.0,3.46,74.0
saturnalia,Saturnalia,Saturnalia,Saturnalia,saturnalia-2,1.0,2022.0,2022.0,high,2022-10-27,127.0,4.0,0.0,
evoland legendary edition,Evoland Legendary Edition,Evoland,Evoland Legendary Edition,evoland-legendary-edition,1.0,2019.0,2019.0,high,2019-02-07,2313.0,179.0,3.47,66.0
toejam & earl: back in the groove!,ToeJam & Earl: Back in the Groove!,ToeJam & Earl: Back in the Groove!,ToeJam & Earl: Back in the Groove,toejam-earl-back-in-the-groove,1.0,2019.0,2019.0,high,2019-03-01,851.0,18.0,3.53,72.0
darkwood,Darkwood,Darkwood,Darkwood,darkwood,1.0,2017.0,2017.0,high,2017-08-17,2716.0,254.0,3.81,78.0
slain: back from hell,Slain: Back from Hell,Slain: Back from Hell,Slain: Back from Hell,slain-back-from-hell,1.0,2016.0,2016.0,high,2016-03-23,1292.0,99.0,3.24,74.0
rising hell,Rising Hell,Rising Hell,Rising Hell,rising-hell,1.0,2021.0,2021.0,high,2021-05-18,234.0,10.0,3.27,
runbow,Runbow,Runbow,Runbow,runbow,1.0,2015.0,2015.0,high,2015-08-27,297.0,37.0,3.26,
gloomhaven,Gloomhaven,Gloomhaven,Gloomhaven,gloomhaven,1.0,2019.0,2019.0,high,2019-07-17,568.0,43.0,3.84,82.0
ark: survival evolved,Ark: Survival Evolved,Ark: Survival Evolved,ARK: Survival Evolved,ark-survival-evolved,1.0,2015.0,2015.0,high,2015-06-02,8707.0,675.0,3.08,70.0
the captain,The Captain,The Captain,The Captain,the-captain-2,1.0,2021.0,2021.0,high,2021-12-03,138.0,8.0,4.0,
spirit of the north,Spirit of the North,Spirit of the North,Spirit of the North,spirit-of-the-north,1.0,2019.0,2019.0,high,2019-11-01,561.0,55.0,3.09,61.0
hundred days: winemaking simulator,Hundred Days: Winemaking Simulator,Hundred Days: Winemaking Simulator,Hundred Days - Winemaking Simulator,hundred-days,1.0,2021.0,2021.0,high,2021-05-12,191.0,23.0,2.61,
submerged: hidden depths,Submerged: Hidden Depths,Submerged: Hidden Depths,Submerged: Hidden Depths,submerged-hidden-depths,1.0,2020.0,2020.0,high,2020-12-03,146.0,16.0,3.81,
shadow of the tomb raider: definitive edition,Shadow of the Tomb Raider: Definitive Edition,Shadow of the Tomb Raider,Shadow of the Tomb Raider: Definitive Edition,shadow-of-the-tomb-raider-definitive-edition,1.0,2019.0,2019.0,high,2019-11-05,379.0,89.0,3.98,
knockout city,Knockout City,Knockout City,Knockout City,knockout-city,1.0,2021.0,2021.0,high,2021-05-21,1170.0,95.0,3.15,82.0
ring of pain,Ring of Pain,Ring of Pain,Ring of Pain,ring-of-pain,1.0,2020.0,2020.0,high,2020-10-14,1341.0,62.0,3.75,
doom 64,Doom 64,Doom 64,Doom 64,doom-64,1.0,1997.0,1997.0,high,1997-03-31,848.0,110.0,3.85,76.0
"cook, serve, delicious! 3?!","Cook, Serve, Delicious! 3?!","Cook, Serve, Delicious! 3?!","Cook, Serve, Delicious! 3?!",cook-serve-delicious-3,1.0,2020.0,2020.0,high,2020-01-28,1159.0,31.0,3.48,
unrailed!,Unrailed!,Unrailed!,Unrailed!,unrailed,1.0,2020.0,2020.0,high,2020-09-23,1631.0,111.0,3.59,73.0
lawn mowing simulator,Lawn Mowing Simulator,Lawn Mowing Simulator,Lawn Mowing Simulator,lawn-mowing-simulator,1.0,2021.0,2021.0,high,2021-08-10,964.0,32.0,2.97,
tannenberg,Tannenberg,Tannenberg,Tannenberg,tannenberg,1.0,2019.0,2019.0,high,2019-02-13,1191.0,62.0,3.49,
shop titans,Shop Titans,Shop Titans,Shop Titans,shop-titans,1.0,2019.0,2019.0,high,2019-03-04,731.0,38.0,2.92,
wonder boy: the dragon’s trap,Wonder Boy: The Dragon’s Trap,Wonder Boy: The Dragon’s Trap,Wonder Boy: The Dragon's Trap,wonder-boy-the-dragons-trap,1.0,2017.0,2017.0,high,2017-04-18,844.0,113.0,3.82,
killing floor 2,Killing Floor 2,Killing Floor 2,Killing Floor 2,killing-floor-2,1.0,2016.0,2016.0,high,2016-11-18,5458.0,818.0,3.53,75.0
ancient enemy,Ancient Enemy,Ancient Enemy,Ancient Enemy,ancient-enemy,1.0,2021.0,2021.0,high,2021-01-19,476.0,9.0,2.78,
iratus: lord of the dead,Iratus: Lord of the Dead,Iratus: Lord of the Dead,Iratus: Lord of the Dead,iratus-lord-of-the-dead,1.0,2018.0,2018.0,high,2018-07-05,1689.0,100.0,3.2,78.0
hood: outlaws & legends,Hood: Outlaws & Legends,Hood: Outlaws & Legends,Hood: Outlaws & Legends,hood-outlaws-legends,1.0,2021.0,2021.0,high,2021-05-10,460.0,41.0,2.7,64.0
geneforge 1 – mutagen,Geneforge 1 – Mutagen,Geneforge 1 – Mutagen,Geneforge 1 - Mutagen,geneforge-1-mutagen,1.0,2021.0,2021.0,high,2021-02-24,112.0,2.0,0.0,
car mechanic simulator 2018,Car Mechanic Simulator 2018,Car Mechanic Simulator 2018,Car Mechanic Simulator 2018,car-mechanic-simulator-2018,1.0,2017.0,2017.0,high,2017-07-28,1320.0,102.0,3.75,
a game of thrones: the board game digital edition,A Game of Thrones: The Board Game Digital Edition,A Game of Thrones: The Board Game Digital Edition,A Game of Thrones: The Board Game - Digital Edition,a-game-of-thrones-the-board-game,1.0,2020.0,2020.0,high,2020-10-05,268.0,15.0,3.2,
supraland,Supraland,Supraland,Supraland,supraland,1.0,2019.0,2019.0,high,2019-04-05,2304.0,182.0,3.98,84.0
maneater,Maneater,Maneater,Maneater,maneater,1.0,2020.0,2020.0,high,2020-05-22,2552.0,262.0,3.43,68.0
bioshock: the collection,BioShock: The Collection,BioShock: The Collection,BioShock: The Collection,bioshock-the-collection,1.0,2016.0,2016.0,high,2016-09-13,1588.0,219.0,4.49,83.0
borderlands 3,Borderlands 3,Borderlands 3,Borderlands 3,borderlands-3,1.0,2019.0,2019.0,high,2019-09-13,6276.0,980.0,3.87,83.0
prey,Prey,Prey,Prey,prey,1.0,2017.0,2017.0,high,2017-05-05,10282.0,2250.0,4.28,80.0
jotun: valhalla edition,Jotun: Valhalla Edition,Jotun: Valhalla Edition,Jotun: Valhalla Edition,jotun,1.0,2015.0,2015.0,high,2015-09-29,5520.0,507.0,3.06,79.0
terraforming mars,Terraforming Mars,Terraforming Mars,Terraforming Mars,terraforming-mars,1.0,2018.0,2018.0,high,2018-10-16,521.0,23.0,3.78,
paradigm,Paradigm,Paradigm,Paradigm,paradigm,1.0,2017.0,2017.0,high,2017-04-04,1157.0,44.0,3.17,86.0
just die already,Just Die Already,Just Die Already,Just Die Already,just-die-already,1.0,2021.0,2021.0,high,2021-05-20,987.0,31.0,2.82,
riverbond,Riverbond,Riverbond,Riverbond,riverbond,1.0,2019.0,2019.0,high,2019-06-09,326.0,40.0,2.83,
amnesia: rebirth,Amnesia: Rebirth,Amnesia: Rebirth,Amnesia: Rebirth,amnesia-rebirth,1.0,2020.0,2020.0,high,2020-10-20,2134.0,183.0,3.4,78.0
xcom 2,XCOM 2,XCOM 2,XCOM 2,xcom-2,1.0,2016.0,2016.0,high,2016-02-04,7717.0,1317.0,4.1,88.0
insurmountable,Insurmountable,Insurmountable,Insurmountable,insurmountable,1.0,2021.0,2021.0,high,2021-04-28,210.0,23.0,2.79,
rogue legacy,Rogue Legacy,Rogue Legacy,Rogue Legacy,rogue-legacy,1.0,2013.0,2013.0,high,2013-06-27,4925.0,924.0,3.87,85.0
the vanishing of ethan carter,The Vanishing of Ethan Carter,The Vanishing of Ethan Carter,The Vanishing of Ethan Carter Redux,the-vanishing-of-ethan-carter-redux,0.9,2015.0,2015.0,high,2015-07-15,2159.0,112.0,3.73,80.0
total war: warhammer,Total War: Warhammer,Total War: Warhammer,Total War: WARHAMMER,total-war-warhammer,1.0,2016.0,2016.0,high,2016-05-24,2412.0,324.0,4.06,86.0
city of brass,City of Brass,City of Brass,City of Brass,city-of-brass,1.0,2018.0,2018.0,high,2018-05-04,560.0,69.0,2.99,
demon’s tilt,Demon’s Tilt,Demon’s Tilt,DEMON'S TILT,demons-tilt,1.0,2019.0,2019.0,high,2019-12-06,468.0,52.0,3.12,
in sound mind,In Sound Mind,In Sound Mind,In Sound Mind,in-sound-mind,1.0,2021.0,2021.0,high,2021-09-28,1045.0,51.0,4.05,74.0
cities: skylines,Cities: Skylines,Cities: Skylines,Cities: Skylines,cities-skylines,1.0,2015.0,2015.0,high,2015-03-10,8678.0,1539.0,4.12,85.0
centipede: recharged,Centipede: Recharged,Centipede: Recharged,Centipede: Recharged,centipede-recharged,1.0,2021.0,2021.0,high,2021-09-28,140.0,9.0,2.88,
black widow: recharged,Black Widow: Recharged,Black Widow: Recharged,Black Widow: Recharged,black-widow-recharged,1.0,2021.0,2021.0,high,2021-10-27,128.0,8.0,2.78,
cris tales,Cris Tales,Cris Tales,Cris Tales,cris-tales,1.0,2021.0,2021.0,high,2021-07-20,569.0,37.0,3.16,73.0
brothers: a tale of two sons,Brothers: A Tale of Two Sons,Brothers: A Tale of Two Sons,Brothers: A Tale of Two Sons,brothers-a-tale-of-two-sons-2,1.0,2013.0,2013.0,high,2013-08-07,8467.0,1645.0,4.18,90.0
windbound,Windbound,Windbound,Windbound,windbound,1.0,2020.0,2020.0,high,2020-08-27,409.0,44.0,3.18,63.0
yooka-laylee and the impossible lair,Yooka-Laylee and the Impossible Lair,Yooka-Laylee and the Impossible Lair,Yooka-Laylee and the Impossible Lair,yooka-laylee-and-the-impossible-lair,1.0,2019.0,2019.0,high,2019-10-07,1698.0,84.0,3.49,82.0
daemon x machina,Daemon X Machina,Daemon X Machina,DAEMON X MACHINA,daemon-x-machina,1.0,2019.0,2019.0,high,2019-09-13,387.0,34.0,2.86,70.0
relicta,Relicta,Relicta,Relicta,relicta,1.0,2020.0,2020.0,high,2020-08-03,1099.0,29.0,2.72,74.0
galactic civilizations iii,Galactic Civilizations III,Galactic Civilizations III,Galactic Civilizations III,galactic-civilizations-iii,1.0,2015.0,2015.0,high,2015-05-13,1382.0,67.0,3.51,81.0
gods will fall,Gods Will Fall,Gods Will Fall,Gods Will Fall,gods-will-fall,1.0,2021.0,2021.0,high,2021-01-29,254.0,24.0,2.28,66.0
rise of the tomb raider: 20 year celebration,Rise of the Tomb Raider: 20 Year Celebration,Rise of the Tomb Raider: 20 Year Celebration,Rise of the Tomb Raider: 20 Year Celebration,rise-of-the-tomb-raider-20-year-celebration,1.0,2016.0,2016.0,high,2016-02-08,437.0,148.0,4.17,88.0
tomb raider game of the year edition,Tomb Raider Game of the Year Edition,Tomb Raider,Tomb Raider: Definitive Edition,tomb-raider-goty,1.0,2014.0,2014.0,high,2014-01-31,3016.0,362.0,4.1,86.0
salt and sanctuary,Salt and Sanctuary,Salt and Sanctuary,Salt and Sanctuary,salt-and-sanctuary,1.0,2016.0,2016.0,high,2016-03-15,2380.0,351.0,3.91,84.0
pathfinder: kingmaker,Pathfinder: Kingmaker,Pathfinder: Kingmaker,Pathfinder: Kingmaker,pathfinder-kingmaker,1.0,2018.0,2018.0,high,2018-09-25,2823.0,328.0,3.92,73.0
vampyr,Vampyr,Vampyr,Vampyr,vampyr,1.0,2018.0,2018.0,high,2018-06-04,5006.0,895.0,3.49,70.0
mutant year zero: road to eden,Mutant Year Zero: Road to Eden,Mutant Year Zero: Road to Eden,Mutant Year Zero: Road to Eden,mutant-year-zero-road-to-eden,1.0,2018.0,2018.0,high,2018-12-03,2703.0,474.0,3.73,78.0
remnant: from the ashes,Remnant: From the Ashes,Remnant: From the Ashes,Remnant: From the Ashes,remnant-from-the-ashes,1.0,2019.0,2019.0,high,2019-08-20,3715.0,655.0,3.61,76.0
neon abyss,Neon Abyss,Neon Abyss,Neon Abyss,neon-abyss,1.0,2020.0,2020.0,high,2020-07-13,1718.0,142.0,3.43,78.0
shenmue iii,Shenmue III,Shenmue III,Shenmue III,shenmue-iii,1.0,2019.0,2019.0,high,2019-11-19,1352.0,65.0,2.69,68.0
prison architect,Prison Architect,Prison Architect,Prison Architect,prison-architect-all-day-and-a-psych,1.0,2015.0,2015.0,high,2015-10-05,5620.0,588.0,3.72,83.0
while true: learn(),while True: learn(),while True: learn(),while True: learn(),while-true-learn,1.0,2018.0,2018.0,high,2018-03-28,962.0,131.0,3.66,73.0
dead by daylight,Dead by Daylight,Dead by Daylight,Dead by Daylight,dead-by-daylight,1.0,2016.0,2016.0,high,2016-06-14,6044.0,995.0,3.5,72.0
guild of dungeoneering,Guild of Dungeoneering,Guild of Dungeoneering,Guild of Dungeoneering,guild-of-dungeoneering,1.0,2015.0,2015.0,high,2015-07-13,776.0,54.0,3.48,72.0
kid a mnesia exhibition,Kid A Mnesia Exhibition,Kid A Mnesia Exhibition,Kid A Mnesia: Exhibition,kid-a-mnesia-exhibition,1.0,2021.0,2021.0,high,2021-11-18,149.0,35.0,4.26,
aven colony,Aven Colony,Aven Colony,Aven Colony,aven-colony,1.0,2017.0,2017.0,high,2017-07-24,1102.0,46.0,3.53,65.0
among the sleep: enhanced edition,Among the Sleep: Enhanced Edition,Among the Sleep,Among the Sleep,among-the-sleep,1.0,2014.0,2014.0,high,2014-05-28,1680.0,230.0,3.47,66.0
stubbs the zombie in rebel without a pulse,Stubbs the Zombie in Rebel Without a Pulse,Stubbs the Zombie in Rebel Without a Pulse,Stubbs the Zombie in Rebel Without a Pulse,stubbs-the-zombie-in-rebel-without-a-pulse,1.0,2005.0,2005.0,high,2005-11-21,1313.0,152.0,3.75,65.0
pc building simulator,PC Building Simulator,PC Building Simulator,PC Building Simulator,pc-building-simulator,1.0,2018.0,2018.0,high,2018-03-27,2407.0,267.0,3.85,
2064: read only memories,2064: Read Only Memories,2064: Read Only Memories,2064: Read Only Memories,read-only-memories,1.0,2015.0,2015.0,high,2015-10-05,1640.0,141.0,3.19,
the escapists,The Escapists,The Escapists,The Escapists,the-escapists,1.0,2015.0,2015.0,high,2015-02-12,2546.0,305.0,3.44,71.0
tharsis,Tharsis,Tharsis,Tharsis,tharsis,1.0,2016.0,2016.0,high,2016-01-10,1119.0,45.0,2.93,61.0
speed brawl,Speed Brawl,Speed Brawl,Speed Brawl,speed-brawl,1.0,2018.0,2018.0,high,2018-09-17,445.0,15.0,2.53,
sheltered,Sheltered,Sheltered,Sheltered,sheltered,1.0,2015.0,2015.0,high,2015-09-04,1356.0,116.0,3.15,66.0
nioh: the complete edition,Nioh: The Complete Edition,Nioh,Nioh: Complete Edition,nioh-complete-edition-ren-wang-complete-edition,1.0,2017.0,2017.0,high,2017-11-07,1904.0,272.0,3.98,84.0
yoku’s island express,Yoku’s Island Express,Yoku’s Island Express,Yoku's Island Express,yokus-island-express,1.0,2018.0,2018.0,high,2018-05-28,2270.0,216.0,4.14,
automachef,Automachef,Automachef,Automachef,automachef,1.0,2019.0,2019.0,high,2019-07-23,1270.0,49.0,2.88,70.0
saints row: the third remastered,Saints Row: The Third Remastered,Saints Row: The Third Remastered,Saints Row: The Third Remastered,saints-row-the-third-remastered,1.0,2020.0,2020.0,high,2020-05-22,1067.0,140.0,3.74,73.0
yooka-laylee,Yooka-Laylee,Yooka-Laylee,Yooka-Laylee,yooka-laylee,1.0,2017.0,2017.0,high,2017-03-31,2511.0,252.0,3.05,73.0
void bastards,Void Bastards,Void Bastards,Void Bastards,void-bastards,1.0,2019.0,2019.0,high,2019-05-28,2342.0,330.0,3.72,78.0
rebel galaxy,Rebel Galaxy,Rebel Galaxy,Rebel Galaxy,rebel-galaxy,1.0,2015.0,2015.0,high,2015-10-19,2561.0,224.0,2.96,72.0
minit,Minit,Minit,Minit,minit,1.0,2018.0,2018.0,high,2018-04-02,2053.0,299.0,3.77,78.0
train sim world 2,Train Sim World 2,Train Sim World 2,Train Sim World 2,train-sim-world-2,1.0,2020.0,2020.0,high,2020-08-20,241.0,19.0,3.55,
mothergunship,Mothergunship,Mothergunship,Mothergunship,mothergunship,1.0,2018.0,2018.0,high,2018-07-16,1117.0,53.0,3.17,76.0
verdun,Verdun,Verdun,Verdun,verdun,1.0,2015.0,2015.0,high,2015-04-28,1564.0,127.0,3.48,70.0
defense grid: the awakening,Defense Grid: The Awakening,Defense Grid: The Awakening,Defense Grid: The Awakening,defense-grid-the-awakening,1.0,2008.0,2008.0,high,2008-12-08,1443.0,107.0,3.35,81.0
obduction,Obduction,Obduction,Obduction,obduction,1.0,2016.0,2016.0,high,2016-08-23,1857.0,166.0,3.18,76.0
offworld trading company,Offworld Trading Company,Offworld Trading Company,Offworld Trading Company,offworld-trading-company,1.0,2016.0,2016.0,high,2016-04-27,1756.0,122.0,3.36,78.0
ironcast,Ironcast,Ironcast,Ironcast,ironcast,1.0,2015.0,2015.0,high,2015-03-26,292.0,25.0,3.04,75.0
bridge constructor: the walking dead,Bridge Constructor: The Walking Dead,Bridge Constructor: The Walking Dead,Bridge Constructor: The Walking Dead,bridge-constructor-the-walking-dead,1.0,2020.0,2020.0,high,2020-11-18,297.0,14.0,2.21,72.0
the spectrum retreat,The Spectrum Retreat,The Spectrum Retreat,The Spectrum Retreat,the-spectrum-retreat,1.0,2018.0,2018.0,high,2018-07-10,331.0,33.0,3.27,
sonic mania,Sonic Mania,Sonic Mania,Sonic Mania,sonic-mania,1.0,2017.0,2017.0,high,2017-08-15,5061.0,858.0,3.86,85.0
overcooked! 2,Overcooked! 2,Overcooked! 2,Overcooked! 2,overcooked-2,1.0,2018.0,2018.0,high,2018-08-06,4504.0,809.0,4.15,82.0
hell is other demons,Hell Is Other Demons,Hell Is Other Demons,Hell is Other Demons,hell-is-other-demons,1.0,2019.0,2019.0,high,2019-04-18,215.0,22.0,3.13,
frostpunk,Frostpunk,Frostpunk,Frostpunk,frostpunk,1.0,2018.0,2018.0,high,2018-04-24,6163.0,1071.0,4.19,85.0
among us,Among Us,Among Us,Among Us,among-us,1.0,2018.0,2018.0,high,2018-07-25,7981.0,1350.0,3.83,82.0
nba 2k21,NBA 2K21,NBA 2K21,NBA 2K21,nba-2k21,1.0,2020.0,2020.0,high,2020-09-04,717.0,93.0,3.15,72.0
the lion’s song,The Lion’s Song,The Lion’s Song,The Lion’s Song,the-lions-song-2,1.0,2017.0,2017.0,high,2017-07-12,265.0,36.0,3.81,
pine,Pine,Pine,Pine,pine-2,1.0,2019.0,2019.0,high,2019-10-10,505.0,42.0,2.6,48.0
hand of fate 2,Hand of Fate 2,Hand of Fate 2,Hand of Fate 2,hand-of-fate-2,1.0,2017.0,2017.0,high,2017-11-06,1004.0,134.0,3.74,81.0
alien: isolation,Alien: Isolation,Alien: Isolation,Alien: Isolation,alien-isolation,1.0,2014.0,2014.0,high,2014-10-05,8231.0,1476.0,4.21,81.0
the first tree,The First Tree,The First Tree,The First Tree,the-first-tree,1.0,2017.0,2017.0,high,2017-09-13,1242.0,119.0,3.1,
ken follett’s the pillars of the earth,Ken Follett’s The Pillars of the Earth,Ken Follett’s The Pillars of the Earth,Ken Follett's The Pillars of the Earth,the-pillars-of-the-earth,1.0,2017.0,2017.0,high,2017-08-15,2280.0,138.0,3.54,79.0
deponia: the complete journey,Deponia: The Complete Journey,Deponia: The Complete Journey,Deponia: The Complete Journey,deponia-the-complete-journey,1.0,2014.0,2014.0,high,2014-06-03,4507.0,419.0,3.6,
3 out of 10: season two,3 out of 10: Season Two,3 out of 10: Season Two,3 out of 10: Season Two,3-out-of-10-season-two,1.0,2021.0,2021.0,high,2021-04-08,94.0,12.0,2.92,
tales of the neon sea,Tales of the Neon Sea,Tales of the Neon Sea,Tales of the Neon Sea,tales-of-the-neon-sea,1.0,2018.0,2018.0,high,2018-11-23,1147.0,29.0,3.06,
creature in the well,Creature in the Well,Creature in the Well,Creature in the Well,creature-in-the-well,1.0,2019.0,2019.0,high,2019-09-05,511.0,64.0,3.24,
the fall,The Fall,The Fall,The Fall,the-fall,1.0,2014.0,2014.0,high,2014-05-29,1481.0,128.0,3.5,76.0
surviving mars,Surviving Mars,Surviving Mars,Surviving Mars,surviving-mars,1.0,2018.0,2018.0,high,2018-03-14,6289.0,468.0,3.46,75.0
wargame: red dragon,Wargame: Red Dragon,Wargame: Red Dragon,Wargame: Red Dragon,wargame-red-dragon,1.0,2014.0,2014.0,high,2014-04-17,1371.0,84.0,3.51,78.0
sunless sea,Sunless Sea,Sunless Sea,Sunless Sea,sunless-sea,1.0,2015.0,2015.0,high,2015-02-05,2596.0,243.0,3.7,81.0
rage 2,Rage 2,Rage 2,Rage 2,rage-2,1.0,2019.0,2019.0,high,2019-05-14,2969.0,716.0,3.24,71.0
absolute drift,Absolute Drift,Absolute Drift,Absolute Drift,absolute-drift,1.0,2015.0,2015.0,high,2015-07-24,1870.0,114.0,2.91,66.0
halcyon 6 starbase commander,Halcyon 6 Starbase Commander,Halcyon 6 Starbase Commander,Halcyon 6: Starbase Commander,halcyon-6-starbase-commander,1.0,2016.0,2016.0,high,2016-09-08,922.0,39.0,2.64,71.0
for the king,For the King,For the King,For The King,for-the-king,1.0,2018.0,2018.0,high,2018-04-19,2153.0,243.0,3.53,78.0
crying suns,Crying Suns,Crying Suns,Crying Suns,crying-suns,1.0,2018.0,2018.0,high,2018-09-14,1640.0,59.0,3.59,
jurassic world evolution,Jurassic World Evolution,Jurassic World Evolution,Jurassic World Evolution,jurassic-world-evolution-2,1.0,2018.0,2018.0,high,2018-06-12,2743.0,345.0,3.63,71.0
torchlight ii,Torchlight II,Torchlight II,Torchlight II,torchlight-ii,1.0,2012.0,2012.0,high,2012-09-20,6561.0,1074.0,3.84,88.0
solitairica,Solitairica,Solitairica,Solitairica,solitairica,1.0,2016.0,2016.0,high,2016-05-31,261.0,24.0,3.48,
stranded deep,Stranded Deep,Stranded Deep,Stranded Deep,stranded-deep,1.0,2015.0,2015.0,high,2015-01-23,1693.0,181.0,3.01,65.0
night in the woods,Night in the Woods,Night in the Woods,Night in the Woods,night-in-the-woods,1.0,2017.0,2017.0,high,2017-02-21,2685.0,674.0,4.25,88.0
my time at portia,My Time at Portia,My Time at Portia,My Time At Portia,my-time-at-portia,1.0,2019.0,2019.0,high,2019-01-14,2697.0,285.0,3.52,73.0
darkest dungeon,Darkest Dungeon,Darkest Dungeon,Darkest Dungeon,darkest-dungeon,1.0,2016.0,2016.0,high,2016-01-18,7048.0,1363.0,4.17,84.0
inside,Inside,Inside,INSIDE,inside,1.0,2016.0,2016.0,high,2016-06-28,8444.0,2599.0,4.38,87.0
tropico 5,Tropico 5,Tropico 5,Tropico 5,tropico-5,1.0,2014.0,2014.0,high,2014-05-22,3811.0,548.0,3.64,75.0
metro 2033 redux,Metro 2033 Redux,Metro 2033 Redux,Metro 2033 Redux,metro-redux,1.0,2014.0,2014.0,high,2014-08-25,9364.0,1935.0,4.1,88.0
the long dark,The Long Dark,The Long Dark,The Long Dark,the-long-dark,1.0,2014.0,2014.0,high,2014-09-22,5862.0,881.0,3.91,76.0
oddworld: new ‘n’ tasty,Oddworld: New ‘n’ Tasty,Oddworld: New ‘n’ Tasty,Oddworld: New 'n' Tasty,oddworld-new-n-tasty,1.0,2014.0,2014.0,high,2014-07-22,3500.0,386.0,3.51,87.0
pillars of eternity: definitive edition,Pillars of Eternity: Definitive Edition,Pillars of Eternity,Pillars of Eternity - Definitive Edition,product_title_1344895033,1.0,2017.0,2017.0,high,2017-11-14,151.0,26.0,4.04,
tyranny: gold edition,Tyranny: Gold Edition,Tyranny,Tyranny - Gold Edition,tyranny-gold-edition,1.0,2016.0,2016.0,high,2016-11-10,103.0,14.0,3.64,
mudrunner,MudRunner,MudRunner,MudRunner,mudrunner,1.0,2018.0,2018.0,high,2018-10-31,670.0,136.0,3.77,72.0
elite dangerous,Elite Dangerous,Elite Dangerous,Elite Dangerous,elite-dangerous,1.0,2015.0,2015.0,high,2015-04-02,3900.0,476.0,3.94,80.0
the world next door,The World Next Door,The World Next Door,The World Next Door,the-world-next-door,1.0,2019.0,2019.0,high,2019-04-30,310.0,17.0,3.37,
the textorcist: the story of ray bibbia,The Textorcist: The Story of Ray Bibbia,The Textorcist: The Story of Ray Bibbia,The Textorcist: The Story of Ray Bibbia,the-textorcist-the-story-of-ray-bibbia,1.0,2019.0,2019.0,high,2019-02-13,1236.0,29.0,3.57,
dungeons 3,Dungeons 3,Dungeons 3,Dungeons 3,dungeons-3,1.0,2017.0,2017.0,high,2017-10-12,1827.0,116.0,3.28,74.0
blair witch,Blair Witch,Blair Witch,Blair Witch,blair-witch-2019,1.0,2019.0,2019.0,high,2019-08-30,1673.0,345.0,3.18,65.0
ghostbusters: the video game remastered,Ghostbusters: The Video Game Remastered,Ghostbusters: The Video Game Remastered,Ghostbusters: The Video Game Remastered,ghostbusters-the-video-game-remastered,1.0,2019.0,2019.0,high,2019-10-04,673.0,58.0,3.59,68.0
layers of fear 2,Layers of Fear 2,Layers of Fear 2,Layers of Fear 2,layers-of-fear-2,1.0,2019.0,2019.0,high,2019-05-28,761.0,146.0,3.32,68.0
kingdom: new lands,Kingdom: New Lands,Kingdom: New Lands,Kingdom: New Lands,kingdom-new-lands,1.0,2015.0,2015.0,high,2015-10-21,3102.0,377.0,3.89,80.0
amnesia: a machine for pigs,Amnesia: A Machine for Pigs,Amnesia: A Machine for Pigs,Amnesia: A Machine for Pigs,amnesia-a-machine-for-pigs,1.0,2013.0,2013.0,high,2013-09-09,7496.0,686.0,3.23,72.0
abzû,Abzû,Abzû,ABZU,abzu-2,0.857,2016.0,2016.0,medium,2016-08-02,5172.0,1097.0,3.91,83.0
pikuniku,Pikuniku,Pikuniku,Pikuniku,pikuniku-2,1.0,2019.0,2019.0,high,2019-01-03,1921.0,237.0,3.93,75.0
rollercoaster tycoon 3: complete edition,RollerCoaster Tycoon 3: Complete Edition,RollerCoaster Tycoon 3,RollerCoaster Tycoon 3: Complete Edition,rollercoaster-tycoon-3-complete-edition,1.0,2020.0,2020.0,high,2020-09-24,268.0,15.0,2.93,72.0
watch dogs 2,Watch Dogs 2,Watch Dogs 2,Watch Dogs 2,watch_dogs-2,1.0,2016.0,2016.0,high,2016-11-28,7410.0,1781.0,3.84,79.0
stick it to the man!,Stick It to the Man!,Stick It to the Man!,Stick it to The Man!,stick-it-to-the-man,1.0,2013.0,2013.0,high,2013-11-19,1299.0,147.0,3.43,83.0
football manager 2020,Football Manager 2020,Football Manager 2020,Football Manager 2020,football-manager-2020,1.0,2019.0,2019.0,high,2019-11-11,647.0,117.0,4.02,84.0
railway empire,Railway Empire,Railway Empire,Railway Empire,railway-empire,1.0,2018.0,2018.0,high,2018-01-25,1313.0,75.0,3.71,76.0
where the water tastes like wine,Where the Water Tastes like Wine,Where the Water Tastes like Wine,Where the Water Tastes Like Wine,where-the-water-tastes-like-wine,1.0,2018.0,2018.0,high,2018-02-28,1198.0,54.0,3.35,
into the breach,Into the Breach,Into the Breach,Into the Breach,into-the-breach,1.0,2018.0,2018.0,high,2018-02-26,3337.0,804.0,4.3,90.0
shadowrun collection,Shadowrun Collection,Shadowrun Collection,Shadowrun Collection,shadowrun-collection,1.0,2015.0,2015.0,high,2015-08-20,39.0,4.0,0.0,
hitman,Hitman,Hitman,Hitman,hitman,1.0,2016.0,2016.0,high,2016-03-11,10913.0,2037.0,3.93,83.0
god’s trigger,God’s Trigger,God’s Trigger,God’s Trigger,gods-trigger,1.0,2019.0,2019.0,high,2019-04-18,1252.0,56.0,3.04,75.0
enter the gungeon,Enter the Gungeon,Enter the Gungeon,Enter the Gungeon,enter-the-gungeon,1.0,2016.0,2016.0,high,2016-04-04,5430.0,1075.0,4.07,84.0
the alto collection,The Alto Collection,The Alto Collection,The Alto Collection,the-alto-collection,1.0,2020.0,2020.0,high,2020-08-13,188.0,23.0,3.61,
a total war saga: troy,A Total War Saga: TROY,A Total War Saga: TROY,Total War Saga: TROY,total-war-saga-troy,0.95,2021.0,2021.0,high,2021-09-02,412.0,64.0,3.39,75.0
wilmot’s warehouse,Wilmot’s Warehouse,Wilmot’s Warehouse,Wilmot's Warehouse,wilmots-warehouse,1.0,2017.0,2017.0,high,2017-10-03,307.0,44.0,4.02,
20xx,20XX,20XX,20XX,20xx,1.0,2014.0,2014.0,high,2014-11-25,636.0,66.0,3.56,
superbrothers: sword & sworcery ep,Superbrothers: Sword & Sworcery EP,Superbrothers: Sword & Sworcery EP,Superbrothers: Sword & Sworcery,superbrothers-sword-sworcery,0.955,2011.0,2011.0,high,2011-03-24,2932.0,270.0,3.49,
barony,Barony,Barony,Barony,barony,1.0,2015.0,2015.0,high,2015-06-23,583.0,40.0,3.1,
next up hero,Next Up Hero,Next Up Hero,Next Up Hero,next-up-hero,1.0,2018.0,2018.0,high,2018-01-11,384.0,24.0,2.21,
tacoma,Tacoma,Tacoma,Tacoma,tacoma,1.0,2017.0,2017.0,high,2017-08-01,2599.0,305.0,3.67,78.0
lifeless planet: premier edition,Lifeless Planet: Premier Edition,Lifeless Planet: Premier Edition,Lifeless Planet Premier Edition,lifeless-planet-premier-edition,1.0,2014.0,2014.0,high,2014-06-06,870.0,77.0,3.38,59.0
the escapists 2,The Escapists 2,The Escapists 2,The Escapists 2,the-escapists-2,1.0,2017.0,2017.0,high,2017-08-21,2600.0,274.0,3.58,74.0
hue,Hue,Hue,Hue,hue,1.0,2016.0,2016.0,high,2016-08-30,2821.0,337.0,3.37,79.0
stranger things 3: the game,Stranger Things 3: The Game,Stranger Things 3: The Game,Stranger Things 3: The Game,stranger-things-3-the-game,1.0,2019.0,2019.0,high,2019-07-03,403.0,32.0,3.03,
aer memories of old,AER Memories of Old,AER Memories of Old,AER - Memories of Old,aer,1.0,2017.0,2017.0,high,2017-10-25,2120.0,177.0,3.15,71.0
pathway,Pathway,Pathway,Pathway,pathway,1.0,2019.0,2019.0,high,2019-04-11,1068.0,51.0,3.33,68.0
samurai shodown neogeo collection,Samurai Shodown NeoGeo Collection,Samurai Shodown NeoGeo Collection,Samurai Shodown NeoGeo Collection,samurai-shodown-neogeo-collection,1.0,2020.0,2020.0,high,2020-06-11,205.0,4.0,0.0,76.0
overcooked,Overcooked,Overcooked,Overcooked,overcooked,1.0,2016.0,2016.0,high,2016-08-01,5983.0,1357.0,4.07,81.0
sludge life,Sludge Life,Sludge Life,Sludge Life,sludge-life,1.0,2020.0,2020.0,high,2020-04-08,1040.0,81.0,3.67,73.0
borderlands: the handsome collection,Borderlands: The Handsome Collection,Borderlands: The Handsome Collection,Borderlands: The Handsome Collection,borderlands-the-handsome-collection,1.0,2015.0,2015.0,high,2015-03-24,1825.0,158.0,3.98,
sid meier’s civilization vi,Sid Meier’s Civilization VI,Sid Meier’s Civilization VI,Sid Meier’s Civilization VI,civilization-vi,1.0,2016.0,2016.0,high,2016-10-20,7504.0,1437.0,4.16,88.0
grand theft auto v: premium edition,Grand Theft Auto V: Premium Edition,Grand Theft Auto V,Grand Theft Auto V,grand-theft-auto-v,1.0,2013.0,2013.0,high,2013-09-17,22730.0,7443.0,4.47,92.0
death coming,Death Coming,Death Coming,Death Coming,death-coming,1.0,2018.0,2018.0,high,2018-03-14,426.0,46.0,3.51,
crashlands,Crashlands,Crashlands,Crashlands,crashlands,1.0,2016.0,2016.0,high,2016-01-20,729.0,53.0,3.65,78.0
amnesia: the dark descent,Amnesia: The Dark Descent,Amnesia: The Dark Descent,Amnesia: The Dark Descent,amnesia-the-dark-descent,1.0,2010.0,2010.0,high,2010-09-08,10448.0,1241.0,3.65,85.0
wheels of aurelia,Wheels of Aurelia,Wheels of Aurelia,Wheels of Aurelia,wheels-of-aurelia,1.0,2016.0,2016.0,high,2016-09-20,417.0,49.0,3.04,63.0
just cause 4,Just Cause 4,Just Cause 4,Just Cause 4,just-cause-4,1.0,2018.0,2018.0,high,2018-12-04,3606.0,521.0,3.03,68.0
close to the sun,Close to the Sun,Close to the Sun,Close To The Sun,close-to-the-sun,1.0,2019.0,2019.0,high,2019-05-02,971.0,83.0,3.49,66.0
sherlock holmes: crimes and punishments,Sherlock Holmes: Crimes and Punishments,Sherlock Holmes: Crimes and Punishments,Sherlock Holmes: Crimes and Punishments,sherlock-holmes,1.0,2014.0,2014.0,high,2014-09-30,2229.0,386.0,3.95,77.0
drawful 2,Drawful 2,Drawful 2,Drawful 2,drawful-2,1.0,2016.0,2016.0,high,2016-06-20,5287.0,313.0,3.2,74.0
gone home,Gone Home,Gone Home,Gone Home,gone-home,1.0,2013.0,2013.0,high,2013-08-14,4417.0,887.0,3.73,86.0
hob,Hob,Hob,Hob,hob,1.0,2017.0,2017.0,high,2017-09-25,1319.0,164.0,3.84,
totally reliable delivery service,Totally Reliable Delivery Service,Totally Reliable Delivery Service,Totally Reliable Delivery Service,totally-reliable-delivery-service,1.0,2020.0,2020.0,high,2020-04-01,899.0,113.0,2.86,56.0
world war z,World War Z,World War Z,World War Z (2019),world-war-z,1.0,2019.0,2019.0,high,2019-04-16,1686.0,360.0,3.42,70.0
tormentor x punisher,Tormentor x Punisher,Tormentor x Punisher,Tormentor X Punisher,tormentorpunisher,1.0,2017.0,2017.0,high,2017-06-02,527.0,21.0,3.1,
figment,Figment,Figment,Figment,figment,1.0,2017.0,2017.0,high,2017-09-21,2501.0,129.0,3.23,
the stanley parable,The Stanley Parable,The Stanley Parable,The Stanley Parable,the-stanley-parable,1.0,2013.0,2013.0,high,2013-10-17,7655.0,2040.0,4.37,88.0
watch dogs,Watch Dogs,Watch Dogs,Watch Dogs,watch-dogs,1.0,2014.0,2014.0,high,2014-05-27,8467.0,2231.0,3.6,77.0
mutazione,Mutazione,Mutazione,Mutazione,mutazione,1.0,2019.0,2019.0,high,2019-09-19,540.0,67.0,3.97,
a short hike,A Short Hike,A Short Hike,A Short Hike,a-short-hike,1.0,2019.0,2019.0,high,2019-07-29,1912.0,468.0,4.35,84.0
anodyne 2: return to dust,Anodyne 2: Return to Dust,Anodyne 2: Return to Dust,Anodyne 2: Return to Dust,anodyne-2-return-to-dust,1.0,2019.0,2019.0,high,2019-08-12,302.0,23.0,3.24,
gonner,GoNNER,GoNNER,GoNNER,gonner,1.0,2016.0,2016.0,high,2016-10-12,1475.0,88.0,2.9,81.0
innerspace,InnerSpace,InnerSpace,InnerSpace,innerspace,1.0,2018.0,2018.0,high,2018-01-16,530.0,44.0,2.42,
assassin’s creed syndicate,Assassin’s Creed Syndicate,Assassin’s Creed Syndicate,Assassin's Creed Syndicate,assassins-creed-syndicate-2,1.0,2015.0,2015.0,high,2015-10-23,6073.0,1521.0,3.67,74.0
faeria,Faeria,Faeria,Faeria,faeria,1.0,2017.0,2017.0,high,2017-03-08,2234.0,213.0,2.96,80.0
aztez,Aztez,Aztez,Aztez,aztez,1.0,2017.0,2017.0,high,2017-08-01,210.0,20.0,2.5,81.0
carcassonne,Carcassonne,Carcassonne,Carcassonne,carcassonne-2,1.0,2010.0,2010.0,high,2010-06-04,501.0,58.0,3.88,63.0
ticket to ride,Ticket to Ride,Ticket to Ride,Ticket to Ride,ticket-to-ride,1.0,2009.0,2009.0,high,2009-12-18,1837.0,117.0,3.56,91.0
farming simulator 19,Farming Simulator 19,Farming Simulator 19,Farming Simulator 19,farming-simulator-19,1.0,2018.0,2018.0,high,2018-11-19,1407.0,200.0,3.09,
horace,Horace,Horace,Horace,horace,1.0,2019.0,2019.0,high,2019-07-17,774.0,29.0,3.21,82.0
sundered: eldritch edition,Sundered: Eldritch Edition,Sundered: Eldritch Edition,Sundered: Eldritch Edition,sundered-eldritch-edition,1.0,2020.0,2020.0,high,2020-06-07,113.0,20.0,3.55,
darksiders ii,Darksiders II,Darksiders II,Darksiders II,darksiders-ii,1.0,2012.0,2012.0,high,2012-08-14,5344.0,975.0,3.74,83.0
darksiders,Darksiders,Darksiders,Darksiders,darksiders,1.0,2010.0,2010.0,high,2010-01-05,8080.0,1219.0,3.76,83.0
steep,Steep,Steep,Steep,steep,1.0,2016.0,2016.0,high,2016-12-02,4071.0,882.0,3.48,72.0
hello neighbor,Hello Neighbor,Hello Neighbor,Hello Neighbor,hello-neighbor,1.0,2017.0,2017.0,high,2017-08-28,1799.0,163.0,2.85,40.0
the talos principle,The Talos Principle,The Talos Principle,The Talos Principle,the-talos-principle,1.0,2014.0,2014.0,high,2014-12-11,5016.0,849.0,4.16,85.0
hyper light drifter,Hyper Light Drifter,Hyper Light Drifter,Hyper Light Drifter,hyper-light-drifter,1.0,2016.0,2016.0,high,2016-03-30,3605.0,598.0,4.14,84.0
ftl: faster than light,FTL: Faster Than Light,FTL: Faster Than Light,FTL: Faster Than Light,ftl-faster-than-light,1.0,2012.0,2012.0,high,2012-09-14,6395.0,966.0,4.25,84.0
totally accurate battle simulator,Totally Accurate Battle Simulator,Totally Accurate Battle Simulator,Totally Accurate Battle Simulator,totally-accurate-battle-simulator,1.0,2021.0,2021.0,high,2021-04-01,1613.0,238.0,3.75,
celeste,Celeste,Celeste,Celeste,celeste,1.0,2018.0,2018.0,high,2018-01-25,6199.0,1713.0,4.37,91.0
ape out,Ape Out,Ape Out,Ape Out,ape-out,1.0,2019.0,2019.0,high,2019-02-28,1071.0,303.0,3.99,84.0
little inferno,Little Inferno,Little Inferno,Little Inferno,little-inferno,1.0,2012.0,2012.0,high,2012-11-17,2892.0,392.0,3.84,68.0
superhot,Superhot,Superhot,SUPERHOT,superhot,1.0,2016.0,2016.0,high,2016-02-24,6589.0,1554.0,4.2,82.0
towerfall ascension,TowerFall Ascension,TowerFall Ascension,TowerFall Ascension,towerfall,1.0,2013.0,2013.0,high,2013-06-25,2251.0,290.0,3.94,87.0
the wolf among us,The Wolf Among Us,The Wolf Among Us,The Wolf Among Us,the-wolf-among-us,1.0,2013.0,2013.0,high,2013-10-10,7857.0,2187.0,4.38,82.0
rayman legends,Rayman Legends,Rayman Legends,Rayman Legends,rayman-legends,1.0,2013.0,2013.0,high,2013-08-29,6711.0,1568.0,4.16,89.0
bad north,Bad North,Bad North,Bad North,bad-north,1.0,2016.0,2016.0,high,2016-11-16,1483.0,143.0,3.63,70.0
the messenger,The Messenger,The Messenger,The Messenger,the-messenger-2018,1.0,2018.0,2018.0,high,2018-08-30,2460.0,336.0,4.29,84.0
nuclear throne,Nuclear Throne,Nuclear Throne,Nuclear Throne,nuclear-throne,1.0,2015.0,2015.0,high,2015-12-04,2313.0,302.0,4.03,
ruiner,Ruiner,Ruiner,Ruiner,ruiner,1.0,2017.0,2017.0,high,2017-09-26,3585.0,598.0,3.72,78.0
costume quest,Costume Quest,Costume Quest,Costume Quest,costume-quest,1.0,2010.0,2010.0,high,2010-10-19,2749.0,270.0,3.44,
soma,SOMA,SOMA,SOMA,soma,1.0,2015.0,2015.0,high,2015-09-21,7449.0,1448.0,4.17,84.0
q.u.b.e. 2,Q.U.B.E. 2,Q.U.B.E. 2,Q.U.B.E. 2,qube-2,1.0,2018.0,2018.0,high,2018-03-13,1663.0,170.0,3.59,75.0
layers of fear,Layers of Fear,Layers of Fear,Layers of Fear,layers-of-fear,1.0,2016.0,2016.0,high,2016-02-16,7774.0,1121.0,3.54,72.0
observer,Observer,Observer,Observеr,observer_,0.875,2017.0,2017.0,medium,2017-08-14,3046.0,481.0,3.9,77.0
alan wake’s american nightmare,Alan Wake’s American Nightmare,Alan Wake’s American Nightmare,Alan Wake's American Nightmare,alan-wakes-american-nightmare,1.0,2012.0,2012.0,high,2012-02-22,6191.0,830.0,3.41,73.0
everything,Everything,Everything,Everything,everything,1.0,2017.0,2017.0,high,2017-03-21,1330.0,206.0,3.7,76.0
batman: arkham knight,Batman: Arkham Knight,Batman: Arkham Knight,Batman: Arkham Knight,batman-arkham-knight,1.0,2015.0,2015.0,high,2015-06-23,12325.0,2698.0,4.24,81.0
batman: arkham city,Batman: Arkham City,Batman: Arkham City,Batman: Arkham City,batman-arkham-city-2,1.0,2011.0,2011.0,high,2011-10-18,6798.0,2193.0,4.4,94.0
batman: arkham asylum,Batman: Arkham Asylum,Batman: Arkham Asylum,Batman: Arkham Asylum,batman-arkham-asylum,1.0,2009.0,2009.0,high,2009-08-25,6130.0,2353.0,4.4,91.0
lego batman 3: beyond gotham,LEGO Batman 3: Beyond Gotham,LEGO Batman 3: Beyond Gotham,LEGO Batman 3: Beyond Gotham,lego-batman-3-beyond-gotham,1.0,2014.0,2014.0,high,2014-11-10,2884.0,232.0,3.61,75.0
lego batman 2: dc super heroes,LEGO Batman 2: DC Super Heroes,LEGO Batman 2: DC Super Heroes,LEGO Batman 2 DC Super Heroes,lego-batman-2,1.0,2012.0,2012.0,high,2012-06-19,3106.0,365.0,3.68,75.0
conarium,Conarium,Conarium,Conarium,conarium,1.0,2017.0,2017.0,high,2017-06-06,643.0,69.0,3.42,73.0
the end is nigh,The End Is Nigh,The End Is Nigh,The End Is Nigh,the-end-is-nigh,1.0,2017.0,2017.0,high,2017-07-12,798.0,126.0,3.67,83.0
fez,Fez,Fez,FEZ,fez,1.0,2012.0,2012.0,high,2012-04-13,7048.0,1179.0,4.01,91.0
gnog,GNOG,GNOG,GNOG,gnog,1.0,2017.0,2017.0,high,2017-05-02,780.0,89.0,3.66,76.0
for honor,For Honor,For Honor,For Honor,for-honor,1.0,2017.0,2017.0,high,2017-02-13,9700.0,1684.0,3.3,76.0
alan wake,Alan Wake,Alan Wake,Alan Wake,alan-wake,1.0,2010.0,2010.0,high,2010-05-14,10538.0,2301.0,4.09,83.0
moonlighter,Moonlighter,Moonlighter,Moonlighter,moonlighter,1.0,2018.0,2018.0,high,2018-05-28,3740.0,497.0,3.75,82.0
this war of mine,This War of Mine,This War of Mine,This War of Mine,this-war-of-mine,1.0,2014.0,2014.0,high,2014-11-14,7376.0,1255.0,4.07,83.0
torchlight,Torchlight,Torchlight,Torchlight,torchlight,1.0,2009.0,2009.0,high,2009-10-26,4439.0,665.0,3.71,83.0
last day of june,Last Day of June,Last Day of June,Last Day of June,last-day-of-june,1.0,2017.0,2017.0,high,2017-08-30,1840.0,170.0,3.35,79.0
rime,RiME,RiME,RiME,rime,1.0,2017.0,2017.0,high,2017-05-25,3712.0,776.0,3.66,78.0
stories untold,Stories Untold,Stories Untold,Stories Untold,stories-untold,1.0,2017.0,2017.0,high,2017-02-26,1631.0,179.0,3.9,81.0
world of goo,World of Goo,World of Goo,World of Goo,world-of-goo,1.0,2008.0,2008.0,high,2008-10-13,4616.0,843.0,4.03,90.0
transistor,Transistor,Transistor,Transistor,transistor,1.0,2014.0,2014.0,high,2014-05-20,7848.0,1474.0,4.17,83.0
the witness,The Witness,The Witness,The Witness,the-witness,1.0,2016.0,2016.0,high,2016-01-25,6412.0,1287.0,4.01,87.0
oxenfree,Oxenfree,Oxenfree,Oxenfree,oxenfree,1.0,2016.0,2016.0,high,2016-01-14,5170.0,923.0,3.91,80.0
slime rancher,Slime Rancher,Slime Rancher,Slime Rancher,slime-rancher,1.0,2016.0,2016.0,high,2016-01-14,3457.0,585.0,3.87,81.0
thimbleweed park,Thimbleweed Park,Thimbleweed Park,Thimbleweed Park,thimbleweed-park,1.0,2017.0,2017.0,high,2017-03-29,1192.0,242.0,4.08,84.0
axiom verge,Axiom Verge,Axiom Verge,Axiom Verge,axiom-verge,1.0,2015.0,2015.0,high,2015-03-31,1651.0,288.0,3.99,80.0
the jackbox party pack,The Jackbox Party Pack,The Jackbox Party Pack,The Jackbox Party Pack,the-jackbox-party-pack,1.0,2014.0,2014.0,high,2014-11-18,1406.0,211.0,3.98,77.0
what remains of edith finch,What Remains of Edith Finch,What Remains of Edith Finch,What Remains of Edith Finch,what-remains-of-edith-finch,1.0,2017.0,2017.0,high,2017-04-23,6587.0,2047.0,4.38,89.0
super meat boy,Super Meat Boy,Super Meat Boy,Super Meat Boy,super-meat-boy,1.0,2010.0,2010.0,high,2010-10-20,9721.0,1777.0,3.98,87.0
subnautica,Subnautica,Subnautica,Subnautica,subnautica,1.0,2018.0,2018.0,high,2018-01-23,7179.0,1491.0,4.24,83.0
chilvalry 2,Chilvalry 2,Chilvalry 2,Chivalry 2,chivalry-2,0.952,2021.0,2021.0,high,2021-06-08,1249.0,98.0,3.77,78.0
viewfinder,Viewfinder,Viewfinder,Viewfinder,v-i-e-w-f-i-n-d-e-r,1.0,2023.0,2023.0,high,2023-07-17,492.0,103.0,4.23,
skald: against the black priory,Skald: Against the Black Priory,Skald: Against the Black Priory,SKALD: Against the Black Priory,skald-against-the-black-priory,1.0,2021.0,2021.0,high,2021-08-02,84.0,2.0,0.0,
cassette beasts,Cassette Beasts,Cassette Beasts,Cassette Beasts,cassette-beasts,1.0,2023.0,2023.0,high,2023-04-26,323.0,21.0,3.62,
we were here together,We Were Here Together,We Were Here Together,We Were Here Together,we-were-here-together,1.0,2019.0,2019.0,high,2019-10-10,1888.0,177.0,4.02,70.0
bloodstained: ritual of the night,Bloodstained: Ritual of the Night,Bloodstained: Ritual of the Night,Bloodstained: Ritual of the Night,bloodstained-ritual-of-the-night,1.0,2019.0,2019.0,high,2019-06-18,3443.0,462.0,4.01,81.0
paradise killer,Paradise Killer,Paradise Killer,Paradise Killer,paradise-killer,1.0,2020.0,2020.0,high,2020-09-03,1360.0,62.0,3.9,84.0
sorry we're closed,Sorry We're Closed,Sorry We're Closed,Sorry We're Closed,sorry-were-closed-2,1.0,2024.0,2024.0,high,2024-11-14,60.0,4.0,0.0,
blood west,Blood West,Blood West,Blood West,blood-west,1.0,2023.0,2023.0,high,2023-12-05,390.0,35.0,3.72,
eternights,Eternights,Eternights,Eternights,eternights,1.0,2023.0,2023.0,high,2023-09-12,175.0,14.0,3.43,
jotunnslayer: hordes of hel,Jotunnslayer: Hordes of Hel,Jotunnslayer: Hordes of Hel,Jotunnslayer: Hordes of Hel,jotunnslayer-hordes-of-hel,1.0,2025.0,2025.0,high,2025-01-20,80.0,8.0,4.12,
hogwarts legacy,Hogwarts Legacy,Hogwarts Legacy,Hogwarts Legacy,hogwarts-legacy,1.0,2023.0,2023.0,high,2023-02-10,3882.0,964.0,3.92,
the darkside detective,The Darkside Detective,The Darkside Detective,The Darkside Detective,the-darkside-detective,1.0,2017.0,2017.0,high,2017-07-26,1305.0,64.0,3.62,73.0
jackbox party pack 4,Jackbox Party Pack 4,Jackbox Party Pack 4,The Jackbox Party Pack 3,the-jackbox-party-pack-3,0.5,2016.0,2016.0,low,2016-10-17,1721.0,292.0,4.2,81.0
universe for sale,Universe for Sale,Universe for Sale,Universe For Sale,universe-for-sale,1.0,,2021.0,high,2021-06-06,183.0,5.0,3.5,
scourgebringer,Scourgebringer,Scourgebringer,ScourgeBringer,scourgebringer,1.0,2020.0,2020.0,high,2020-02-06,821.0,63.0,3.51,
songs of silence,Songs of Silence,Songs of Silence,Songs of Silence,songs-of-silence,1.0,2024.0,2024.0,high,2024-06-04,66.0,9.0,3.1,
zero hour,Zero Hour,Zero Hour,Zero Hour,zero-hour,1.0,2008.0,2008.0,high,2008-11-15,367.0,16.0,2.75,
felix the reaper,Felix The Reaper,Felix The Reaper,Felix The Reaper,felix-the-reaper,1.0,2019.0,2019.0,high,2019-10-16,1123.0,60.0,2.97,
bendy and the ink machine,Bendy and the Ink Machine,Bendy and the Ink Machine,Bendy and the Ink Machine,bendy-and-the-ink-machine,1.0,2017.0,2017.0,high,2017-02-09,1266.0,148.0,3.48,68.0
five nights at freddy's: into the pit,Five Nights at Freddy's: Into the Pit,Five Nights at Freddy's: Into the Pit,Five Nights at Freddy's: Into the Pit,five-nights-at-freddys-into-the-pit,1.0,2024.0,2024.0,high,2024-08-07,69.0,11.0,3.64,
fear the spotlight,Fear the Spotlight,Fear the Spotlight,Fear the Spotlight,fear-the-spotlight,1.0,2024.0,2024.0,high,2024-10-22,61.0,10.0,4.2,
amnesia: the bunker,Amnesia: The Bunker,Amnesia: The Bunker,Amnesia: The Bunker,amnesia-the-bunker,1.0,2023.0,2023.0,high,2023-06-06,464.0,101.0,3.73,
samorost 3,Samorost 3,Samorost 3,Samorost 3,samorost-3,1.0,2016.0,2016.0,high,2016-03-14,1364.0,161.0,4.19,80.0
gravity circuit,Gravity Circuit,Gravity Circuit,Gravity Circuit,gravity-circuit,1.0,2023.0,2023.0,high,2023-07-13,145.0,11.0,3.75,89.0
nightingale,Nightingale,Nightingale,Nightingale,nightingale-3,1.0,,,high,,108.0,5.0,0.0,
eastern exorcist,Eastern Exorcist,Eastern Exorcist,Eastern Exorcist,eastern-exorcist,1.0,2021.0,2020.0,high,2020-08-14,104.0,7.0,3.56,
jorel’s brother and the most important game of the galaxy,Jorel’s Brother and The Most Important Game of the Galaxy,Jorel’s Brother and The Most Important Game of the Galaxy,Jorel’s Brother and The Most Important Game of the Galaxy,jorels-brother-and-the-most-important-game-of-the-,1.0,2023.0,2023.0,high,2023-06-14,32.0,0.0,0.0,
project winter,Project Winter,Project Winter,Project Winter,project-winter,1.0,2019.0,2019.0,high,2019-02-07,1457.0,73.0,3.39,75.0
samorost 2,Samorost 2,Samorost 2,Samorost 2,samorost-2,1.0,2005.0,2005.0,high,2005-12-08,1790.0,187.0,3.88,
monument valley 2,Monument Valley 2,Monument Valley 2,Monument Valley 2,monument-valley-2,1.0,2017.0,2017.0,high,2017-05-30,566.0,243.0,4.38,85.0
the battle of polytopia,The Battle of Polytopia,The Battle of Polytopia,The Battle of Polytopia,the-battle-of-polytopia,1.0,2016.0,2016.0,high,2016-02-09,395.0,38.0,4.33,
monument valley,Monument Valley,Monument Valley,Monument Valley,monument-valley,1.0,2014.0,2014.0,high,2014-04-03,1092.0,549.0,4.4,89.0
machinarium,Machinarium,Machinarium,Machinarium,machinarium,1.0,2009.0,2009.0,high,2009-10-16,4806.0,931.0,4.18,85.0
make way,Make Way,Make Way,Make Way,make-way-4,1.0,2023.0,2023.0,high,2023-12-04,73.0,0.0,0.0,
strange horticulture,Strange Horticulture,Strange Horticulture,Strange Horticulture,strange-horticulture,1.0,2022.0,2022.0,high,2022-01-20,507.0,68.0,4.0,
hidden folks,Hidden Folks,Hidden Folks,Hidden Folks,hidden-folks,1.0,2017.0,2017.0,high,2017-02-14,1710.0,208.0,3.85,78.0
112 operator,112 Operator,112 Operator,112 Operator,112-operator,1.0,2020.0,2020.0,high,2020-10-08,1341.0,56.0,3.66,
road redemption,Road Redemption,Road Redemption,Road Redemption,road-redemption,1.0,2014.0,2014.0,high,2014-07-01,1887.0,168.0,3.54,67.0
pilgrims,Pilgrims,Pilgrims,Pilgrims,pilgrims,1.0,2019.0,2019.0,high,2019-10-06,695.0,144.0,4.01,78.0
legion td 2,Legion TD 2,Legion TD 2,Legion TD 2,legion-td-2,1.0,2021.0,2021.0,high,2021-10-01,804.0,26.0,3.54,
figment 2: creed valley,Figment 2: Creed Valley,Figment 2: Creed Valley,Figment 2: Creed Valley,figment-2-creed-valley,1.0,2023.0,2023.0,high,2023-03-08,105.0,18.0,4.17,
sky racket,Sky Racket,Sky Racket,Sky Racket,sky-racket,1.0,2019.0,2019.0,high,2019-06-05,73.0,1.0,0.0,
backpack hero,Backpack Hero,Backpack Hero,Backpack Hero,backpack-hero-2,1.0,2022.0,2022.0,high,2022-08-15,204.0,30.0,3.65,
the operator,The Operator,The Operator,The Operator,the-operator,1.0,2024.0,2024.0,high,2024-07-22,74.0,10.0,4.17,
two point hospital,Two Point Hospital,Two Point Hospital,Two Point Hospital,two-point-hospital,1.0,2018.0,2018.0,high,2018-08-29,3066.0,405.0,3.74,84.0
deathloop,Deathloop,Deathloop,Deathloop,deathloop-2,1.0,2021.0,2021.0,high,2021-09-14,4567.0,551.0,3.96,88.0
ogu and the secret forest,Ogu and the Secret Forest,Ogu and the Secret Forest,Ogu and the Secret Forest,ogu-and-the-secret-forest,1.0,2023.0,2023.0,high,2023-03-23,50.0,3.0,0.0,
tiny tina's wonderlands,Tiny Tina's Wonderlands,Tiny Tina's Wonderlands,Tiny Tina's Wonderlands,tiny-tinas-wonderlands,1.0,2022.0,2022.0,high,2022-03-25,1301.0,135.0,3.6,
cat quest 2,Cat Quest 2,Cat Quest 2,Cat Quest II,cat-quest-ii,1.0,2019.0,2019.0,high,2019-09-23,1045.0,122.0,3.92,77.0
neko ghost,Neko Ghost,Neko Ghost,"Neko Ghost, Jump!",neko-ghost-jump,0.9,2019.0,2019.0,high,2019-10-11,40.0,1.0,0.0,
them's fightin' herds,Them's Fightin' Herds,Them's Fightin' Herds,Them's Fightin' Herds,thems-fightin-herds,1.0,2020.0,2020.0,high,2020-04-30,815.0,42.0,3.36,82.0
world war z aftermath,World War Z Aftermath,World War Z Aftermath,World War Z: Aftermath,world-war-z-aftermath,1.0,2021.0,2021.0,high,2021-09-21,518.0,53.0,3.6,
humankind,Humankind,Humankind,Humankind,humankind,1.0,2021.0,2021.0,high,2021-08-17,1303.0,161.0,3.65,77.0
caravan sandwitch,Caravan SandWitch,Caravan SandWitch,Caravan Sandwitch,caravan-sandwitch,1.0,2024.0,2024.0,high,2024-09-11,105.0,16.0,3.69,
beacon pines,Beacon Pines,Beacon Pines,Beacon Pines,beacon-pines,1.0,2022.0,2022.0,high,2022-09-22,472.0,37.0,4.05,
otxo,OTXO,OTXO,Otxo,otxo,1.0,2023.0,2023.0,high,2023-04-19,228.0,18.0,3.39,
sol cesto,Sol Cesto,Sol Cesto,Sol Cesto,sol-cesto,1.0,,,high,,27.0,4.0,0.0,
foretales,Foretales,Foretales,Foretales,foretales,1.0,2022.0,2022.0,high,2022-09-15,240.0,3.0,0.0,
echo generation,Echo Generation,Echo Generation,Echo Generation,echo-generation,1.0,2021.0,2021.0,high,2021-10-21,199.0,19.0,3.16,
luto,Luto,Luto,Luto,luto,1.0,2025.0,2025.0,high,2025-07-21,54.0,4.0,0.0,
nova lands,Nova Lands,Nova Lands,Nova Lands,nova-lands,1.0,2023.0,2023.0,high,2023-06-21,114.0,15.0,3.69,
tattoo tycoon,Tattoo Tycoon,Tattoo Tycoon,Tattoo Tycoon,tattoo-tycoon,1.0,2025.0,2025.0,high,2025-10-23,23.0,0.0,0.0,
"i have no mouth, and i must scream","I Have No Mouth, and I Must Scream","I Have No Mouth, and I Must Scream","I Have No Mouth, and I Must Scream",i-have-no-mouth-and-i-must-scream-2,1.0,1995.0,1995.0,high,1995-10-31,2309.0,137.0,3.37,
river city girls 2,River City Girls 2,River City Girls 2,River City Girls 2,river-city-girls-2,1.0,2022.0,2022.0,high,2022-12-14,179.0,18.0,4.05,
rollercoaster tycoon 3,RollerCoaster Tycoon 3,RollerCoaster Tycoon 3,RollerCoaster Tycoon 3,rollercoaster-tycoon-3,1.0,2004.0,2004.0,high,2004-11-02,82.0,32.0,3.62,
voidwrought,Voidwrought,Voidwrought,Voidwrought,voidwrought,1.0,2024.0,2024.0,high,2024-10-24,38.0,2.0,0.0,
citizen sleeper,Citizen Sleeper,Citizen Sleeper,Citizen Sleeper,citizen-sleeper,1.0,2022.0,2022.0,high,2022-05-05,823.0,84.0,4.2,
robobeat,Robobeat,Robobeat,ROBOBEAT,robobeat,1.0,2024.0,2024.0,high,2024-05-14,49.0,1.0,0.0,
warhammer 40k speed freeks,Warhammer 40K Speed Freeks,Warhammer 40K Speed Freeks,"Warhammer 40,000: Speed Freeks",warhammer-40000-speed-freeks,0.5,2024.0,2024.0,low,2024-08-06,130.0,2.0,0.0,
the ouroboros king,The Ouroboros King,The Ouroboros King,The Ouroboros King,the-ouroboros-king,1.0,2022.0,2022.0,high,2022-06-27,33.0,0.0,0.0,
songs of conquest,Songs of Conquest,Songs of Conquest,Songs of Conquest,songs-of-conquest,1.0,2024.0,2024.0,high,2024-05-20,794.0,73.0,3.85,
rogue waters,Rogue Waters,Rogue Waters,Rogue Waters,rogue-waters,1.0,2024.0,2024.0,high,2024-09-29,42.0,8.0,3.78,
calico,Calico,Calico,Calico,calico,1.0,2020.0,2020.0,high,2020-12-14,900.0,22.0,3.04,
down in bermuda,Down In Bermuda,Down In Bermuda,Down In Bermuda,down-in-bermuda,1.0,2019.0,2019.0,high,2019-08-06,182.0,27.0,3.56,
tomb raider i-iii remastered,Tomb Raider I-III Remastered,Tomb Raider I-III Remastered,Tomb Raider I•II•III Remastered,tomb-raider-i-iii-remastered,0.963,2024.0,2024.0,high,2024-02-13,364.0,37.0,3.16,
sunderfolk,Sunderfolk,Sunderfolk,Sunderfolk,sunderfolk,1.0,,,high,,28.0,1.0,0.0,
arranger: a role-puzzling adventure,Arranger: A Role-Puzzling Adventure,Arranger: A Role-Puzzling Adventure,Arranger: A Role-Puzzling Adventure,arranger-a-role-puzzling-adventure,1.0,2024.0,2024.0,high,2024-07-25,35.0,4.0,0.0,
oddsparks: an automation adventure,Oddsparks: An Automation Adventure,Oddsparks: An Automation Adventure,Oddsparks: An Automation Adventure,oddsparks-an-automation-adventure,1.0,2024.0,2024.0,high,2024-04-24,42.0,3.0,0.0,
doomblade,Doomblade,Doomblade,DOOMBLADE,doomblade,1.0,2023.0,2023.0,high,2023-05-30,52.0,2.0,0.0,
the stone of madness,The Stone of Madness,The Stone of Madness,The Stone of Madness,the-stone-of-madness,1.0,2025.0,2025.0,high,2025-01-27,60.0,6.0,3.14,
prop sumo,Prop Sumo,Prop Sumo,Prop Sumo,prop-sumo,1.0,2026.0,2026.0,high,2026-03-09,15.0,0.0,0.0,
tomak: save the earth regeneration,TOMAK: Save the Earth Regeneration,TOMAK: Save the Earth Regeneration,TOMAK: Save the Earth Regeneration,tomak-save-the-earth-regeneration,1.0,2026.0,2026.0,high,2026-03-02,19.0,0.0,0.0,
clone drone in the danger zone,Clone Drone in the Danger Zone,Clone Drone in the Danger Zone,Clone Drone in the Danger Zone,clone-drone-in-the-danger-zone,1.0,2016.0,2016.0,high,2016-09-26,339.0,57.0,4.1,
havendock,Havendock,Havendock,Havendock,havendock,1.0,2025.0,2025.0,high,2025-04-21,82.0,5.0,3.0,
hyper echelon,Hyper Echelon,Hyper Echelon,Hyper Echelon,hyper-echelon,1.0,2021.0,2021.0,high,2021-11-10,30.0,1.0,0.0,
electrician simulator,Electrician Simulator,Electrician Simulator,Electrician Simulator,electrician-simulator,1.0,2022.0,2022.0,high,2022-09-20,164.0,13.0,3.8,
cozy grove,Cozy Grove,Cozy Grove,Cozy Grove,cozy-grove,1.0,2021.0,2021.0,high,2021-04-08,403.0,51.0,3.64,
isonzo,Isonzo,Isonzo,Isonzo,isonzo,1.0,2022.0,2022.0,high,2022-09-13,141.0,17.0,3.24,
turnip boy robs a bank,Turnip Boy Robs A Bank,Turnip Boy Robs A Bank,Turnip Boy Robs a Bank,turnip-boy-robs-a-bank,1.0,2024.0,2023.0,high,2023-01-18,76.0,16.0,4.12,
boxes: lost fragments,Boxes: Lost Fragments,Boxes: Lost Fragments,Boxes: Lost Fragments,boxes-lost-fragments,1.0,2024.0,2024.0,high,2024-02-01,85.0,20.0,4.14,
my night job,My Night Job,My Night Job,My Night Job,my-night-job,1.0,2016.0,2016.0,high,2016-04-21,94.0,4.0,0.0,
return to ash,Return To Ash,Return To Ash,Return to Ash,return-to-ash,1.0,2025.0,2025.0,high,2025-07-10,26.0,2.0,0.0,
nobody wants to die,Nobody Wants To Die,Nobody Wants To Die,Nobody Wants to Die,nobody-wants-to-die,1.0,2024.0,2024.0,high,2024-07-16,360.0,64.0,3.88,
the darkside detective: a fumble in the dark,The Darkside Detective: A Fumble in the Dark,The Darkside Detective: A Fumble in the Dark,The Darkside Detective: A Fumble in the Dark,the-darkside-detective-a-fumble-in-the-dark,1.0,2021.0,2021.0,high,2021-04-15,88.0,8.0,3.25,
botany manor,Botany Manor,Botany Manor,Botany Manor,botany-manor,1.0,2024.0,2024.0,high,2024-04-09,70.0,13.0,4.0,
definitely not fried chicken,Definitely Not Fried Chicken,Definitely Not Fried Chicken,Definitely Not Fried Chicken,definitely-not-fried-chicken,1.0,2023.0,2023.0,high,2023-01-18,73.0,2.0,0.0,
rustler,Rustler,Rustler,Rustler,rustler,1.0,2021.0,2021.0,high,2021-08-31,1334.0,34.0,2.69,62.0
styx: master of shadows,Styx: Master of Shadows,Styx: Master of Shadows,Styx: Master of Shadows,styx-master-of-shadows,1.0,2014.0,2014.0,high,2014-10-06,4200.0,466.0,3.16,71.0
styx: shards of darkness,Styx: Shards of Darkness,Styx: Shards of Darkness,Styx: Shards of Darkness,styx-shards-of-darkness,1.0,2017.0,2017.0,high,2017-03-13,2627.0,204.0,3.36,72.0
total war: three kingdoms,Total War: Three Kingdoms,Total War: Three Kingdoms,Total War: THREE KINGDOMS,total-war-three-kingdoms,1.0,2019.0,2019.0,high,2019-05-22,996.0,169.0,3.98,85.0
wildgate,Wildgate,Wildgate,Wildgate,wildgate,1.0,2025.0,2025.0,high,2025-07-22,46.0,0.0,0.0,
mechabellum,Mechabellum,Mechabellum,Mechabellum,mechabellum,1.0,2023.0,2023.0,high,2023-05-11,61.0,9.0,3.5,
mindcop,Mindcop,Mindcop,Mindcop,mindcop,1.0,,,high,,22.0,3.0,0.0,
shogun showdown,Shogun Showdown,Shogun Showdown,Shogun Showdown,shogun-showdown-2,1.0,2023.0,2023.0,high,2023-06-27,371.0,12.0,4.23,
astral ascent,Astral Ascent,Astral Ascent,Astral Ascent,astral-ascent-2,1.0,2022.0,2022.0,high,2022-04-12,256.0,10.0,3.8,
luftrausers,LUFTRAUSERS,LUFTRAUSERS,LUFTRAUSERS,luftrausers,1.0,2014.0,2014.0,high,2014-03-17,1815.0,216.0,3.58,80.0
alone with you,Alone With You,Alone With You,Alone With You,alone-with-you,1.0,2016.0,2016.0,high,2016-08-23,177.0,13.0,3.23,75.0
rival stars horse racing: desktop edition,Rival Stars Horse Racing: Desktop Edition,Rival Stars Horse Racing: Desktop Edition,Rival Stars Horse Racing: Desktop Edition,rival-stars-horse-racing-desktop-edition,1.0,2020.0,2020.0,high,2020-06-24,33.0,5.0,0.0,
cardpocalypse,Cardpocalypse,Cardpocalypse,Cardpocalypse,cardpocalypse,1.0,2019.0,2019.0,high,2019-12-12,95.0,4.0,0.0,
gears of war: e-day,Gears of War: E-Day,Gears of War: E-Day,Gears of War: E-Day,gears-of-war-e-day,1.0,2026.0,2026.0,high,2026-10-06,85.0,3.0,0.0,
mad king redemption,Mad King Redemption,Mad King Redemption,Mad King Redemption,mad-king-redemption,1.0,2026.0,2026.0,high,2026-05-13,0.0,0.0,0.0,
dune: awakening,Dune: Awakening,Dune: Awakening,Dune: Awakening,dune-awakening,1.0,2025.0,2025.0,high,2025-06-10,142.0,9.0,3.0,
well dweller,Well Dweller,Well Dweller,Well Dweller,well-dweller,1.0,2026.0,2026.0,high,2026-09-21,4.0,0.0,0.0,
runescape: dragonwilds,RuneScape: Dragonwilds,RuneScape: Dragonwilds,RuneScape: Dragonwilds,runescape-dragonwilds,1.0,2026.0,2025.0,high,2025-04-15,12.0,5.0,0.0,
the royal writ,The Royal Writ,The Royal Writ,The Royal Writ,the-royal-writ,1.0,2025.0,2025.0,high,2025-08-07,4.0,1.0,0.0,
call of duty: black ops cold war,Call of Duty: Black Ops Cold War,Call of Duty: Black Ops Cold War,Call of Duty: Black Ops Cold War,call-of-duty-black-ops-cold-war,1.0,2020.0,2020.0,high,2020-11-13,2599.0,381.0,3.8,76.0
shelldiver,Shelldiver,Shelldiver,Shelldiver,shelldiver,1.0,2025.0,2025.0,high,2025-11-16,14.0,5.0,0.0,
resonance: a plague tale legacy,Resonance: A Plague Tale Legacy,Resonance: A Plague Tale Legacy,Resonance: A Plague Tale Legacy,resonance-a-plague-tale-legacy,1.0,2026.0,2026.0,high,2026-08-27,157.0,23.0,4.0,
date everything!,Date Everything!,Date Everything!,Date Everything!,date-everything,1.0,2025.0,2025.0,high,2025-06-17,34.0,6.0,3.33,
beast of reincarnation,Beast of Reincarnation,Beast of Reincarnation,Beast of Reincarnation,beast-of-reincarnation,1.0,2026.0,2026.0,high,2026-08-04,91.0,12.0,3.0,
corsair cove,Corsair Cove,Corsair Cove,Corsair Cove,corsair-cove,1.0,2026.0,2026.0,high,2026-08-01,12.0,3.0,0.0,
mistfall hunter,Mistfall Hunter,Mistfall Hunter,Mistfall Hunter,mistfall-hunter,1.0,2026.0,,high,,13.0,3.0,0.0,
conker: live & reloaded,Conker: Live & Reloaded,Conker: Live & Reloaded,Conker: Live and Reloaded,conker,1.0,2005.0,2005.0,high,2005-06-21,50.0,14.0,4.14,78.0
hell is us,Hell is Us,Hell is Us,Hell is Us,hell-is-us,1.0,2025.0,2025.0,high,2025-09-04,248.0,40.0,3.52,
shift at midnight,Shift at Midnight,Shift at Midnight,Shift At Midnight,shift-at-midnight,1.0,2026.0,2026.0,high,2026-07-22,11.0,5.0,0.0,
the planet crafter,The Planet Crafter,The Planet Crafter,The Planet Crafter,the-planet-crafter,1.0,2022.0,2022.0,high,2022-03-23,388.0,38.0,3.76,
fogpiercer,Fogpiercer,Fogpiercer,Fogpiercer,fogpiercer,1.0,2026.0,2026.0,high,2026-07-16,1.0,1.0,0.0,
mavrix by matt jones,Mavrix by Matt Jones,Mavrix by Matt Jones,MAVRIX by Matt Jones,mavrix-by-matt-jones,1.0,2026.0,2025.0,high,2025-07-24,1.0,0.0,0.0,
denshattack!,Denshattack!,Denshattack!,Denshattack!,denshattack,1.0,2025.0,2026.0,high,2026-07-15,11.0,2.0,0.0,
buckshot roulette,Buckshot Roulette,Buckshot Roulette,Buckshot Roulette,buckshot-roulette,1.0,2023.0,2024.0,high,2024-04-04,515.0,113.0,3.98,
winds of arcana: ruination,Winds of Arcana: Ruination,Winds of Arcana: Ruination,Winds Of Arcana: Ruination,winds-of-arcana-ruination,1.0,2025.0,2025.0,high,2025-11-14,0.0,0.0,0.0,
rv there yet?,RV There Yet?,RV There Yet?,RV There Yet?,rv-there-yet,1.0,2026.0,2025.0,high,2025-10-21,80.0,24.0,3.81,
abyssus,Abyssus,Abyssus,Abyssus,abyssus,1.0,2026.0,2025.0,high,2025-08-12,11.0,3.0,0.0,
ea sports fc 26,EA Sports FC 26,EA Sports FC 26,EA SPORTS FC 26,ea-sports-fc-26,1.0,2025.0,2025.0,high,2025-09-25,67.0,23.0,3.43,
call of duty: vanguard,Call of Duty: Vanguard,Call of Duty: Vanguard,Call of Duty: Vanguard,call-of-duty-vanguard,1.0,2021.0,2021.0,high,2021-11-05,1192.0,142.0,3.08,
junkster,Junkster,Junkster,Junkster,junkster,1.0,2026.0,2026.0,high,2026-06-16,2.0,1.0,0.0,
starseeker: astroneer expeditions (game preview),Starseeker: Astroneer Expeditions (Game Preview),Starseeker: Astroneer Expeditions,Starseeker: Astroneer Expeditions,starseeker-astroneer-expeditions,1.0,2026.0,,high,,4.0,0.0,0.0,
beatdown city survivors,Beatdown City Survivors,Beatdown City Survivors,Beatdown City Survivors,beatdown-city-survivors,1.0,2025.0,2026.0,high,2026-06-10,1.0,0.0,0.0,
persona 5 royal,Persona 5 Royal,Persona 5 Royal,Persona 5 Royal,persona-5-royal,1.0,2020.0,2020.0,high,2020-03-31,3211.0,542.0,4.75,94.0
solarpunk,Solarpunk,Solarpunk,Solarpunk,solarpunk,1.0,2026.0,2026.0,high,2026-06-08,6.0,2.0,0.0,
undisputed,Undisputed,Undisputed,Undisputed,undisputed,1.0,2024.0,2023.0,high,2023-01-31,29.0,2.0,0.0,
wo long: fallen dynasty,Wo Long: Fallen Dynasty,Wo Long: Fallen Dynasty,Wo Long: Fallen Dynasty,wo-long-fallen-dynasty,1.0,2023.0,2023.0,high,2023-03-03,639.0,119.0,3.42,
jurassic world evolution 3,Jurassic World Evolution 3,Jurassic World Evolution 3,Jurassic World Evolution 3,jurassic-world-evolution-3,1.0,2025.0,2025.0,high,2025-10-21,16.0,1.0,0.0,
escape the backrooms,Escape the Backrooms,Escape the Backrooms,Escape the Backrooms,escape-the-backrooms-2,1.0,2025.0,2025.0,high,2025-10-23,302.0,44.0,3.48,
kabuto park,Kabuto Park,Kabuto Park,Kabuto Park,kabuto-park,1.0,2026.0,2025.0,high,2025-05-28,4.0,0.0,0.0,
echo generation 2,Echo Generation 2,Echo Generation 2,Echo Generation 2,echo-generation-2,1.0,2026.0,2026.0,high,2026-05-27,2.0,0.0,0.0,
escape simulator,Escape Simulator,Escape Simulator,Escape Simulator,escape-simulator,1.0,2021.0,2021.0,high,2021-10-19,908.0,90.0,4.01,
luna abyss,Luna Abyss,Luna Abyss,Luna Abyss,luna-abyss,1.0,2026.0,2026.0,high,2026-05-21,57.0,8.0,4.22,
my friend peppa pig,My Friend Peppa Pig,My Friend Peppa Pig,My Friend Peppa Pig,my-friend-peppa-pig,1.0,2021.0,2021.0,high,2021-10-22,327.0,33.0,3.21,
remnant ii,Remnant II,Remnant II,Remnant 2,remnant-2,1.0,2023.0,2023.0,high,2023-07-21,416.0,100.0,3.74,
forza horizon 6,Forza Horizon 6,Forza Horizon 6,Forza Horizon 6,forza-horizon-6,1.0,2026.0,2026.0,high,2026-05-19,210.0,49.0,4.33,
black jacket,Black Jacket,Black Jacket,Black Jacket,black-jacket,1.0,2026.0,2026.0,high,2026-05-13,11.0,4.0,0.0,
call of the elder gods,Call of the Elder Gods,Call of the Elder Gods,Call of the Elder Gods,call-of-the-elder-gods,1.0,2026.0,2026.0,high,2026-05-12,16.0,3.0,0.0,
outbound,Outbound,Outbound,Outbound,outbound,1.0,2026.0,2026.0,high,2026-05-14,13.0,3.0,0.0,
mixtape,Mixtape,Mixtape,Mixtape,mixtape,1.0,2026.0,2026.0,high,2026-05-07,99.0,38.0,3.95,
ben 10: power trip,Ben 10: Power Trip,Ben 10: Power Trip,Ben 10: Power Trip,ben-10-power-trip,1.0,2020.0,2020.0,high,2020-10-09,247.0,18.0,2.74,
final fantasy v,Final Fantasy V,Final Fantasy V,FINAL FANTASY V,final-fantasy-v,1.0,1992.0,1992.0,high,1992-12-06,904.0,156.0,4.06,
motorslice,MOTORSLICE,MOTORSLICE,Motorslice,motorslice,1.0,2026.0,2026.0,high,2026-05-05,33.0,4.0,0.0,
heroes of might & magic: olden era (game preview),Heroes of Might & Magic: Olden Era (Game Preview),Heroes of Might & Magic: Olden Era,Heroes of Might & Magic: Olden Era,heroes-of-might-magic-olden-era,1.0,2026.0,2026.0,high,2026-04-30,56.0,14.0,3.64,
inkonbini: one store. many stories,inKonbini: One Store. Many Stories ,inKonbini: One Store. Many Stories ,inKonbini: One Store. Many Stories,inkonbini-one-store-many-stories,1.0,2026.0,2026.0,high,2026-04-29,18.0,3.0,0.0,
trepang2,Trepang2,Trepang2,Trepang2,trepang2,1.0,2023.0,2023.0,high,2023-06-21,321.0,76.0,3.64,
kiln,Kiln,Kiln,Kiln,kiln,1.0,2026.0,2026.0,high,2026-04-23,1.0,0.0,0.0,
call of duty: modern warfare (2019),Call of Duty: Modern Warfare (2019),Call of Duty: Modern Warfare (2019),Call of Duty: Modern Warfare (2019),call-of-duty-modern-warfare,1.0,2019.0,2019.0,high,2019-10-25,3989.0,741.0,3.78,80.0
replaced,REPLACED,REPLACED,Replaced,replaced,1.0,2026.0,2026.0,high,2026-04-14,768.0,64.0,3.7,
the thaumaturge,The Thaumaturge,The Thaumaturge,The Thaumaturge,the-thaumaturge,1.0,2024.0,2024.0,high,2024-03-04,312.0,58.0,3.85,
tiny bookshop,Tiny Bookshop,Tiny Bookshop,Tiny Bookshop,tiny-bookshop,1.0,2025.0,2025.0,high,2025-08-07,38.0,6.0,4.0,
planet coaster 2,Planet Coaster 2,Planet Coaster 2,Planet Coaster 2,planet-coaster-2,1.0,2024.0,,high,,16.0,0.0,0.0,
resident evil 7: biohazard,Resident Evil 7: Biohazard,Resident Evil 7: Biohazard,Resident Evil 7: Biohazard,resident-evil-7-biohazard,1.0,2017.0,2017.0,high,2017-01-23,8837.0,2001.0,4.33,85.0
super meat boy 3d,Super Meat Boy 3D,Super Meat Boy 3D,Super Meat Boy 3D,super-meat-boy-3d,1.0,2026.0,2026.0,high,2026-03-31,23.0,1.0,0.0,
easy delivery co.,Easy Delivery Co.,Easy Delivery Co.,Easy Delivery Co.,easy-delivery-co,1.0,2025.0,2025.0,high,2025-09-17,34.0,9.0,3.6,
absolum,Absolum,Absolum,Absolum,absolum,1.0,2025.0,2025.0,high,2025-10-09,129.0,22.0,3.87,
like a dragon: infinite wealth,Like a Dragon: Infinite Wealth,Like a Dragon: Infinite Wealth,Like a Dragon: Infinite Wealth,like-a-dragon-infinite-wealth,1.0,2024.0,2024.0,high,2024-01-26,305.0,47.0,4.25,
dreamworks gabby's dollhouse: ready to party,DreamWorks Gabby's Dollhouse: Ready to Party,DreamWorks Gabby's Dollhouse: Ready to Party,DreamWorks Gabby’s Dollhouse: Ready to Party,dreamworks-gabbys-dollhouse-ready-to-party,1.0,2025.0,2025.0,high,2025-09-19,2.0,0.0,0.0,
planet of lana ii: children of the leaf,Planet of Lana II: Children of the Leaf,Planet of Lana II: Children of the Leaf,planet of lana 2 children of the leaf,planet-of-lana-2-children-of-the-leaf,1.0,2026.0,2026.0,high,2026-03-05,42.0,7.0,4.25,
f1 25,F1 25,F1 25,F1 25,f1-25,1.0,2026.0,2025.0,high,2025-05-30,14.0,5.0,0.0,
final fantasy iii,Final Fantasy III,Final Fantasy III,Final Fantasy III (1990),final-fantasy-iii-1990,1.0,1990.0,1990.0,high,1990-04-27,112.0,36.0,3.59,
kingdom come: deliverance ii,Kingdom Come: Deliverance II,Kingdom Come: Deliverance II,Kingdom Come: Deliverance II,kingdom-come-deliverance-ii,1.0,2025.0,2025.0,high,2025-02-03,794.0,180.0,4.37,
minishoot' adventures,Minishoot' Adventures,Minishoot' Adventures,Minishoot' Adventures,minishoot-adventures,1.0,2024.0,2024.0,high,2024-04-02,64.0,19.0,4.43,
dice a million,Dice A Million,Dice A Million,Dice A Million,dice-a-million,1.0,2026.0,2026.0,high,2026-02-26,5.0,2.0,0.0,
tcg card shop simulator (game preview),TCG Card Shop Simulator (Game Preview),TCG Card Shop Simulator,TCG Card Shop Simulator: Prologue,tcg-card-shop-simulator-prologue,0.9,2023.0,2024.0,high,2024-08-06,49.0,0.0,0.0,
return to zork,Return to Zork,Return to Zork,Return to Zork,return-to-zork,1.0,1993.0,1993.0,high,1993-08-10,96.0,5.0,0.0,
seaquest,Seaquest,Seaquest,Seaquest,seaquest,1.0,1983.0,1983.0,high,1983-02-08,17.0,4.0,0.0,
stampede,Stampede,Stampede,Stampede,stampede,1.0,1981.0,1981.0,high,1981-01-01,21.0,4.0,0.0,
avatar: frontiers of pandora,Avatar: Frontiers of Pandora,Avatar: Frontiers of Pandora,Avatar: Frontiers of Pandora,avatar-frontiers-of-pandora,1.0,2023.0,2023.0,high,2023-12-07,417.0,56.0,2.64,
high on life 2,High on Life 2,High on Life 2,High On Life 2,high-on-life-2,1.0,2026.0,2026.0,high,2026-02-13,83.0,8.0,3.3,
diablo ii: resurrected,Diablo II: Resurrected,Diablo II: Resurrected,Diablo II: Resurrected,diablo-ii-resurrected,1.0,2021.0,2021.0,high,2021-09-23,1320.0,264.0,4.1,80.0
relooted,Relooted,Relooted,Relooted,relooted,1.0,2026.0,2026.0,high,2026-02-10,3.0,1.0,0.0,
like a dragon: pirate yakuza in hawaii,Like A Dragon: Pirate Yakuza in Hawaii,Like A Dragon: Pirate Yakuza in Hawaii,Like a Dragon: Pirate Yakuza in Hawaii,like-a-dragon-pirate-yakuza-in-hawaii,1.0,2025.0,2025.0,high,2025-02-21,143.0,16.0,3.94,
indika,INDIKA,INDIKA,Indika,indika,1.0,2024.0,2024.0,high,2024-05-02,469.0,140.0,3.96,
"warhammer 40,000: space marine ii","Warhammer 40,000: Space Marine II","Warhammer 40,000: Space Marine II","Warhammer 40,000: Space Marine 2",warhammer-40000-space-marine-2,1.0,2024.0,,high,,235.0,29.0,3.97,
anno: mutationem,ANNO: Mutationem,ANNO: Mutationem,Anno: Mutationem,anno-mutationem,1.0,2022.0,2022.0,high,2022-03-16,414.0,40.0,3.52,73.0
drop duchy,Drop Duchy,Drop Duchy,Drop Duchy,drop-duchy,1.0,2026.0,2025.0,high,2025-05-05,18.0,5.0,3.83,
death stranding: director's cut,Death Stranding: Director's Cut,Death Stranding,Death Stranding Director's Cut,death-stranding-directors-cut,1.0,2021.0,2021.0,high,2021-09-24,2006.0,289.0,4.27,
ninja gaiden: ragebound,Ninja Gaiden: Ragebound,Ninja Gaiden: Ragebound,Ninja Gaiden: Ragebound,ninja-gaiden-ragebound,1.0,2025.0,2025.0,high,2025-07-31,87.0,22.0,4.0,
resident evil village,Resident Evil Village,Resident Evil Village,Resident Evil: Village,resident-evil-village,1.0,2021.0,2021.0,high,2021-05-07,5197.0,1073.0,4.39,83.0
mio: memories in orbit,MIO: Memories in Orbit,MIO: Memories in Orbit,MIO: Memories in Orbit,mio-memories-in-orbit,1.0,2026.0,2026.0,high,2026-01-19,67.0,5.0,3.14,
star wars outlaws,Star Wars Outlaws,Star Wars Outlaws,Star Wars Outlaws,star-wars-outlaws,1.0,2024.0,2024.0,high,2024-08-30,387.0,71.0,3.27,
quarantine zone: the last check,Quarantine Zone: The Last Check,Quarantine Zone: The Last Check,Quarantine Zone: The Last Check,quarantine-zone-the-last-check,1.0,2026.0,2026.0,high,2026-01-12,46.0,19.0,3.52,
mortal kombat 1,Mortal Kombat 1,Mortal Kombat 1,Mortal Kombat 1,mortal-kombat-1-2023,1.0,2023.0,2023.0,high,2023-09-19,505.0,100.0,3.6,
a game about digging a hole,A Game About Digging A Hole,A Game About Digging A Hole,A Game About Digging A Hole,a-game-about-digging-a-hole,1.0,2025.0,2025.0,high,2025-02-06,102.0,33.0,3.91,
death howl,Death Howl,Death Howl,Death Howl,death-howl,1.0,2025.0,,high,,17.0,5.0,3.5,
dome keeper,Dome Keeper,Dome Keeper,Dome Keeper,dome-keeper,1.0,2022.0,2022.0,high,2022-09-27,667.0,80.0,3.8,
routine,ROUTINE,ROUTINE,Routine,routine,1.0,2025.0,2025.0,high,2025-12-04,127.0,21.0,3.61,
lost records: bloom & rage,Lost Records: Bloom & Rage,Lost Records: Bloom & Rage,Lost Records: Bloom & Rage,lost-records-bloom-rage,1.0,2025.0,2025.0,high,2025-02-17,173.0,45.0,3.32,
marvel cosmic invasion,Marvel Cosmic Invasion,Marvel Cosmic Invasion,Marvel Cosmic Invasion,marvel-cosmic-invasion,1.0,2025.0,2025.0,high,2025-12-01,53.0,12.0,4.15,
banishers: ghosts of new eden,Banishers: Ghosts of New Eden,Banishers: Ghosts of New Eden,Banishers: Ghosts of New Eden,banishers-ghosts-of-new-eden,1.0,2024.0,2024.0,high,2024-02-11,534.0,104.0,3.74,
monsters are coming! rock & road,Monsters are Coming! Rock & Road,Monsters are Coming! Rock & Road,Monsters are Coming! Rock & Road,monsters-are-coming-rock-road,1.0,2025.0,2025.0,high,2025-11-20,7.0,2.0,0.0,
the crew motorfest,The Crew Motorfest,The Crew Motorfest,The Crew: Motorfest,the-crew-motorfest,1.0,2023.0,2023.0,high,2023-09-14,164.0,26.0,3.65,
moonlighter 2: the endless vault (game preview),Moonlighter 2: The Endless Vault (Game Preview),Moonlighter 2: The Endless Vault,Moonlighter 2: The Endless Vault,moonlighter-2-the-endless-vault,1.0,2025.0,2025.0,high,2025-11-19,27.0,1.0,0.0,
call of duty: black ops 7,Call of Duty: Black Ops 7,Call of Duty: Black Ops 7,Call of Duty: Black Ops 7,call-of-duty-black-ops-7,1.0,2025.0,2025.0,high,2025-11-13,71.0,22.0,1.73,
relic hunters legend,Relic Hunters Legend,Relic Hunters Legend,Relic Hunters Legend,relic-hunters-legend,1.0,2025.0,,high,,28.0,0.0,0.0,
winter burrow,Winter Burrow,Winter Burrow,Winter Burrow,winter-burrow,1.0,2025.0,2025.0,high,2025-11-12,61.0,12.0,3.62,
great god grove,Great God Grove,Great God Grove,Great God Grove,great-god-grove,1.0,2024.0,2024.0,high,2024-11-14,13.0,1.0,0.0,
lara croft and the temple of osiris,Lara Croft and the Temple of Osiris,Lara Croft and the Temple of Osiris,Lara Croft and the Temple of Osiris,lara-croft-and-the-temple-of-osiris,1.0,2014.0,2014.0,high,2014-12-08,7192.0,654.0,3.09,73.0
voidtrain,Voidtrain,Voidtrain,Voidtrain,voidtrain,1.0,2025.0,2025.0,high,2025-11-07,230.0,33.0,3.32,
egging on,Egging On,Egging On,Egging On,egging-on,1.0,2025.0,2025.0,high,2025-11-06,13.0,1.0,0.0,
dead static drive,Dead Static Drive,Dead Static Drive,Dead Static Drive,dead-static-drive,1.0,2025.0,,high,,24.0,0.0,0.0,
pacific drive,Pacific Drive,Pacific Drive,Pacific Drive,pacific-drive,1.0,2024.0,2024.0,high,2024-02-21,603.0,89.0,3.78,
1000xresist,1000xResist,1000xResist,1000xResist,1000xresist,1.0,2025.0,2024.0,high,2024-05-09,140.0,22.0,4.23,
football manager 26,Football Manager 26,Football Manager 26,Football Manager 26,football-manager-26,1.0,2025.0,2025.0,high,2025-11-04,6.0,0.0,0.0,
the outer worlds 2,The Outer Worlds 2,The Outer Worlds 2,The Outer Worlds 2,the-outer-worlds-2,1.0,2025.0,2025.0,high,2025-10-29,380.0,38.0,3.65,
halls of torment,Halls of Torment,Halls of Torment,Halls Of Torment,halls-of-torment,1.0,2025.0,2023.0,medium,2023-05-24,314.0,53.0,3.98,
powerwash simulator 2,PowerWash Simulator 2,PowerWash Simulator 2,PowerWash Simulator 2,powerwash-simulator-2,1.0,2025.0,2025.0,high,2025-10-23,40.0,10.0,3.42,
bounty star: the morose tale of graveyard clem,Bounty Star: The Morose Tale of Graveyard Clem,Bounty Star: The Morose Tale of Graveyard Clem,Bounty Star: The Morose Tale of Graveyard Clem,bounty-star-the-morose-tale-of-graveyard-clem,1.0,2025.0,,high,,0.0,0.0,0.0,
evil west,Evil West,Evil West,Evil West,evil-west,1.0,2022.0,2022.0,high,2022-11-21,820.0,144.0,3.6,74.0
ninja gaiden 4,Ninja Gaiden 4,Ninja Gaiden 4,Ninja Gaiden 4,ninja-gaiden-4,1.0,2025.0,2025.0,high,2025-10-21,159.0,33.0,3.97,
keeper (2025),Keeper (2025),Keeper (2025),Keeper (2025),keeper-2025,1.0,2025.0,2025.0,high,2025-10-17,9.0,1.0,0.0,
battletech: the crescent hawk's inception,BattleTech: The Crescent Hawk's Inception,BattleTech: The Crescent Hawk's Inception,BattleTech: The Crescent Hawk's Inception,battletech-the-crescent-hawks-inception,1.0,1989.0,1988.0,high,1988-01-01,21.0,3.0,0.0,
battletech: the crescent hawk's revenge,BattleTech: The Crescent Hawk's Revenge,BattleTech: The Crescent Hawk's Revenge,BattleTech: The Crescent Hawks' Revenge,battletech-the-crescent-hawks-revenge,0.987,1990.0,1990.0,high,1990-12-31,14.0,1.0,0.0,
ice hockey,Ice Hockey,Ice Hockey,Ice Hockey (1981),ice-hockey-1981,1.0,1981.0,1981.0,high,1981-01-01,37.0,8.0,3.78,
pax dei,Pax Dei,Pax Dei,Pax Dei,pax-dei,1.0,2025.0,2024.0,high,2024-06-18,8.0,1.0,0.0,
ball x pit,Ball x Pit,Ball x Pit,Ball x Pit,ball-x-pit,1.0,2025.0,2025.0,high,2025-10-15,135.0,50.0,4.29,
the casting of frank stone,The Casting of Frank Stone,The Casting of Frank Stone,The Casting of Frank Stone,the-casting-of-frank-stone,1.0,2024.0,2024.0,high,2024-09-03,140.0,41.0,3.0,
heroes of might and magic iii: complete edition,Heroes of Might and Magic III: Complete Edition,Heroes of Might and Magic III,Heroes of Might and Magic 3: Complete,heroes-of-might-and-magic-3-complete,0.9,1999.0,2000.0,high,2000-03-31,1490.0,693.0,4.51,
supermarket simulator,Supermarket Simulator,Supermarket Simulator,Supermarket Simulator,supermarket-simulator-2,1.0,2025.0,2024.0,high,2024-02-20,143.0,27.0,3.7,
assassin's creed ii,Assassin's Creed II,Assassin's Creed II,Assassin's Creed II,assassins-creed-ii,1.0,2009.0,2009.0,high,2009-11-17,8284.0,2987.0,4.43,89.0
assassin's creed iii: remastered,Assassin's Creed III: Remastered,Assassin's Creed III: Remastered,Assassin's Creed III: Remastered,assassins-creed-iii-remastered,1.0,2019.0,2019.0,high,2019-03-29,2493.0,417.0,3.55,71.0
assassin's creed iv black flag,Assassin's Creed IV Black Flag,Assassin's Creed IV Black Flag,Assassin’s Creed IV: Black Flag,assassins-creed-iv-black-flag,1.0,2013.0,2013.0,high,2013-10-29,9839.0,2669.0,4.16,85.0
assassin's creed iv black flag: freedom cry,Assassin's Creed IV Black Flag: Freedom Cry,Assassin's Creed IV Black Flag: Freedom Cry,Assassin's Creed IV: Black Flag - Freedom Cry,assassins-creed-iv-black-flag-freedom-cry,1.0,2013.0,2013.0,high,2013-12-17,86.0,39.0,3.56,73.0
assassin's creed brotherhood,Assassin's Creed Brotherhood,Assassin's Creed Brotherhood,Assassin’s Creed Brotherhood,assassins-creed-brotherhood-2,1.0,2010.0,2010.0,high,2010-11-16,5495.0,1737.0,4.28,88.0
assassin's creed chronicles: china,Assassin's Creed Chronicles: China,Assassin's Creed Chronicles: China,Assassin’s Creed Chronicles: China,assassins-creed-chronicles-china-2,1.0,2015.0,2015.0,high,2015-04-21,1641.0,286.0,3.12,68.0
assassin's creed chronicles: india,Assassin's Creed Chronicles: India,Assassin's Creed Chronicles: India,Assassin’s Creed Chronicles: India,assassins-creed-chronicles-india-2,1.0,2016.0,2016.0,high,2016-01-12,843.0,127.0,3.16,63.0
assassin's creed chronicles: russia,Assassin's Creed Chronicles: Russia,Assassin's Creed Chronicles: Russia,Assassin’s Creed Chronicles: Russia,assassins-creed-chronicles-russia-2,1.0,2016.0,2016.0,high,2016-02-09,813.0,119.0,3.06,58.0
assassin's creed liberation hd,Assassin's Creed Liberation HD,Assassin's Creed Liberation HD,Assassin’s Creed Liberation HD,assassins-creed-liberation-hd,1.0,2014.0,2013.0,high,2013-11-13,1296.0,285.0,2.9,64.0
assassin's creed revelations,Assassin's Creed Revelations,Assassin's Creed Revelations,Assassin's Creed Revelations,assassins-creed-revelations,1.0,2011.0,2011.0,high,2011-11-15,4971.0,1475.0,3.99,80.0
assassin's creed rogue: remastered,Assassin's Creed Rogue: Remastered,Assassin's Creed Rogue: Remastered,Assassin’s Creed Rogue Remastered,assassins-creed-rogue-remastered-2,1.0,2018.0,2018.0,high,2018-03-20,582.0,115.0,3.67,71.0
assassin's creed syndicate,Assassin's Creed Syndicate,Assassin's Creed Syndicate,Assassin's Creed Syndicate,assassins-creed-syndicate-2,1.0,2015.0,2015.0,high,2015-10-23,6073.0,1521.0,3.67,74.0
assassin's creed: the ezio collection,Assassin's Creed: The Ezio Collection,Assassin's Creed: The Ezio Collection,Assassin’s Creed The Ezio Collection,assassins-creed-the-ezio-collection,1.0,2016.0,2016.0,high,2016-11-15,1106.0,153.0,4.41,73.0
assassin's creed unity,Assassin's Creed Unity,Assassin's Creed Unity,Assassin's Creed Unity,assassins-creed-unity-2,1.0,2014.0,2014.0,high,2014-11-11,7080.0,1726.0,3.63,71.0
child of light,Child of Light,Child of Light,Child of Light,child-of-light,1.0,2014.0,2014.0,high,2014-04-29,5155.0,957.0,3.84,77.0
far cry 3,Far Cry 3,Far Cry 3,Far Cry 3,far-cry-3,1.0,2012.0,2012.0,high,2012-11-28,10896.0,3019.0,4.26,88.0
far cry 3: blood dragon,Far Cry 3: Blood Dragon,Far Cry 3: Blood Dragon,Far Cry 3: Blood Dragon,far-cry-3-blood-dragon-2,1.0,2013.0,2013.0,high,2013-04-30,5419.0,1133.0,4.0,81.0
far cry primal,Far Cry Primal,Far Cry Primal,Far Cry Primal,far-cry-primal,1.0,2016.0,2016.0,high,2016-02-23,3852.0,872.0,3.58,74.0
hungry shark world,Hungry Shark World,Hungry Shark World,Hungry Shark World,hungry-shark-world,1.0,2018.0,2016.0,medium,2016-05-04,109.0,24.0,3.6,72.0
monopoly madness,Monopoly Madness,Monopoly Madness,Monopoly Madness,monopoly-madness,1.0,2022.0,2021.0,high,2021-12-09,55.0,7.0,2.14,
oddballers,OddBallers,OddBallers,OddBallers,oddballers,1.0,2023.0,2023.0,high,2023-01-26,19.0,2.0,0.0,72.0
prince of persia: the lost crown,Prince of Persia: The Lost Crown,Prince of Persia: The Lost Crown,Prince of Persia: The Lost Crown,prince-of-persia-the-lost-crown,1.0,2024.0,2024.0,high,2024-01-18,677.0,141.0,3.99,
rabbids invasion: the interactive tv show,Rabbids Invasion: The Interactive TV Show,Rabbids Invasion: The Interactive TV Show,Rabbids Invasion: The Interactive TV Show,rabbids-invasion-the-interactive-tv-show,1.0,2014.0,2014.0,high,2014-11-18,139.0,17.0,3.29,
rabbids: party of legends,Rabbids: Party of Legends,Rabbids: Party of Legends,Rabbids: Party of Legends,rabbids-party-of-legends,1.0,2022.0,2022.0,high,2022-06-30,16.0,4.0,0.0,
risk: urban assault,Risk: Urban Assault,Risk: Urban Assault,Risk Urban Assault,risk-urban-assault,1.0,2016.0,2016.0,high,2016-08-02,42.0,5.0,0.0,61.0
skull and bones,Skull and Bones,Skull and Bones,Skull & Bones,skull-bones,1.0,2024.0,2024.0,high,2024-02-16,285.0,44.0,2.04,
south park: the stick of truth,South Park: The Stick of Truth,South Park: The Stick of Truth,South Park: The Stick of Truth,south-park-the-stick-of-truth,1.0,2014.0,2014.0,high,2014-03-04,7139.0,1724.0,4.22,84.0
starlink: battle for atlas,Starlink: Battle for Atlas,Starlink: Battle for Atlas,Starlink: Battle for Atlas,starlink-battle-for-atlas-2,1.0,2018.0,2018.0,high,2018-10-16,323.0,48.0,3.52,74.0
the crew 2,The Crew 2,The Crew 2,The Crew 2,the-crew-2,1.0,2018.0,2018.0,high,2018-06-29,2176.0,336.0,3.18,66.0
the settlers: new allies,The Settlers: New Allies,The Settlers: New Allies,The Settlers: New Allies,the-settlers-new-allies,1.0,2023.0,2024.0,high,2024-03-26,7.0,0.0,0.0,
tom clancy's ghost recon breakpoint,Tom Clancy's Ghost Recon Breakpoint,Tom Clancy's Ghost Recon Breakpoint,Tom Clancy's Ghost Recon Breakpoint,tom-clancys-ghost-recon-breakpoint,1.0,2019.0,2019.0,high,2019-10-04,1366.0,219.0,2.91,59.0
tom clancy's rainbow six: extraction,Tom Clancy's Rainbow Six: Extraction,Tom Clancy's Rainbow Six: Extraction,Tom Clancy’s Rainbow Six Extraction,tom-clancys-rainbow-six-quarantine,1.0,2022.0,2022.0,high,2022-01-20,310.0,46.0,2.38,
tom clancy's the division,Tom Clancy's The Division,Tom Clancy's The Division,Tom Clancy’s The Division,tom-clancys-the-division,1.0,2016.0,2016.0,high,2016-03-07,6140.0,1348.0,3.7,80.0
trackmania turbo,Trackmania Turbo,Trackmania Turbo,Trackmania Turbo,trackmania-turbo,1.0,2016.0,2016.0,high,2016-03-22,3012.0,619.0,3.48,79.0
transference,Transference,Transference,Transference,transference,1.0,2018.0,2018.0,high,2018-09-18,275.0,41.0,3.28,72.0
trials fusion,Trials Fusion,Trials Fusion,Trials Fusion,trials-fusion,1.0,2014.0,2014.0,high,2014-04-15,3255.0,612.0,3.53,80.0
trials of the blood dragon,Trials of the Blood Dragon,Trials of the Blood Dragon,Trials of the Blood Dragon,trials-of-the-blood-dragon,1.0,2016.0,2016.0,high,2016-06-13,575.0,100.0,3.37,54.0
trials rising,Trials Rising,Trials Rising,Trials Rising,trials-rising,1.0,2019.0,2019.0,high,2019-02-26,565.0,102.0,3.82,81.0
valiant hearts: the great war,Valiant Hearts: The Great War,Valiant Hearts: The Great War,Valiant Hearts: The Great War,valiant-hearts-the-great-war,1.0,2014.0,2014.0,high,2014-06-24,4770.0,1365.0,4.36,80.0
watch_dogs,Watch_Dogs,Watch_Dogs,Watch Dogs,watch-dogs,1.0,2014.0,2014.0,high,2014-05-27,8467.0,2231.0,3.6,77.0
zombi,Zombi,Zombi,ZOMBI,zombi,1.0,2015.0,2015.0,high,2015-08-18,2077.0,357.0,2.84,65.0
visions of mana,Visions of Mana,Visions of Mana,Visions of Mana,visions-of-mana,1.0,2024.0,2024.0,high,2024-08-29,39.0,4.0,0.0,
hades,Hades,Hades,Hades,hades-2018,1.0,2018.0,2020.0,medium,2020-09-17,9202.0,2120.0,4.42,93.0
roadcraft,RoadCraft,RoadCraft,RoadCraft,roadcraft-2,1.0,2025.0,2025.0,high,2025-05-20,51.0,11.0,3.73,
hollow knight: silksong,Hollow Knight: Silksong,Hollow Knight: Silksong,Hollow Knight: Silksong,hollow-knight-silksong,1.0,2025.0,2025.0,high,2025-09-04,1678.0,265.0,4.38,
cataclismo,Cataclismo,Cataclismo,Cataclismo,cataclismo,1.0,2025.0,2024.0,high,2024-07-22,74.0,14.0,3.57,
dragon age: the veilguard,Dragon Age: The Veilguard,Dragon Age: The Veilguard,Dragon Age: The Veilguard,dragon-age-4-tba,1.0,2024.0,2024.0,high,2024-10-31,308.0,57.0,2.82,
gears of war: reloaded,Gears of War: Reloaded,Gears of War: Reloaded,Gears of War: Reloaded,gears-of-war-reloaded,1.0,2025.0,2025.0,high,2025-08-26,100.0,17.0,2.85,
herdling,Herdling,Herdling,Herdling,herdling,1.0,2025.0,2025.0,high,2025-08-21,56.0,14.0,3.53,
the rogue prince of persia,The Rogue Prince of Persia,The Rogue Prince of Persia,The Rogue Prince of Persia,the-rogue-prince-of-persia,1.0,2025.0,2025.0,high,2025-08-20,163.0,27.0,3.43,
void/breaker,VOID/BREAKER,VOID/BREAKER,VOID/BREAKER,voidbreaker-2,1.0,2025.0,2025.0,high,2025-08-19,15.0,2.0,0.0,
caesar iii,Caesar III,Caesar III,Caesar 3,caesar-3,1.0,1998.0,1998.0,high,1998-09-30,672.0,129.0,4.33,
the colonel's bequest,The Colonel's Bequest,The Colonel's Bequest,The Colonel's Bequest,the-colonels-bequest,1.0,1989.0,1988.0,high,1988-12-31,58.0,1.0,0.0,
private eye,Private Eye,Private Eye,Private Eye,private-eye,1.0,1984.0,1983.0,high,1983-09-19,10.0,0.0,0.0,
oystron,Oystron,Oystron,Oystron,oystron,1.0,1997.0,1997.0,high,1997-01-01,3.0,0.0,0.0,
assassin's creed mirage,Assassin's Creed Mirage,Assassin's Creed Mirage,Assassin's Creed Mirage,assassins-creed-mirage,1.0,2023.0,2023.0,high,2023-10-05,1024.0,186.0,3.38,
heretic + hexen,Heretic + Hexen,Heretic + Hexen,Heretic + Hexen,heretic-hexen,1.0,2025.0,2025.0,high,2025-08-06,47.0,6.0,3.88,
farming simulator 25,Farming Simulator 25,Farming Simulator 25,Farming Simulator 25,farming-simulator-25,1.0,2024.0,2024.0,high,2024-11-12,50.0,10.0,3.36,
wuchang: fallen feathers,WUCHANG: Fallen Feathers,WUCHANG: Fallen Feathers,Wuchang: Fallen Feathers,wuchang-fallen-feathers,1.0,2025.0,2025.0,high,2025-07-23,203.0,43.0,3.59,
wheel world,Wheel World,Wheel World,Wheel World,wheel-world,1.0,2025.0,2025.0,high,2025-07-23,34.0,11.0,3.82,
abiotic factor,Abiotic Factor,Abiotic Factor,Abiotic Factor,abiotic-factor,1.0,2025.0,2025.0,high,2025-07-22,180.0,29.0,4.12,
caesar,Caesar,Caesar,Caesar,caesar,1.0,1992.0,1992.0,high,1992-10-12,40.0,5.0,0.0,
conquests of camelot: the search for the grail,Conquests of Camelot: The Search for the Grail,Conquests of Camelot: The Search for the Grail,Conquests of Camelot: The Search for the Grail,conquests-of-camelot-the-search-for-the-grail,1.0,1990.0,1989.0,high,1989-01-01,46.0,4.0,0.0,
gabriel knight: sins of the fathers,Gabriel Knight: Sins of the Fathers,Gabriel Knight: Sins of the Fathers,Gabriel Knight: Sins of the Fathers,gabriel-knight-sins-of-the-fathers,1.0,1993.0,1993.0,high,1993-12-16,500.0,35.0,3.86,
skate boardin',Skate Boardin',Skate Boardin',Skate Boardin',skate-boardin,1.0,1987.0,1987.0,high,1987-01-01,9.0,0.0,0.0,
robocop: rogue city,RoboCop: Rogue City,RoboCop: Rogue City,RoboCop: Rogue City,robocop-rogue-city,1.0,2023.0,2023.0,high,2023-11-02,773.0,167.0,3.93,
high on life,High on Life,High on Life,High on Life,high-on-life,1.0,2022.0,2022.0,high,2022-12-13,2215.0,278.0,3.82,
tony hawk's pro skater 3 + 4,Tony Hawk's Pro Skater 3 + 4,Tony Hawk's Pro Skater 3 + 4,Tony Hawk's Pro Skater 3 + 4,tony-hawks-pro-skater-3-4,1.0,2025.0,2025.0,high,2025-07-10,35.0,9.0,2.89,
heart of china,Heart of China,Heart of China,Heart of China,heart-of-china,1.0,1991.0,1990.0,high,1990-12-31,31.0,2.0,0.0,
skiing,Skiing,Skiing,Skiing,skiing,1.0,1980.0,1980.0,high,1980-01-01,25.0,9.0,3.0,
call of duty: wwii,Call of Duty: WWII,Call of Duty: WWII,Call of Duty: WWII,call-of-duty-wwii,1.0,2017.0,2017.0,high,2017-11-03,6514.0,1189.0,3.55,77.0
warcraft ii: remastered,Warcraft II: Remastered,Warcraft II: Remastered,Warcraft II: Remastered,warcraft-ii-remastered,1.0,2024.0,2024.0,high,2024-11-13,17.0,5.0,0.0,
warcraft iii: reforged,Warcraft III: Reforged,Warcraft III: Reforged,Warcraft III: Reforged,warcraft-iii-reforged,1.0,2020.0,2020.0,high,2020-01-29,460.0,166.0,2.35,59.0
fbc: firebreak,FBC: Firebreak,FBC: Firebreak,FBC: Firebreak,fbc-firebreak,1.0,2025.0,2025.0,high,2025-06-17,33.0,9.0,2.2,
crash bandicoot 4: it's about time,Crash Bandicoot 4: It's About Time,Crash Bandicoot 4: It's About Time,Crash Bandicoot 4: It’s About Time,crash-bandicoot-4-its-about-time,1.0,2020.0,2020.0,high,2020-10-01,1743.0,209.0,3.94,84.0
lost in random: the eternal die,Lost in Random: The Eternal Die,Lost in Random: The Eternal Die,Lost in Random: The Eternal Die,lost-in-random-the-eternal-die,1.0,2025.0,2025.0,high,2025-06-16,40.0,9.0,3.78,
the alters,The Alters,The Alters,The Alters,the-alters,1.0,2025.0,2025.0,high,2025-06-13,460.0,94.0,4.28,
ea sports fc 25,EA Sports FC 25,EA Sports FC 25,EA SPORTS FC 25,ea-sports-fc-25,1.0,2024.0,2024.0,high,2024-09-26,111.0,46.0,3.3,
baldur's gate: enhanced edition,Baldur's Gate: Enhanced Edition,Baldur's Gate,Baldur's Gate: Enhanced Edition,baldurs-gate-enhanced-edition,1.0,2012.0,2012.0,high,2012-11-28,3136.0,334.0,4.09,78.0
baldur's gate ii: enhanced edition,Baldur's Gate II: Enhanced Edition,Baldur's Gate II,Baldur's Gate II: Enhanced Edition,baldurs-gate-ii-ee,1.0,2013.0,2013.0,high,2013-11-15,2779.0,243.0,4.27,78.0
to a t,To a T,To a T,to a T,to-a-t,1.0,2025.0,2025.0,high,2025-05-28,9.0,2.0,0.0,
tom clancy's the division 2,Tom Clancy's The Division 2,Tom Clancy's The Division 2,Tom Clancy’s The Division 2,division-2,1.0,2019.0,2019.0,high,2019-03-15,3298.0,777.0,3.74,83.0
tales of kenzera: zau,Tales of Kenzera: ZAU,Tales of Kenzera: ZAU,Tales of Kenzera: ZAU,tales-of-kenzera-zau,1.0,2024.0,2024.0,high,2024-04-23,74.0,8.0,4.11,
barnstorming,Barnstorming,Barnstorming,Barnstorming (1982),barnstorming-1982,1.0,1982.0,1982.0,high,1982-01-01,15.0,1.0,0.0,
beamrider,Beamrider,Beamrider,Beamrider,beamrider,1.0,1984.0,1983.0,high,1983-01-01,14.0,1.0,0.0,
caesar ii,Caesar II,Caesar II,Caesar 2,caesar-2,1.0,1995.0,1994.0,high,1994-12-31,52.0,12.0,3.08,
chopper command,Chopper Command,Chopper Command,Chopper Command,chopper-command,1.0,1982.0,1982.0,high,1982-01-01,17.0,3.0,0.0,
commando,Commando,Commando,Commando,commando,1.0,1983.0,1985.0,medium,1985-04-01,34.0,9.0,3.4,
conquests of the longbow: the legend of robin hood,Conquests of the Longbow: The Legend of Robin Hood,Conquests of the Longbow: The Legend of Robin Hood,Conquests of the Longbow: The Legend of Robin Hood,conquests-of-the-longbow-the-legend-of-robin-hood,1.0,1991.0,1990.0,high,1990-12-31,61.0,7.0,4.29,
cosmic ark,Cosmic Ark,Cosmic Ark,Cosmic Ark,cosmic-ark,1.0,1982.0,1982.0,high,1982-01-01,13.0,2.0,0.0,
crackpots,Crackpots,Crackpots,Crackpots,crackpots,1.0,1983.0,1983.0,high,1983-05-16,15.0,2.0,0.0,
dolphin,Dolphin,Dolphin,Dolphin,dolphin,1.0,1983.0,1983.0,high,1983-01-01,11.0,0.0,0.0,
dragster,Dragster,Dragster,Dragster,dragster,1.0,1980.0,1980.0,high,1980-01-01,21.0,4.0,0.0,
enduro,Enduro,Enduro,Enduro,enduro,1.0,1983.0,1983.0,high,1983-02-01,28.0,6.0,4.33,
fishing derby,Fishing Derby,Fishing Derby,Fishing Derby,fishing-derby,1.0,1980.0,1980.0,high,1980-01-01,25.0,6.0,3.0,
freddy pharkas: frontier pharmacist,Freddy Pharkas: Frontier Pharmacist,Freddy Pharkas: Frontier Pharmacist,Freddy Pharkas: Frontier Pharmacist,freddy-pharkas-frontier-pharmacist,1.0,1993.0,1992.0,high,1992-12-31,43.0,2.0,0.0,
freeway,Freeway,Freeway,Freeway,freeway,1.0,1981.0,1981.0,high,1981-01-01,16.0,2.0,0.0,
frostbite,Frostbite,Frostbite,Frostbite,frostbite,1.0,1983.0,1983.0,high,1983-08-14,16.0,3.0,0.0,
grand prix,Grand Prix,Grand Prix,Grand Prix,grand-prix,1.0,1982.0,1982.0,high,1982-01-01,15.0,3.0,0.0,
h.e.r.o.,H.E.R.O.,H.E.R.O.,H.E.R.O.,hero-2,1.0,1984.0,1984.0,high,1984-01-01,18.0,3.0,0.0,
laser blast,Laser Blast,Laser Blast,Laser Blast,laser-blast,1.0,1981.0,1981.0,high,1981-01-01,12.0,1.0,0.0,
mechwarrior,MechWarrior,MechWarrior,MechWarrior,mechwarrior,1.0,1989.0,1989.0,high,1989-01-01,31.0,5.0,0.0,
mechwarrior 2: 31st century combat,MechWarrior 2: 31st Century Combat,MechWarrior 2: 31st Century Combat,MechWarrior 2: 31st Century Combat,mechwarrior-2-31st-century-combat,1.0,1995.0,1995.0,high,1995-01-01,25.0,8.0,4.12,
megamania,Megamania,Megamania,Megamania,megamania,1.0,1982.0,1982.0,high,1982-09-01,18.0,5.0,0.0,
pitfall ii: lost caverns,Pitfall II: Lost Caverns,Pitfall II: Lost Caverns,Pitfall II: Lost Caverns,pitfall-ii-lost-caverns,1.0,1983.0,1984.0,high,1984-01-01,21.0,1.0,0.0,
pressure cooker,Pressure Cooker,Pressure Cooker,Pressure Cooker,pressure-cooker,1.0,1983.0,1983.0,high,1983-01-01,10.0,0.0,0.0,
quest for glory: so you want to be a hero,Quest for Glory: So You Want to Be a Hero,Quest for Glory: So You Want to Be a Hero,Quest for Glory: So You Want to Be a Hero,quest-for-glory-so-you-want-to-be-a-hero,1.0,1989.0,1989.0,high,1989-01-01,28.0,7.0,4.43,
river raid,River Raid,River Raid,River Raid,river-raid,1.0,1982.0,1982.0,high,1982-01-01,46.0,14.0,4.07,
robot tank,Robot Tank,Robot Tank,Robot Tank,robot-tank,1.0,1983.0,1983.0,high,1983-01-01,11.0,0.0,0.0,
sky jinks,Sky Jinks,Sky Jinks,Sky Jinks,sky-jinks,1.0,1982.0,1982.0,high,1982-01-01,13.0,1.0,0.0,
star voyager,Star Voyager,Star Voyager,Star Voyager,star-voyager,1.0,1982.0,1982.0,high,1982-01-01,13.0,1.0,0.0,
tennis,Tennis,Tennis,Tennis,tennis,1.0,1981.0,1984.0,medium,1984-01-14,93.0,44.0,3.89,
the adventures of willy beamish,The Adventures of Willy Beamish,The Adventures of Willy Beamish,The Adventures of Willy Beamish,the-adventures-of-willy-beamish,1.0,1991.0,1990.0,high,1990-12-31,47.0,4.0,0.0,
the dagger of amon ra,The Dagger of Amon Ra,The Dagger of Amon Ra,The Dagger of Amon Ra,the-dagger-of-amon-ra,1.0,1992.0,1991.0,high,1991-12-31,58.0,2.0,0.0,
torin's passage,Torin's Passage,Torin's Passage,Torin's Passage,torins-passage,1.0,1995.0,1995.0,high,1995-10-30,78.0,14.0,4.07,
zork i: the great underground,Zork I: The Great Underground,Zork I: The Great Underground,Zork: The Great Underground Empire,zork-the-great-underground-empire,0.852,1980.0,1980.0,medium,1980-11-04,19.0,4.0,0.0,
zork zero: the revenge of megaboz,Zork Zero: The Revenge of Megaboz,Zork Zero: The Revenge of Megaboz,Zork Zero: The Revenge of Megaboz,zork-zero-the-revenge-of-megaboz,1.0,1988.0,1989.0,high,1989-01-01,16.0,0.0,0.0,
monster train 2,Monster Train 2,Monster Train 2,Monster Train 2,monster-train-2,1.0,2025.0,2025.0,high,2025-05-21,24.0,6.0,3.83,
doom: the dark ages,DOOM: The Dark Ages,DOOM: The Dark Ages,Doom: The Dark Ages,doom-the-dark-ages,1.0,2025.0,2025.0,high,2025-05-15,541.0,97.0,4.32,
police simulator: patrol officers,Police Simulator: Patrol Officers,Police Simulator: Patrol Officers,Police Simulator: Patrol Officers,police-simulator-patrol-officers,1.0,2022.0,2021.0,high,2021-06-17,185.0,25.0,3.34,
warhammer: vermintide 2,Warhammer: Vermintide 2,Warhammer: Vermintide 2,Warhammer: Vermintide 2,warhammer-vermintide-2,1.0,2018.0,2018.0,high,2018-03-08,8550.0,779.0,3.61,82.0
anno 1800,Anno 1800,Anno 1800,Anno 1800,anno-1800,1.0,2019.0,2019.0,high,2019-04-16,837.0,186.0,4.22,81.0
far cry 4,Far Cry 4,Far Cry 4,Far Cry 4,far-cry-4,1.0,2014.0,2014.0,high,2014-11-18,7783.0,1951.0,3.82,80.0
towerborne,Towerborne,Towerborne,Towerborne,towerborne,1.0,2025.0,2024.0,high,2024-09-10,13.0,0.0,0.0,
clair obscur: expedition 33,Clair Obscur: Expedition 33,Clair Obscur: Expedition 33,Clair Obscur: Expedition 33,clair-obscur-expedition-33,1.0,2025.0,2025.0,high,2025-04-24,1281.0,502.0,4.44,
the elder scrolls iv: oblivion - remastered,The Elder Scrolls IV: Oblivion - Remastered,The Elder Scrolls IV: Oblivion - Remastered,The Elder Scrolls IV: Oblivion Remastered,the-elder-scrolls-iv-oblivion-remastered,1.0,2025.0,2025.0,high,2025-04-22,380.0,72.0,3.81,
crime scene cleaner,Crime Scene Cleaner,Crime Scene Cleaner,Crime Scene Cleaner,crime-scene-cleaner,1.0,2024.0,2024.0,high,2024-08-14,130.0,39.0,4.1,
tempopo,Tempopo,Tempopo,Tempopo,tempopo,1.0,2025.0,2025.0,high,2025-04-17,4.0,1.0,0.0,
spongebob squarepants: the patrick star game,SpongeBob SquarePants: The Patrick Star Game,SpongeBob SquarePants: The Patrick Star Game,SpongeBob SquarePants: The Patrick Star Game,spongebob-squarepants-the-patrick-star-game,1.0,2024.0,2024.0,high,2024-10-04,18.0,3.0,0.0,
blue prince,Blue Prince,Blue Prince,Blue Prince,blue-prince,1.0,2025.0,2025.0,high,2025-04-10,257.0,61.0,4.16,
south of midnight,South of Midnight,South of Midnight,South of Midnight,south-of-midnight,1.0,2025.0,2025.0,high,2025-04-08,255.0,74.0,3.63,
blizzard arcade collection,Blizzard Arcade Collection,Blizzard Arcade Collection,Blizzard Arcade Collection,blizzard-arcade-collection,1.0,2021.0,2021.0,high,2021-02-19,44.0,9.0,3.22,
watch dogs: legion,Watch Dogs: Legion,Watch Dogs: Legion,Watch Dogs: Legion,watch-dogs-legion,1.0,2020.0,2020.0,high,2020-10-29,2634.0,416.0,3.12,72.0
balatro,Balatro,Balatro,Balatro,balatro,1.0,2024.0,2024.0,high,2024-02-20,1002.0,284.0,4.29,
f1 24,F1 24,F1 24,F1 24,f1-24,1.0,2024.0,2024.0,high,2024-05-31,29.0,4.0,0.0,
"warhammer 40,000: rogue trader","Warhammer 40,000: Rogue Trader","Warhammer 40,000: Rogue Trader","Warhammer 40,000: Rogue Trader",warhammer-40000-rogue-trader,1.0,2024.0,2023.0,high,2023-12-06,398.0,68.0,4.39,
avowed,Avowed,Avowed,Avowed,avowed,1.0,2025.0,2025.0,high,2025-02-18,580.0,129.0,3.25,
kingdom: two crowns,Kingdom: Two Crowns,Kingdom: Two Crowns,Kingdom: Two Crowns,kingdom-two-crowns,1.0,2018.0,2018.0,high,2018-12-10,2227.0,203.0,4.14,85.0
far cry: new dawn,Far Cry: New Dawn,Far Cry: New Dawn,Far Cry New Dawn,far-cry-new-dawn,1.0,2019.0,2019.0,high,2019-02-15,2684.0,635.0,3.37,73.0
eternal strands,Eternal Strands,Eternal Strands,Eternal Strands,eternal-strands,1.0,2025.0,2025.0,high,2025-01-27,81.0,7.0,2.86,
diablo,Diablo,Diablo,Diablo,diablo,1.0,1996.0,1996.0,high,1996-12-31,1091.0,542.0,4.4,94.0
for the king ii,For The King II,For The King II,For The King II,for-the-king-ii,1.0,2023.0,2023.0,high,2023-11-02,96.0,11.0,3.91,
indiana jones and the great circle,Indiana Jones and the Great Circle,Indiana Jones and the Great Circle,Indiana Jones and the Great Circle,indiana-jones-and-the-great-circle,1.0,2024.0,2024.0,high,2024-12-09,788.0,193.0,4.28,
ea sports wrc,EA Sports WRC,EA Sports WRC,EA Sports WRC 24,ea-sports-wrc-24,0.5,2023.0,2023.0,low,2023-11-03,5.0,1.0,0.0,
crash team racing: nitro-fueled,Crash Team Racing: Nitro-Fueled,Crash Team Racing: Nitro-Fueled,Crash Team Racing Nitro-Fueled,crash-team-racing-nitro-fueled,1.0,2019.0,2019.0,high,2019-06-21,1675.0,336.0,4.02,82.0
aliens: dark descent,Aliens: Dark Descent,Aliens: Dark Descent,Aliens: Dark Descent,aliens-dark-descent,1.0,2023.0,2023.0,high,2023-06-19,253.0,32.0,3.82,
nine sols,Nine Sols,Nine Sols,Nine Sols,nine-sols,1.0,2024.0,2024.0,high,2024-05-29,389.0,68.0,4.3,
microsoft flight simulator 2024,Microsoft Flight Simulator 2024,Microsoft Flight Simulator 2024,Microsoft Flight Simulator 2024,microsoft-flight-simulator-2024,1.0,2024.0,2024.0,high,2024-11-19,38.0,7.0,2.71,
spyro reignited trilogy,Spyro Reignited Trilogy,Spyro Reignited Trilogy,Spyro Reignited Trilogy,spyro-reignited-trilogy,1.0,2018.0,2018.0,high,2018-11-13,4324.0,543.0,4.12,80.0
starcraft: remastered,Starcraft: Remastered,Starcraft: Remastered,StarCraft: Remastered,starcraft-remastered,1.0,2017.0,2017.0,high,2017-08-14,299.0,108.0,4.39,85.0
call of duty: black ops 6,Call of Duty: Black Ops 6,Call of Duty: Black Ops 6,Call of Duty: Black Ops 6,call-of-duty-black-ops-6,1.0,2024.0,2024.0,high,2024-10-24,335.0,116.0,3.82,
call of duty: warzone,Call of Duty: Warzone,Call of Duty: Warzone,Call of Duty: Warzone,call-of-duty-warzone,1.0,2022.0,2020.0,medium,2020-03-10,843.0,390.0,3.62,79.0
donut county,Donut County,Donut County,Donut County,donut-county,1.0,2018.0,2018.0,high,2018-08-27,2063.0,508.0,3.96,80.0
mechwarrior 5: clans,Mechwarrior 5: Clans,Mechwarrior 5: Clans,MechWarrior 5: Clans,mechwarrior-5-clans,1.0,2024.0,2024.0,high,2024-10-16,20.0,1.0,0.0,
south park: the fractured but whole,South Park: The Fractured but Whole,South Park: The Fractured but Whole,South Park: The Fractured But Whole,south-park-the-fractured-but-whole,1.0,2018.0,2017.0,high,2017-03-31,3670.0,822.0,4.04,80.0
inscryption,Inscryption,Inscryption,Inscryption,inscryption,1.0,2021.0,2021.0,high,2021-10-19,3222.0,610.0,4.38,86.0
ara: history untold,Ara: History Untold,Ara: History Untold,Ara: History Untold,ara-history-untold,1.0,2024.0,2024.0,high,2024-09-24,43.0,6.0,3.5,
overwatch 2,Overwatch 2,Overwatch 2,Overwatch 2,overwatch-2,1.0,2023.0,2022.0,high,2022-10-04,2374.0,382.0,3.14,78.0
riders republic,Riders Republic,Riders Republic,Riders Republic,riders-republic,1.0,2021.0,2021.0,high,2021-10-28,671.0,83.0,3.33,78.0
age of mythology: retold,Age of Mythology: Retold,Age of Mythology: Retold,Age of Mythology: Retold,age-of-mythology-retold,1.0,2024.0,,high,,103.0,20.0,3.65,
star trucker,Star Trucker,Star Trucker,Star Trucker,star-trucker,1.0,2024.0,2024.0,high,2024-09-03,43.0,11.0,3.08,
crash bandicoot n. sane trilogy,Crash Bandicoot N. Sane Trilogy,Crash Bandicoot N. Sane Trilogy,Crash Bandicoot N. Sane Trilogy,crash-bandicoot-n-sane-trilogy,1.0,2017.0,2017.0,high,2017-06-30,4891.0,645.0,4.12,81.0
nickelodeon all-star brawl 2,Nickelodeon All-Star Brawl 2,Nickelodeon All-Star Brawl 2,Nickelodeon All-Star Brawl 2,nickelodeon-all-star-brawl-2,1.0,2023.0,2023.0,high,2023-11-07,41.0,1.0,0.0,
moving out 2,Moving Out 2,Moving Out 2,Moving Out 2,moving-out-2-2,1.0,2023.0,2023.0,high,2023-08-15,79.0,14.0,3.79,
immortals of aveum,Immortals of Aveum,Immortals of Aveum,Immortals of Aveum,immortals-of-aveum,1.0,2023.0,2023.0,high,2023-08-21,198.0,40.0,2.76,
"little kitty, big city","Little Kitty, Big City","Little Kitty, Big City","Little Kitty, Big City",little-kitty-big-city,1.0,2024.0,2024.0,high,2024-05-09,202.0,44.0,3.94,
star wars jedi: survivor,Star Wars Jedi: Survivor,Star Wars Jedi: Survivor,Star Wars Jedi: Survivor,star-wars-jedi-survivor,1.0,2023.0,2023.0,high,2023-04-27,1537.0,290.0,4.21,
populous: the beginning,Populous: The Beginning,Populous: The Beginning,Populous: The Beginning,populous-the-beginning,1.0,1998.0,1998.0,high,1998-11-30,255.0,49.0,4.04,
sid meier's alpha centauri,Sid Meier's Alpha Centauri,Sid Meier's Alpha Centauri,Sid Meier's Alpha Centauri,sid-meiers-alpha-centauri,1.0,1999.0,1999.0,high,1999-02-12,74.0,31.0,4.19,92.0
simcity 3000: unlimited,SimCity 3000: Unlimited,SimCity 3000: Unlimited,SimCity 3000 Unlimited,simcity-3000-unlimited,1.0,2000.0,2000.0,high,2000-03-17,193.0,38.0,3.85,77.0
ea sports pga tour,EA Sports PGA Tour,EA Sports PGA Tour,EA SPORTS PGA TOUR,ea-sports-pga-tour,1.0,2023.0,2023.0,high,2023-04-04,32.0,2.0,0.0,
superhot: mind control delete,Superhot: Mind Control Delete,Superhot: Mind Control Delete,Superhot: Mind Control Delete,superhot-mind-control-delete,1.0,2020.0,2020.0,high,2020-07-15,3883.0,385.0,3.87,79.0
ark: survival ascended,Ark: Survival Ascended,Ark: Survival Ascended,ARK: Survival Ascended,ark-survival-ascended,1.0,2023.0,2023.0,high,2023-10-25,84.0,12.0,4.08,
diablo iv,Diablo IV,Diablo IV,Diablo IV,diablo-iv,1.0,2023.0,2023.0,high,2023-06-06,1508.0,321.0,3.73,90.0
control: ultimate edition,Control: Ultimate Edition,Control,Control Ultimate Edition,control-ultimate-edition,1.0,2021.0,2020.0,high,2020-08-27,1730.0,354.0,4.31,82.0
bluey: the videogame,Bluey: The Videogame,Bluey: The Videogame,Bluey: The Videogame,bluey-the-videogame,1.0,2023.0,,high,,23.0,6.0,3.25,
plateup!,PlateUp!,PlateUp!,PlateUp!,plateup,1.0,2022.0,2022.0,high,2022-08-04,573.0,41.0,3.9,
resident evil 3,Resident Evil 3,Resident Evil 3,Resident Evil 3,resident-evil-3,1.0,2020.0,2020.0,high,2020-04-02,5419.0,1092.0,4.04,80.0
palworld,Palworld,Palworld,Palworld,palworld,1.0,2024.0,2024.0,high,2024-01-19,871.0,152.0,3.59,
resident evil 2 (2019),Resident Evil 2 (2019),Resident Evil 2 (2019),Resident Evil 2,resident-evil-2-2019,1.0,2019.0,2019.0,high,2019-01-25,5620.0,2308.0,4.5,91.0
super mega baseball 4,Super Mega Baseball 4,Super Mega Baseball 4,Super Mega Baseball 4,super-mega-baseball-4,1.0,2023.0,2023.0,high,2023-06-02,26.0,0.0,0.0,
we happy few,We Happy Few,We Happy Few,We Happy Few,we-happy-few,1.0,2018.0,2018.0,high,2018-08-09,2286.0,367.0,3.15,64.0
assassin's creed valhalla,Assassin's Creed Valhalla,Assassin's Creed Valhalla,Assassin's Creed Valhalla,assassins-creed-valhalla,1.0,2020.0,2020.0,high,2020-11-10,4554.0,812.0,3.67,82.0
far cry 6,Far Cry 6,Far Cry 6,Far Cry 6,far-cry-6,1.0,2021.0,2021.0,high,2021-10-07,2760.0,495.0,3.35,75.0
goat simulator 3,Goat Simulator 3,Goat Simulator 3,Goat Simulator 3,goat-simulator-3,1.0,2022.0,2022.0,high,2022-11-17,149.0,35.0,3.89,
wild hearts,Wild Hearts,Wild Hearts,Wild Hearts,wild-hearts,1.0,2023.0,2023.0,high,2023-02-16,263.0,29.0,2.93,
wartales,Wartales,Wartales,Wartales,wartales,1.0,2021.0,2023.0,medium,2023-04-12,517.0,79.0,3.79,
cities: skylines ii,Cities: Skylines II,Cities: Skylines II,Cities: Skylines 2,cities-skylines-2,1.0,2023.0,2023.0,high,2023-10-24,238.0,49.0,3.6,
forza motorsport (2023),Forza Motorsport (2023),Forza Motorsport (2023),Forza Motorsport,forza-motorsport-2020,1.0,2023.0,2023.0,high,2023-10-10,177.0,51.0,3.41,
starfield,Starfield,Starfield,Starfield,starfield,1.0,2023.0,2023.0,high,2023-09-06,1968.0,357.0,3.25,88.0
the cave,The Cave,The Cave,The Cave,the-cave,1.0,2013.0,2013.0,high,2013-01-22,2099.0,278.0,3.58,68.0
stacking,Stacking,Stacking,Stacking,stacking,1.0,2011.0,2011.0,high,2011-02-07,2422.0,190.0,3.35,80.0
car mechanic simulator 2021,Car Mechanic Simulator 2021,Car Mechanic Simulator 2021,Car Mechanic Simulator 2021,car-mechanic-simulator-2021,1.0,2021.0,2021.0,high,2021-08-11,391.0,58.0,3.74,
massive chalice,Massive Chalice,Massive Chalice,MASSIVE CHALICE,massive-chalice,1.0,2015.0,2015.0,high,2015-05-31,1562.0,131.0,3.12,73.0
redfall,Redfall,Redfall,Redfall,redfall,1.0,2023.0,2023.0,high,2023-05-01,401.0,93.0,1.82,
minecraft: legends,Minecraft: Legends,Minecraft: Legends,Minecraft Legends,minecraft-legends,1.0,2023.0,2023.0,high,2023-04-18,220.0,40.0,2.5,
iron brigade,Iron Brigade,Iron Brigade,Iron Brigade,iron-brigade,1.0,2011.0,2010.0,high,2010-08-06,1159.0,98.0,2.76,75.0
hi-fi rush,Hi-Fi RUSH,Hi-Fi RUSH,Hi-Fi Rush,hi-fi-rush,1.0,2023.0,2023.0,high,2023-01-25,1663.0,369.0,4.3,
crysis 2: remastered,Crysis 2: Remastered,Crysis 2: Remastered,Crysis 2 Remastered,crysis-2-remastered,1.0,2021.0,2021.0,high,2021-10-15,717.0,73.0,3.66,
crysis 3: remastered,Crysis 3: Remastered,Crysis 3: Remastered,Crysis 3 Remastered,crysis-3-remastered,1.0,2021.0,2021.0,high,2021-10-17,717.0,71.0,3.33,
league of legends,League of Legends,League of Legends,League of Legends,league-of-legends,1.0,2009.0,2009.0,high,2009-10-27,1277.0,641.0,3.65,78.0
legends of runeterra,Legends of Runeterra,Legends of Runeterra,Legends of Runeterra,legends-of-runeterra,1.0,2020.0,2020.0,high,2020-04-28,243.0,119.0,3.68,88.0
teamfight tactics,Teamfight Tactics,Teamfight Tactics,Teamfight Tactics,teamfight-tactics,1.0,2019.0,2019.0,high,2019-06-18,129.0,64.0,3.82,79.0
valorant,Valorant,Valorant,Valorant,valorant,1.0,2020.0,2020.0,high,2020-06-02,1001.0,474.0,3.54,80.0
the walking dead: the final season,The Walking Dead: The Final Season,The Walking Dead: The Final Season,The Walking Dead: The Final Season,the-walking-dead-the-final-season,1.0,2018.0,2018.0,high,2018-08-13,1910.0,467.0,4.18,78.0
"warhammer 40,000: darktide","Warhammer 40,000: Darktide","Warhammer 40,000: Darktide","Warhammer 40,000: Darktide",warhammer-40000-darktide,1.0,2022.0,2022.0,high,2022-11-30,1037.0,80.0,3.7,74.0
battlefield 2042,Battlefield 2042,Battlefield 2042,Battlefield 2042,battlefield-6,1.0,2021.0,2021.0,high,2021-11-12,2212.0,321.0,2.91,
pentiment,Pentiment,Pentiment,Pentiment,pentiment,1.0,2022.0,2022.0,high,2022-11-14,953.0,135.0,4.25,
a plague tale: requiem,A Plague Tale: Requiem,A Plague Tale: Requiem,A Plague Tale: Requiem,a-plague-tale-requiem,1.0,2022.0,2022.0,high,2022-10-17,2679.0,502.0,4.28,
chivalry ii,Chivalry II,Chivalry II,Chivalry 2,chivalry-2,1.0,2021.0,2021.0,high,2021-06-08,1249.0,98.0,3.77,78.0
assassin's creed odyssey,Assassin's Creed Odyssey,Assassin's Creed Odyssey,Assassin's Creed Odyssey,assassins-creed-odyssey,1.0,2018.0,2018.0,high,2018-10-05,8288.0,2112.0,3.97,85.0
ni no kuni: wrath of the white witch - remastered,Ni no Kuni: Wrath of the White Witch - Remastered,Ni no Kuni: Wrath of the White Witch - Remastered,Ni no Kuni: Wrath of the White Witch Remastered,ni-no-kuni-wrath-of-the-white-witch-remastered,1.0,2019.0,2019.0,high,2019-09-19,1573.0,132.0,4.06,84.0
grid: legends,GRID: Legends,GRID: Legends,GRID Legends,grid-legends,1.0,2022.0,2022.0,high,2022-02-25,619.0,58.0,3.48,
immortals fenyx rising,Immortals Fenyx Rising,Immortals Fenyx Rising,Immortals: Fenyx Rising,gods-monsters,1.0,2020.0,2020.0,high,2020-12-03,2349.0,389.0,3.73,78.0
an elder scrolls legend: battlespire,An Elder Scrolls Legend: Battlespire,An Elder Scrolls Legend: Battlespire,An Elder Scrolls Legend: Battlespire,elder-scrolls-legend-battlespire-an,1.0,1997.0,1997.0,high,1997-01-01,206.0,13.0,2.43,
the elder scrolls adventures: redguard,The Elder Scrolls Adventures: Redguard,The Elder Scrolls Adventures: Redguard,The Elder Scrolls Adventures: Redguard,the-elder-scrolls-adventures-redguard,1.0,1998.0,1998.0,high,1998-10-31,238.0,17.0,3.17,
return to castle wolfenstein,Return to Castle Wolfenstein,Return to Castle Wolfenstein,Return to Castle Wolfenstein,return-to-castle-wolfenstein,1.0,2001.0,2001.0,high,2001-11-20,2386.0,470.0,4.22,88.0
quake 4,Quake 4,Quake 4,Quake IV,quake-iv,1.0,2005.0,2005.0,high,2005-10-18,1880.0,354.0,3.71,81.0
wolfenstein 3d,Wolfenstein 3D,Wolfenstein 3D,Wolfenstein 3D,wolfenstein-3d,1.0,1992.0,1992.0,high,1992-05-05,1947.0,361.0,4.09,
cooking simulator,Cooking Simulator,Cooking Simulator,Cooking Simulator,cooking-simulator,1.0,2019.0,2019.0,high,2019-06-05,701.0,84.0,3.66,
tom clancy's ghost recon: wildlands,Tom Clancy's Ghost Recon: Wildlands,Tom Clancy's Ghost Recon: Wildlands,Tom Clancy's Ghost Recon Wildlands,tom-clancys-ghost-recon-wildlands-2,1.0,2017.0,2017.0,high,2017-03-06,3834.0,718.0,3.57,72.0
as dusk falls,As Dusk Falls,As Dusk Falls,As Dusk Falls,as-dusk-falls,1.0,2022.0,2022.0,high,2022-07-18,990.0,174.0,4.03,77.0
watch_dogs 2,Watch_Dogs 2,Watch_Dogs 2,Watch Dogs 2,watch_dogs-2,1.0,2016.0,2016.0,high,2016-11-28,7410.0,1781.0,3.84,79.0
far cry 5,Far Cry 5,Far Cry 5,Far Cry 5,far-cry-5,1.0,2018.0,2018.0,high,2018-03-27,8549.0,2196.0,3.72,80.0
house flipper,House Flipper,House Flipper,House Flipper,house-flipper,1.0,2018.0,2018.0,high,2018-05-16,2695.0,353.0,3.84,62.0
shadowrun trilogy,Shadowrun Trilogy,Shadowrun Trilogy,Shadowrun Trilogy,shadowrun-trilogy,1.0,2015.0,2013.0,medium,2013-07-24,29.0,4.0,0.0,
assassin's creed origins,Assassin's Creed Origins,Assassin's Creed Origins,Assassin's Creed Origins,assassins-creed-origins,1.0,2017.0,2017.0,high,2017-10-27,8041.0,2120.0,3.96,81.0
tunic,Tunic,Tunic,Tunic,tunic,1.0,2022.0,2022.0,high,2022-03-16,2617.0,368.0,4.11,86.0
super mega baseball 3,Super Mega Baseball 3,Super Mega Baseball 3,Super Mega Baseball 3,super-mega-baseball-3,1.0,2020.0,2020.0,high,2020-05-13,185.0,7.0,3.43,
contrast,Contrast,Contrast,Contrast,contrast,1.0,2013.0,2013.0,high,2013-11-15,2305.0,309.0,3.36,62.0
peggle nights,Peggle Nights,Peggle Nights,Peggle Nights,peggle-nights,1.0,2008.0,2008.0,high,2008-09-16,723.0,68.0,3.96,76.0
mass effect: legendary edition,Mass Effect: Legendary Edition,Mass Effect,Mass Effect: Legendary Edition,mass-effect-legendary-edition,1.0,2021.0,2021.0,high,2021-05-14,4123.0,583.0,4.57,88.0
broken age,Broken Age,Broken Age,Broken Age,broken-age,1.0,2014.0,2014.0,high,2014-01-28,5148.0,689.0,3.65,81.0
the gunk,The Gunk,The Gunk,The Gunk,the-gunk,1.0,2021.0,2021.0,high,2021-12-16,683.0,75.0,3.61,69.0
halo: infinite,Halo: Infinite,Halo: Infinite,Halo Infinite,halo-infinite,1.0,2021.0,2021.0,high,2021-12-08,7888.0,728.0,3.64,84.0
stardew valley,Stardew Valley,Stardew Valley,Stardew Valley,stardew-valley,1.0,2016.0,2016.0,high,2016-02-25,11098.0,2486.0,4.39,89.0
forza horizon 5,Forza Horizon 5,Forza Horizon 5,Forza Horizon 5,forza-horizon-5,1.0,2021.0,2021.0,high,2021-11-08,4758.0,782.0,4.28,
it takes two,It Takes Two,It Takes Two,It Takes Two,it-takes-two-2,1.0,2021.0,2021.0,high,2021-03-26,5700.0,1762.0,4.46,88.0
age of empires iv: anniversary edition,Age of Empires IV: Anniversary Edition,Age of Empires IV,Age of Empires III: Definitive Edition,age-of-empires-iii-definitive-edition,0.5,2021.0,2020.0,low,2020-10-15,1388.0,107.0,3.75,75.0
crysis: remastered,Crysis: Remastered,Crysis: Remastered,Crysis Remastered,crysis-remastered,1.0,2020.0,2020.0,high,2020-09-18,1201.0,153.0,3.32,63.0
psychonauts 2,Psychonauts 2,Psychonauts 2,Psychonauts 2,psychonauts-2,1.0,2021.0,2021.0,high,2021-08-24,2918.0,398.0,4.36,88.0
quake,Quake,Quake,Quake,quake,1.0,1996.0,1996.0,high,1996-06-22,3322.0,492.0,4.26,94.0
quake ii,Quake II,Quake II,Quake II,quake-2,1.0,1997.0,1997.0,high,1997-12-09,2817.0,412.0,4.17,
quake iii: arena,Quake III: Arena,Quake III: Arena,Quake III Arena,quake-iii-arena-1999,1.0,1999.0,1999.0,high,1999-12-02,2460.0,533.0,4.34,
syndicate (1993),Syndicate (1993),Syndicate (1993),Syndicate (1993),syndicate-1993,1.0,1993.0,1993.0,high,1993-06-06,100.0,30.0,4.0,
dirt rally 2.0,DiRT Rally 2.0,DiRT Rally 2.0,DiRT Rally 2.0,dirt-rally-20,1.0,2019.0,2019.0,high,2019-02-26,3541.0,334.0,3.58,83.0
skate,Skate,Skate,skate.,skate,1.0,2007.0,2010.0,medium,2010-01-20,615.0,81.0,4.17,86.0
crimson skies: high road to revenge,Crimson Skies: High Road to Revenge,Crimson Skies: High Road to Revenge,Crimson Skies: High Road to Revenge,crimson-skies-high-road-to-revenge,1.0,2003.0,2003.0,high,2003-11-11,32.0,6.0,4.0,
blinx: the time sweeper,Blinx: The Time Sweeper,Blinx: The Time Sweeper,Blinx: The Time Sweeper,blinx,1.0,2002.0,2002.0,high,2002-10-07,51.0,10.0,3.6,71.0
gang beasts,Gang Beasts,Gang Beasts,Gang Beasts,gang-beasts,1.0,2014.0,2014.0,high,2014-08-29,2859.0,404.0,3.9,
need for speed: hot pursuit - remastered,Need for Speed: Hot Pursuit - Remastered,Need for Speed: Hot Pursuit - Remastered,Need for Speed: Hot Pursuit Remastered,need-for-speed-hot-pursuit-remastered,1.0,2020.0,2020.0,high,2020-11-06,1302.0,142.0,3.66,75.0
medieval dynasty,Medieval Dynasty,Medieval Dynasty,Medieval Dynasty,medieval-dynasty,1.0,2020.0,2020.0,high,2020-09-16,748.0,63.0,3.48,73.0
arx fatalis,Arx Fatalis,Arx Fatalis,Arx Fatalis,arx-fatalis,1.0,2002.0,2002.0,high,2002-06-28,1830.0,172.0,3.96,77.0
fallout,Fallout,Fallout,Fallout,fallout-a-post-nuclear-role-playing-game,1.0,1997.0,1997.0,high,1997-09-30,8524.0,1235.0,4.21,
fallout 2,Fallout 2,Fallout 2,Fallout 2,fallout-2-a-post-nuclear-role-playing-game,1.0,1998.0,1998.0,high,1998-09-30,5674.0,1163.0,4.34,86.0
for honor: marching fire edition,For Honor: Marching Fire Edition,For Honor: Marching Fire Edition,For Honor - Marching Fire,for-honor-marching-fire,0.9,2017.0,2018.0,high,2018-10-16,3.0,2.0,0.0,
snowrunner,SnowRunner,SnowRunner,SnowRunner,snowrunner,1.0,2020.0,2020.0,high,2020-04-28,1721.0,277.0,3.96,80.0
psychonauts,Psychonauts,Psychonauts,Psychonauts,psychonauts,1.0,2005.0,2005.0,high,2005-04-01,8341.0,986.0,4.05,87.0
zombie army 4: dead war,Zombie Army 4: Dead War,Zombie Army 4: Dead War,Zombie Army 4: Dead War,zombie-army-dead-war-4,1.0,2020.0,2020.0,high,2020-02-04,942.0,113.0,3.37,76.0
genesis noir,Genesis Noir,Genesis Noir,Genesis Noir,genesis-noir,1.0,2021.0,2021.0,high,2021-03-26,1165.0,79.0,3.62,80.0
command & conquer: remastered collection,Command & Conquer: Remastered Collection,Command & Conquer: Remastered Collection,Command & Conquer Remastered Collection,command-conquer-remastered,1.0,2020.0,2020.0,high,2020-06-05,1017.0,88.0,4.19,82.0
dungeon keeper 2,Dungeon Keeper 2,Dungeon Keeper 2,Dungeon Keeper 2,dungeon-keeper-2,1.0,1999.0,1999.0,high,1999-06-30,612.0,160.0,4.38,
jade empire: special edition,Jade Empire: Special Edition,Jade Empire,Jade Empire: Special Edition,jade-empire-special-edition,1.0,2005.0,2007.0,medium,2007-02-26,1208.0,188.0,4.11,81.0
medal of honor: allied assault - war chest,Medal of Honor: Allied Assault - War Chest,Medal of Honor: Allied Assault - War Chest,Medal of Honor: Allied Assault War Chest,medal-of-honor-allied-assault-war-chest,1.0,2002.0,2004.0,medium,2004-03-02,217.0,39.0,4.0,
populous,Populous,Populous,Populous,populous,1.0,1989.0,1989.0,high,1989-06-04,251.0,43.0,3.47,
populous ii: trials of the olympian gods,Populous II: Trials of the Olympian Gods,Populous II: Trials of the Olympian Gods,Populous 2: Trials of the Olympian Gods,populous-2-trials-of-the-olympian-gods,1.0,1991.0,1991.0,high,1991-11-30,133.0,10.0,3.1,
simcity 2000: special edition,SimCity 2000: Special Edition,SimCity 2000,SimCity 2000,simcity-2000,1.0,1995.0,1993.0,medium,1993-01-01,329.0,114.0,4.11,
simcity: complete edition,SimCity: Complete Edition,SimCity,SimCity: Complete Edition,simcity-complete-edition,1.0,2013.0,2015.0,medium,2015-01-22,6.0,0.0,0.0,
spore,SPORE,SPORE,SPORE,spore,1.0,2008.0,2008.0,high,2008-09-04,3631.0,883.0,4.15,84.0
star wars squadrons,Star Wars Squadrons,Star Wars Squadrons,Star Wars: Squadrons,star-wars-squadrons,1.0,2020.0,2020.0,high,2020-10-02,2616.0,275.0,3.16,79.0
the saboteur,The Saboteur,The Saboteur,The Saboteur,the-saboteur,1.0,2009.0,2009.0,high,2009-12-04,1487.0,393.0,3.82,66.0
the sims 3,The Sims 3,The Sims 3,The Sims 3,the-sims-3,1.0,2009.0,2009.0,high,2009-06-02,2683.0,784.0,4.03,86.0
doom 3,DOOM 3,DOOM 3,Doom 3,doom-3,1.0,2004.0,2004.0,high,2004-08-03,3982.0,636.0,3.9,87.0
generation zero,Generation Zero,Generation Zero,Generation Zero (2019),generation-zero-2019,1.0,2019.0,2019.0,high,2019-03-26,1957.0,134.0,2.68,49.0
the elder scrolls iii: morrowind,The Elder Scrolls III: Morrowind,The Elder Scrolls III: Morrowind,The Elder Scrolls III: Morrowind,morrowind,1.0,2002.0,2002.0,high,2002-05-01,5043.0,1050.0,4.37,89.0
wolfenstein: the old blood,Wolfenstein: The Old Blood,Wolfenstein: The Old Blood,Wolfenstein: The Old Blood,wolfenstein-the-old-blood,1.0,2015.0,2015.0,high,2015-05-04,5733.0,1149.0,4.0,76.0
dirt 5,DiRT 5,DiRT 5,DiRT 5,dirt-5,1.0,2020.0,2020.0,high,2020-11-05,2715.0,246.0,3.25,79.0
pillars of eternity ii: deadfire - ultimate edition,Pillars of Eternity II: Deadfire - Ultimate Edition,Pillars of Eternity II: Deadfire,Pillars of Eternity II: Deadfire,pillars-of-eternity-ii-deadfire,1.0,2018.0,2018.0,high,2018-05-07,2069.0,310.0,4.1,82.0
wreckfest,Wreckfest,Wreckfest,Wreckfest,wreckfest,1.0,2018.0,2018.0,high,2018-06-13,2711.0,385.0,3.68,79.0
the elder scrolls v: skyrim special edition,The Elder Scrolls V: Skyrim Special Edition,The Elder Scrolls V: Skyrim,The Elder Scrolls V: Skyrim Special Edition,the-elder-scrolls-v-skyrim-special-edition,1.0,2016.0,2016.0,high,2016-10-27,10095.0,1971.0,4.45,74.0
monster sanctuary,Monster Sanctuary,Monster Sanctuary,Monster Sanctuary,monster-sanctuary,1.0,2019.0,2020.0,high,2020-12-08,1187.0,50.0,3.61,79.0
nhl 94 rewind,NHL 94 Rewind,NHL 94 Rewind,NHL 94 REWIND,nhl-94-rewind,1.0,2020.0,2020.0,high,2020-10-30,145.0,15.0,3.31,
halo 4,Halo 4,Halo 4,Halo 4,halo-4,1.0,2012.0,2012.0,high,2012-11-06,2310.0,574.0,3.83,86.0
a way out,A Way Out,A Way Out,A Way Out,a-way-out-2018,1.0,2018.0,2018.0,high,2018-03-23,5965.0,1635.0,4.13,78.0
alice: madness returns,Alice: Madness Returns,Alice: Madness Returns,Alice: Madness Returns,alice-madness-returns,1.0,2011.0,2011.0,high,2011-06-14,3421.0,577.0,4.02,75.0
army of two,Army of Two,Army of Two,Army of Two,army-of-two,1.0,2008.0,2008.0,high,2008-03-04,644.0,141.0,3.69,73.0
battlefield 1: revolution,Battlefield 1: Revolution,Battlefield 1: Revolution,Battlefield 1 Revolution,battlefield-1-revolution,1.0,2016.0,2017.0,high,2017-08-21,140.0,62.0,3.95,
battlefield 3: premium edition,Battlefield 3: Premium Edition,Battlefield 3,Battlefield 3,battlefield-3,1.0,2011.0,2011.0,high,2011-10-25,5012.0,1376.0,4.08,86.0
battlefield 4: premium edition,Battlefield 4: Premium Edition,Battlefield 4,Battlefield 4,battlefield-4,1.0,2013.0,2013.0,high,2013-10-29,6589.0,1619.0,3.95,81.0
battlefield: hardline - ultimate edition,Battlefield: Hardline - Ultimate Edition,Battlefield: Hardline,Battlefield Hardline,battlefield-hardline,1.0,2015.0,2015.0,high,2015-03-17,3235.0,697.0,3.21,72.0
bejeweled 2,Bejeweled 2,Bejeweled 2,Bejeweled 2,bejeweled-2,1.0,2004.0,2004.0,high,2004-11-05,422.0,57.0,3.4,74.0
bejeweled 3,Bejeweled 3,Bejeweled 3,Bejeweled 3,bejeweled-3,1.0,2010.0,2010.0,high,2010-12-07,1690.0,156.0,3.49,82.0
black,BLACK,BLACK,BLACK,black,1.0,2006.0,2006.0,high,2006-02-24,294.0,116.0,4.09,79.0
crysis,Crysis,Crysis,Crysis,crysis,1.0,2007.0,2007.0,high,2007-11-12,4762.0,1127.0,4.01,91.0
crysis 2: maximum edition,Crysis 2: Maximum Edition,Crysis 2: Maximum Edition,Crysis 2 - Maximum Edition,crysis-2-maximum-edition,1.0,2011.0,2011.0,high,2011-03-22,4904.0,617.0,3.7,
crysis 3,Crysis 3,Crysis 3,Crysis 3,crysis-3,1.0,2013.0,2013.0,high,2013-02-19,2625.0,680.0,3.7,76.0
dante's inferno,Dante's Inferno,Dante's Inferno,Dante's Inferno,dantes-inferno,1.0,2010.0,2010.0,high,2010-02-05,1895.0,418.0,3.94,75.0
dead space,Dead Space,Dead Space,Dead Space (2008),dead-space,1.0,2008.0,2008.0,high,2008-10-13,9575.0,2220.0,4.39,86.0
dead space 2,Dead Space 2,Dead Space 2,Dead Space 2,dead-space-2,1.0,2011.0,2011.0,high,2011-01-25,6805.0,1411.0,4.38,87.0
dead space 3,Dead Space 3,Dead Space 3,Dead Space 3,dead-space-3,1.0,2013.0,2013.0,high,2013-02-05,3250.0,762.0,3.65,77.0
dead space: ignition,Dead Space: Ignition,Dead Space: Ignition,Dead Space Ignition,dead-space-ignition,1.0,2010.0,2010.0,high,2010-10-12,234.0,33.0,2.64,36.0
dragon age ii,Dragon Age II,Dragon Age II,Dragon Age 2,dragon-age-2,1.0,2011.0,2011.0,high,2011-03-08,3028.0,859.0,3.85,81.0
dragon age: inquisition - game of the year edition,Dragon Age: Inquisition - Game of the Year Edition,Dragon Age: Inquisition,Dragon Age: Inquisition,dragon-age-inquisition,1.0,2014.0,2014.0,high,2014-11-18,6421.0,1569.0,3.79,86.0
dragon age: origins - ultimate edition,Dragon Age: Origins - Ultimate Edition,Dragon Age: Origins,Dragon Age: Origins - Ultimate Edition,dragon-age-origins-ultimate-edition,1.0,2009.0,2010.0,high,2010-10-26,2940.0,486.0,4.44,88.0
fe,Fe,Fe,Fe,fe,1.0,2018.0,2018.0,high,2018-02-16,787.0,132.0,3.01,71.0
feeding frenzy,Feeding Frenzy,Feeding Frenzy,Feeding Frenzy,feeding-frenzy,1.0,2006.0,2004.0,medium,2004-02-11,488.0,63.0,3.12,
feeding frenzy 2: shipwreck showdown,Feeding Frenzy 2: Shipwreck Showdown,Feeding Frenzy 2: Shipwreck Showdown,Feeding Frenzy 2: Shipwreck Showdown,feeding-frenzy-2-shipwreck-showdown,1.0,2006.0,2006.0,high,2006-02-06,14.0,1.0,0.0,
fight night: champion,Fight Night: Champion,Fight Night: Champion,Fight Night Champion,fight-night-champion,1.0,2011.0,2010.0,high,2010-04-26,715.0,128.0,4.03,
heavy weapon,Heavy Weapon,Heavy Weapon,Heavy Weapon,heavy-weapon,1.0,2007.0,2008.0,high,2008-01-01,429.0,43.0,2.86,
mass effect 3: n7 digital deluxe edition,Mass Effect 3: N7 Digital Deluxe Edition,Mass Effect 3: N7,Mass Effect 3,mass-effect-3,0.9,2012.0,2012.0,high,2012-03-05,4729.0,1792.0,4.4,90.0
mass effect: andromeda - deluxe edition,Mass Effect: Andromeda - Deluxe Edition,Mass Effect: Andromeda,Mass Effect: Andromeda Deluxe Edition,mass-effect-andromeda-deluxe-edition,1.0,2017.0,2020.0,medium,2020-06-11,1161.0,86.0,3.47,
medal of honor: airborne,Medal of Honor: Airborne,Medal of Honor: Airborne,Medal of Honor: Airborne,medal-of-honor-airborne-2,1.0,2007.0,2007.0,high,2007-09-04,1223.0,289.0,3.7,78.0
mirror's edge,Mirror's Edge,Mirror's Edge,Mirror's Edge,mirrors-edge,1.0,2010.0,2008.0,medium,2008-11-11,10952.0,2385.0,4.07,81.0
mirror's edge: catalyst,Mirror's Edge: Catalyst,Mirror's Edge: Catalyst,Mirror's Edge Catalyst,mirrors-edge-catalyst,1.0,2016.0,2016.0,high,2016-06-07,4028.0,859.0,3.5,72.0
need for speed: deluxe edition,Need for Speed: Deluxe Edition,Need for Speed,Need for Speed,need-for-speed,1.0,2015.0,2015.0,high,2015-11-03,3807.0,826.0,3.38,66.0
need for speed: heat - deluxe edition,Need for Speed: Heat - Deluxe Edition,Need for Speed: Heat,Need for Speed Heat,need-for-speed-heat,1.0,2019.0,2019.0,high,2019-11-08,3918.0,564.0,3.27,73.0
need for speed: payback - deluxe edition,Need for Speed: Payback - Deluxe Edition,Need for Speed: Payback,Need for Speed Payback,need-for-speed-payback,1.0,2017.0,2017.0,high,2017-11-07,3814.0,743.0,3.2,61.0
need for speed: rivals - complete edition,Need for Speed: Rivals - Complete Edition,Need for Speed: Rivals,Need for Speed: Rivals - Complete Edition,need-for-speed-rivals-complete-edition,1.0,2013.0,2014.0,high,2014-10-21,45.0,16.0,3.38,
peggle,Peggle,Peggle,Peggle,peggle,1.0,2007.0,2007.0,high,2007-02-27,954.0,175.0,3.92,88.0
peggle 2,Peggle 2,Peggle 2,Peggle 2,peggle-2,1.0,2013.0,2013.0,high,2013-12-09,1202.0,175.0,3.7,74.0
plants vs. zombies: game of the year edition,Plants vs. Zombies: Game of the Year Edition,Plants vs. Zombies,Plants vs. Zombies,plants-vs-zombies,1.0,2009.0,2009.0,high,2009-05-05,2582.0,857.0,4.27,86.0
plants vs. zombies: battle for neighborville - deluxe edition,Plants vs. Zombies: Battle for Neighborville - Deluxe Edition,Plants vs. Zombies: Battle for Neighborville,Plants vs. Zombies: Battle for Neighborville,plants-vs-zombies-battle-for-neighborville,1.0,2019.0,2019.0,high,2019-10-18,1321.0,137.0,3.1,76.0
plants vs. zombies: garden warfare,Plants vs. Zombies: Garden Warfare,Plants vs. Zombies: Garden Warfare,Plants vs Zombies Garden Warfare,plants-vs-zombies-garden-warfare-3,1.0,2014.0,2014.0,high,2014-02-25,1522.0,198.0,3.44,74.0
plants vs. zombies: garden warfare 2 - deluxe edition,Plants vs. Zombies: Garden Warfare 2 - Deluxe Edition,Plants vs. Zombies: Garden Warfare 2,Plants vs. Zombies Garden Warfare 2: Deluxe Edition,plants-vs-zombies-garden-warfare-2-deluxe-edition,1.0,2016.0,2016.0,high,2016-02-23,158.0,3.0,0.0,
sea of solitude,Sea of Solitude,Sea of Solitude,Sea of Solitude,sea-of-solitude,1.0,2019.0,2019.0,high,2019-07-05,1085.0,152.0,3.26,68.0
skate 3,Skate 3,Skate 3,Skate 3,skate-3,1.0,2010.0,2010.0,high,2010-05-11,1680.0,317.0,4.16,80.0
ssx,SSX,SSX,SSX,ssx,1.0,2012.0,2012.0,high,2012-02-28,1037.0,165.0,3.51,82.0
star wars jedi: fallen order,Star Wars Jedi: Fallen Order,Star Wars Jedi: Fallen Order,Star Wars Jedi: Fallen Order,jedi-the-fallen-order,1.0,2019.0,2019.0,high,2019-11-15,9712.0,2295.0,4.13,80.0
unravel,Unravel,Unravel,Unravel,unravel,1.0,2016.0,2016.0,high,2016-02-09,3879.0,786.0,3.94,78.0
unravel two,Unravel Two,Unravel Two,Unravel Two,unravel-two,1.0,2018.0,2018.0,high,2018-06-09,3336.0,629.0,3.96,79.0
zuma,Zuma,Zuma,Zuma,zuma,1.0,2003.0,2003.0,high,2003-12-03,709.0,151.0,3.89,78.0
zuma's revenge!,Zuma's Revenge!,Zuma's Revenge!,Zuma's Revenge!,zumas-revenge,1.0,2009.0,2009.0,high,2009-09-15,839.0,127.0,3.84,78.0
deep rock galactic,Deep Rock Galactic,Deep Rock Galactic,Deep Rock Galactic,deep-rock-galactic,1.0,2020.0,2020.0,high,2020-05-13,5251.0,690.0,4.1,84.0
day of the tentacle remastered,Day of the Tentacle Remastered,Day of the Tentacle Remastered,Day of the Tentacle Remastered,day-of-the-tentacle-remastered,1.0,2016.0,2016.0,high,2016-03-21,3247.0,379.0,3.67,86.0
full throttle remastered,Full Throttle Remastered,Full Throttle Remastered,Full Throttle Remastered,full-throttle-remastered,1.0,2017.0,2017.0,high,2017-04-17,3035.0,438.0,3.96,77.0
grim fandango remastered,Grim Fandango Remastered,Grim Fandango Remastered,Grim Fandango Remastered,grim-fandango-remastered,1.0,2015.0,2015.0,high,2015-01-26,6431.0,908.0,4.0,84.0
tom clancy's rainbow six: siege - deluxe edition,Tom Clancy's Rainbow Six: Siege - Deluxe Edition,Tom Clancy's Rainbow Six: Siege,Tom Clancy's Rainbow Six Siege,tom-clancys-rainbow-six-siege-2,1.0,2015.0,2015.0,high,2015-12-01,8239.0,1523.0,3.88,75.0
age of empires iii: definitive edition,Age of Empires III: Definitive Edition,Age of Empires III,Age of Empires III: Definitive Edition,age-of-empires-iii-definitive-edition,1.0,2020.0,2020.0,high,2020-10-15,1388.0,107.0,3.75,75.0
brütal legend,Brütal Legend,Brütal Legend,Brutal Legend,brutal-legend,0.923,2009.0,2009.0,high,2009-10-12,8431.0,1097.0,3.65,80.0
doom eternal,DOOM Eternal,DOOM Eternal,DOOM Eternal,doom-eternal,1.0,2020.0,2020.0,high,2020-03-19,8034.0,1433.0,4.37,86.0
halo 3: odst,Halo 3: ODST,Halo 3: ODST,Halo 3: ODST,halo-3-odst,1.0,2009.0,2009.0,high,2009-09-22,1813.0,439.0,4.04,83.0
wasteland 3,Wasteland 3,Wasteland 3,Wasteland 3,wasteland-3,1.0,2020.0,2020.0,high,2020-08-28,2694.0,307.0,4.07,83.0
tell me why,Tell Me Why,Tell Me Why,Tell Me Why,tell-me-why,1.0,2020.0,2020.0,high,2020-08-27,4560.0,300.0,3.19,76.0
new super lucky's tale,New Super Lucky's Tale,New Super Lucky's Tale,New Super Lucky's Tale,new-super-luckys-tale,1.0,2019.0,2019.0,high,2019-11-08,744.0,79.0,3.67,
microsoft flight simulator (2020): game of the year edition,Microsoft Flight Simulator (2020): Game of the Year Edition,Microsoft Flight Simulator (2020),Microsoft Flight Simulator 2020,microsoft-flight-simulator,0.5,2020.0,2020.0,low,2020-08-18,2000.0,271.0,4.13,90.0
trailmakers,Trailmakers,Trailmakers,Trailmakers,trailmakers,1.0,2019.0,2020.0,high,2020-05-21,1256.0,70.0,3.33,
grounded,Grounded,Grounded,Grounded,grounded-2,1.0,2020.0,2022.0,medium,2022-09-27,2027.0,301.0,3.8,82.0
halo 3,Halo 3,Halo 3,Halo 3,halo-3,1.0,2007.0,2007.0,high,2007-09-25,3118.0,782.0,4.37,91.0
fallout 76,Fallout 76,Fallout 76,Fallout 76,fallout-76,1.0,2018.0,2018.0,high,2018-11-14,4042.0,663.0,2.85,51.0
the bard's tale arpg: remastered and resnarkled,The Bard's Tale ARPG: Remastered and Resnarkled,The Bard's Tale ARPG: Remastered and Resnarkled,The Bard's Tale ARPG: Remastered and Resnarkled,the-bards-tale-arpg-remastered-and-resnarkled,1.0,2020.0,2020.0,high,2020-06-17,27.0,0.0,0.0,
battletech,BattleTech,BattleTech,BATTLETECH,battletech,1.0,2018.0,2018.0,high,2018-04-23,1795.0,160.0,3.58,78.0
no man's sky,No Man's Sky,No Man's Sky,No Man's Sky,no-mans-sky,1.0,2016.0,2016.0,high,2016-08-09,8272.0,1591.0,3.71,75.0
minecraft dungeons,Minecraft Dungeons,Minecraft Dungeons,Minecraft: Dungeons,minecraft-dungeons,1.0,2020.0,2020.0,high,2020-05-26,602.0,237.0,3.52,74.0
dayz,DayZ,DayZ,DayZ,dayz,1.0,2013.0,2013.0,high,2013-12-16,3175.0,467.0,3.08,44.0
mechwarrior 5: mercenaries,MechWarrior 5: Mercenaries,MechWarrior 5: Mercenaries,MechWarrior 5: Mercenaries,mechwarrior-5-mercenaries,1.0,2019.0,2019.0,high,2019-12-10,436.0,44.0,3.09,73.0
gears tactics,Gears Tactics,Gears Tactics,Gears Tactics,gears-tactics,1.0,2020.0,2020.0,high,2020-04-28,1682.0,221.0,3.88,81.0
bleeding edge,Bleeding Edge,Bleeding Edge,Bleeding Edge,bleeding-edge,1.0,2020.0,2020.0,high,2020-03-24,537.0,85.0,2.63,64.0
ori and the will of the wisps,Ori and the Will of the Wisps,Ori and the Will of the Wisps,Ori and the Will of the Wisps,ori-and-the-will-of-the-wisps,1.0,2020.0,2020.0,high,2020-03-10,6492.0,1322.0,4.41,91.0
wasteland remastered,Wasteland Remastered,Wasteland Remastered,Wasteland Remastered,wasteland-remastered,1.0,2020.0,2020.0,high,2020-02-24,305.0,18.0,2.67,62.0
wolfenstein: youngblood,Wolfenstein: Youngblood,Wolfenstein: Youngblood,Wolfenstein: Youngblood,wolfenstein-youngblood,1.0,2019.0,2019.0,high,2019-07-26,2445.0,423.0,2.68,66.0
phoenix point,Phoenix Point,Phoenix Point,Phoenix Point,phoenix-point,1.0,2019.0,2019.0,high,2019-12-03,229.0,67.0,3.24,74.0
halo: reach,Halo: Reach,Halo: Reach,Halo: Reach,halo-reach,1.0,2010.0,2010.0,high,2010-09-14,3063.0,781.0,4.29,91.0
age of empires ii: definitive edition,Age of Empires II: Definitive Edition,Age of Empires II,Age of Empires II: Definitive Edition,age-of-empires-2-definitive-edition,1.0,2019.0,2019.0,high,2019-11-14,2295.0,310.0,4.29,85.0
the outer worlds,The Outer Worlds,The Outer Worlds,The Outer Worlds,the-outer-worlds,1.0,2019.0,2019.0,high,2019-10-25,6418.0,1492.0,3.85,80.0
fallout: new vegas - ultimate edition,Fallout: New Vegas - Ultimate Edition,Fallout: New Vegas,Fallout: New Vegas - Ultimate Edition,fallout-new-vegas-ultimate-edition,1.0,2010.0,2012.0,medium,2012-02-07,606.0,300.0,4.48,
dishonored 2,Dishonored 2,Dishonored 2,Dishonored 2,dishonored-2,1.0,2016.0,2016.0,high,2016-11-10,10070.0,2040.0,4.26,86.0
gears 5: game of the year edition,Gears 5: Game of the Year Edition,Gears 5,Gears 5,gears-5,1.0,2019.0,2019.0,high,2019-09-10,4533.0,845.0,3.91,83.0
the bard's tale iv: director's cut,The Bard's Tale IV: Director's Cut,The Bard's Tale IV,The Bard's Tale IV: Director's Cut,the-bards-tale-iv-directors-cut,1.0,2018.0,2019.0,high,2019-08-27,1099.0,49.0,3.14,
age of empires: definitive edition,Age of Empires: Definitive Edition,Age of Empires,Age of Empires: Definitive Edition,age-of-empires-definitive-edition,1.0,2018.0,2018.0,high,2018-02-20,919.0,101.0,4.05,69.0
the bard's tale trilogy,The Bard's Tale Trilogy,The Bard's Tale Trilogy,The Bard's Tale Trilogy,the-bards-tale-trilogy,1.0,2018.0,2018.0,high,2018-08-13,1095.0,39.0,3.36,
killer instinct 2 classic,Killer Instinct 2 Classic,Killer Instinct 2 Classic,Killer Instinct 2 Classic,killer-instinct-2-classic,1.0,2013.0,2014.0,high,2014-09-23,11.0,2.0,0.0,
torment: tides of numenera,Torment: Tides of Numenera,Torment: Tides of Numenera,Torment: Tides of Numenera,torment-tides-of-numenera,1.0,2017.0,2017.0,high,2017-02-27,1594.0,206.0,3.59,81.0
perfect dark,Perfect Dark,Perfect Dark,Perfect Dark,perfect-dark,1.0,2000.0,2000.0,high,2000-05-22,1045.0,175.0,3.98,97.0
rare replay,Rare Replay,Rare Replay,Rare Replay,rare-replay,1.0,2015.0,2015.0,high,2015-08-04,1212.0,174.0,3.71,
astroneer,ASTRONEER,ASTRONEER,Astroneer,astroneer,1.0,2016.0,2019.0,medium,2019-02-06,3016.0,513.0,3.77,73.0
halo: spartan strike,Halo: Spartan Strike,Halo: Spartan Strike,Halo: Spartan Strike,halo-spartan-strike,1.0,2015.0,2015.0,high,2015-04-16,870.0,75.0,3.28,
dead by daylight: special edition,Dead by Daylight: Special Edition,Dead by Daylight,Dead by Daylight,dead-by-daylight,1.0,2016.0,2016.0,high,2016-06-14,6044.0,995.0,3.5,72.0
descenders,Descenders,Descenders,Descenders,descenders,1.0,2018.0,2019.0,high,2019-05-07,1594.0,129.0,3.42,76.0
wolfenstein ii: the new colossus,Wolfenstein II: The New Colossus,Wolfenstein II: The New Colossus,Wolfenstein II: The New Colossus,wolfenstein-2-the-new-colossus,1.0,2017.0,2017.0,high,2017-10-25,7324.0,1779.0,4.09,86.0
the walking dead: a new frontier,The Walking Dead: A New Frontier,The Walking Dead: A New Frontier,The Walking Dead: A New Frontier,the-walking-dead-a-new-frontier,1.0,2016.0,2016.0,high,2016-12-19,2370.0,637.0,3.63,71.0
minecraft,Minecraft,Minecraft,Minecraft,minecraft,1.0,2011.0,2009.0,medium,2009-05-10,9073.0,3172.0,4.44,83.0
fallout 4,Fallout 4,Fallout 4,Fallout 4,fallout-4,1.0,2015.0,2015.0,high,2015-11-09,14352.0,3448.0,3.81,84.0
the walking dead: michonne,The Walking Dead: Michonne,The Walking Dead: Michonne,The Walking Dead: Michonne,the-walking-dead-michonne,1.0,2016.0,2016.0,high,2016-02-22,2183.0,458.0,3.35,66.0
crackdown 3,Crackdown 3,Crackdown 3,Crackdown 3,crackdown-3,1.0,2019.0,2019.0,high,2019-02-15,1175.0,270.0,2.87,57.0
the walking dead: season two,The Walking Dead: Season Two,The Walking Dead: Season Two,The Walking Dead: Season 2,the-walking-dead-season-2,0.5,2013.0,2013.0,low,2013-12-16,6307.0,1480.0,4.06,80.0
ori and the blind forest: definitive edition,Ori and the Blind Forest: Definitive Edition,Ori and the Blind Forest,Ori and the Blind Forest: Definitive Edition,ori-and-the-blind-forest-definitive-edition,1.0,2015.0,2016.0,high,2016-04-27,7679.0,1729.0,4.42,88.0
hellblade: senua's sacrifice,Hellblade: Senua's Sacrifice,Hellblade: Senua's Sacrifice,Hellblade: Senua's Sacrifice,hellblade-senuas-sacrifice,1.0,2017.0,2017.0,high,2017-08-07,9956.0,2317.0,4.22,83.0
halo: the master chief collection,Halo: The Master Chief Collection,Halo: The Master Chief Collection,Halo: The Master Chief Collection,halo-the-master-chief-collection,1.0,2014.0,2014.0,high,2014-11-11,6947.0,1093.0,4.25,85.0
quantum break,Quantum Break,Quantum Break,Quantum Break,quantum-break,1.0,2016.0,2016.0,high,2016-04-05,6842.0,1354.0,3.91,66.0
doom (2016),DOOM (2016),DOOM (2016),DOOM (2016),doom,1.0,2016.0,2016.0,high,2016-05-12,14082.0,3643.0,4.38,85.0
rage,RAGE,RAGE,Rage,rage,1.0,2011.0,2011.0,high,2011-10-03,4651.0,836.0,3.42,79.0
ryse: son of rome,Ryse: Son of Rome,Ryse: Son of Rome,Ryse: Son of Rome,ryse-son-of-rome,1.0,2013.0,2013.0,high,2013-11-22,5715.0,981.0,3.59,61.0
human: fall flat,Human: Fall Flat,Human: Fall Flat,Human: Fall Flat,human-fall-flat,1.0,2016.0,2016.0,high,2016-07-22,5929.0,1038.0,3.83,70.0
the elder scrolls iv: oblivion,The Elder Scrolls IV: Oblivion,The Elder Scrolls IV: Oblivion,The Elder Scrolls IV: Oblivion,the-elder-scrolls-iv-oblivion,1.0,2006.0,2006.0,high,2006-03-20,3334.0,965.0,4.34,94.0
wasteland 2: director's cut,Wasteland 2: Director's Cut,Wasteland 2,Wasteland 2: Director's Cut,wasteland-2-directors-cut,1.0,2014.0,2015.0,high,2015-10-13,2842.0,330.0,3.64,87.0
state of decay 2: juggernaut edition,State of Decay 2: Juggernaut Edition,State of Decay 2: Juggernaut Edition,State of Decay 2: Juggernaut Edition,state-of-decay-2-juggernaut-edition,1.0,2018.0,2020.0,medium,2020-03-13,243.0,93.0,3.48,68.0
sea of thieves,Sea of Thieves,Sea of Thieves,Sea of Thieves,sea-of-thieves,1.0,2018.0,2018.0,high,2018-03-20,5627.0,1061.0,3.69,68.0
super lucky's tale,Super Lucky's Tale,Super Lucky's Tale,Super Lucky's Tale,super-luckys-tale,1.0,2017.0,2017.0,high,2017-11-07,1103.0,204.0,3.4,
fable anniversary,Fable Anniversary,Fable Anniversary,Fable Anniversary,fable-anniversary,1.0,2014.0,2014.0,high,2014-02-04,4031.0,600.0,4.07,68.0
halo wars 2,Halo Wars 2,Halo Wars 2,Halo Wars 2,halo-wars-2,1.0,2017.0,2017.0,high,2017-02-21,853.0,171.0,3.84,79.0
zoo tycoon: ultimate animal collection,Zoo Tycoon: Ultimate Animal Collection,Zoo Tycoon: Ultimate Animal Collection,Zoo Tycoon: Ultimate Animal Collection,zoo-tycoon-ultimate-animal-collection,1.0,2017.0,2018.0,high,2018-09-14,513.0,82.0,3.14,
gears of war 4,Gears of War 4,Gears of War 4,Gears of War 4,gears-of-war-4,1.0,2016.0,2016.0,high,2016-10-11,2629.0,685.0,3.91,85.0
mass effect,Mass Effect,Mass Effect,Mass Effect,mass-effect,1.0,2007.0,2007.0,high,2007-11-16,9042.0,2715.0,4.39,89.0
fable ii,Fable II,Fable II,Fable II,fable-ii,1.0,2008.0,2008.0,high,2008-10-21,2477.0,519.0,4.13,89.0
recore: definitive edition,ReCore: Definitive Edition,ReCore,ReCore: Definitive Edition,recore-definitive-edition-2,1.0,2016.0,2017.0,high,2017-08-29,1590.0,122.0,3.26,
banjo-kazooie,Banjo-Kazooie,Banjo-Kazooie,Banjo-Kazooie,banjo-kazooie,1.0,1998.0,1998.0,high,1998-05-31,1574.0,322.0,4.25,92.0
banjo-tooie,Banjo-Tooie,Banjo-Tooie,Banjo-Tooie,banjo-tooie,1.0,2000.0,2000.0,high,2000-11-20,670.0,123.0,4.04,90.0
fable iii,Fable III,Fable III,Fable III,fable-3,1.0,2010.0,2010.0,high,2010-10-25,3326.0,711.0,3.73,78.0
fuzion frenzy,Fuzion Frenzy,Fuzion Frenzy,Fuzion Frenzy,fuzion-frenzy,1.0,2001.0,2001.0,high,2001-09-23,35.0,10.0,3.9,70.0
gears of war,Gears of War,Gears of War,Gears of War,gears-of-war,1.0,2006.0,2006.0,high,2006-11-08,3342.0,835.0,4.11,90.0
gears of war 2,Gears of War 2,Gears of War 2,Gears of War 2,gears-of-war-2,1.0,2008.0,2008.0,high,2008-11-07,3009.0,720.0,4.29,93.0
gears of war 3,Gears of War 3,Gears of War 3,Gears of War 3,gears-of-war-3,1.0,2011.0,2011.0,high,2011-09-20,2641.0,602.0,4.2,91.0
gears of war: judgment,Gears of War: Judgment,Gears of War: Judgment,Gears of War: Judgment,gears-of-war-judgment,1.0,2013.0,2013.0,high,2013-03-19,1494.0,333.0,3.57,79.0
halo 5: guardians,Halo 5: Guardians,Halo 5: Guardians,Halo 5: Guardians,halo-5-guardians,1.0,2015.0,2015.0,high,2015-10-27,2437.0,543.0,3.73,84.0
halo: spartan assault,Halo: Spartan Assault,Halo: Spartan Assault,Halo: Spartan Assault,halo-spartan-assault,1.0,2013.0,2013.0,high,2013-07-18,1984.0,216.0,3.11,70.0
jetpac refuelled,Jetpac Refuelled,Jetpac Refuelled,Jetpac Refuelled,jetpac-refuelled,1.0,2007.0,2010.0,medium,2010-01-04,506.0,43.0,2.6,
joy ride turbo,Joy Ride Turbo,Joy Ride Turbo,Joy Ride Turbo,joy-ride-turbo,1.0,2012.0,2012.0,high,2012-05-23,408.0,33.0,2.82,
max: the curse of brotherhood,Max: The Curse of Brotherhood,Max: The Curse of Brotherhood,Max: The Curse of Brotherhood,max-the-curse-of-brotherhood,1.0,2013.0,2013.0,high,2013-12-20,1103.0,160.0,3.49,
screamride,ScreamRide,ScreamRide,ScreamRide,screamride,1.0,2015.0,2015.0,high,2015-02-16,352.0,40.0,2.73,
sunset overdrive,Sunset Overdrive,Sunset Overdrive,Sunset Overdrive,sunset-overdrive,1.0,2014.0,2014.0,high,2014-10-28,4463.0,725.0,3.9,82.0
terraria,Terraria,Terraria,Terraria,terraria,1.0,2011.0,2011.0,high,2011-05-16,13563.0,2482.0,4.08,81.0
viva piñata,Viva Piñata,Viva Piñata,Viva Piñata,viva-pinata,1.0,2006.0,2007.0,high,2007-10-30,1169.0,164.0,3.58,81.0
little rocket lab,Little Rocket Lab,Little Rocket Lab,Little Rocket Lab,little-rocket-lab,1.0,2025.0,2025.0,high,2025-10-07,6.0,1.0,0.0,
sopa: tale of the stolen potato,Sopa: Tale of the Stolen Potato,Sopa: Tale of the Stolen Potato,SOPA - Tale of the Stolen Potato,sopa-tale-of-the-stolen-potato,1.0,2025.0,2025.0,high,2025-10-06,6.0,0.0,0.0,
sworn,SWORN,SWORN,SWORN,sworn,1.0,2025.0,2025.0,high,2025-02-06,23.0,1.0,0.0,
little nightmares ii,Little Nightmares II,Little Nightmares II,Little Nightmares II,little-nightmares-ii,1.0,2021.0,2021.0,high,2021-02-10,2711.0,566.0,4.37,82.0
atomfall,Atomfall,Atomfall,Atomfall,atomfall,1.0,2025.0,2025.0,high,2025-03-27,210.0,29.0,3.62,
cyberpunk 2077,Cyberpunk 2077,Cyberpunk 2077,Cyberpunk 2077,cyberpunk-2077,1.0,2020.0,2020.0,high,2020-12-10,14077.0,3061.0,4.23,73.0
deep rock galactic: survivor,Deep Rock Galactic: Survivor,Deep Rock Galactic: Survivor,Deep Rock Galactic: Survivor,deep-rock-galactic-survivor,1.0,2025.0,2024.0,high,2024-02-14,351.0,62.0,3.98,
commandos: origins,Commandos: Origins,Commandos: Origins,Commandos: Origins,commandos-origins,1.0,2025.0,2025.0,high,2025-04-09,37.0,6.0,4.0,
mullet madjack,Mullet Madjack,Mullet Madjack,Mullet MadJack,mullet-madjack,1.0,2024.0,2024.0,high,2024-05-14,124.0,27.0,3.93,
frostpunk 2,Frostpunk 2,Frostpunk 2,Frostpunk 2,frostpunk-2,1.0,2024.0,2024.0,high,2024-09-20,429.0,78.0,4.08,
train sim world 5,Train Sim World 5,Train Sim World 5,Train Sim World 5,train-sim-world-5,1.0,2023.0,2024.0,high,2024-09-17,80.0,3.0,0.0,
cricket 24,Cricket 24,Cricket 24,Cricket 24,cricket-24,1.0,2023.0,2023.0,high,2023-10-04,8.0,3.0,0.0,
spiritfarer,Spiritfarer,Spiritfarer,Spiritfarer,spiritfire,1.0,2020.0,2020.0,high,2020-08-18,2784.0,382.0,4.12,84.0
superliminal,Superliminal,Superliminal,Superliminal,superliminal,1.0,2019.0,2019.0,high,2019-11-12,2821.0,515.0,4.16,77.0
dead cells,Dead Cells,Dead Cells,Dead Cells,dead-cells,1.0,2017.0,2018.0,high,2018-08-07,7334.0,1754.0,4.23,88.0
nba 2k26,NBA 2K26,NBA 2K26,NBA 2K26,nba-2k26,1.0,2025.0,2025.0,high,2025-09-04,5.0,0.0,0.0,
the witcher 3: wild hunt - complete edition,The Witcher 3: Wild Hunt - Complete Edition,The Witcher 3: Wild Hunt,The Witcher 3 Wild Hunt - Complete Edition,the-witcher-3-game-of-the-year,1.0,2016.0,2016.0,high,2016-08-30,1511.0,802.0,4.8,92.0
i am your beast,I Am Your Beast,I Am Your Beast,I Am Your Beast,i-am-your-beast,1.0,2024.0,2024.0,high,2024-09-10,75.0,18.0,4.28,
one lonely outpost,One Lonely Outpost,One Lonely Outpost,One Lonely Outpost,one-lonely-outpost,1.0,2023.0,2023.0,high,2023-06-26,56.0,2.0,0.0,
another crab's treasure,Another Crab's Treasure,Another Crab's Treasure,Another Crab's Treasure,another-crabs-treasure,1.0,2024.0,2024.0,high,2024-04-25,210.0,29.0,3.9,
aliens: fireteam elite,Aliens: Fireteam Elite,Aliens: Fireteam Elite,Aliens: Fireteam Elite,aliens-fireteam,1.0,2022.0,2021.0,high,2021-08-23,1125.0,104.0,2.89,69.0
firewatch,Firewatch,Firewatch,Firewatch,firewatch,1.0,2016.0,2016.0,high,2016-02-08,8299.0,2510.0,4.3,81.0
whiskerwood,Whiskerwood,Whiskerwood,Whiskerwood,whiskerwood,1.0,2025.0,2025.0,high,2025-11-05,16.0,2.0,0.0,
rain world,Rain World,Rain World,Rain World,rain-world,1.0,2017.0,2017.0,high,2017-03-27,1618.0,135.0,3.86,66.0
back to the dawn,Back to the Dawn,Back to the Dawn,Back to the Dawn,back-to-the-dawn,1.0,2025.0,2025.0,high,2025-07-18,58.0,8.0,3.33,
my friendly neighborhood,My Friendly Neighborhood,My Friendly Neighborhood,My Friendly Neighborhood,my-friendly-neighborhood-basement-demo,1.0,2023.0,2023.0,high,2023-07-18,46.0,14.0,3.94,
sniper elite: resistance,Sniper Elite: Resistance,Sniper Elite: Resistance,Sniper Elite: Resistance,sniper-elite-resistance,1.0,2025.0,2025.0,high,2025-01-30,90.0,16.0,3.06,
mount & blade ii: bannerlord,Mount & Blade II: Bannerlord,Mount & Blade II: Bannerlord,Mount & Blade II: Bannerlord,mount-blade-ii-bannerlord,1.0,2020.0,2022.0,medium,2022-10-25,1953.0,307.0,4.21,78.0
crusader kings iii,Crusader Kings III,Crusader Kings III,Crusader Kings III,crusader-kings-iii,1.0,2020.0,2020.0,high,2020-09-01,2863.0,471.0,4.32,86.0
minami lane,Minami Lane,Minami Lane,Minami Lane,minami-lane,1.0,2024.0,2024.0,high,2024-02-28,56.0,8.0,3.5,
dungeons of hinterberg,Dungeons Of Hinterberg,Dungeons Of Hinterberg,Dungeons of Hinterberg,dungeons-of-hinterberg,1.0,2024.0,2024.0,high,2024-07-18,121.0,11.0,3.91,
ea sports fc 24,EA Sports FC 24,EA Sports FC 24,EA SPORTS FC 24,ea-sports-fc-24,1.0,2023.0,2023.0,high,2023-09-22,246.0,73.0,3.47,
techtonica (game preview),Techtonica (Game Preview),Techtonica,Techtonica,techtonica,1.0,2023.0,2023.0,high,2023-07-18,60.0,9.0,3.67,
powerwash simulator,PowerWash Simulator,PowerWash Simulator,PowerWash Simulator,powerwash-simulator,1.0,2021.0,2022.0,high,2022-07-14,1552.0,158.0,3.96,
stellaris,Stellaris,Stellaris,Stellaris,stellaris,1.0,2016.0,2016.0,high,2016-05-08,5185.0,694.0,4.11,78.0
ultimate chicken horse,Ultimate Chicken Horse,Ultimate Chicken Horse,Ultimate Chicken Horse,ultimate-chicken-horse,1.0,2018.0,2016.0,medium,2016-03-04,1730.0,231.0,4.08,
rise of the tomb raider,Rise of the Tomb Raider,Rise of the Tomb Raider,Rise of the Tomb Raider,rise-of-the-tomb-raider,1.0,2015.0,2015.0,high,2015-11-10,12456.0,2822.0,4.04,86.0
volcano princess,Volcano Princess,Volcano Princess,Volcano Princess,volcano-princess,1.0,2023.0,2023.0,high,2023-04-20,79.0,19.0,4.05,
tomb raider: definitive edition,Tomb Raider: Definitive Edition,Tomb Raider,Tomb Raider: Definitive Edition,tomb-raider-goty,1.0,2013.0,2014.0,high,2014-01-31,3016.0,362.0,4.1,86.0
unpacking,Unpacking,Unpacking,Unpacking,unpacking-2,1.0,2021.0,2021.0,high,2021-11-02,2319.0,487.0,4.04,84.0
slay the spire,Slay the Spire,Slay the Spire,Slay the Spire,slay-the-spire,1.0,2017.0,2019.0,medium,2019-01-22,5296.0,1096.0,4.35,86.0
teenage mutant ninja turtles: shredder's revenge,Teenage Mutant Ninja Turtles: Shredder's Revenge,Teenage Mutant Ninja Turtles: Shredder's Revenge,Teenage Mutant Ninja Turtles: Shredder's Revenge,teenage-mutant-ninja-turtles-shredders-revenge,1.0,2022.0,2022.0,high,2022-06-16,2718.0,442.0,4.08,86.0
lost in random,Lost In Random,Lost In Random,Lost in Random,lost-in-random,1.0,2021.0,2021.0,high,2021-09-10,831.0,67.0,3.61,78.0
persona 4: golden,Persona 4: Golden,Persona 4: Golden,Persona 4 Golden,persona-4-golden,1.0,2012.0,2012.0,high,2012-11-20,3409.0,611.0,4.45,89.0
crypt custodian,Crypt Custodian,Crypt Custodian,Crypt Custodian,crypt-custodian,1.0,2024.0,2024.0,high,2024-08-27,95.0,23.0,4.04,
spray paint simulator,Spray Paint Simulator,Spray Paint Simulator,Spray Paint Simulator,spray-paint-simulator,1.0,2025.0,2025.0,high,2025-05-29,7.0,1.0,0.0,
metaphor: refantazio,Metaphor: ReFantazio,Metaphor: ReFantazio,Metaphor: ReFantazio,metaphor-refantazio,1.0,2024.0,2024.0,high,2024-10-11,468.0,77.0,4.26,
against the storm,Against the Storm,Against the Storm,Against the Storm,against-the-storm,1.0,2021.0,2023.0,medium,2023-12-08,553.0,79.0,4.27,
paw patrol rescue wheels: championship,PAW Patrol Rescue Wheels: Championship,PAW Patrol Rescue Wheels: Championship,PAW Patrol Rescue Wheels: Championship,paw-patrol-rescue-wheels-championship,1.0,2025.0,2025.0,high,2025-10-31,2.0,0.0,0.0,
galacticare,Galacticare,Galacticare,Galacticare,galacticare,1.0,2024.0,2024.0,high,2024-05-23,16.0,4.0,0.0,
go mecha ball,Go Mecha Ball,Go Mecha Ball,Go Mecha Ball,go-mecha-ball,1.0,2024.0,2024.0,high,2024-01-25,32.0,4.0,0.0,
planet of lana,Planet of Lana,Planet of Lana,Planet of Lana,planet-of-lana,1.0,2023.0,2023.0,high,2023-05-23,831.0,139.0,4.02,
revenge of the savage planet,Revenge of the Savage Planet,Revenge of the Savage Planet,Revenge of the Savage Planet,revenge-of-the-savage-planet,1.0,2025.0,2025.0,high,2025-05-07,60.0,13.0,3.62,
dragon ball xenoverse 2,Dragon Ball Xenoverse 2,Dragon Ball Xenoverse 2,Dragon Ball Xenoverse 2,dragon-ball-xenoverse-2,1.0,2016.0,2016.0,high,2016-10-25,1328.0,192.0,3.62,74.0
goat simulator: remastered,Goat Simulator: Remastered,Goat Simulator: Remastered,Goat Simulator: Remastered,goat-simulator-remastered,1.0,2024.0,2024.0,high,2024-11-07,7.0,0.0,0.0,
creatures of ava,Creatures of Ava,Creatures of Ava,Creatures of Ava,creatures-of-ava,1.0,2024.0,2024.0,high,2024-08-07,35.0,6.0,3.67,
my little pony: a zephyr heights mystery,My Little Pony: A Zephyr Heights Mystery,My Little Pony: A Zephyr Heights Mystery,My Little Pony: A Zephyr Heights Mystery,my-little-pony-a-zephyr-heights-mystery,1.0,2024.0,2024.0,high,2024-05-17,9.0,0.0,0.0,
grand theft auto v,Grand Theft Auto V,Grand Theft Auto V,Grand Theft Auto V,grand-theft-auto-v,1.0,2013.0,2013.0,high,2013-09-17,22730.0,7443.0,4.47,92.0
ashen,Ashen,Ashen,Ashen,ashen,1.0,2018.0,2018.0,high,2018-12-07,1030.0,219.0,3.53,77.0
eiyuden chronicle: hundred heroes,Eiyuden Chronicle: Hundred Heroes,Eiyuden Chronicle: Hundred Heroes,Eiyuden Chronicle: Hundred Heroes,eiyuden-chronicle-hundred-heroes,1.0,2024.0,2024.0,high,2024-04-23,183.0,18.0,3.37,
terra invicta (game preview),Terra Invicta (Game Preview),Terra Invicta,Terra Invicta,terra-invicta,1.0,2023.0,2022.0,high,2022-09-26,75.0,2.0,0.0,
peppa pig: world adventures,Peppa Pig: World Adventures,Peppa Pig: World Adventures,Peppa Pig: World Adventures,peppa-pig-world-adventures,1.0,2023.0,2023.0,high,2023-03-17,13.0,2.0,0.0,
mad streets,Mad Streets,Mad Streets,Mad Streets,mad-streets,1.0,2021.0,2021.0,high,2021-08-27,39.0,4.0,0.0,
bratz: rhythm & style,Bratz: Rhythm & Style,Bratz: Rhythm & Style,Bratz Rhythm & Style,bratz-rhythm-style,1.0,2025.0,2025.0,high,2025-09-12,4.0,0.0,0.0,
mythwrecked: ambrosia island,Mythwrecked: Ambrosia Island,Mythwrecked: Ambrosia Island,Mythwrecked: Ambrosia Island,mythwrecked-ambrosia-island,1.0,2024.0,2024.0,high,2024-12-05,11.0,4.0,0.0,
lightyear frontier (game preview),Lightyear Frontier (Game Preview),Lightyear Frontier,Lightyear Frontier,lightyear-frontier,1.0,2024.0,2024.0,high,2024-03-19,78.0,10.0,3.1,
f1 23,F1 23,F1 23,F1 23,f1-23,1.0,2023.0,2023.0,high,2023-06-15,110.0,24.0,3.46,
monster train,Monster Train,Monster Train,Monster Train,monster-train,1.0,2020.0,2020.0,high,2020-05-20,1815.0,127.0,4.09,86.0
expeditions: a mudrunner game,Expeditions: A MudRunner Game,Expeditions: A MudRunner Game,Expeditions: A MudRunner Game,expeditions-a-mudrunner-game,1.0,2024.0,2024.0,high,2024-03-05,111.0,20.0,3.38,
injustice 2,Injustice 2,Injustice 2,Injustice 2,injustice-2,1.0,2017.0,2017.0,high,2017-05-09,4639.0,958.0,3.92,88.0
middle-earth: shadow of war,Middle-earth: Shadow of War,Middle-earth: Shadow of War,Middle-earth: Shadow of War,middle-earth-shadow-of-war,1.0,2017.0,2017.0,high,2017-09-27,8791.0,1392.0,3.86,82.0
madden nfl 24,Madden NFL 24,Madden NFL 24,Madden NFL 24,madden-nfl-24,1.0,2023.0,2023.0,high,2023-08-17,21.0,0.0,0.0,
paw patrol world,PAW Patrol World,PAW Patrol World,PAW Patrol World,paw-patrol-world,1.0,2023.0,2023.0,high,2023-09-29,9.0,2.0,0.0,
citizen sleeper 2: starward vector,Citizen Sleeper 2: Starward Vector,Citizen Sleeper 2: Starward Vector,Citizen Sleeper 2: Starward Vector,citizen-sleeper-2-starward-vector,1.0,2025.0,2025.0,high,2025-01-31,58.0,9.0,3.67,
shady part of me,Shady Part of Me,Shady Part of Me,Shady Part of Me,shady-part-of-me,1.0,2020.0,2020.0,high,2020-12-11,461.0,35.0,4.14,77.0
orcs must die! deathtrap,Orcs Must Die! Deathtrap,Orcs Must Die! Deathtrap,Orcs Must Die! Deathtrap,orcs-must-die-deathtrap,1.0,2025.0,2025.0,high,2025-01-28,14.0,2.0,0.0,
starbound,Starbound,Starbound,Starbound,starbound,1.0,2016.0,2016.0,high,2016-07-22,5485.0,851.0,3.82,81.0
the grinch: christmas adventures,The Grinch: Christmas Adventures,The Grinch: Christmas Adventures,The Grinch: Christmas Adventures,the-grinch-christmas-adventures,1.0,2023.0,2023.0,high,2023-10-13,11.0,2.0,0.0,
the ascent,The Ascent,The Ascent,The Ascent,the-ascent-2,1.0,2021.0,2021.0,high,2021-07-29,2975.0,326.0,3.33,73.0
road 96,Road 96,Road 96,Road 96,road-96,1.0,2021.0,2021.0,high,2021-08-16,1534.0,268.0,3.96,78.0
flintlock: the siege of dawn,Flintlock: The Siege of Dawn,Flintlock: The Siege of Dawn,Flintlock: The Siege of Dawn,flintlock-the-siege-of-dawn,1.0,2024.0,2024.0,high,2024-07-17,171.0,33.0,2.86,
neon white,Neon White,Neon White,Neon White,neon-white,1.0,2022.0,2022.0,high,2022-06-16,1403.0,245.0,4.33,88.0
carrion,Carrion,Carrion,Carrion,carrion,1.0,2020.0,2020.0,high,2020-07-23,2160.0,453.0,3.86,76.0
wildfrost,Wildfrost,Wildfrost,Wildfrost,wildfrost,1.0,2023.0,2023.0,high,2023-04-12,82.0,17.0,4.06,
still wakes the deep,Still Wakes the Deep,Still Wakes the Deep,Still Wakes the Deep,still-wakes-the-deep,1.0,2024.0,2024.0,high,2024-06-18,310.0,106.0,3.89,
mortal kombat 11,Mortal Kombat 11,Mortal Kombat 11,Mortal Kombat 11,mortal-kombat-11,1.0,2019.0,2019.0,high,2019-04-22,5755.0,1146.0,3.97,82.0
barbie project friendship,Barbie Project Friendship,Barbie Project Friendship,Barbie Project Friendship,barbie-project-friendship,1.0,2024.0,2024.0,high,2024-10-25,4.0,1.0,0.0,
octopath traveler,Octopath Traveler,Octopath Traveler,Octopath Traveler,project-octopath-traveler,1.0,2018.0,2018.0,high,2018-07-13,1678.0,318.0,3.93,82.0
octopath traveler ii,Octopath Traveler II,Octopath Traveler II,Octopath Traveler 2,octopath-traveller-2,1.0,2023.0,2023.0,high,2023-02-24,312.0,29.0,4.29,
lords of the fallen,Lords of the Fallen,Lords of the Fallen,Lords of the Fallen,lords-of-the-fallen-2,1.0,2023.0,2023.0,high,2023-10-13,421.0,84.0,3.31,
steamworld build,SteamWorld Build,SteamWorld Build,SteamWorld Build,steamworld-build,1.0,2023.0,2023.0,high,2023-12-01,112.0,26.0,3.65,
blacksmith master,Blacksmith Master,Blacksmith Master,Blacksmith Master,blacksmith-master,1.0,2025.0,2025.0,high,2025-05-15,10.0,2.0,0.0,
s.t.a.l.k.e.r. 2: heart of chornobyl,S.T.A.L.K.E.R. 2: Heart of Chornobyl,S.T.A.L.K.E.R. 2: Heart of Chornobyl,S.T.A.L.K.E.R. 2: Heart of Chornobyl,stalker-2,1.0,2024.0,2024.0,high,2024-11-20,2215.0,327.0,3.77,
spirittea,Spirittea,Spirittea,Spirittea,spirittea,1.0,2023.0,2023.0,high,2023-11-13,31.0,0.0,0.0,
jusant,Jusant,Jusant,Jusant,jusant,1.0,2023.0,2023.0,high,2023-10-30,583.0,139.0,3.99,
return to monkey island,Return to Monkey Island,Return to Monkey Island,Return to Monkey Island,return-to-monkey-island,1.0,2022.0,2022.0,high,2022-09-19,644.0,69.0,4.04,
nba live 19,NBA LIVE 19,NBA LIVE 19,NBA LIVE 19,nba-2k19,1.0,2018.0,2018.0,high,2018-09-07,384.0,64.0,2.72,74.0
teenage mutant ninja turtles: mutants unleashed,Teenage Mutant Ninja Turtles: Mutants Unleashed,Teenage Mutant Ninja Turtles: Mutants Unleashed,Teenage Mutant Ninja Turtles: Mutants Unleashed,teenage-mutant-ninja-turtles-mutants-unleashed,1.0,2024.0,2024.0,high,2024-10-18,13.0,2.0,0.0,
core keeper,Core Keeper,Core Keeper,Core Keeper,core-keeper,1.0,2024.0,2024.0,high,2024-08-26,945.0,87.0,3.94,
cocoon,Cocoon,Cocoon,Cocoon,cocoon-2,1.0,2023.0,2023.0,high,2023-09-29,719.0,201.0,4.37,
ninja gaiden: master collection,NINJA GAIDEN: Master Collection,NINJA GAIDEN: Master Collection,NINJA GAIDEN: Master Collection,ninja-gaiden-master-collection,1.0,2021.0,2021.0,high,2021-06-10,146.0,12.0,4.17,72.0
all you need is help,All You Need Is Help,All You Need Is Help,All You Need is Help,all-you-need-is-help,1.0,2024.0,2024.0,high,2024-09-26,4.0,0.0,0.0,
we love katamari reroll + royal reverie,We Love Katamari Reroll + Royal Reverie,We Love Katamari Reroll + Royal Reverie,We Love Katamari REROLL+ Royal Reverie,we-love-katamari-reroll-royal-reverie,1.0,2023.0,2023.0,high,2023-06-01,100.0,16.0,3.56,
wargroove 2,Wargroove 2,Wargroove 2,Wargroove 2,wargroove-2,1.0,2023.0,2023.0,high,2023-10-05,22.0,4.0,0.0,
sea of stars,Sea of Stars,Sea of Stars,Sea of Stars,sea-of-stars-2,1.0,2023.0,2023.0,high,2023-08-28,849.0,133.0,4.26,90.0
paw patrol mighty pups: save adventure bay,PAW Patrol Mighty Pups: Save Adventure Bay,PAW Patrol Mighty Pups: Save Adventure Bay,Paw Patrol Mighty Pups Save Adventure Bay,paw-patrol-mighty-pups-save-adventure-bay,1.0,2020.0,2020.0,high,2020-11-06,283.0,18.0,3.22,
persona 3: reload,Persona 3: Reload,Persona 3: Reload,Persona 3 Reload,persona-3-reload,1.0,2024.0,2024.0,high,2024-02-01,566.0,110.0,4.37,
anthem,Anthem,Anthem,Anthem,anthem,1.0,2019.0,2019.0,high,2019-02-22,2226.0,518.0,2.7,59.0
kunitsu-gami: path of the goddess,Kunitsu-Gami: Path of the Goddess,Kunitsu-Gami: Path of the Goddess,Kunitsu-Gami: Path of the Goddess,kunitsu-gami-path-of-the-goddess,1.0,2024.0,2024.0,high,2024-07-18,91.0,23.0,3.74,
mafia: definitive edition,Mafia: Definitive Edition,Mafia,Mafia: Definitive Edition,mafia,1.0,2020.0,2020.0,high,2020-09-25,5405.0,1135.0,4.24,78.0
magical delicacy,Magical Delicacy,Magical Delicacy,Magical Delicacy,magical-delicacy,1.0,2024.0,2024.0,high,2024-07-16,12.0,1.0,0.0,
tchia,Tchia,Tchia,Tchia,tchia,1.0,2023.0,2023.0,high,2023-03-21,265.0,52.0,3.29,77.0
the case of the golden idol,The Case of the Golden Idol,The Case of the Golden Idol,The Case of the Golden Idol,the-case-of-the-golden-idol,1.0,2022.0,2022.0,high,2022-10-13,473.0,97.0,4.23,
journey to the savage planet,Journey to the Savage Planet,Journey to the Savage Planet,Journey to the Savage Planet,journey-to-the-savage-planet,1.0,2020.0,2020.0,high,2020-01-28,2031.0,217.0,3.64,76.0
robin hood: sherwood builders,Robin Hood: Sherwood Builders,Robin Hood: Sherwood Builders,Robin Hood - Sherwood Builders,robin-hood-sherwood-builders,1.0,2024.0,2024.0,high,2024-02-29,22.0,5.0,0.0,
steamworld dig,SteamWorld Dig,SteamWorld Dig,SteamWorld Dig,steamworld-dig,1.0,2013.0,2013.0,high,2013-08-08,3994.0,622.0,3.83,76.0
steamworld dig 2,SteamWorld Dig 2,SteamWorld Dig 2,SteamWorld Dig 2,steamworld-dig-2,1.0,2017.0,2017.0,high,2017-09-21,3633.0,432.0,4.06,88.0
keplerth,Keplerth,Keplerth,Keplerth,keplerth,1.0,2022.0,2022.0,high,2022-05-24,140.0,14.0,3.67,
my time at sandrock,My Time at Sandrock,My Time at Sandrock,My Time at Sandrock,my-time-at-sandrock,1.0,2023.0,2022.0,high,2022-05-26,350.0,27.0,3.93,
"rolling hills: make sushi, make friends","Rolling Hills: Make Sushi, Make Friends","Rolling Hills: Make Sushi, Make Friends","Rolling Hills: Make Sushi, Make Friends",rolling-hills-make-sushi-make-friends,1.0,2024.0,2024.0,high,2024-06-04,6.0,1.0,0.0,
dordogne,Dordogne,Dordogne,Dordogne,dordogne,1.0,2023.0,2023.0,high,2023-06-13,188.0,27.0,3.7,
humanity,Humanity,Humanity,Humanity,humanity,1.0,2023.0,2023.0,high,2023-05-16,211.0,39.0,3.83,84.0
slayers x: terminal aftermath - vengance of the slayer,Slayers X: Terminal Aftermath - Vengance of the Slayer,Slayers X: Terminal Aftermath - Vengance of the Slayer,Slayers X: Terminal Aftermath: Vengance of the Slayer,slayers-x-terminal-aftermath-vengance-of-the-slaye,1.0,2023.0,2023.0,high,2023-06-01,57.0,18.0,3.56,
hauntii,Hauntii,Hauntii,Hauntii,hauntii,1.0,2024.0,2024.0,high,2024-05-23,45.0,9.0,4.33,
chants of sennaar,Chants of Sennaar,Chants of Sennaar,Chants of Sennaar,chants-of-sennaar,1.0,2023.0,2023.0,high,2023-09-04,449.0,119.0,4.35,
dune: spice wars,Dune: Spice Wars,Dune: Spice Wars,Dune: Spice Wars,dune-spice-wars,1.0,2022.0,2023.0,high,2023-09-14,489.0,46.0,3.56,
kona ii: brume,Kona II: Brume,Kona II: Brume,Kona II: Brume,kona-ii-brume,1.0,2023.0,2023.0,high,2023-10-17,38.0,9.0,3.64,
have a nice death,Have A Nice Death,Have A Nice Death,Have a Nice Death,have-a-nice-death,1.0,2023.0,2023.0,high,2023-03-22,606.0,72.0,3.64,
the rewinder,The Rewinder,The Rewinder,The Rewinder,the-rewinder-mistymountainstudio,1.0,2021.0,2021.0,high,2021-09-10,31.0,11.0,3.93,
thirsty suitors,Thirsty Suitors,Thirsty Suitors,Thirsty Suitors,thirsty-suitors,1.0,2023.0,2023.0,high,2023-11-02,63.0,18.0,3.42,
the last case of benedict fox,The Last Case of Benedict Fox,The Last Case of Benedict Fox,The Last Case of Benedict Fox,the-last-case-of-benedict-fox,1.0,2023.0,2023.0,high,2023-04-27,242.0,36.0,2.78,
nhl 23,NHL 23,NHL 23,NHL 23,nhl-23,1.0,2022.0,2022.0,high,2022-10-14,7.0,3.0,0.0,
sniper elite 5,Sniper Elite 5,Sniper Elite 5,Sniper Elite 5,sniper-elite-5,1.0,2022.0,2022.0,high,2022-05-25,1243.0,117.0,3.83,
harold halibut,Harold Halibut,Harold Halibut,Harold Halibut,harold-halibut,1.0,2024.0,2024.0,high,2024-04-16,198.0,21.0,3.76,
kona,Kona,Kona,Kona,kona,1.0,2016.0,2017.0,high,2017-03-16,1623.0,132.0,3.3,73.0
homestead arcana,Homestead Arcana,Homestead Arcana,Homestead Arcana,homestead-arcana,1.0,2023.0,2023.0,high,2023-04-21,56.0,3.0,0.0,
coral island,Coral Island,Coral Island,Coral Island,coral-island,1.0,2022.0,2022.0,high,2022-10-11,281.0,21.0,4.18,
turbo golf racing (game preview),Turbo Golf Racing (Game Preview),Turbo Golf Racing,Turbo Golf Racing,turbo-golf-racing,1.0,2022.0,2022.0,high,2022-08-04,268.0,2.0,0.0,
lil gator game,Lil Gator Game,Lil Gator Game,Lil Gator Game,lil-gator-game,1.0,2022.0,2022.0,high,2022-12-14,183.0,28.0,4.17,
hot wheels unleashed 2: turbocharged,Hot Wheels Unleashed 2: Turbocharged,Hot Wheels Unleashed 2: Turbocharged,HOT WHEELS UNLEASHED 2 - Turbocharged,hot-wheels-unleashed-2-turbocharged,1.0,2023.0,2023.0,high,2023-10-19,50.0,9.0,2.5,
open roads,Open Roads,Open Roads,Open Roads,open-roads,1.0,2024.0,2024.0,high,2024-03-28,120.0,18.0,3.26,
the lamplighters league,The Lamplighters League,The Lamplighters League,The Lamplighters League,the-lamplighters-league,1.0,2023.0,2023.0,high,2023-10-02,200.0,19.0,3.26,
monster hunter: rise,Monster Hunter: Rise,Monster Hunter: Rise,Monster Hunter Rise,monster-hunter-rise,1.0,2021.0,2021.0,high,2021-03-26,1551.0,183.0,4.17,87.0
yakuza 0,Yakuza 0,Yakuza 0,Yakuza 0,yakuza-0,1.0,2015.0,2015.0,high,2015-03-12,6699.0,1150.0,4.36,85.0
yakuza kiwami,Yakuza Kiwami,Yakuza Kiwami,Yakuza Kiwami,yakuza-kiwami,1.0,2016.0,2016.0,high,2016-01-21,4745.0,782.0,4.1,83.0
yakuza kiwami 2,Yakuza Kiwami 2,Yakuza Kiwami 2,Yakuza Kiwami 2,yakuza-kiwami-2,1.0,2017.0,2017.0,high,2017-12-07,3119.0,413.0,4.36,85.0
yakuza: like a dragon,Yakuza: Like a Dragon,Yakuza: Like a Dragon,Yakuza: Like a Dragon,yakuza-7,1.0,2020.0,2020.0,high,2020-01-16,2829.0,374.0,4.35,85.0
no more heroes iii,No More Heroes III,No More Heroes III,No More Heroes 3,no-more-heroes-3,1.0,2021.0,2021.0,high,2021-08-27,260.0,28.0,4.17,74.0
spongebob squarepants: battle for bikini bottom - rehydrated,SpongeBob SquarePants: Battle for Bikini Bottom - Rehydrated,SpongeBob SquarePants: Battle for Bikini Bottom - Rehydrated,SpongeBob SquarePants: Battle for Bikini Bottom — Rehydrated,spongebob-squarepants-battle-for-bikini-bottom-reh,1.0,2020.0,2020.0,high,2020-06-23,2045.0,188.0,3.71,68.0
lies of p,Lies of P,Lies of P,Lies Of P,lies-of-p,1.0,2023.0,2023.0,high,2023-09-19,1455.0,323.0,4.16,
solar ash,Solar Ash,Solar Ash,Solar Ash,solar-ash-kingdom,1.0,2021.0,2021.0,high,2021-12-02,413.0,67.0,3.8,78.0
yakuza 6: the song of life,Yakuza 6: The Song of Life,Yakuza 6: The Song of Life,Yakuza 6: The Song of Life,yakuza-6,1.0,2016.0,2016.0,high,2016-04-17,1599.0,216.0,4.39,84.0
"warhammer 40,000: boltgun","Warhammer 40,000: Boltgun","Warhammer 40,000: Boltgun","Warhammer 40,000: Boltgun",warhammer-40000-boltgun,1.0,2023.0,2023.0,high,2023-05-22,359.0,78.0,3.47,
gris,GRIS,GRIS,Gris,gris,1.0,2018.0,2018.0,high,2018-12-13,5011.0,1075.0,4.2,83.0
yakuza 4: remastered,Yakuza 4: Remastered,Yakuza 4: Remastered,Yakuza 4 Remastered,yakuza-4-remaster,1.0,2019.0,2019.0,high,2019-10-29,970.0,77.0,4.05,78.0
f1 22,F1 22,F1 22,F1 22,f1-22,1.0,2022.0,2022.0,high,2022-06-30,359.0,43.0,3.21,
indivisible,Indivisible,Indivisible,Indivisible,indivisible,1.0,2019.0,2019.0,high,2019-10-07,1815.0,132.0,3.31,79.0
return to grace,Return to Grace,Return to Grace,Return to Grace,return-to-grace,1.0,2023.0,2023.0,high,2023-05-30,19.0,9.0,4.0,
tales of arise,Tales of Arise,Tales of Arise,Tales of Arise,tales-of-arise,1.0,2021.0,2021.0,high,2021-09-10,1675.0,193.0,3.92,85.0
a little to the left,A Little to the Left,A Little to the Left,A Little to the Left,a-little-to-the-left,1.0,2022.0,2022.0,high,2022-11-08,350.0,92.0,3.85,74.0
madden nfl 23,Madden NFL 23,Madden NFL 23,Madden NFL 23,madden-nfl-23,1.0,2022.0,2022.0,high,2022-08-16,45.0,3.0,0.0,
ea sports ufc 3,EA Sports UFC 3,EA Sports UFC 3,EA SPORTS UFC 3,ea-sports-ufc-3,1.0,2018.0,2018.0,high,2018-02-02,1463.0,320.0,3.59,76.0
anuchard,Anuchard,Anuchard,Anuchard,anuchard,1.0,2022.0,2020.0,medium,2020-09-08,105.0,3.0,0.0,
serious sam: siberian mayhem,Serious Sam: Siberian Mayhem,Serious Sam: Siberian Mayhem,Serious Sam: Siberian Mayhem,serious-sam-siberian-mayhem,1.0,2022.0,2022.0,high,2022-01-24,444.0,67.0,3.56,
maquette,Maquette,Maquette,Maquette,maquette-2021,1.0,2021.0,2021.0,high,2021-03-02,584.0,96.0,3.2,70.0
death's door,Death's Door,Death's Door,Death's Door,acid-nerve-deaths-door,1.0,2021.0,2021.0,high,2021-07-20,2547.0,392.0,4.19,
those who remain,Those Who Remain,Those Who Remain,Those Who Remain,those-who-remain,1.0,2020.0,2020.0,high,2020-05-15,259.0,17.0,2.78,
exoprimal,Exoprimal,Exoprimal,Exoprimal,exoprimal,1.0,2023.0,2023.0,high,2023-07-14,122.0,16.0,2.79,
common'hood,Common'hood,Common'hood,Common'hood,commonhood,1.0,2022.0,,high,,23.0,3.0,0.0,
insurgency: sandstorm,Insurgency: Sandstorm,Insurgency: Sandstorm,Insurgency: Sandstorm,insurgency-sandstorm,1.0,2018.0,2018.0,high,2018-12-12,1382.0,199.0,3.96,80.0
lego 2k drive,LEGO 2K Drive,LEGO 2K Drive,LEGO 2K Drive,lego-2k-drive,1.0,2023.0,2023.0,high,2023-05-18,259.0,14.0,2.81,
party animals,Party Animals,Party Animals,Party Animals,party-animals-2,1.0,2023.0,2023.0,high,2023-09-20,354.0,41.0,3.77,
mcpixel 3,McPixel 3,McPixel 3,McPixel 3,mcpixel-3,1.0,2022.0,2022.0,high,2022-11-14,219.0,18.0,3.42,
blazblue: cross tag battle - special edition,BlazBlue: Cross Tag Battle - Special Edition,BlazBlue: Cross Tag Battle,BlazBlue: Cross Tag Battle,blazblue-cross-tag-battle,1.0,2018.0,2018.0,high,2018-05-31,403.0,56.0,3.59,
the quarry,The Quarry,The Quarry,The Quarry,the-quarry-3,1.0,2022.0,2022.0,high,2022-06-09,1949.0,354.0,3.85,
tin hearts,Tin Hearts,Tin Hearts,Tin Hearts,tin-hearts,1.0,2018.0,2018.0,high,2018-11-08,101.0,2.0,0.0,
rainbow billy: the curse of the leviathan,Rainbow Billy: The Curse of the Leviathan,Rainbow Billy: The Curse of the Leviathan,Rainbow Billy: The Curse of the Leviathan,rainbow-billy-the-curse-of-the-leviathan,1.0,2021.0,2021.0,high,2021-10-04,102.0,3.0,0.0,
forager,Forager,Forager,Forager,forager,1.0,2019.0,2016.0,medium,2016-12-14,2186.0,229.0,4.04,78.0
forza horizon 4,Forza Horizon 4,Forza Horizon 4,Forza Horizon 4,forza-horizon-4,1.0,2018.0,2018.0,high,2018-10-02,6344.0,1656.0,4.37,90.0
while the iron's hot,While the Iron's Hot,While the Iron's Hot,While the Iron's Hot,while-the-irons-hot,1.0,2023.0,2023.0,high,2023-12-05,14.0,1.0,0.0,
spirit of the north: enhanced edition,Spirit of the North: Enhanced Edition,Spirit of the North,Spirit of the North,spirit-of-the-north,1.0,2019.0,2019.0,high,2019-11-01,561.0,55.0,3.09,61.0
rollerdrome,Rollerdrome,Rollerdrome,Rollerdrome,rollerdrome,1.0,2022.0,2022.0,high,2022-08-15,579.0,52.0,3.63,
hello neighbor 2,Hello Neighbor 2,Hello Neighbor 2,Hello Neighbor 2,hello-neighbor-2-2,1.0,2022.0,2022.0,high,2022-12-05,258.0,18.0,2.33,
soccer story,Soccer Story,Soccer Story,Soccer Story,soccer-story,1.0,2022.0,2022.0,high,2022-11-29,122.0,5.0,0.0,
conan exiles,Conan Exiles,Conan Exiles,Conan Exiles,conan-exiles,1.0,2018.0,2017.0,high,2017-01-30,3235.0,461.0,2.85,67.0
persona 5: tactica,Persona 5: Tactica,Persona 5: Tactica,Persona 5 Tactica,persona-5-tactics,1.0,2023.0,2023.0,high,2023-11-16,151.0,19.0,3.58,
dungeons 4,Dungeons 4,Dungeons 4,Dungeons 4,dungeons-4-2,1.0,2023.0,2023.0,high,2023-11-08,37.0,10.0,3.0,
like a dragon gaiden: the man who erased his name,Like a Dragon Gaiden: The Man Who Erased His Name,Like a Dragon Gaiden: The Man Who Erased His Name,Like a Dragon Gaiden: The Man Who Erased His Name,like-a-dragon-gaiden-the-man-who-erased-his-name,1.0,2023.0,2023.0,high,2023-11-08,250.0,49.0,4.31,
like a dragon: ishin!,Like a Dragon: Ishin!,Like a Dragon: Ishin!,Like a Dragon: Ishin!,like-a-dragon-ishin,1.0,2023.0,2023.0,high,2023-02-21,376.0,44.0,4.07,
goat simulator,Goat Simulator,Goat Simulator,Goat Simulator,goat-simulator,1.0,2014.0,2014.0,high,2014-04-01,6543.0,1200.0,3.18,62.0
somerville,Somerville,Somerville,Somerville,somerville,1.0,2022.0,2022.0,high,2022-11-15,711.0,106.0,3.31,70.0
dicey dungeons,Dicey Dungeons,Dicey Dungeons,Dicey Dungeons,dicey-dungeons,1.0,2019.0,2019.0,high,2019-08-12,1151.0,163.0,4.1,89.0
headbangers: rhythm royale,Headbangers: Rhythm Royale,Headbangers: Rhythm Royale,Headbangers: Rhythm Royale,headbangers-rhythm-royale,1.0,2023.0,2023.0,high,2023-10-31,27.0,3.0,0.0,
mineko's night market,Mineko's Night Market,Mineko's Night Market,Mineko's Night Market,minekos-night-market,1.0,2023.0,2023.0,high,2023-09-26,86.0,8.0,2.62,
inkulinati (game preview),Inkulinati (Game Preview),Inkulinati,Inkulinati,inkulinati,1.0,2023.0,,high,,198.0,8.0,3.75,
lonely mountains: downhill,Lonely Mountains: Downhill,Lonely Mountains: Downhill,Lonely Mountains: Downhill,lonely-mountains-downhill,1.0,2019.0,2019.0,high,2019-10-23,1068.0,165.0,3.63,81.0
f1 manager 2023,F1 Manager 2023,F1 Manager 2023,F1 Manager 2023,f1-manager-2023,1.0,2023.0,2023.0,high,2023-07-31,35.0,7.0,3.0,
from space,From Space,From Space,From Space,from-space-2,1.0,2023.0,2022.0,high,2022-11-03,228.0,4.0,0.0,
scorn,Scorn,Scorn,Scorn,scorn-episode-one,1.0,2022.0,2022.0,high,2022-10-14,1730.0,230.0,3.42,67.0
dyson sphere program (game preview),Dyson Sphere Program (Game Preview),Dyson Sphere Program,Dyson Sphere Program,dyson-sphere-program,1.0,2021.0,2021.0,high,2021-01-20,1047.0,85.0,4.22,
everspace 2,Everspace 2,Everspace 2,Everspace 2,everspace-2,1.0,2021.0,2023.0,medium,2023-04-06,503.0,53.0,3.72,
gotham knights,Gotham Knights,Gotham Knights,Gotham Knights,batman-gotham-knights,1.0,2022.0,2022.0,high,2022-10-21,1072.0,133.0,2.61,66.0
phoenix wright: ace attorney trilogy,Phoenix Wright: Ace Attorney Trilogy,Phoenix Wright: Ace Attorney Trilogy,Phoenix Wright: Ace Attorney Trilogy,ace-attorney-phoenix-wright-trilogy-hd,1.0,2012.0,2013.0,high,2013-05-30,1636.0,281.0,4.54,80.0
paw patrol grand prix,PAW Patrol Grand Prix,PAW Patrol Grand Prix,PAW Patrol: Grand Prix,paw-patrol-grand-prix,1.0,2022.0,2022.0,high,2022-09-30,10.0,1.0,0.0,
let's build a zoo,Let's Build A Zoo,Let's Build A Zoo,Let's Build a Zoo,lets-build-a-zoo,1.0,2021.0,2021.0,high,2021-11-05,371.0,26.0,3.52,
payday 3,PAYDAY 3,PAYDAY 3,Payday 3,payday-3,1.0,2023.0,2023.0,high,2023-09-21,257.0,38.0,2.57,
slime rancher 2 (game preview),Slime Rancher 2 (Game Preview),Slime Rancher 2,Slime Rancher 2,slime-rancher-2,1.0,2022.0,2025.0,medium,2025-09-23,405.0,33.0,3.95,
spiderheck,SpiderHeck,SpiderHeck,SpiderHeck,spiderheck,1.0,2022.0,2022.0,high,2022-09-22,196.0,13.0,4.31,
you suck at parking,You Suck at Parking,You Suck at Parking,You Suck at Parking,you-suck-at-parking,1.0,2022.0,2022.0,high,2022-09-14,429.0,26.0,3.22,
ashes of the singularity: escalation,Ashes of the Singularity: Escalation,Ashes of the Singularity: Escalation,Ashes of the Singularity: Escalation,ashes-of-the-singularity-escalation,1.0,2016.0,2016.0,high,2016-11-09,2946.0,69.0,2.39,81.0
nba 2k24,NBA 2K24,NBA 2K24,NBA 2K24,nba-2k24,1.0,2023.0,2023.0,high,2023-09-08,53.0,5.0,0.0,
guilty gear -strive-,Guilty Gear -Strive-,Guilty Gear -Strive,Guilty Gear -Strive,guilty-gear-2020,1.0,2021.0,2021.0,high,2021-06-11,928.0,99.0,4.24,85.0
atomic heart,Atomic Heart,Atomic Heart,Atomic Heart,atomic-heart,1.0,2023.0,2023.0,high,2023-02-21,2311.0,633.0,3.85,73.0
the texas chainsaw massacre,The Texas Chainsaw Massacre,The Texas Chainsaw Massacre,The Texas Chainsaw Massacre - The Game,the-texas-chainsaw-massacre-the-game,0.9,2023.0,2023.0,low,2023-03-29,0.0,0.0,0.0,
airborne kingdom,Airborne Kingdom,Airborne Kingdom,Airborne Kingdom,airborne-kingdom,1.0,2020.0,2020.0,high,2020-12-17,192.0,24.0,3.58,76.0
train sim world 4,Train Sim World 4,Train Sim World 4,Train Sim World 4,train-sim-world-4,1.0,2023.0,2023.0,high,2023-09-26,20.0,0.0,0.0,
venba,Venba,Venba,Venba,venba,1.0,2023.0,2023.0,high,2023-07-30,307.0,45.0,4.08,
the wandering village,The Wandering Village,The Wandering Village,The Wandering Village,the-wandering-village,1.0,2022.0,2025.0,medium,2025-07-17,278.0,24.0,3.77,
toem,TOEM,TOEM,TOEM,toem,1.0,2021.0,2021.0,high,2021-09-16,1085.0,95.0,4.09,79.0
coffee talk episode 2: hibiscus & butterfly,Coffee Talk Episode 2: Hibiscus & Butterfly,Coffee Talk Episode 2: Hibiscus & Butterfly,Coffee Talk Episode 2: Hibiscus & Butterfly,coffee-talk-episode-2-hibiscus-butterfly,1.0,2023.0,2023.0,high,2023-04-20,109.0,25.0,3.77,
sins of a solar empire: rebellion,Sins of a Solar Empire: Rebellion,Sins of a Solar Empire: Rebellion,Sins of a Solar Empire: Rebellion,sins-of-a-solar-empire-rebellion,1.0,2013.0,2012.0,high,2012-06-12,4626.0,327.0,2.73,82.0
cricket 22,Cricket 22,Cricket 22,Cricket 22,cricket-22,1.0,2021.0,2021.0,high,2021-10-31,62.0,6.0,2.83,
story of seasons: friends of mineral town,Story of Seasons: Friends of Mineral Town,Story of Seasons: Friends of Mineral Town,STORY OF SEASONS: Friends of Mineral Town,story-of-seasons-friends-of-mineral-town,1.0,2019.0,2020.0,high,2020-07-14,110.0,18.0,3.78,74.0
fifa 22,FIFA 22,FIFA 22,FIFA 22,fifa-22-xbox-one,1.0,2021.0,2021.0,high,2021-09-27,1456.0,239.0,3.39,76.0
bramble: the mountain king,Bramble: The Mountain King,Bramble: The Mountain King,Bramble: The Mountain King,bramble-the-mountain-king,1.0,2023.0,2023.0,high,2023-04-26,411.0,101.0,4.27,
the bookwalker: thief of tales,The Bookwalker: Thief of Tales,The Bookwalker: Thief of Tales,The Bookwalker: Thief of Tales,the-bookwalker,1.0,2023.0,2023.0,high,2023-06-22,370.0,68.0,3.94,
spacelines from the far out,Spacelines from the Far Out,Spacelines from the Far Out,Spacelines from the Far Out,spacelines-from-the-far-out,1.0,2022.0,2022.0,high,2022-06-09,165.0,14.0,3.43,
chicory: a colorful tale,Chicory: A Colorful Tale,Chicory: A Colorful Tale,Chicory: A Colorful Tale,chicory-a-colorful-tale,1.0,2021.0,2021.0,high,2021-06-10,460.0,64.0,3.92,89.0
farworld pioneers,Farworld Pioneers,Farworld Pioneers,Farworld Pioneers,farworld-pioneers,1.0,2023.0,2023.0,high,2023-05-30,12.0,1.0,0.0,
railway empire 2,Railway Empire 2,Railway Empire 2,Railway Empire 2,railway-empire-2,1.0,2023.0,2023.0,high,2023-05-24,59.0,12.0,3.77,
jojo's bizarre adventure: all-star battle r,JoJo's Bizarre Adventure: All-Star Battle R,JoJo's Bizarre Adventure: All-Star Battle R,JoJo's Bizarre Adventure: All-Star Battle R,jojos-bizarre-adventure-all-star-battle-r,1.0,2022.0,2022.0,high,2022-09-02,215.0,23.0,3.65,
pac-man museum+,Pac-Man Museum+,Pac-Man Museum+,PAC-MAN MUSEUM+,pac-man-museum-2,1.0,2022.0,2022.0,high,2022-05-27,80.0,2.0,0.0,
supraland: six inches under,Supraland: Six Inches Under,Supraland: Six Inches Under,Supraland Six Inches Under,supraland-six-inches-under,1.0,2022.0,2022.0,high,2022-01-14,276.0,37.0,4.2,
fuga: melodies of steel 2,Fuga: Melodies of Steel 2,Fuga: Melodies of Steel 2,Fuga: Melodies of Steel 2,fuga-melodies-of-steel-2,1.0,2023.0,2023.0,high,2023-05-10,23.0,3.0,0.0,
sd gundam battle alliance,SD Gundam Battle Alliance,SD Gundam Battle Alliance,SD GUNDAM BATTLE ALLIANCE,sd-gundam-battle-alliance,1.0,2022.0,2022.0,high,2022-08-25,36.0,3.0,0.0,
ghostlore,Ghostlore,Ghostlore,Ghostlore,ghostlore,1.0,2022.0,2022.0,high,2022-04-14,61.0,4.0,0.0,
eiyuden chronicle: rising,Eiyuden Chronicle: Rising,Eiyuden Chronicle: Rising,Eiyuden Chronicle: Rising,eiyuden-chronicle-rising,1.0,2022.0,2022.0,high,2022-05-10,386.0,27.0,3.41,
norco,Norco,Norco,Norco,norco,1.0,2022.0,2022.0,high,2022-03-24,654.0,73.0,3.92,
just cause 4: reloaded,Just Cause 4: Reloaded,Just Cause 4: Reloaded,Just Cause 4: Reloaded,just-cause-4-reloaded,1.0,2018.0,2019.0,high,2019-11-07,34.0,10.0,3.1,
ravenlok,Ravenlok,Ravenlok,Ravenlok,ravenlok,1.0,2023.0,2023.0,high,2023-05-04,104.0,25.0,3.54,
nhl 22,NHL 22,NHL 22,NHL 22,nhl-22,1.0,2021.0,2021.0,high,2021-10-12,12.0,5.0,2.88,
loot river,Loot River,Loot River,Loot River,loot-river,1.0,2022.0,2022.0,high,2022-05-03,215.0,14.0,3.14,
7 days to die (game preview),7 Days to Die (Game Preview),7 Days to Die,7 Days to Die,7-days-to-die,1.0,2013.0,2013.0,high,2013-12-13,4331.0,500.0,3.36,
amnesia: collection,Amnesia: Collection,Amnesia: Collection,Amnesia: Collection,amnesia-collection,1.0,2016.0,2016.0,high,2016-11-22,186.0,37.0,3.32,
phantom abyss (game preview),Phantom Abyss (Game Preview),Phantom Abyss,Phantom Abyss,phantom-abyss,1.0,2021.0,2024.0,medium,2024-01-25,191.0,19.0,3.27,
research and destroy,Research and Destroy,Research and Destroy,RESEARCH and DESTROY,research-and-destroy,1.0,2022.0,2022.0,high,2022-04-25,89.0,2.0,0.0,
back 4 blood,Back 4 Blood,Back 4 Blood,Back 4 Blood,back-4-blood,1.0,2021.0,2021.0,high,2021-10-07,2892.0,332.0,3.23,76.0
infinite guitars,INFINITE GUITARS,INFINITE GUITARS,INFINITE GUITARS,infinite-guitars,1.0,2022.0,2023.0,high,2023-03-30,14.0,0.0,0.0,
mlb the show 23,MLB The Show 23,MLB The Show 23,MLB The Show 23,mlb-the-show-23,1.0,2023.0,2023.0,high,2023-03-27,5.0,1.0,0.0,
hardspace: shipbreaker,Hardspace: Shipbreaker,Hardspace: Shipbreaker,Hardspace: Shipbreaker,hardspace-shipbreaker,1.0,2020.0,2022.0,medium,2022-05-23,897.0,85.0,3.88,82.0
shredders,Shredders,Shredders,Shredders,shredders,1.0,2022.0,2022.0,high,2022-03-17,374.0,30.0,2.66,
soul hackers 2,Soul Hackers 2,Soul Hackers 2,Soul Hackers 2,soul-hackers-2,1.0,2022.0,2022.0,high,2022-08-26,274.0,21.0,3.76,
madden nfl 22,Madden NFL 22,Madden NFL 22,Madden NFL 22,madden-nfl-22,1.0,2021.0,2021.0,high,2021-08-17,148.0,8.0,2.12,69.0
f1 2021,F1 2021,F1 2021,F1 2021,f1-2021,1.0,2021.0,2021.0,high,2021-07-16,726.0,65.0,3.69,
persona 3: portable,Persona 3: Portable,Persona 3: Portable,Persona 3 Portable,persona-3-portable,1.0,2009.0,2009.0,high,2009-11-01,496.0,173.0,4.49,84.0
motogp 22,MotoGP 22,MotoGP 22,MotoGP 22,motogp-22,1.0,2022.0,2022.0,high,2022-04-21,44.0,3.0,0.0,
naraka: bladepoint,NARAKA: BLADEPOINT,NARAKA: BLADEPOINT,Naraka Bladepoint,naraka-bladepoint,1.0,2021.0,2021.0,high,2021-08-11,1095.0,67.0,3.0,71.0
chained echoes,Chained Echoes,Chained Echoes,Chained Echoes,chained-echoes,1.0,2022.0,2022.0,high,2022-12-08,515.0,46.0,4.33,89.0
opus magnum,Opus Magnum,Opus Magnum,Opus Magnum,opus-magnum,1.0,2017.0,2017.0,high,2017-10-19,1421.0,132.0,4.2,
rubber bandits,Rubber Bandits,Rubber Bandits,Rubber Bandits,rubber-bandits,1.0,2021.0,2021.0,high,2021-12-02,501.0,22.0,3.33,
eastward,Eastward,Eastward,Eastward,eastward,1.0,2021.0,2021.0,high,2021-09-16,923.0,96.0,3.69,80.0
grid (2019),GRID (2019),GRID (2019),GRID (2019),grid-3,1.0,2019.0,2019.0,high,2019-10-10,717.0,58.0,3.32,75.0
battlefield 1943,Battlefield 1943,Battlefield 1943,Battlefield 1943,battlefield-1943,1.0,2009.0,2009.0,high,2009-07-08,1003.0,170.0,3.76,84.0
battlefield: bad company,Battlefield: Bad Company,Battlefield: Bad Company,Battlefield: Bad Company,battlefield-bad-co,1.0,2008.0,2008.0,high,2008-06-23,1496.0,307.0,3.94,84.0
battlefield: bad company 2,Battlefield: Bad Company 2,Battlefield: Bad Company 2,Battlefield: Bad Company 2,battlefield-bad-company-2,1.0,2010.0,2010.0,high,2010-03-02,4279.0,921.0,4.13,87.0
gungrave g.o.r.e,Gungrave G.O.R.E,Gungrave G.O.R.E,Gungrave: G.O.R.E.,gungrave-gore,1.0,2022.0,2022.0,high,2022-11-21,399.0,34.0,2.54,57.0
football manager 2023,Football Manager 2023,Football Manager 2023,Football Manager 2023,football-manager-2023,1.0,2022.0,2022.0,high,2022-11-07,239.0,38.0,3.74,
ghost song,Ghost Song,Ghost Song,Ghost Song,ghost-song,1.0,2022.0,2022.0,high,2022-11-03,466.0,15.0,3.31,80.0
exapunks,Exapunks,Exapunks,EXAPUNKS,exapunks,1.0,2018.0,2018.0,high,2018-08-09,1100.0,55.0,4.18,
coffee talk,Coffee Talk,Coffee Talk,Coffee Talk,coffee-talk,1.0,2020.0,2020.0,high,2020-01-28,1073.0,143.0,3.82,74.0
townscaper,Townscaper,Townscaper,Townscaper,townscaper,1.0,2020.0,2020.0,high,2020-06-30,1717.0,199.0,3.7,
rocket arena,Rocket Arena,Rocket Arena,Rocket Arena,rocket-arena-2,1.0,2020.0,2020.0,high,2020-07-13,627.0,63.0,2.11,71.0
gunfire reborn,Gunfire Reborn,Gunfire Reborn,Gunfire Reborn,gunfire-reborn,1.0,2021.0,2020.0,high,2020-05-22,1363.0,126.0,3.94,
signalis,Signalis,Signalis,Signalis,signalis,1.0,2022.0,2022.0,high,2022-10-27,1254.0,234.0,4.35,82.0
solasta: crown of the magister,Solasta: Crown of the Magister,Solasta: Crown of the Magister,Solasta: Crown of the Magister,solasta-crown-of-the-magister,1.0,2020.0,2021.0,high,2021-05-27,721.0,61.0,3.46,77.0
the legend of tianding,The Legend of Tianding,The Legend of Tianding,The Legend of Tianding,the-legend-of-tianding,1.0,2022.0,2021.0,high,2021-11-01,432.0,26.0,3.81,
eville,Eville,Eville,Eville,eville,1.0,2022.0,2022.0,high,2022-10-11,34.0,0.0,0.0,
shenzhen i/o,Shenzhen I/O,Shenzhen I/O,SHENZHEN I/O,shenzhen-io,1.0,2016.0,2016.0,high,2016-11-16,1620.0,94.0,3.89,
overwhelm,Overwhelm,Overwhelm,OVERWHELM,overwhelm,1.0,2018.0,2018.0,high,2018-06-11,79.0,9.0,3.33,
trek to yomi,Trek to Yomi,Trek to Yomi,Trek to Yomi,trek-to-yomi,1.0,2022.0,2022.0,high,2022-05-05,1304.0,176.0,3.4,
despot's game,Despot's Game,Despot's Game,Despot's Game,despots-game,1.0,2022.0,2021.0,high,2021-10-14,150.0,18.0,3.72,
moonscars,Moonscars,Moonscars,Moonscars,moonscars,1.0,2022.0,2022.0,high,2022-09-27,621.0,30.0,3.68,
last call bbs,Last Call BBS,Last Call BBS,Last Call BBS,last-call-bbs,1.0,2022.0,2022.0,high,2022-07-04,370.0,11.0,3.73,
prodeus,Prodeus,Prodeus,Prodeus,prodeus,1.0,2020.0,2022.0,medium,2022-09-23,932.0,117.0,3.91,80.0
outriders,Outriders,Outriders,Outriders,outriders,1.0,2021.0,2021.0,high,2021-04-01,2438.0,327.0,3.38,73.0
sid meier's civilization vi,Sid Meier's Civilization VI,Sid Meier's Civilization VI,Sid Meier’s Civilization VI,civilization-vi,1.0,2016.0,2016.0,high,2016-10-20,7504.0,1437.0,4.16,88.0
danganronpa v3: killing harmony,Danganronpa V3: Killing Harmony,Danganronpa V3: Killing Harmony,Danganronpa V3: Killing Harmony,danganronpa-v3-killing-harmony,1.0,2017.0,2017.0,high,2017-01-12,1358.0,243.0,4.24,80.0
fuga: melodies of steel,Fuga: Melodies of Steel,Fuga: Melodies of Steel,Fuga: Melodies of Steel,fuga-melodies-of-steel,1.0,2021.0,2021.0,high,2021-07-28,181.0,13.0,3.71,
metal: hellsinger,Metal: Hellsinger,Metal: Hellsinger,Metal: Hellsinger,metal-hellsinger,1.0,2022.0,2022.0,high,2022-09-14,1581.0,191.0,3.96,79.0
amazing cultivation simulator,Amazing Cultivation Simulator,Amazing Cultivation Simulator,Amazing Cultivation Simulator,amazing-cultivation-simulator,1.0,2019.0,2020.0,high,2020-11-24,20.0,4.0,0.0,
dc league of super-pets: the adventures of krypto and ace,DC League of Super-Pets: The Adventures of Krypto and Ace,DC League of Super-Pets: The Adventures of Krypto and Ace,DC League of Super-Pets: The Adventures of Krypto and Ace,dc-league-of-super-pets-the-adventures-of-krypto-a,1.0,2022.0,2022.0,high,2022-07-15,30.0,3.0,0.0,
train sim world 3,Train Sim World 3,Train Sim World 3,Train Sim World 3,train-sim-world-3,1.0,2022.0,2022.0,high,2022-09-06,215.0,13.0,2.92,
aragami 2,Aragami 2,Aragami 2,Aragami 2,aragami-2,1.0,2021.0,2021.0,high,2021-09-17,776.0,78.0,3.15,68.0
blue fire,Blue Fire,Blue Fire,Blue Fire,blue-fire-2,1.0,2021.0,2021.0,high,2021-02-03,999.0,33.0,3.24,70.0
inertial drift,Inertial Drift,Inertial Drift,Inertial Drift,inertial-drift,1.0,2020.0,2020.0,high,2020-09-11,187.0,25.0,2.96,81.0
commandos 3: hd remaster,Commandos 3: HD Remaster,Commandos 3: HD Remaster,Commandos 3 - HD Remaster,commandos-3-hd-remaster,1.0,2022.0,2022.0,high,2022-08-30,59.0,2.0,0.0,
immortality,Immortality,Immortality,Immortality,immortality,1.0,2022.0,2022.0,high,2022-08-29,744.0,86.0,4.24,
tinykin,Tinykin,Tinykin,Tinykin,tinykin,1.0,2022.0,2022.0,high,2022-08-29,609.0,88.0,4.21,
when the past was around,When the Past was Around,When the Past was Around,When The Past Was Around,when-the-past-was-around,1.0,2020.0,2020.0,high,2020-09-21,313.0,42.0,3.89,77.0
midnight fight express,Midnight Fight Express,Midnight Fight Express,Midnight Fight Express,midnight-fight-express,1.0,2022.0,2022.0,high,2022-08-23,1096.0,91.0,3.63,76.0
total war: warhammer iii,Total War: Warhammer III,Total War: Warhammer III,Total War: WARHAMMER III,total-war-warhammer-iii,1.0,2022.0,2022.0,high,2022-02-17,768.0,68.0,4.03,85.0
edge of eternity,Edge of Eternity,Edge of Eternity,Edge of Eternity,edge-of-eternity,1.0,2018.0,2018.0,high,2018-12-05,752.0,34.0,2.94,
expeditions: rome,Expeditions: Rome,Expeditions: Rome,Expeditions: Rome,expeditions-rome,1.0,2022.0,2022.0,high,2022-01-20,371.0,39.0,3.49,
two point campus,Two Point Campus,Two Point Campus,Two Point Campus,two-point-campus,1.0,2022.0,2022.0,high,2022-08-09,805.0,44.0,3.73,
dreamscaper,Dreamscaper,Dreamscaper,Dreamscaper,dreamscaper-2,1.0,2020.0,2021.0,high,2021-08-04,521.0,39.0,3.42,
marvel's avengers,Marvel's Avengers,Marvel's Avengers,Marvel’s Avengers,marvels-avengers,1.0,2020.0,2020.0,high,2020-09-04,3006.0,439.0,2.68,68.0
the vale: shadow of the crown,The Vale: Shadow of the Crown,The Vale: Shadow of the Crown,The Vale: Shadow of the Crown,the-vale-shadow-of-the-crown,1.0,2021.0,2021.0,high,2021-08-19,17.0,2.0,0.0,
paw patrol the movie: adventure city calls,PAW Patrol The Movie: Adventure City Calls,PAW Patrol The Movie: Adventure City Calls,PAW Patrol The Movie: Adventure City Calls,paw-patrol-the-movie-adventure-city-calls,1.0,2021.0,2021.0,high,2021-08-13,35.0,4.0,0.0,
spelunky 2,Spelunky 2,Spelunky 2,Spelunky 2,spelunky-2,1.0,2020.0,2020.0,high,2020-09-15,1271.0,144.0,3.88,90.0
exo one,Exo One,Exo One,Exo One,exo-one,1.0,2021.0,2021.0,high,2021-11-18,642.0,95.0,3.76,79.0
djmax respect v,DJMax Respect V,DJMax Respect V,DJMAX RESPECT V,djmax-respect-v,1.0,2019.0,2020.0,high,2020-03-11,420.0,26.0,3.54,
matchpoint: tennis championships,Matchpoint: Tennis Championships,Matchpoint: Tennis Championships,Matchpoint - Tennis Championships,matchpoint-tennis-championships,1.0,2022.0,2022.0,high,2022-07-07,253.0,17.0,3.06,
omori,OMORI,OMORI,OMORI,omori,1.0,2020.0,2020.0,high,2020-12-25,1277.0,177.0,4.32,
olija,Olija,Olija,Olija,olija,1.0,2021.0,2021.0,high,2021-01-28,263.0,33.0,3.61,78.0
empire of sin,Empire of Sin,Empire of Sin,Empire of Sin,empire-of-sin,1.0,2020.0,2020.0,high,2020-12-01,598.0,60.0,2.78,56.0
hoa,Hoa,Hoa,Hoa,hoa,1.0,2021.0,2021.0,high,2021-08-24,249.0,44.0,3.6,70.0
chorus,Chorus,Chorus,Chorus,chorus,1.0,2021.0,2021.0,high,2021-12-02,810.0,81.0,3.53,76.0
serious sam 4,Serious Sam 4,Serious Sam 4,Serious Sam 4,serious-sam-4-planet-badass,1.0,2020.0,2020.0,high,2020-09-24,1335.0,215.0,3.26,63.0
star wars episode i racer,Star Wars Episode I Racer,Star Wars Episode I Racer,STAR WARS: Episode I Racer,star-wars-episode-i-racer,1.0,1999.0,1999.0,high,1999-05-16,288.0,125.0,4.1,66.0
evil genius 2: world domination,Evil Genius 2: World Domination,Evil Genius 2: World Domination,Evil Genius 2 World Domination,evil-genius-2,1.0,2021.0,2021.0,high,2021-03-30,852.0,95.0,3.34,77.0
fifa 21,FIFA 21,FIFA 21,FIFA 21,fifa-21,1.0,2020.0,2020.0,high,2020-10-06,1668.0,273.0,3.23,67.0
peaky blinders: mastermind,Peaky Blinders: Mastermind,Peaky Blinders: Mastermind,Peaky Blinders: Mastermind,peaky-blinders-mastermind,1.0,2020.0,2020.0,high,2020-06-01,1230.0,33.0,2.76,66.0
her story,Her Story,Her Story,Her Story,her-story,1.0,2015.0,2015.0,high,2015-06-23,3403.0,625.0,3.98,88.0
umurangi generation - special edition,Umurangi Generation - Special Edition,Umurangi Generation,Umurangi Generation,umurangi-generation,1.0,2021.0,2020.0,high,2020-05-19,259.0,17.0,3.67,82.0
danganronpa 2: goodbye despair - anniversary edition,Danganronpa 2: Goodbye Despair - Anniversary Edition,Danganronpa 2: Goodbye Despair,Danganronpa 2: Goodbye Despair,danganronpa-2-goodbye-despair,1.0,2012.0,2012.0,high,2012-07-26,1745.0,353.0,4.36,84.0
before we leave,Before We Leave,Before We Leave,Before We Leave,before-we-leave,1.0,2021.0,2021.0,high,2021-05-12,1056.0,52.0,3.33,69.0
my friend pedro,My Friend Pedro,My Friend Pedro,My Friend Pedro,my-friend-pedro,1.0,2019.0,2019.0,high,2019-06-19,3616.0,745.0,3.87,76.0
bugsnax,Bugsnax,Bugsnax,Bugsnax,bugsnax,1.0,2020.0,2020.0,high,2020-11-12,1287.0,176.0,3.56,76.0
unsouled,Unsouled,Unsouled,Unsouled,unsouled,1.0,2021.0,2022.0,high,2022-04-27,190.0,11.0,2.73,
dragon quest builders 2,Dragon Quest Builders 2,Dragon Quest Builders 2,Dragon Quest Builders 2,dragon-quest-builders-2,1.0,2019.0,2019.0,high,2019-07-12,844.0,105.0,4.04,85.0
destroy all humans! (2020),Destroy All Humans! (2020),Destroy All Humans! (2020),Destroy All Humans! (2020),destroy-all-humans-2019,1.0,2020.0,2020.0,high,2020-07-28,385.0,112.0,3.48,70.0
nhl 21,NHL 21,NHL 21,NHL 21,nhl-21,1.0,2020.0,2020.0,high,2020-10-16,190.0,29.0,3.21,76.0
tetris effect: connected,Tetris Effect: Connected,Tetris Effect: Connected,Tetris Effect: Connected,tetris-effect-connected,1.0,2020.0,2020.0,high,2020-11-10,1985.0,260.0,4.22,90.0
lamentum,Lamentum,Lamentum,Lamentum,lamentum,1.0,2021.0,2021.0,high,2021-08-26,152.0,9.0,3.7,
life is strange: true colors,Life Is Strange: True Colors,Life Is Strange: True Colors,Life is Strange: True Colors,life-is-strange-true-colors,1.0,2021.0,2021.0,high,2021-09-10,1873.0,413.0,3.79,
panzer corps 2,Panzer Corps 2,Panzer Corps 2,Panzer Corps 2,panzer-corps-2,1.0,2020.0,2020.0,high,2020-03-18,98.0,8.0,3.75,
moonglow bay,Moonglow Bay,Moonglow Bay,Moonglow Bay,moonglow-bay,1.0,2021.0,2021.0,high,2021-10-26,139.0,19.0,3.21,
the riftbreaker,The Riftbreaker,The Riftbreaker,The Riftbreaker,the-riftbreaker,1.0,2021.0,2021.0,high,2021-10-14,698.0,83.0,3.92,
sudden strike 4 - complete collection,Sudden Strike 4 - Complete Collection,Sudden Strike 4 - Complete Collection,Sudden Strike 4: Complete Collection,sudden-strike-4-complete-collection,1.0,2019.0,2019.0,high,2019-09-02,7.0,0.0,0.0,
chinatown detective agency,Chinatown Detective Agency,Chinatown Detective Agency,Chinatown Detective Agency,chinatown-detective-agency,1.0,2022.0,2022.0,high,2022-04-07,138.0,8.0,3.33,67.0
mlb the show 22,MLB The Show 22,MLB The Show 22,MLB The Show 22,mlb-the-show-22,1.0,2022.0,2022.0,high,2022-04-01,8.0,1.0,0.0,
a memoir blue,A Memoir Blue,A Memoir Blue,A Memoir Blue,a-memoir-blue,1.0,2022.0,2022.0,high,2022-03-24,394.0,74.0,3.41,
kraken academy!!,Kraken Academy!!,Kraken Academy!!,Kraken Academy!!,kraken-academy,1.0,2022.0,2021.0,high,2021-09-10,136.0,26.0,4.04,
power rangers: battle for the grid,Power Rangers: Battle for the Grid,Power Rangers: Battle for the Grid,Power Rangers: Battle For The Grid,power-rangers-battle-for-the-grid,1.0,2019.0,2019.0,high,2019-03-26,307.0,26.0,3.04,60.0
clustertruck,ClusterTruck,ClusterTruck,ClusterTruck,clustertruck,1.0,2016.0,2016.0,high,2016-09-26,2015.0,310.0,3.8,76.0
double dragon neon,Double Dragon Neon,Double Dragon Neon,Double Dragon: Neon,double-dragon-neon,1.0,2012.0,2012.0,high,2012-09-11,1384.0,136.0,3.43,71.0
guts n goals,Guts N Goals,Guts N Goals,Guts 'N Goals,guts-n-goals,1.0,2021.0,2021.0,high,2021-08-31,8.0,1.0,0.0,
zero escape: the nonary games,Zero Escape: The Nonary Games,Zero Escape: The Nonary Games,Zero Escape: The Nonary Games,zero-escape-the-nonary-games,1.0,2017.0,2017.0,high,2017-03-24,1192.0,180.0,4.38,86.0
marvel's guardians of the galaxy,Marvel's Guardians of the Galaxy,Marvel's Guardians of the Galaxy,Marvel's Guardians of the Galaxy,guardians-of-the-galaxy,1.0,2021.0,2021.0,high,2021-10-26,4741.0,904.0,4.28,
young souls,Young Souls,Young Souls,Young Souls,young-souls,1.0,2021.0,2022.0,high,2022-03-10,298.0,30.0,3.42,
f1 2020,F1 2020,F1 2020,F1 2020,f1-2020,1.0,2020.0,2020.0,high,2020-07-10,1557.0,115.0,3.59,88.0
undertale,Undertale,Undertale,Undertale,undertale,1.0,2015.0,2015.0,high,2015-09-14,8634.0,1901.0,4.35,92.0
lightning returns: final fantasy xiii,Lightning Returns: Final Fantasy XIII,Lightning Returns: Final Fantasy XIII,LIGHTNING RETURNS: FINAL FANTASY XIII,lightning-returns-final-fantasy-xiii-2,1.0,2013.0,2015.0,medium,2015-12-10,1480.0,158.0,3.56,
far: changing tides,FAR: Changing Tides,FAR: Changing Tides,FAR: Changing Tides,far-changing-tides,1.0,2022.0,2022.0,high,2022-03-01,756.0,119.0,3.87,
dragon ball fighterz,Dragon Ball FighterZ,Dragon Ball FighterZ,DRAGON BALL FighterZ,dragon-ball-fighterz,1.0,2018.0,2018.0,high,2018-01-25,2765.0,440.0,4.09,86.0
crown trick,Crown Trick,Crown Trick,Crown Trick,crown-trick,1.0,2020.0,2020.0,high,2020-10-16,938.0,35.0,3.57,80.0
madden nfl 21,Madden NFL 21,Madden NFL 21,Madden NFL 21,madden-nfl-21,1.0,2020.0,2020.0,high,2020-08-25,305.0,30.0,2.31,65.0
autonauts,Autonauts,Autonauts,Autonauts,autonauts-2,1.0,2019.0,2019.0,high,2019-10-16,1158.0,32.0,3.25,
infernax,Infernax,Infernax,Infernax,infernax,1.0,2022.0,2022.0,high,2022-02-14,236.0,46.0,3.98,83.0
skul: the hero slayer,Skul: The Hero Slayer,Skul: The Hero Slayer,Skul: The Hero Slayer,skul-the-hero-slayer,1.0,2020.0,2021.0,high,2021-01-21,1111.0,141.0,3.59,80.0
the last kids on earth and the staff of doom,The Last Kids on Earth and the Staff of Doom,The Last Kids on Earth and the Staff of Doom,The Last Kids on Earth and the Staff of Doom,the-last-kids-on-earth-and-the-staff-of-doom,1.0,2021.0,2021.0,high,2021-06-04,63.0,5.0,0.0,
recompile,Recompile,Recompile,Recompile,recompile,1.0,2021.0,2021.0,high,2021-08-19,298.0,29.0,2.76,61.0
iris fall,Iris Fall,Iris Fall,Iris.Fall,irisfall,1.0,2018.0,2018.0,high,2018-12-07,256.0,25.0,3.41,
telling lies,Telling Lies,Telling Lies,Telling Lies,telling-lies,1.0,2019.0,2019.0,high,2019-08-23,977.0,171.0,3.56,82.0
taiko no tatsujin: the drum master,Taiko no Tatsujin: The Drum Master,Taiko no Tatsujin: The Drum Master,Taiko no Tatsujin: The Drum Master!,taiko-no-tatsujin-the-drum-master-2,1.0,2022.0,2022.0,high,2022-01-27,3.0,1.0,0.0,
worms w.m.d,Worms W.M.D,Worms W.M.D,Worms W.M.D,worms-wmd,1.0,2016.0,2016.0,high,2016-08-22,2532.0,315.0,3.79,79.0
bladed fury,Bladed Fury,Bladed Fury,Bladed Fury,bladed-fury,1.0,2018.0,2018.0,high,2018-12-18,259.0,25.0,3.81,
pupperazzi,Pupperazzi,Pupperazzi,Pupperazzi,pupperazzi,1.0,2022.0,2022.0,high,2022-01-20,273.0,24.0,2.83,69.0
windjammers 2,Windjammers 2,Windjammers 2,Windjammers 2,windjammers-2,1.0,2022.0,2022.0,high,2022-01-20,447.0,45.0,4.09,78.0
danganronpa: trigger happy havoc - anniversary edition,Danganronpa: Trigger Happy Havoc - Anniversary Edition,Danganronpa: Trigger Happy Havoc,Danganronpa: Trigger Happy Havoc,danganronpa-trigger-happy-havoc,1.0,2010.0,2010.0,high,2010-11-25,2082.0,452.0,4.28,82.0
nobody saves the world,Nobody Saves the World,Nobody Saves the World,Nobody Saves the World,nobody-saves-the-world,1.0,2022.0,2022.0,high,2022-01-17,1244.0,147.0,3.83,
the anacrusis (game preview),The Anacrusis (Game Preview),The Anacrusis,The Anacrusis,the-anacrusis,1.0,2022.0,2022.0,high,2022-01-13,148.0,10.0,3.0,
colt canyon,Colt Canyon,Colt Canyon,Colt Canyon,colt-canyon,1.0,2020.0,2020.0,high,2020-06-16,924.0,19.0,3.21,
embr,Embr,Embr,Embr,embr,1.0,2020.0,2020.0,high,2020-05-21,960.0,19.0,2.8,61.0
outer wilds,Outer Wilds,Outer Wilds,Outer Wilds,outer-wilds,1.0,2019.0,2019.0,high,2019-05-29,5003.0,899.0,4.36,84.0
gorogoa,Gorogoa,Gorogoa,Gorogoa,gorogoa,1.0,2017.0,2017.0,high,2017-12-14,1675.0,414.0,4.35,
the pedestrian,The Pedestrian,The Pedestrian,The Pedestrian,the-pedestrian,1.0,2020.0,2020.0,high,2020-01-29,1080.0,153.0,4.07,82.0
scarlet nexus,Scarlet Nexus,Scarlet Nexus,Scarlet Nexus,scarlet-nexus,1.0,2021.0,2021.0,high,2021-06-25,1862.0,216.0,3.62,79.0
immortal realms: vampire wars,Immortal Realms: Vampire Wars,Immortal Realms: Vampire Wars,Immortal Realms: Vampire Wars,immortal-realms-vampire-wars,1.0,2019.0,2020.0,high,2020-08-27,89.0,8.0,3.12,
iron harvest,Iron Harvest,Iron Harvest,Iron Harvest,iron-harvest,1.0,2020.0,2020.0,high,2020-08-31,1645.0,115.0,3.33,75.0
tropico 6,Tropico 6,Tropico 6,Tropico 6,tropico-6,1.0,2019.0,2019.0,high,2019-03-28,1551.0,161.0,3.82,76.0
secret neighbor,Secret Neighbor,Secret Neighbor,Secret Neighbor,secret-neighbor,1.0,2019.0,2019.0,high,2019-10-23,1036.0,37.0,3.11,
dead end job,Dead End Job,Dead End Job,Dead End Job,dead-end-job,1.0,2019.0,2019.0,high,2019-09-19,170.0,6.0,2.83,
lake,Lake,Lake,Lake,lake,1.0,2021.0,2021.0,high,2021-09-01,683.0,128.0,3.28,73.0
race with ryan,Race With Ryan,Race With Ryan,Race With Ryan,race-with-ryan,1.0,2019.0,2019.0,high,2019-11-01,112.0,4.0,0.0,
record of lodoss war: deedlit in wonder labyrinth,Record of Lodoss War: Deedlit in Wonder Labyrinth,Record of Lodoss War: Deedlit in Wonder Labyrinth,Record of Lodoss War: Deedlit in Wonder Labyrinth,record-of-lodoss-war-deedlit-in-wonder-labyrinth,1.0,2020.0,2021.0,high,2021-03-27,626.0,61.0,4.13,78.0
transformers: battlegrounds,Transformers: Battlegrounds,Transformers: Battlegrounds,TRANSFORMERS: BATTLEGROUNDS,transformers-battlegrounds,1.0,2020.0,2020.0,high,2020-10-22,90.0,6.0,2.5,
one piece: pirate warriors 4,One Piece: Pirate Warriors 4,One Piece: Pirate Warriors 4,ONE PIECE: PIRATE WARRIORS 4,one-piece-pirate-warriors-4,1.0,2020.0,2020.0,high,2020-03-26,372.0,49.0,3.63,
neoverse,Neoverse,Neoverse,NEOVERSE,neoverse-2,1.0,2019.0,2019.0,high,2019-01-09,798.0,34.0,3.0,
dragon quest xi s: echoes of an elusive age - definitive edition,Dragon Quest XI S: Echoes of an Elusive Age - Definitive Edition,Dragon Quest XI S: Echoes of an Elusive Age,DRAGON QUEST XI S: Echoes of an Elusive Age - Definitive Edition,dragon-quest-xi-s-echoes-of-an-elusive-age-definit,1.0,2017.0,2019.0,medium,2019-09-27,373.0,43.0,4.25,91.0
rory mcilroy pga tour,Rory McIlroy PGA Tour,Rory McIlroy PGA Tour,Rory McIlroy PGA Tour,rory-mcilroy-pga-tour,1.0,2015.0,2015.0,high,2015-07-14,4.0,1.0,0.0,
praetorians - hd remaster,Praetorians - HD Remaster,Praetorians - HD Remaster,Praetorians - HD Remaster,praetorians-hd-remaster,1.0,2020.0,2020.0,high,2020-01-24,89.0,4.0,0.0,56.0
space warlord organ trading simulator,Space Warlord Organ Trading Simulator,Space Warlord Organ Trading Simulator,Space Warlord Organ Trading Simulator,space-warlord-organ-trading-simulator,1.0,2021.0,2021.0,high,2021-12-06,256.0,33.0,2.91,
archvale,Archvale,Archvale,Archvale,archvale,1.0,2021.0,2021.0,high,2021-12-02,269.0,34.0,3.74,
final fantasy xiii-2,Final Fantasy XIII-2,Final Fantasy XIII-2,FINAL FANTASY XIII-2,final-fantasy-xiii-2,1.0,2011.0,2011.0,high,2011-12-15,2102.0,305.0,3.53,
"warhammer 40,000: battlesector","Warhammer 40,000: Battlesector","Warhammer 40,000: Battlesector","Warhammer 40,000: Battlesector",warhammer-40000-battlesector,1.0,2021.0,2021.0,high,2021-07-15,319.0,15.0,3.29,72.0
mind scanners,Mind Scanners,Mind Scanners,Mind Scanners,mind-scanners,1.0,2021.0,2021.0,high,2021-05-20,774.0,30.0,3.26,
deeeer simulator,DEEEER Simulator,DEEEER Simulator,DEEEER Simulator,deeeer-simulator,1.0,2020.0,,high,,69.0,14.0,3.5,
undungeon,Undungeon,Undungeon,Undungeon,undungeon-2,1.0,2021.0,2021.0,high,2021-11-18,193.0,14.0,2.67,
bomber crew deluxe edition,Bomber Crew Deluxe Edition,Bomber Crew,Bomber Crew,bomber-crew,1.0,2017.0,2017.0,high,2017-10-19,2859.0,141.0,3.11,75.0
fae tactics,Fae Tactics,Fae Tactics,Fae Tactics,fae-tactics,1.0,2020.0,2020.0,high,2020-07-30,887.0,20.0,3.0,
next space rebels,Next Space Rebels,Next Space Rebels,Next Space Rebels,next-space-rebels,1.0,2021.0,2021.0,high,2021-11-17,95.0,3.0,0.0,
one step from eden,One Step from Eden,One Step from Eden,One Step From Eden,one-step-from-eden,1.0,2020.0,2018.0,medium,2018-09-04,1174.0,55.0,3.71,
football manager 2022,Football Manager 2022,Football Manager 2022,Football Manager 2022,football-manager-2022,1.0,2021.0,2021.0,high,2021-11-08,316.0,49.0,3.92,
alan wake's american nightmare,Alan Wake's American Nightmare,Alan Wake's American Nightmare,Alan Wake's American Nightmare,alan-wakes-american-nightmare,1.0,2012.0,2012.0,high,2012-02-22,6191.0,830.0,3.41,73.0
bassmaster fishing 2022,Bassmaster Fishing 2022,Bassmaster Fishing 2022,Bassmaster Fishing 2022,bassmaster-fishing-2022,1.0,2021.0,2021.0,high,2021-10-28,62.0,3.0,0.0,
nongunz: doppelganger edition,Nongunz: Doppelganger Edition,Nongunz: Doppelganger Edition,Nongunz: Doppelganger Edition,nongunz-doppelganger-edition,1.0,2021.0,2021.0,high,2021-05-05,651.0,11.0,2.0,
the forgotten city,The Forgotten City,The Forgotten City,The Forgotten City,forgotten-city,1.0,2021.0,2021.0,high,2021-07-28,1636.0,258.0,4.23,
project wingman,Project Wingman,Project Wingman,Project Wingman,project-wingman,1.0,2020.0,2020.0,high,2020-11-30,984.0,29.0,3.9,75.0
second extinction (game preview),Second Extinction (Game Preview),Second Extinction,Second Extinction (Game Preview),second-extinction-game-preview,1.0,2020.0,,high,,2.0,0.0,0.0,
sniper elite 4,Sniper Elite 4,Sniper Elite 4,Sniper Elite 4,sniper-elite-4,1.0,2017.0,2017.0,high,2017-02-13,4833.0,754.0,3.59,78.0
double kick heroes,Double Kick Heroes,Double Kick Heroes,Double Kick Heroes,double-kick-heroes,1.0,2018.0,2018.0,high,2018-04-11,276.0,15.0,3.5,
into the pit,Into the Pit,Into the Pit,Into the Pit,into-the-pit-2,1.0,2021.0,2021.0,high,2021-10-19,383.0,27.0,3.0,
bloodroots,Bloodroots,Bloodroots,Bloodroots,bloodroots,1.0,2020.0,2020.0,high,2020-02-28,380.0,42.0,3.45,
dirt 4,DiRT 4,DiRT 4,DiRT 4,dirt-4,1.0,2017.0,2017.0,high,2017-06-06,1997.0,261.0,3.6,78.0
dirt rally,DiRT Rally,DiRT Rally,DiRT Rally,dirt-rally,1.0,2015.0,2015.0,high,2015-12-07,7013.0,674.0,3.68,86.0
portal 2,Portal 2,Portal 2,Portal 2,portal-2,1.0,2011.0,2011.0,high,2011-04-18,20976.0,6142.0,4.57,95.0
the procession to calvary,The Procession to Calvary,The Procession to Calvary,The Procession to Calvary,the-procession-to-calvary,1.0,2020.0,2020.0,high,2020-04-08,408.0,36.0,4.19,
visage,Visage,Visage,Visage,visage,1.0,2018.0,2020.0,medium,2020-10-30,916.0,132.0,3.37,80.0
ai: the somnium files,AI: The Somnium Files,AI: The Somnium Files,AI: The Somnium Files,ai-the-somnium-files,1.0,2019.0,2019.0,high,2019-09-17,1079.0,137.0,4.25,82.0
astria ascending,Astria Ascending,Astria Ascending,Astria Ascending,astria-ascending,1.0,2021.0,2021.0,high,2021-09-30,191.0,14.0,2.93,
unsighted,Unsighted,Unsighted,Unsighted,unsighted,1.0,2021.0,2021.0,high,2021-09-30,375.0,42.0,4.2,85.0
dandy ace,Dandy Ace,Dandy Ace,Dandy Ace,dandy-ace,1.0,2021.0,2021.0,high,2021-03-25,192.0,17.0,2.79,78.0
lemnis gate,Lemnis Gate,Lemnis Gate,LEMNIS GATE,lemnis-gate,1.0,2021.0,2021.0,high,2021-09-28,184.0,15.0,3.12,77.0
subnautica: below zero,Subnautica: Below Zero,Subnautica: Below Zero,Subnautica: Below Zero,subnautica-below-zero,1.0,2019.0,2021.0,medium,2021-05-14,2070.0,317.0,4.0,80.0
going under,Going Under,Going Under,Going Under,going-under,1.0,2020.0,2020.0,high,2020-09-24,1794.0,74.0,3.7,78.0
thrillville,Thrillville,Thrillville,Thrillville,thrillville,1.0,2006.0,2006.0,high,2006-11-21,21.0,3.0,0.0,69.0
mighty goose,Mighty Goose,Mighty Goose,Mighty Goose,mighty-goose,1.0,2021.0,2021.0,high,2021-06-05,243.0,28.0,3.86,72.0
lost words: beyond the page,Lost Words: Beyond the Page,Lost Words: Beyond the Page,Lost Words: Beyond the Page,lost-words-beyond-the-page,1.0,2020.0,2021.0,high,2021-04-05,269.0,22.0,3.91,77.0
i am fish,I Am Fish,I Am Fish,I Am Fish,i-am-fish,1.0,2021.0,2021.0,high,2021-09-16,1121.0,55.0,3.11,
skatebird,SkateBird,SkateBird,SkateBIRD,skatebird,1.0,2021.0,2021.0,high,2021-09-16,552.0,63.0,2.08,59.0
flynn: son of crimson,Flynn: Son of Crimson,Flynn: Son of Crimson,Flynn: Son of Crimson,flynn-son-of-crimson,1.0,2021.0,2021.0,high,2021-09-15,377.0,29.0,3.26,79.0
the artful escape,The Artful Escape,The Artful Escape,The Artful Escape,the-artful-escape,1.0,2021.0,2021.0,high,2021-09-09,870.0,137.0,4.07,80.0
craftopia,Craftopia,Craftopia,Craftopia,craftopia-2,1.0,2020.0,,high,,599.0,44.0,2.84,
final fantasy xiii,Final Fantasy XIII,Final Fantasy XIII,FINAL FANTASY XIII,final-fantasy-xiii,1.0,2010.0,2009.0,high,2009-12-17,4038.0,690.0,3.47,77.0
bug fables: the everlasting sapling,Bug Fables: The Everlasting Sapling,Bug Fables: The Everlasting Sapling,Bug Fables: The Everlasting Sapling,bug-fables,1.0,2019.0,2019.0,high,2019-11-20,302.0,19.0,4.0,
monaco: what's yours is mine,Monaco: What's Yours is Mine,Monaco: What's Yours is Mine,Monaco: What's Yours Is Mine,monaco-whats-yours-is-mine,1.0,2013.0,2013.0,high,2013-04-24,5030.0,366.0,2.99,83.0
nba 2k22,NBA 2K22,NBA 2K22,NBA 2K22,nba-2k22,1.0,2021.0,2021.0,high,2021-09-10,360.0,40.0,2.9,
signs of the sojourner,Signs of the Sojourner,Signs of the Sojourner,Signs of the Sojourner,signs-of-the-sojourner,1.0,2020.0,2019.0,high,2019-09-18,130.0,18.0,3.44,
myst (2021),Myst (2021),Myst (2021),Myst (2021),myst2020,1.0,2021.0,2021.0,high,2021-08-26,130.0,37.0,3.5,
twelve minutes,Twelve Minutes,Twelve Minutes,Twelve Minutes,12-minutes-2,1.0,2021.0,2021.0,high,2021-08-19,2205.0,584.0,3.54,69.0
saints row 2,Saints Row 2,Saints Row 2,Saints Row 2,saints-row-2,1.0,2008.0,2008.0,high,2008-10-14,7553.0,899.0,3.57,78.0
boyfriend dungeon,Boyfriend Dungeon,Boyfriend Dungeon,Boyfriend Dungeon,boyfriend-dungeon,1.0,2021.0,2021.0,high,2021-08-11,397.0,47.0,3.44,72.0
library of ruina,Library of Ruina,Library of Ruina,Library Of Ruina,library-of-ruina,1.0,2020.0,2021.0,high,2021-08-10,443.0,23.0,3.35,
curse of the dead gods,Curse of the Dead Gods,Curse of the Dead Gods,Curse of the Dead Gods,curse-of-the-dead-gods,1.0,2021.0,2021.0,high,2021-02-23,1547.0,190.0,3.63,81.0
starmancer (game preview),Starmancer (Game Preview),Starmancer,Starmancer,starmancer,1.0,2021.0,2021.0,high,2021-08-04,93.0,4.0,0.0,
beasts of maravilla island,Beasts of Maravilla Island,Beasts of Maravilla Island,Beasts of Maravilla Island,beasts-of-maravilla-island,1.0,,2021.0,high,2021-06-12,220.0,9.0,3.0,
dodgeball academia,Dodgeball Academia,Dodgeball Academia,Dodgeball Academia,dodgeball-academia,1.0,2021.0,2021.0,high,2021-08-05,360.0,40.0,3.67,
katamari damacy reroll,Katamari Damacy Reroll,Katamari Damacy Reroll,Katamari Damacy REROLL,katamari-damacy-reroll,1.0,2018.0,2018.0,high,2018-12-06,1069.0,162.0,4.35,81.0
lumines: remastered,Lumines: Remastered,Lumines: Remastered,Lumines Remastered,lumines-remastered,1.0,2018.0,2018.0,high,2018-06-26,505.0,50.0,4.06,
omno,OMNO,OMNO,Omno,omno,1.0,2018.0,2021.0,medium,2021-07-29,1207.0,92.0,3.51,76.0
raji: an ancient epic,Raji: An Ancient Epic,Raji: An Ancient Epic,Raji: An Ancient Epic,raji-an-ancient-epis,1.0,2020.0,2020.0,high,2020-08-18,1067.0,57.0,3.2,70.0
thrillville: off the rails,Thrillville: Off the Rails,Thrillville: Off the Rails,Thrillville: Off the Rails,thrillville-otr,1.0,2007.0,2007.0,high,2007-10-08,227.0,19.0,3.05,70.0
lethal league blaze,Lethal League Blaze,Lethal League Blaze,Lethal League Blaze,lethal-league-blaze,1.0,2018.0,2018.0,high,2018-10-24,1190.0,69.0,3.97,82.0
atomicrops,Atomicrops,Atomicrops,Atomicrops,atomicrops,1.0,2019.0,2019.0,high,2019-09-05,849.0,20.0,3.36,73.0
children of morta,Children of Morta,Children of Morta,Children of Morta,children-of-morta,1.0,2019.0,2019.0,high,2019-09-03,3302.0,398.0,3.92,80.0
fifa 20,FIFA 20,FIFA 20,FIFA 20,fifa-20,1.0,2019.0,2019.0,high,2019-09-27,2207.0,478.0,3.18,68.0
raskulls,Raskulls,Raskulls,Raskulls,raskulls,1.0,2010.0,2010.0,high,2010-12-29,129.0,7.0,2.71,
last stop,Last Stop,Last Stop,Last Stop,last-stop,1.0,2021.0,2021.0,high,2021-07-22,509.0,75.0,3.37,68.0
motogp 20,MotoGP 20,MotoGP 20,MotoGP 20,motogp-20,1.0,2020.0,2020.0,high,2020-04-23,112.0,21.0,3.38,
the inner world – the last wind monk,The Inner World – The Last Wind Monk,The Inner World – The Last Wind Monk,The Inner World: The Last Wind Monk,the-inner-world-the-last-wind-monk,1.0,2017.0,2017.0,high,2017-07-13,179.0,19.0,4.0,
worms rumble,Worms Rumble,Worms Rumble,Worms Rumble,worms-rumble,1.0,2020.0,2020.0,high,2020-12-01,1795.0,108.0,2.55,67.0
dungeons & dragons: dark alliance,Dungeons & Dragons: Dark Alliance,Dungeons & Dragons: Dark Alliance,Dungeons & Dragons: Dark Alliance,dark-alliance,1.0,2021.0,2021.0,high,2021-06-21,521.0,79.0,2.4,56.0
greedfall,GreedFall,GreedFall,GreedFall,greedfall,1.0,2019.0,2019.0,high,2019-09-10,3262.0,406.0,3.34,74.0
capsized,Capsized,Capsized,Capsized,capsized,1.0,2011.0,2011.0,high,2011-04-28,1905.0,96.0,2.82,80.0
cryptark,Cryptark,Cryptark,CRYPTARK,cryptark,1.0,2017.0,2015.0,medium,2015-10-07,748.0,21.0,3.18,80.0
dungeons of dredmor: complete,Dungeons of Dredmor: Complete,Dungeons of Dredmor: Complete,Dungeons of Dredmor,dungeons-of-dredmor,0.9,2011.0,2011.0,high,2011-07-13,1936.0,145.0,3.43,79.0
hiveswap: act 1,HIVESWAP: Act 1,HIVESWAP: Act 1,HIVESWAP: Act 1,hiveswap-act-1,1.0,2017.0,2017.0,high,2017-09-13,1529.0,64.0,2.56,
stealth bastard deluxe,Stealth Bastard Deluxe,Stealth Bastard Deluxe,Stealth Bastard Deluxe,stealth-bastard-deluxe,1.0,2012.0,2012.0,high,2012-11-28,1590.0,75.0,3.31,80.0
yoku's island express,Yoku's Island Express,Yoku's Island Express,Yoku's Island Express,yokus-island-express,1.0,2018.0,2018.0,high,2018-05-28,2270.0,216.0,4.14,
spellforce 3: soul harvest,SpellForce 3: Soul Harvest,SpellForce 3: Soul Harvest,SpellForce 3: Soul Harvest,spellforce-3-soul-harvest,1.0,2019.0,2019.0,high,2019-05-28,400.0,22.0,3.96,80.0
"yes, your grace","Yes, Your Grace","Yes, Your Grace","Yes, Your Grace",yes-your-grace,1.0,2020.0,2020.0,high,2020-03-06,1463.0,155.0,3.83,
nhl 20,NHL 20,NHL 20,NHL 20,nhl-20,1.0,2019.0,2019.0,high,2019-09-13,168.0,24.0,3.33,81.0
the catch: carp & coarse fishing,The Catch: Carp & Coarse Fishing,The Catch: Carp & Coarse Fishing,The Catch: Carp & Coarse,the-catch-carp-coarse,0.9,2020.0,2020.0,high,2020-06-30,61.0,2.0,0.0,
the wild at heart,The Wild at Heart,The Wild at Heart,The Wild at Heart,the-wild-at-heart,1.0,2021.0,2021.0,high,2021-05-19,351.0,42.0,3.65,76.0
final fantasy x/x-2 hd remaster,Final Fantasy X/X-2 HD Remaster,Final Fantasy X/X-2 HD Remaster,FINAL FANTASY X/X-2 HD Remaster,final-fantasy-xx-2-hd-remaster,1.0,2013.0,2013.0,high,2013-12-26,2507.0,290.0,4.34,85.0
grand theft auto: san andreas - the definitive edition,Grand Theft Auto: San Andreas - The Definitive Edition,Grand Theft Auto: San Andreas,Grand Theft Auto: San Andreas – The Definitive Edition,grand-theft-auto-san-andreas-the-definitive-editio,1.0,2021.0,2021.0,high,2021-11-11,1193.0,165.0,3.14,
mx vs. atv: alive,MX vs. ATV: Alive,MX vs. ATV: Alive,MX vs. ATV Alive,mx-vs-atv-alive-2,1.0,2011.0,2011.0,high,2011-05-10,386.0,44.0,2.49,
another sight,Another Sight,Another Sight,Another Sight,another-sight,1.0,2018.0,2018.0,high,2018-09-06,78.0,5.0,0.0,
outlast 2,Outlast 2,Outlast 2,Outlast 2,outlast-2,1.0,2017.0,2017.0,high,2017-04-24,4552.0,740.0,3.68,76.0
cricket 19,Cricket 19,Cricket 19,Cricket 19,cricket-19,1.0,2019.0,2019.0,high,2019-05-28,55.0,13.0,3.77,73.0
streets of rage 4,Streets of Rage 4,Streets of Rage 4,Streets of Rage 4,streets-of-rage-4,1.0,2020.0,2020.0,high,2020-04-30,2681.0,495.0,4.08,84.0
f1 2019,F1 2019,F1 2019,F1 2019,f1-2019,1.0,2019.0,2019.0,high,2019-06-28,1447.0,130.0,3.65,87.0
outpost kaloki x,Outpost Kaloki X,Outpost Kaloki X,Outpost Kaloki X,outpost-kaloki-x,1.0,2010.0,2010.0,high,2010-01-04,195.0,17.0,2.35,
street power football,Street Power Football,Street Power Football,Street Power Football,street-power-football,1.0,2020.0,2020.0,high,2020-08-25,31.0,4.0,0.0,41.0
rain on your parade,Rain on Your Parade,Rain on Your Parade,Rain on Your Parade,rain-on-your-parade,1.0,2021.0,2021.0,high,2021-04-15,622.0,93.0,3.41,78.0
spongebob's truth or square,Spongebob's Truth or Square,Spongebob's Truth or Square,SpongeBob's Truth or Square,spongebobs-truth-or-square,1.0,2009.0,2009.0,high,2009-10-26,19.0,8.0,3.44,
the flame in the flood,The Flame in the Flood,The Flame in the Flood,The Flame in the Flood,the-flame-in-the-flood,1.0,2016.0,2016.0,high,2016-02-23,4998.0,396.0,2.89,73.0
narita boy,Narita Boy,Narita Boy,Narita Boy,narita-boy,1.0,2021.0,2021.0,high,2021-03-30,1830.0,77.0,3.33,75.0
madden nfl 20,Madden NFL 20,Madden NFL 20,Madden NFL 20,madden-nfl-20,1.0,2019.0,2019.0,high,2019-08-02,367.0,56.0,2.84,
shadow warrior 2,Shadow Warrior 2,Shadow Warrior 2,Shadow Warrior 2,shadow-warrior-2,1.0,2016.0,2016.0,high,2016-10-12,4144.0,607.0,3.52,78.0
aragami,Aragami,Aragami,Aragami,aragami,1.0,2016.0,2016.0,high,2016-10-03,1936.0,226.0,3.62,71.0
the sexy brutale,The Sexy Brutale,The Sexy Brutale,The Sexy Brutale,the-sexy-brutale,1.0,2017.0,2017.0,high,2017-03-31,1720.0,149.0,3.74,83.0
sacred 2: fallen angel,Sacred 2: Fallen Angel,Sacred 2: Fallen Angel,Sacred 2: Fallen Angel,sacred-2-fallen-angel,1.0,2008.0,2008.0,high,2008-10-10,344.0,68.0,3.12,71.0
aerial_knight's never yield,Aerial_Knight's Never Yield,Aerial_Knight's Never Yield,Aerial_Knights Never Yield,aerial_knights-never-yield,0.981,2021.0,2021.0,high,2021-05-19,44.0,2.0,0.0,70.0
torchlight iii,Torchlight III,Torchlight III,Torchlight III,torchlight-iii,1.0,2020.0,2020.0,high,2020-10-13,828.0,90.0,2.89,64.0
phogs!,PHOGS!,PHOGS!,PHOGS!,phogs,1.0,2020.0,2020.0,high,2020-12-03,227.0,38.0,3.18,78.0
nier automata: become as gods edition,NieR Automata: Become as Gods Edition,NieR Automata: Become as Gods Edition,NieR:Automata BECOME AS GODS Edition,nierautomata-become-as-gods-edition,1.0,2017.0,2018.0,high,2018-06-26,12.0,2.0,0.0,90.0
the surge 2,The Surge 2,The Surge 2,The Surge 2,the-surge-2,1.0,2019.0,2019.0,high,2019-09-24,1989.0,170.0,3.56,76.0
titanfall: deluxe edition,Titanfall: Deluxe Edition,Titanfall,Titanfall,titanfall,1.0,2014.0,2014.0,high,2014-03-11,2108.0,431.0,4.0,85.0
band of bugs,Band of Bugs,Band of Bugs,Band of Bugs,band-of-bugs,1.0,2007.0,2007.0,high,2007-12-03,119.0,7.0,1.86,
broken sword 5: the serpent's curse,Broken Sword 5: The Serpent's Curse,Broken Sword 5: The Serpent's Curse,Broken Sword 5 - The Serpent's Curse,broken-sword-5,1.0,2013.0,2013.0,high,2013-12-03,1393.0,105.0,3.56,
killer queen black,Killer Queen Black,Killer Queen Black,Killer Queen Black,killer-queen-black,1.0,2019.0,2018.0,high,2018-12-01,123.0,6.0,3.29,
touhou luna nights,Touhou Luna Nights,Touhou Luna Nights,Touhou Luna Nights,touhou-luna-nights,1.0,2019.0,2018.0,high,2018-08-20,653.0,98.0,3.83,
kingdom hearts iii,Kingdom Hearts III,Kingdom Hearts III,Kingdom Hearts III,kingdom-hearts-iii,1.0,2019.0,2019.0,high,2019-01-25,2695.0,537.0,3.86,82.0
stealth inc 2: a game of clones,Stealth Inc 2: A Game of Clones,Stealth Inc 2: A Game of Clones,Stealth Inc 2: A Game of Clones,stealth-inc-2-game-of-clones,1.0,2014.0,2014.0,high,2014-10-30,3100.0,222.0,2.84,79.0
hydrophobia,Hydrophobia,Hydrophobia,Hydrophobia,hydrophobia,1.0,2010.0,2010.0,high,2010-08-12,457.0,50.0,2.98,59.0
aground,Aground,Aground,Aground,aground,1.0,2018.0,2018.0,high,2018-08-08,221.0,18.0,3.44,
final fantasy xii: the zodiac age,Final Fantasy XII: The Zodiac Age,Final Fantasy XII: The Zodiac Age,Final Fantasy XII: The Zodiac Age,final-fantasy-xii-the-zodiac-age,1.0,2017.0,2017.0,high,2017-07-11,1344.0,234.0,4.23,87.0
the medium,The Medium,The Medium,The Medium,medium,1.0,2021.0,2021.0,high,2021-01-28,2054.0,405.0,3.53,74.0
code vein,Code Vein,Code Vein,Code Vein,code-vein,1.0,2019.0,2019.0,high,2019-09-26,3004.0,368.0,3.5,72.0
furi,Furi,Furi,Furi,furi,1.0,2016.0,2016.0,high,2016-07-04,4008.0,712.0,3.93,76.0
space invaders: infinity gene,Space Invaders: Infinity Gene,Space Invaders: Infinity Gene,Space Invaders: Infinity Gene,space-invaders-infinity-gene-2,1.0,2009.0,2009.0,high,2009-07-27,6.0,0.0,0.0,
neurovoider,NeuroVoider,NeuroVoider,NeuroVoider,neurovoider,1.0,2016.0,2016.0,high,2016-08-30,1107.0,43.0,3.16,
cyber shadow,Cyber Shadow,Cyber Shadow,Cyber Shadow,cyber-shadow,1.0,2021.0,2021.0,high,2021-01-26,450.0,68.0,3.8,80.0
nowhere prophet,Nowhere Prophet,Nowhere Prophet,Nowhere Prophet,nowhere-prophet,1.0,2017.0,2016.0,high,2016-08-29,773.0,13.0,3.33,
legrand legacy: tale of the fatebounds,LEGRAND LEGACY: Tale of the Fatebounds,LEGRAND LEGACY: Tale of the Fatebounds,LEGRAND LEGACY: Tale of the Fatebounds,legrand-legacy,1.0,2018.0,2018.0,high,2018-01-23,270.0,4.0,0.0,
trine 2: complete story,Trine 2: Complete Story,Trine 2: Complete Story,Trine 2: Complete Story,trine-2-complete-story,1.0,2011.0,2013.0,medium,2013-06-05,7461.0,899.0,3.72,84.0
radiant silvergun,Radiant Silvergun,Radiant Silvergun,Radiant Silvergun,radiant-silvergun,1.0,1998.0,1998.0,high,1998-07-23,171.0,13.0,4.0,
tropico 5 – penultimate edition,Tropico 5 – Penultimate Edition,Tropico 5 – Pen,Tropico 5,tropico-5,0.9,2014.0,2014.0,high,2014-05-22,3811.0,548.0,3.64,75.0
ghost of a tale,Ghost of a Tale,Ghost of a Tale,Ghost of a Tale,ghost-of-a-tale,1.0,2018.0,2018.0,high,2018-03-13,1918.0,166.0,3.85,77.0
desperados iii,Desperados III,Desperados III,Desperados III,desperados-iii,1.0,2020.0,2020.0,high,2020-06-15,2113.0,220.0,4.33,84.0
yiik: a postmodern rpg,YIIK: A Postmodern RPG,YIIK: A Postmodern RPG,YIIK: A Postmodern RPG,yiik-a-postmodern-rpg,1.0,2019.0,2019.0,high,2019-01-17,77.0,13.0,1.92,
mount & blade: warband,Mount & Blade: Warband,Mount & Blade: Warband,Mount & Blade: Warband,mount-blade-warband,1.0,2010.0,2010.0,high,2010-03-30,4145.0,746.0,4.36,78.0
playerunknown's battlegrounds,PlayerUnknown's Battlegrounds,PlayerUnknown's Battlegrounds,PlayerUnknown’s Battlegrounds,playerunknowns-battlegrounds,1.0,2017.0,2017.0,high,2017-12-20,10727.0,2010.0,3.28,81.0
insanely twisted shadow planet,Insanely Twisted Shadow Planet,Insanely Twisted Shadow Planet,Insanely Twisted Shadow Planet,insanely-twisted-shadow-planet,1.0,2011.0,2011.0,high,2011-08-03,1287.0,73.0,3.59,76.0
efootball pes 2021,eFootball PES 2021,eFootball PES 2021,eFootball PES 2021,efootball-pes-2021,1.0,2020.0,2020.0,high,2020-09-15,565.0,96.0,3.74,73.0
the little acre,The Little Acre,The Little Acre,The Little Acre,the-little-acre,1.0,2016.0,2016.0,high,2016-12-12,817.0,56.0,3.5,62.0
orcs must die!,Orcs Must Die!,Orcs Must Die!,Orcs Must Die!,orcs-must-die,1.0,2011.0,2011.0,high,2011-10-05,3489.0,434.0,3.7,83.0
kingdom two crowns,Kingdom Two Crowns,Kingdom Two Crowns,Kingdom: Two Crowns,kingdom-two-crowns,1.0,2018.0,2018.0,high,2018-12-10,2227.0,203.0,4.14,85.0
wilmot's warehouse,Wilmot's Warehouse,Wilmot's Warehouse,Wilmot's Warehouse,wilmots-warehouse,1.0,2019.0,2017.0,medium,2017-10-03,307.0,44.0,4.02,
unto the end,Unto the End,Unto the End,Unto The End,unto-the-end,1.0,2020.0,2020.0,high,2020-12-09,311.0,48.0,3.16,70.0
the dark pictures anthology: man of medan,The Dark Pictures Anthology: Man Of Medan,The Dark Pictures Anthology: Man Of Medan,The Dark Pictures Anthology: Man of Medan,man-of-medan,1.0,2019.0,2019.0,high,2019-08-30,3531.0,769.0,3.63,71.0
lego batman 2 dc super heroes,Lego Batman 2 DC Super Heroes,Lego Batman 2 DC Super Heroes,LEGO Batman 2 DC Super Heroes,lego-batman-2,1.0,2012.0,2012.0,high,2012-06-19,3106.0,365.0,3.68,75.0
football manager 2021,Football Manager 2021,Football Manager 2021,Football Manager 2021,football-manager-2021,1.0,2020.0,2020.0,high,2020-11-23,329.0,78.0,4.15,82.0
mørkredd,Mørkredd,Mørkredd,Morkredd,morkredd,0.875,2020.0,2020.0,medium,2020-12-10,1053.0,41.0,3.02,
va-11 hall-a: cyberpunk bartender action,Va-11 Hall-A: Cyberpunk Bartender Action,Va-11 Hall-A: Cyberpunk Bartender Action,VA-11 Hall-A: Cyberpunk Bartender Action,va-11-hall-a,1.0,2016.0,2016.0,high,2016-06-21,2326.0,443.0,4.37,81.0
fifa 19,FIFA 19,FIFA 19,FIFA 19,fifa-19,1.0,2018.0,2018.0,high,2018-09-28,2420.0,652.0,3.31,80.0
sinner: sacrifice for redemption,SINNER: Sacrifice for Redemption,SINNER: Sacrifice for Redemption,SINNER: Sacrifice for Redemption,sinner-sacrifice-for-redemption,1.0,2018.0,2018.0,high,2018-10-18,349.0,40.0,3.0,61.0
rocket knight,Rocket Knight,Rocket Knight,Rocket Knight,rocket-knight,1.0,2010.0,2010.0,high,2010-05-11,295.0,16.0,2.69,
star renegades,Star Renegades,Star Renegades,Star Renegades,star-renegades,1.0,2020.0,2020.0,high,2020-09-08,497.0,34.0,3.4,74.0
final fantasy viii: remastered,Final Fantasy VIII: Remastered,Final Fantasy VIII: Remastered,Final Fantasy VIII Remastered,final-fantasy-viii-remastered,1.0,2019.0,2019.0,high,2019-09-02,945.0,110.0,4.15,79.0
planet coaster,Planet Coaster,Planet Coaster,Planet Coaster,planet-coaster,1.0,2016.0,2016.0,high,2016-11-17,2828.0,294.0,3.78,83.0
streets of rogue,Streets of Rogue,Streets of Rogue,Streets of Rogue,streets-of-rogue,1.0,2019.0,2017.0,medium,2017-03-10,1446.0,166.0,3.83,
the gardens between,The Gardens Between,The Gardens Between,The Gardens Between,the-gardens-between,1.0,2018.0,2018.0,high,2018-09-20,1285.0,228.0,3.83,79.0
resident evil code: veronica x,Resident Evil Code: Veronica X,Resident Evil Code: Veronica X,Resident Evil - Code: Veronica X,resident-evil-code-veronica-x-2,1.0,2001.0,2001.0,high,2001-03-22,143.0,57.0,3.91,72.0
aaero,Aaero,Aaero,Aaero,aaero,1.0,2017.0,2017.0,high,2017-04-11,1030.0,46.0,2.78,
comanche,Comanche,Comanche,Comanche,comanche,1.0,2020.0,,high,,53.0,4.0,0.0,
eastshade,Eastshade,Eastshade,Eastshade,eastshade,1.0,2019.0,2019.0,high,2019-02-13,687.0,89.0,3.64,
knights and bikes,Knights and Bikes,Knights and Bikes,Knights And Bikes,knights-and-bikes,1.0,2019.0,2019.0,high,2019-08-27,337.0,43.0,3.33,80.0
five nights at freddy's,Five Nights at Freddy's,Five Nights at Freddy's,Five Nights at Freddy's,five-nights-at-freddys,1.0,2014.0,2014.0,high,2014-07-24,1755.0,325.0,3.51,78.0
five nights at freddy's 2,Five Nights at Freddy's 2,Five Nights at Freddy's 2,Five Nights at Freddy's 2,five-nights-at-freddys-2,1.0,2014.0,2014.0,high,2014-11-10,869.0,174.0,3.64,62.0
five nights at freddy's 3,Five Nights at Freddy's 3,Five Nights at Freddy's 3,Five Nights at Freddy's 3,five-nights-at-freddys-3,1.0,2015.0,2015.0,high,2015-03-02,687.0,128.0,3.3,68.0
five nights at freddy's 4,Five Nights at Freddy's 4,Five Nights at Freddy's 4,Five Nights at Freddy's 4,five-nights-at-freddys-4,1.0,2015.0,2015.0,high,2015-07-23,541.0,105.0,3.41,51.0
unruly heroes,Unruly Heroes,Unruly Heroes,Unruly Heroes,unruly-heroes,1.0,2019.0,2019.0,high,2019-01-23,477.0,70.0,3.6,77.0
carto,Carto,Carto,Carto,carto,1.0,2020.0,2020.0,high,2020-10-26,1302.0,105.0,3.9,75.0
home behind,Home Behind,Home Behind,Home Behind,home-behind,1.0,2017.0,2016.0,high,2016-06-02,186.0,23.0,2.96,
shio,Shio,Shio,Shio,shio,1.0,2018.0,2017.0,high,2017-05-04,60.0,6.0,3.33,
shantae: half-genie hero,Shantae: Half-Genie Hero,Shantae: Half-Genie Hero,Shantae: Half-Genie Hero,shantae-half-genie-hero,1.0,2016.0,2016.0,high,2016-12-20,757.0,127.0,3.77,76.0
castlevania: harmony of despair,Castlevania: Harmony of Despair,Castlevania: Harmony of Despair,Castlevania: Harmony of Despair,castlevania-harmony-of-despair-2,1.0,2010.0,2010.0,high,2010-07-28,204.0,29.0,3.31,68.0
mulaka,Mulaka,Mulaka,Mulaka,mulaka,1.0,2018.0,2018.0,high,2018-02-26,114.0,14.0,3.12,
gonner2,GoNNER2,GoNNER2,GONNER2,gonner2,1.0,2020.0,2020.0,high,2020-10-21,174.0,9.0,3.33,
heave ho,Heave Ho,Heave Ho,Heave Ho,heave-ho,1.0,2019.0,2019.0,high,2019-08-29,757.0,45.0,4.18,
katana zero,Katana Zero,Katana Zero,Katana ZERO,katana-zero,1.0,2019.0,2019.0,high,2019-04-17,4374.0,1160.0,4.39,83.0
tales of vesperia: definitive edition,Tales of Vesperia: Definitive Edition,Tales of Vesperia,Tales of Vesperia: Definitive Edition,tales-of-vesperia-definitive-edition,1.0,2019.0,2019.0,high,2019-01-10,1210.0,154.0,3.58,81.0
samurai shodown ii,Samurai Shodown II,Samurai Shodown II,SAMURAI SHODOWN II,samurai-shodown-ii,1.0,1994.0,1994.0,high,1994-10-27,303.0,36.0,3.32,
warhammer: chaosbane,Warhammer: Chaosbane,Warhammer: Chaosbane,Warhammer: Chaosbane,warhammer-chaosbane,1.0,2019.0,2019.0,high,2019-05-31,1333.0,89.0,3.05,70.0
ikenfell,Ikenfell,Ikenfell,Ikenfell,ikenfell,1.0,2020.0,2020.0,high,2020-10-07,873.0,22.0,3.26,72.0
kathy rain,Kathy Rain,Kathy Rain,Kathy Rain,kathy-rain,1.0,2016.0,2016.0,high,2016-05-05,2416.0,150.0,2.89,77.0
drake hollow,Drake Hollow,Drake Hollow,Drake Hollow,drake-hollow,1.0,2020.0,2020.0,high,2020-09-30,1078.0,54.0,3.52,75.0
zone of the enders hd collection,Zone of the Enders HD Collection,Zone of the Enders HD Collection,Zone of the Enders HD Collection,zone-of-the-enders-hd-collection,1.0,2012.0,2012.0,high,2012-10-25,46.0,11.0,4.09,
forza motorsport 7,Forza Motorsport 7,Forza Motorsport 7,Forza Motorsport 7,forza-motorsport-7,1.0,2017.0,2017.0,high,2017-10-03,1434.0,284.0,4.06,84.0
disgaea 4 complete+,Disgaea 4 Complete+,Disgaea 4 Complete+,Disgaea 4 Complete+,disgaea-4-complete,1.0,2019.0,2019.0,high,2019-10-29,229.0,14.0,3.21,
hotshot racing,Hotshot Racing,Hotshot Racing,Hotshot Racing,hotshot-racing,1.0,2020.0,2020.0,high,2020-09-10,1639.0,96.0,3.29,75.0
the dark crystal: age of resistance tactics,The Dark Crystal: Age of Resistance Tactics,The Dark Crystal: Age of Resistance Tactics,The Dark Crystal: Age of Resistance Tactics,the-dark-crystal-age-of-resistance-tactics,1.0,2020.0,2020.0,high,2020-02-04,52.0,5.0,2.83,61.0
thronebreaker: the witcher tales,Thronebreaker: The Witcher Tales,Thronebreaker: The Witcher Tales,Thronebreaker: The Witcher Tales,gwent-thronebreaker,1.0,2018.0,2018.0,high,2018-10-23,2450.0,496.0,4.06,83.0
red dead online,Red Dead Online,Red Dead Online,Red Dead Online,red-dead-online,1.0,2018.0,2018.0,high,2018-10-26,698.0,109.0,3.58,
star wars republic commando,Star Wars Republic Commando,Star Wars Republic Commando,Star Wars: Republic Commando,star-wars-republic-commando-2,1.0,2005.0,2005.0,high,2005-03-01,3473.0,531.0,4.19,78.0
vambrace: cold soul,Vambrace: Cold Soul,Vambrace: Cold Soul,Vambrace: Cold Soul,vambrace-cold-soul,1.0,2019.0,2019.0,high,2019-08-28,527.0,39.0,3.17,
garou: mark of the wolves,Garou: Mark of the Wolves,Garou: Mark of the Wolves,Garou: Mark of the Wolves,garou-mark-of-the-wolves,1.0,1998.0,1998.0,high,1998-12-31,307.0,36.0,3.81,
darksiders iii,Darksiders III,Darksiders III,Darksiders III,darksiders-iii,1.0,2018.0,2018.0,high,2018-11-27,3911.0,567.0,3.43,65.0
pyre,Pyre,Pyre,Pyre,pyre,1.0,2017.0,2017.0,high,2017-07-25,2928.0,484.0,4.16,84.0
mugsters,Mugsters,Mugsters,Mugsters,mugsters,1.0,2018.0,2018.0,high,2018-07-17,173.0,7.0,2.14,
nex machina,Nex Machina,Nex Machina,Nex Machina,nex-machina,1.0,2017.0,2017.0,high,2017-06-19,1769.0,153.0,3.9,89.0
renowned explorers: international society,Renowned Explorers: International Society,Renowned Explorers: International Society,Renowned Explorers: International Society,renowned-explorers-international-society,1.0,2015.0,2015.0,high,2015-09-01,968.0,60.0,3.6,
madden nfl 19,Madden NFL 19,Madden NFL 19,Madden NFL 19,madden-nfl-19,1.0,2018.0,2018.0,high,2018-08-10,325.0,73.0,3.19,80.0
lost planet 3,Lost Planet 3,Lost Planet 3,Lost Planet 3,lost-planet-3,1.0,2013.0,2013.0,high,2013-08-26,2220.0,190.0,3.28,60.0
rock of ages 3: make & break,Rock of Ages 3: Make & Break,Rock of Ages 3: Make & Break,Rock of Ages 3: Make & Break,rock-of-ages-3-make-break,1.0,2020.0,2020.0,high,2020-07-21,904.0,34.0,3.31,69.0
crossing souls,Crossing Souls,Crossing Souls,Crossing Souls,crossing-souls,1.0,2018.0,2018.0,high,2018-02-12,650.0,80.0,3.56,71.0
darksiders genesis,Darksiders Genesis,Darksiders Genesis,Darksiders Genesis,darksiders-genesis,1.0,2019.0,2019.0,high,2019-12-05,2467.0,227.0,3.58,76.0
train sim world 2020,Train Sim World 2020,Train Sim World 2020,Train Sim World 2020,train-sim-world-2020,1.0,2018.0,2019.0,high,2019-08-15,35.0,4.0,0.0,
midway arcade origins,Midway Arcade Origins,Midway Arcade Origins,Midway Arcade Origins,midway-arcade-origins,1.0,2012.0,2012.0,high,2012-11-06,257.0,11.0,2.91,
planet alpha,Planet Alpha,Planet Alpha,PLANET ALPHA,planet-alpha,1.0,2018.0,2018.0,high,2018-09-03,975.0,62.0,3.36,71.0
it lurks below,It Lurks Below,It Lurks Below,It Lurks Below,it-lurks-below,1.0,2019.0,2018.0,high,2018-04-25,103.0,9.0,2.33,
undermine,UnderMine,UnderMine,UnderMine,undermine,1.0,2019.0,2020.0,high,2020-08-05,812.0,106.0,3.83,80.0
the touryst,The Touryst,The Touryst,The Touryst,the-touryst,1.0,2019.0,2019.0,high,2019-11-14,619.0,74.0,3.53,82.0
shadows: awakening,Shadows: Awakening,Shadows: Awakening,Shadows: Awakening,shadows-awakening,1.0,2018.0,2018.0,high,2018-08-31,1586.0,76.0,3.16,73.0
downwell,Downwell,Downwell,Downwell,downwell,1.0,2015.0,2015.0,high,2015-10-14,2610.0,457.0,3.85,81.0
crosscode,CrossCode,CrossCode,CrossCode,crosscode,1.0,2015.0,2015.0,high,2015-03-03,1358.0,141.0,4.27,82.0
ea sports ufc,EA Sports UFC,EA Sports UFC,EA SPORTS UFC,ea-sports-ufc,1.0,2014.0,2014.0,high,2014-06-17,1088.0,169.0,3.29,71.0
ea sports ufc 2,EA Sports UFC 2,EA Sports UFC 2,EA SPORTS UFC 2,ea-sports-ufc-2,1.0,2016.0,2016.0,high,2016-03-15,1240.0,243.0,3.47,78.0
injustice: gods among us,Injustice: Gods Among Us,Injustice: Gods Among Us,Injustice: Gods Among Us,injustice-gods-among-us,1.0,2013.0,2013.0,high,2013-04-03,474.0,230.0,3.79,80.0
the king's bird,The King's Bird,The King's Bird,The King's Bird,the-kings-bird,1.0,2018.0,2018.0,high,2018-08-23,786.0,15.0,3.07,
out of the park baseball 21,Out of the Park Baseball 21,Out of the Park Baseball 21,Out of the Park Baseball 21,out-of-the-park-baseball-21,1.0,2020.0,2020.0,high,2020-03-20,33.0,5.0,0.0,
soulcalibur vi,SoulCalibur VI,SoulCalibur VI,SoulCalibur VI,soulcalibur-vi,1.0,2018.0,2018.0,high,2018-10-19,2321.0,221.0,3.7,83.0
mistover,MISTOVER,MISTOVER,MISTOVER,mistover,1.0,2019.0,2019.0,high,2019-10-09,68.0,11.0,3.0,
battle chasers: nightwar,Battle Chasers: Nightwar,Battle Chasers: Nightwar,Battle Chasers: Nightwar,battle-chasers-nightwar,1.0,2017.0,2017.0,high,2017-10-03,2025.0,238.0,3.72,79.0
monster hunter: world,Monster Hunter: World,Monster Hunter: World,Monster Hunter: World,monster-hunter-world-2,1.0,2018.0,2018.0,high,2018-01-26,8864.0,1640.0,4.0,89.0
marvel vs. capcom: infinite,Marvel vs. Capcom: Infinite,Marvel vs. Capcom: Infinite,Marvel vs. Capcom: Infinite,marvel-vs-capcom-infinite,1.0,2017.0,2017.0,high,2017-09-19,1230.0,166.0,2.98,73.0
observation,Observation,Observation,Observation,observation,1.0,2019.0,2019.0,high,2019-05-21,1429.0,268.0,3.85,77.0
west of dead,West of Dead,West of Dead,West of Dead,west-of-dead,1.0,2020.0,2020.0,high,2020-06-08,1647.0,64.0,3.09,68.0
ace combat 7: skies unknown,Ace Combat 7: Skies Unknown,Ace Combat 7: Skies Unknown,ACE COMBAT 7: SKIES UNKNOWN,ace-combat-7,1.0,2019.0,2019.0,high,2019-01-18,1995.0,290.0,3.93,79.0
night call,Night Call,Night Call,Night Call,night-call,1.0,2019.0,2019.0,high,2019-07-16,1036.0,49.0,3.32,66.0
tropico 4,Tropico 4,Tropico 4,Tropico 4,tropico-4,1.0,2011.0,2011.0,high,2011-08-24,5760.0,511.0,3.51,78.0
kingdom hearts hd ii.8 final chapter prologue,Kingdom Hearts HD II.8 Final Chapter Prologue,Kingdom Hearts HD II.8 Final Chapter Prologue,Kingdom Hearts HD 2.8 Final Chapter Prologue,kingdom-hearts-hd-28-final-chapter-prologue,1.0,2017.0,2017.0,high,2017-01-12,672.0,110.0,4.1,79.0
broforce,Broforce,Broforce,Broforce,broforce,1.0,2015.0,2015.0,high,2015-10-15,6401.0,1318.0,4.02,83.0
armello,Armello,Armello,Armello,armello,1.0,2015.0,2015.0,high,2015-09-01,2128.0,212.0,3.59,75.0
assetto corsa,Assetto Corsa,Assetto Corsa,Assetto Corsa,assetto-corsa,1.0,2014.0,2014.0,high,2014-12-19,2666.0,230.0,3.91,85.0
detention,Detention,Detention,Detention,detention,1.0,2017.0,2017.0,high,2017-01-12,1158.0,136.0,4.1,83.0
lego batman,Lego Batman,Lego Batman,LEGO Batman,lego-batman,1.0,2008.0,2008.0,high,2008-09-23,3267.0,494.0,3.77,80.0
battlefleet gothic: armada ii,Battlefleet Gothic: Armada II,Battlefleet Gothic: Armada II,Battlefleet Gothic: Armada 2,battlefleet-gothic-armada-2,1.0,2019.0,2019.0,high,2019-01-23,358.0,39.0,3.67,77.0
dungeon of the endless,Dungeon of the Endless,Dungeon of the Endless,Dungeon of the Endless,dungeon-of-the-endless,1.0,2014.0,2014.0,high,2014-10-27,3601.0,268.0,3.61,79.0
plebby quest: the crusades,Plebby Quest: The Crusades,Plebby Quest: The Crusades,Plebby Quest: The Crusades,plebby-quest-the-crusades,1.0,2020.0,2020.0,high,2020-04-08,5.0,1.0,0.0,
final fantasy ix,Final Fantasy IX,Final Fantasy IX,Final Fantasy IX,final-fantasy-ix,1.0,2000.0,2000.0,high,2000-07-07,2380.0,579.0,4.35,84.0
hotline miami,Hotline Miami,Hotline Miami,Hotline Miami,hotline-miami,1.0,2012.0,2012.0,high,2012-10-22,10947.0,2664.0,4.38,85.0
fifa 15,FIFA 15,FIFA 15,FIFA 15,fifa-15,1.0,2014.0,2014.0,high,2014-09-20,2528.0,509.0,3.37,82.0
fifa 17,FIFA 17,FIFA 17,FIFA 17,ea-sports-fifa-17,1.0,2016.0,2016.0,high,2016-09-27,2773.0,592.0,3.32,85.0
fifa 18,FIFA 18,FIFA 18,FIFA 18,fifa-18,1.0,2017.0,2017.0,high,2017-09-26,2878.0,702.0,3.37,79.0
hard corps: uprising,Hard Corps: Uprising,Hard Corps: Uprising,Hard Corps: Uprising,hard-corps-uprising,1.0,2011.0,2011.0,high,2011-02-16,378.0,55.0,3.62,
vikings: wolves of midgard,Vikings: Wolves of Midgard,Vikings: Wolves of Midgard,Vikings - Wolves of Midgard,vikings-wolves-of-midgard,1.0,2017.0,2017.0,high,2017-03-23,1090.0,83.0,3.08,66.0
fractured minds,Fractured Minds,Fractured Minds,Fractured Minds,fractured-minds,1.0,2019.0,2018.0,high,2018-11-14,505.0,61.0,3.08,
endless legend,Endless Legend,Endless Legend,Endless Legend,endless-legend,1.0,2014.0,2014.0,high,2014-09-18,3585.0,373.0,3.64,82.0
levelhead,Levelhead,Levelhead,Levelhead,levelhead,1.0,2019.0,2018.0,high,2018-11-30,866.0,9.0,3.33,
thumper,Thumper,Thumper,Thumper,thumper,1.0,2016.0,2016.0,high,2016-10-10,1644.0,291.0,4.09,85.0
bomber crew,Bomber Crew,Bomber Crew,Bomber Crew,bomber-crew,1.0,2017.0,2017.0,high,2017-10-19,2859.0,141.0,3.11,75.0
madden nfl 15,Madden NFL 15,Madden NFL 15,Madden NFL 15,madden-nfl-15,1.0,2014.0,2014.0,high,2014-08-26,421.0,64.0,2.86,80.0
madden nfl 16,Madden NFL 16,Madden NFL 16,Madden NFL 16,madden-nfl-16,1.0,2015.0,2015.0,high,2015-08-25,443.0,63.0,2.92,84.0
madden nfl 17,Madden NFL 17,Madden NFL 17,Madden NFL 17,madden-nfl-17,1.0,2016.0,2016.0,high,2016-08-23,407.0,68.0,3.01,82.0
madden nfl 18,Madden NFL 18,Madden NFL 18,Madden NFL 18,madden-nfl-18,1.0,2017.0,2017.0,high,2017-08-25,394.0,80.0,3.27,83.0
madden nfl 25,Madden NFL 25,Madden NFL 25,Madden NFL 25,madden-nfl-25,1.0,2013.0,2013.0,high,2013-08-27,357.0,41.0,2.93,
dark void,Dark Void,Dark Void,Dark Void,dark-void,1.0,2010.0,2010.0,high,2010-01-19,731.0,107.0,2.89,57.0
vicious attack llama apocalypse,Vicious Attack Llama Apocalypse,Vicious Attack Llama Apocalypse,Vicious Attack Llama Apocalypse,vicious-attack-llama-apocalypse,1.0,2018.0,2018.0,high,2018-03-16,128.0,8.0,2.12,
deliver us the moon,Deliver Us the Moon,Deliver Us the Moon,Deliver Us the Moon,deliver-us-the-moon,1.0,2019.0,2019.0,high,2019-10-09,1094.0,195.0,3.64,73.0
gato roboto,Gato Roboto,Gato Roboto,Gato Roboto,gato-roboto,1.0,2019.0,2019.0,high,2019-05-29,878.0,113.0,3.97,
wargroove,Wargroove,Wargroove,Wargroove,wargroove,1.0,2019.0,2019.0,high,2019-02-01,2398.0,213.0,3.6,83.0
port royale 3,Port Royale 3,Port Royale 3,Port Royale 3,port-royale-3,1.0,2012.0,2012.0,high,2012-02-05,757.0,42.0,2.9,55.0
warface: breakout,Warface: Breakout,Warface: Breakout,Warface: Breakout,warface-breakout,1.0,2020.0,2020.0,high,2020-05-26,86.0,15.0,2.6,
hyperdot,HyperDot,HyperDot,HyperDot,hyperdot,1.0,2020.0,2020.0,high,2020-01-31,288.0,38.0,3.24,
apotheon,Apotheon,Apotheon,Apotheon,apotheon,1.0,2015.0,2015.0,high,2015-02-02,2404.0,330.0,3.2,78.0
shift quantum,Shift Quantum,Shift Quantum,Shift Quantum,shift-quantum,1.0,2018.0,2018.0,high,2018-05-29,63.0,2.0,0.0,
star wars episode i: racer,Star Wars Episode I: Racer,Star Wars Episode I: Racer,STAR WARS: Episode I Racer,star-wars-episode-i-racer,1.0,1999.0,1999.0,high,1999-05-16,288.0,125.0,4.1,66.0
star wars galactic battlegrounds: saga,Star Wars Galactic Battlegrounds: Saga,Star Wars Galactic Battlegrounds: Saga,Star Wars: Galactic Battlegrounds,star-wars-galactic-battlegrounds,0.928,2001.0,2001.0,high,2001-11-01,31.0,19.0,3.53,
star wars jedi knight: mysteries of the sith,Star Wars Jedi Knight: Mysteries of the Sith,Star Wars Jedi Knight: Mysteries of the Sith,STAR WARS Jedi Knight - Mysteries of the Sith,star-wars-jedi-knight-mysteries-of-the-sith,1.0,1998.0,1998.0,high,1998-02-17,2211.0,122.0,3.3,
star wars rebellion,Star Wars Rebellion,Star Wars Rebellion,Star Wars: Rebellion,star-wars-rebellion,1.0,1998.0,1998.0,high,1998-02-27,759.0,28.0,2.61,
star wars rogue squadron 3d,Star Wars Rogue Squadron 3D,Star Wars Rogue Squadron 3D,STAR WARS: Rogue Squadron 3D,star-wars-rogue-squadron-3d,1.0,1998.0,1998.0,high,1998-12-01,658.0,76.0,3.69,
star wars shadows of the empire,Star Wars Shadows of the Empire,Star Wars Shadows of the Empire,Star Wars: Shadows of the Empire,star-wars-shadows-of-the-empire,1.0,1996.0,1996.0,high,1996-12-03,515.0,77.0,3.77,
star wars starfighter,Star Wars Starfighter,Star Wars Starfighter,STAR WARS Starfighter,star-wars-starfighter-2,1.0,2001.0,2001.0,high,2001-02-18,1938.0,89.0,2.89,71.0
star wars x-wing alliance,Star Wars X-Wing Alliance,Star Wars X-Wing Alliance,STAR WARS - X-Wing Alliance,star-wars-x-wing-alliance,1.0,1999.0,1999.0,high,1999-02-28,923.0,39.0,2.82,
star wars dark forces,Star Wars Dark Forces,Star Wars Dark Forces,Star Wars: Dark Forces,star-wars-dark-forces-2,1.0,1995.0,1995.0,high,1995-02-28,3110.0,262.0,3.65,
snake pass,Snake Pass,Snake Pass,Snake Pass,snake-pass,1.0,2017.0,2017.0,high,2017-03-28,3542.0,250.0,3.23,71.0
metal slug 3,Metal Slug 3,Metal Slug 3,METAL SLUG 3,metal-slug-3,1.0,2000.0,2000.0,high,2000-03-23,2738.0,370.0,3.97,
alvastia chronicles,Alvastia Chronicles,Alvastia Chronicles,Alvastia Chronicles,alvastia-chronicles,1.0,2019.0,2019.0,high,2019-01-18,86.0,7.0,2.29,
astrologaster,Astrologaster,Astrologaster,Astrologaster,astrologaster,1.0,2019.0,2019.0,high,2019-05-02,195.0,20.0,3.45,
the witcher 3: wild hunt,The Witcher 3: Wild Hunt,The Witcher 3: Wild Hunt,The Witcher 3: Wild Hunt,the-witcher-3-wild-hunt,1.0,2015.0,2015.0,high,2015-05-18,22363.0,7277.0,4.64,92.0
lost planet 2,Lost Planet 2,Lost Planet 2,Lost Planet 2,lost-planet-2,1.0,2010.0,2010.0,high,2010-05-11,1447.0,217.0,3.35,63.0
gears 5,Gears 5,Gears 5,Gears 5,gears-5,1.0,2019.0,2019.0,high,2019-09-10,4533.0,845.0,3.91,83.0
resident evil,Resident Evil,Resident Evil,Resident Evil (2002),resident-evil-2002,1.0,2002.0,2002.0,high,2002-03-22,1300.0,324.0,4.37,88.0
the jackbox party pack 4,The Jackbox Party Pack 4,The Jackbox Party Pack 4,The Jackbox Party Pack 4,the-jackbox-party-pack-4,1.0,2017.0,2017.0,high,2017-10-17,1348.0,181.0,4.07,78.0
mother russia bleeds,Mother Russia Bleeds,Mother Russia Bleeds,Mother Russia Bleeds,mother-russia-bleeds,1.0,2016.0,2016.0,high,2016-09-04,1665.0,234.0,3.59,70.0
momodora: reverie under the moonlight,Momodora: Reverie Under the Moonlight,Momodora: Reverie Under the Moonlight,Momodora: Reverie Under the Moonlight,momodora-reverie-under-the-moonlight,1.0,2016.0,2016.0,high,2016-03-03,1818.0,186.0,3.87,82.0
shadows of the damned,Shadows of the Damned,Shadows of the Damned,Shadows of the Damned,shadows-of-the-damned,1.0,2011.0,2011.0,high,2011-06-07,749.0,158.0,3.91,76.0
indiana jones and the emperor's tomb,Indiana Jones and the Emperor's Tomb,Indiana Jones and the Emperor's Tomb,Indiana Jones and the Emperor's Tomb,indiana-jones-emperors-tomb,1.0,2003.0,2003.0,high,2003-03-25,432.0,60.0,3.85,69.0
dead rising,Dead Rising,Dead Rising,Dead Rising,dead-rising,1.0,2006.0,2006.0,high,2006-08-08,2420.0,373.0,3.69,82.0
ninja gaiden ii,Ninja Gaiden II,Ninja Gaiden II,Ninja Gaiden II,ninja-gaiden-2,1.0,2008.0,2008.0,high,2008-06-03,904.0,131.0,4.03,
world of horror (game preview),World of Horror (Game Preview),World of Horror,World of Horror,world-of-horror,1.0,2020.0,2023.0,medium,2023-10-19,681.0,63.0,4.08,
de blob,de Blob,de Blob,de Blob,de-blob,1.0,2008.0,2008.0,high,2008-09-22,294.0,43.0,3.88,70.0
breakdown,Breakdown,Breakdown,Breakdown,breakdown,1.0,2004.0,2004.0,high,2004-03-16,21.0,4.0,0.0,71.0
little nightmares,Little Nightmares,Little Nightmares,Little Nightmares,little-nightmares,1.0,2017.0,2017.0,high,2017-04-27,11710.0,1648.0,4.03,81.0
reigns: game of thrones,Reigns: Game of Thrones,Reigns: Game of Thrones,Reigns: Game of Thrones,reigns-game-of-thrones,1.0,2018.0,2018.0,high,2018-10-18,450.0,96.0,3.45,
death squared,Death Squared,Death Squared,Death Squared,death-squared,1.0,2017.0,2017.0,high,2017-03-13,1146.0,114.0,3.37,77.0
death's gambit,Death's Gambit,Death's Gambit,Death's Gambit,deaths-gambit,1.0,2018.0,2018.0,high,2018-08-13,1466.0,95.0,3.51,72.0
final fantasy xv,Final Fantasy XV,Final Fantasy XV,FINAL FANTASY XV,final-fantasy-xv,1.0,2016.0,2016.0,high,2016-11-29,5852.0,1431.0,3.87,82.0
sea salt,Sea Salt,Sea Salt,Sea Salt,sea-salt,1.0,2019.0,2017.0,medium,2017-06-11,232.0,21.0,3.29,
bleed 2,Bleed 2,Bleed 2,Bleed 2,bleed-2,1.0,2017.0,2017.0,high,2017-02-08,945.0,30.0,3.23,83.0
the king of fighters xiii,The King of Fighters XIII,The King of Fighters XIII,The King of Fighters XIII,the-king-of-fighters-xiii,1.0,2011.0,2011.0,high,2011-11-18,1417.0,90.0,3.64,
tekken 7,Tekken 7,Tekken 7,TEKKEN 7,tekken-7,1.0,2015.0,2015.0,high,2015-03-18,4204.0,780.0,4.02,82.0
sword art online: fatal bullet,Sword Art Online: Fatal Bullet,Sword Art Online: Fatal Bullet,SWORD ART ONLINE: Fatal Bullet,sword-art-online-fatal-bullet,1.0,2018.0,2018.0,high,2018-02-23,747.0,99.0,3.31,66.0
the raven remastered,The Raven Remastered,The Raven Remastered,The Raven Remastered,the-raven-remastered,1.0,2018.0,2018.0,high,2018-03-12,549.0,40.0,3.2,
farming simulator 17,Farming Simulator 17,Farming Simulator 17,Farming Simulator 17,farming-simulator-17,1.0,2016.0,2016.0,high,2016-10-24,629.0,82.0,3.72,69.0
mortal kombat x,Mortal Kombat X,Mortal Kombat X,Mortal Kombat X,mortal-kombat-x,1.0,2015.0,2015.0,high,2015-04-07,9055.0,2115.0,3.86,76.0
saints row: gat out of hell,Saints Row: Gat Out of Hell,Saints Row: Gat Out of Hell,Saints Row: Gat Out of Hell,saints-row-gat-out-of-hell,1.0,2015.0,2015.0,high,2015-01-20,4143.0,697.0,3.18,66.0
swimsanity!,Swimsanity!,Swimsanity!,Swimsanity!,swimsanity,1.0,2019.0,2019.0,high,2019-09-30,68.0,2.0,0.0,
untitled goose game,Untitled Goose Game,Untitled Goose Game,Untitled Goose Game,untitled-goose-game,1.0,2019.0,2019.0,high,2019-09-20,2844.0,721.0,4.05,80.0
pathologic 2,Pathologic 2,Pathologic 2,Pathologic 2,pathologic,1.0,2019.0,2019.0,high,2019-05-22,2761.0,316.0,4.06,69.0
naruto to boruto: shinobi striker,Naruto to Boruto: Shinobi Striker,Naruto to Boruto: Shinobi Striker,NARUTO TO BORUTO: SHINOBI STRIKER,naruto-to-boruto-shinobi-striker,1.0,2018.0,2018.0,high,2018-08-30,1550.0,108.0,3.04,62.0
age of wonders: planetfall,Age of Wonders: Planetfall,Age of Wonders: Planetfall,Age of Wonders: Planetfall,age-of-wonders-planetfall,1.0,2019.0,2019.0,high,2019-08-05,1590.0,106.0,3.45,81.0
the turing test,The Turing Test,The Turing Test,The Turing Test,the-turing-test,1.0,2016.0,2016.0,high,2016-08-30,2763.0,325.0,3.58,74.0
efootball pes 2020,eFootball PES 2020,eFootball PES 2020,eFootball PES 2020,efootball-pes-2020,1.0,2019.0,2019.0,high,2019-09-10,1492.0,205.0,3.24,82.0
demon's tilt,Demon's Tilt,Demon's Tilt,DEMON'S TILT,demons-tilt,1.0,2019.0,2019.0,high,2019-12-06,468.0,52.0,3.12,
wandersong,Wandersong,Wandersong,Wandersong,wandersong,1.0,2018.0,2018.0,high,2018-09-26,1720.0,94.0,3.68,
hatoful boyfriend,Hatoful Boyfriend,Hatoful Boyfriend,Hatoful Boyfriend,hatoful-boyfriend,1.0,2011.0,2014.0,medium,2014-09-03,1396.0,197.0,3.29,68.0
absolver,Absolver,Absolver,Absolver,absolver,1.0,2017.0,2017.0,high,2017-08-28,2777.0,404.0,2.91,69.0
dead island: definitive edition,Dead Island: Definitive Edition,Dead Island,Dead Island Definitive Edition,dead-island-definitive-edition,1.0,2016.0,2016.0,high,2016-05-31,2687.0,305.0,3.54,67.0
munchkin: quacked quest,Munchkin: Quacked Quest,Munchkin: Quacked Quest,Munchkin: Quacked Quest,munchkin-quacked-quest,1.0,2019.0,2019.0,high,2019-11-19,18.0,2.0,0.0,
tracks: the train set game,Tracks: The Train Set Game,Tracks: The Train Set Game,Tracks: The Train Set Game,tracks-the-train-set-game-2,1.0,2017.0,2017.0,high,2017-09-28,1.0,1.0,0.0,
full spectrum warrior,Full Spectrum Warrior,Full Spectrum Warrior,Full Spectrum Warrior,full-spectrum-warrior,1.0,2004.0,2004.0,high,2004-05-31,442.0,25.0,3.0,80.0
slayaway camp: butcher's cut,Slayaway Camp: Butcher's Cut,Slayaway Camp: Butcher's Cut,Slayaway Camp: Butcher's Cut,slayaway-camp-butchers-cut,1.0,2017.0,2017.0,high,2017-10-23,277.0,36.0,3.58,
the lord of the rings: adventure card game,The Lord of the Rings: Adventure Card Game,The Lord of the Rings: Adventure Card Game,The Lord of the Rings: Adventure Card Game,the-lord-of-the-rings-adventure-card-game,1.0,2018.0,2019.0,high,2019-11-05,15.0,4.0,0.0,
lego star wars iii: the clone wars,Lego Star Wars III: The Clone Wars,Lego Star Wars III: The Clone Wars,LEGO Star Wars III - The Clone Wars,lego-star-wars-iii,1.0,2011.0,2011.0,high,2011-03-21,2011.0,270.0,3.78,76.0
afterparty,Afterparty,Afterparty,Afterparty,afterparty,1.0,2019.0,2019.0,high,2019-10-29,877.0,96.0,3.66,74.0
the red strings club,The Red Strings Club,The Red Strings Club,The Red Strings Club,the-red-strings-club,1.0,2018.0,2018.0,high,2018-01-21,1522.0,293.0,4.21,80.0
rise & shine,Rise & Shine,Rise & Shine,Rise & Shine,rise-shine,1.0,2017.0,2017.0,high,2017-01-13,626.0,59.0,3.33,
sphinx and the cursed mummy,Sphinx and the Cursed Mummy,Sphinx and the Cursed Mummy,Sphinx and the Cursed Mummy (2003),sphinx-and-the-cursed-mummy-2003,1.0,2003.0,2003.0,high,2003-11-10,43.0,9.0,4.22,
the book of unwritten tales 2,The Book of Unwritten Tales 2,The Book of Unwritten Tales 2,The Book of Unwritten Tales 2,the-book-of-unwritten-tales-2,1.0,2015.0,2015.0,high,2015-02-20,550.0,45.0,3.16,80.0
state of mind,State of Mind,State of Mind,State of Mind,state-of-mind,1.0,2018.0,2018.0,high,2018-08-15,1518.0,76.0,3.39,68.0
grip: combat racing,GRIP: Combat Racing,GRIP: Combat Racing,GRIP: Combat Racing,grip,1.0,2018.0,2018.0,high,2018-11-05,1912.0,149.0,3.0,68.0
nba live 16,NBA LIVE 16,NBA LIVE 16,NBA Live 16,nba-live-16,1.0,2015.0,2015.0,high,2015-09-29,2.0,1.0,0.0,
armed and dangerous,Armed and Dangerous,Armed and Dangerous,Armed and Dangerous,armed-and-dangerous,1.0,2003.0,2003.0,high,2003-12-01,235.0,38.0,3.66,78.0
panzer dragoon orta,Panzer Dragoon Orta,Panzer Dragoon Orta,Panzer Dragoon Orta,panzer-dragoon-orta,1.0,2003.0,2003.0,high,2003-01-12,36.0,8.0,4.0,90.0
bad north: jotunn edition,Bad North: Jotunn Edition,Bad North: Jotunn Edition,Bad North: Jotunn Edition,bad-north-jotunn-edition,1.0,2018.0,2019.0,high,2019-10-15,249.0,54.0,3.55,
westerado: double barreled,Westerado: Double Barreled,Westerado: Double Barreled,Westerado: Double Barreled,westerado-double-barreled,1.0,2015.0,2015.0,high,2015-04-15,1103.0,99.0,3.39,
rocket league,Rocket League,Rocket League,Rocket League,rocket-league,1.0,2015.0,2015.0,high,2015-07-07,12875.0,2869.0,3.93,86.0
de blob 2,de Blob 2,de Blob 2,de Blob 2,de-blob-2,1.0,2011.0,2011.0,high,2011-02-22,403.0,55.0,3.36,74.0
override: mech city brawl,Override: Mech City Brawl,Override: Mech City Brawl,Override: Mech City Brawl,override-mech-city-brawl,1.0,2018.0,2018.0,high,2018-12-04,958.0,23.0,2.75,64.0
nba 2k20,NBA 2K20,NBA 2K20,NBA 2K20,nba-2k20,1.0,2019.0,2019.0,high,2019-09-05,2004.0,232.0,3.06,76.0
jump force,Jump Force,Jump Force,Jump Force,jump-force,1.0,2019.0,2019.0,high,2019-02-15,1392.0,192.0,2.55,59.0
red dead redemption 2,Red Dead Redemption 2,Red Dead Redemption 2,Red Dead Redemption 2,red-dead-redemption-2,1.0,2018.0,2018.0,high,2018-10-26,17044.0,5572.0,4.59,96.0
red faction ii,Red Faction II,Red Faction II,Red Faction II,red-faction-ii,1.0,2002.0,2002.0,high,2002-10-14,1824.0,171.0,3.44,64.0
portal knights,Portal Knights,Portal Knights,Portal Knights,portal-knights,1.0,2016.0,2016.0,high,2016-02-25,2726.0,355.0,2.98,72.0
the jackbox party pack 3,The Jackbox Party Pack 3,The Jackbox Party Pack 3,The Jackbox Party Pack 3,the-jackbox-party-pack-3,1.0,2016.0,2016.0,high,2016-10-17,1721.0,292.0,4.2,81.0
metal gear solid hd edition: 2 & 3,Metal Gear Solid HD Edition: 2 & 3,Metal Gear Solid HD Edition: 2 & 3,METAL GEAR SOLID HD EDITION,metal-gear-solid-hd-collection,0.5,2011.0,2011.0,low,2011-11-08,194.0,71.0,4.35,90.0
giana sisters: twisted dreams - director's cut,Giana Sisters: Twisted Dreams - Director's Cut,Giana Sisters: Twisted Dreams,Giana Sisters: Twisted Dreams - Director's Cut,giana-sisters-twisted-dreams-directors-cut,1.0,2012.0,2014.0,medium,2014-12-09,430.0,63.0,2.77,80.0
mx unleashed,MX Unleashed,MX Unleashed,MX Unleashed,mx-unleashed,1.0,2018.0,2018.0,high,2018-04-26,17.0,2.0,0.0,80.0
dunk lords,Dunk Lords,Dunk Lords,Dunk Lords,dunk-lords,1.0,2020.0,2020.0,high,2020-07-16,90.0,4.0,0.0,
devil may cry 5,Devil May Cry 5,Devil May Cry 5,Devil May Cry 5,devil-may-cry-5,1.0,2019.0,2019.0,high,2019-03-08,6734.0,1546.0,4.25,88.0
space hulk: tactics,Space Hulk: Tactics,Space Hulk: Tactics,Space Hulk: Tactics,space-hulk-tactics,1.0,2018.0,2018.0,high,2018-10-09,210.0,32.0,3.03,71.0
f1 2018,F1 2018,F1 2018,F1 2018,f1-2018,1.0,2018.0,2018.0,high,2018-08-23,3205.0,201.0,3.33,84.0
juju,JUJU,JUJU,JUJU,juju,1.0,2014.0,2014.0,high,2014-12-09,125.0,14.0,3.2,65.0
wrc 8 fia world rally championship,WRC 8 FIA World Rally Championship,WRC 8 FIA World Rally Championship,WRC 8 FIA World Rally Championship,wrc-8-fia-world-rally-championship,1.0,2019.0,2019.0,high,2019-09-10,284.0,34.0,3.24,
ashes cricket,Ashes Cricket,Ashes Cricket,Ashes Cricket,ashes-cricket,1.0,2017.0,2017.0,high,2017-11-16,72.0,14.0,3.21,76.0
the banner saga 3,The Banner Saga 3,The Banner Saga 3,The Banner Saga 3,the-banner-saga-3,1.0,2018.0,2018.0,high,2018-07-24,1296.0,237.0,4.24,83.0
metal gear solid v: the phantom pain,Metal Gear Solid V: The Phantom Pain,Metal Gear Solid V: The Phantom Pain,Metal Gear Solid V: The Phantom Pain,metal-gear-solid-v-the-phantom-pain,1.0,2015.0,2015.0,high,2015-09-01,12227.0,2540.0,4.16,91.0
blazing chrome,Blazing Chrome,Blazing Chrome,Blazing Chrome,blazing-chrome,1.0,2019.0,2019.0,high,2019-07-11,857.0,110.0,3.78,
dead rising 4,Dead Rising 4,Dead Rising 4,Dead Rising 4,dead-rising-4,1.0,2016.0,2016.0,high,2016-12-06,1987.0,203.0,3.23,74.0
timespinner,Timespinner,Timespinner,Timespinner,timespinner,1.0,2018.0,2018.0,high,2018-09-24,469.0,72.0,4.0,78.0
unavowed,Unavowed,Unavowed,Unavowed,unavowed,1.0,2018.0,2018.0,high,2018-08-07,488.0,61.0,4.28,
sine mora,Sine Mora,Sine Mora,Sine Mora,sine-mora,1.0,2012.0,2012.0,high,2012-03-21,1556.0,131.0,3.33,77.0
shantae and the pirate's curse,Shantae and the Pirate's Curse,Shantae and the Pirate's Curse,Shantae and the Pirate's Curse,shantae-and-the-pirates-curse,1.0,2014.0,2014.0,high,2014-02-05,2288.0,160.0,3.84,
battlefleet gothic: armada,Battlefleet Gothic: Armada,Battlefleet Gothic: Armada,Battlefleet Gothic: Armada,battlefleet-gothic-armada,1.0,2016.0,2016.0,high,2016-04-20,427.0,33.0,3.64,77.0
metro exodus,Metro Exodus,Metro Exodus,Metro Exodus,metro-exodus,1.0,2019.0,2019.0,high,2019-02-13,8431.0,1717.0,4.17,81.0
neon chrome,Neon Chrome,Neon Chrome,Neon Chrome,neon-chrome,1.0,2016.0,2016.0,high,2016-04-25,1555.0,149.0,2.91,74.0
life is strange 2,Life is Strange 2,Life is Strange 2,Life is Strange 2,life-is-strange-2,1.0,2018.0,2018.0,high,2018-09-27,4807.0,776.0,3.8,75.0
die for valhalla!,Die for Valhalla!,Die for Valhalla!,Die for Valhalla!,die-for-valhalla,1.0,2018.0,2018.0,high,2018-05-29,88.0,9.0,3.33,
destroy all humans!,Destroy All Humans!,Destroy All Humans!,Destroy All Humans!,destroy-all-humans,1.0,2005.0,2005.0,high,2005-05-26,1083.0,143.0,3.73,70.0
"warhammer 40,000: inquisitor - martyr","Warhammer 40,000: Inquisitor - Martyr","Warhammer 40,000: Inquisitor - Martyr","Warhammer 40,000: Inquisitor - Martyr",warhammer-40000-inquisitor-martyr,1.0,2018.0,2018.0,high,2018-06-06,1104.0,111.0,3.35,67.0
resident evil: revelations,Resident Evil: Revelations,Resident Evil: Revelations,Resident Evil Revelations,resident-evil-revelations-biohazard-revelations,1.0,2012.0,2012.0,high,2012-02-07,4514.0,647.0,3.75,77.0
book of demons,Book of Demons,Book of Demons,Book of Demons,book-of-demons,1.0,2018.0,2018.0,high,2018-12-13,2214.0,151.0,3.55,72.0
everspace,Everspace,Everspace,EVERSPACE,everspace,1.0,2016.0,2017.0,high,2017-05-25,1951.0,220.0,3.35,80.0
supermarket shriek,Supermarket Shriek,Supermarket Shriek,Supermarket Shriek,supermarket-shriek,1.0,2019.0,2019.0,high,2019-09-06,283.0,46.0,2.83,
the last door: season 2 - collector's edition,The Last Door: Season 2 - Collector's Edition,The Last Door: Season 2,The Last Door: Season 2 - Collector's Edition,the-last-door-season-2-collectors-edition-2,1.0,2016.0,2016.0,high,2016-03-29,449.0,32.0,3.5,85.0
the stillness of the wind,The Stillness of the Wind,The Stillness of the Wind,The Stillness of the Wind,the-stillness-of-the-wind,1.0,2019.0,2019.0,high,2019-02-06,1041.0,43.0,3.39,
riptide gp: renegade,Riptide GP: Renegade,Riptide GP: Renegade,Riptide GP: Renegade,riptide-gp-renegade,1.0,2016.0,2016.0,high,2016-07-26,298.0,37.0,3.18,
overlord ii,Overlord II,Overlord II,Overlord II,overlord-2,1.0,2009.0,2009.0,high,2009-06-22,3859.0,366.0,3.8,79.0
v-rally 4,V-Rally 4,V-Rally 4,V-Rally 4,v-rally-4,1.0,2018.0,2018.0,high,2018-09-11,615.0,39.0,3.03,59.0
old man's journey,Old Man's Journey,Old Man's Journey,Old Man's Journey,old-mans-journey,1.0,2017.0,2017.0,high,2017-05-18,2104.0,249.0,3.57,77.0
#idarb,#IDARB,#IDARB,#IDARB,idarb,1.0,2015.0,2015.0,high,2015-01-30,354.0,56.0,3.18,
the king of fighters '98 ultimate match (kof98um),The King of Fighters '98 Ultimate Match (KOF98UM),The King of Fighters '98 Ultimate Match (KOF98UM),THE KING OF FIGHTERS '98 ULTIMATE MATCH,the-king-of-fighters-98-ultimate-match,1.0,2008.0,2008.0,high,2008-03-18,450.0,24.0,3.96,
sensible world of soccer,Sensible World of Soccer,Sensible World of Soccer,Sensible World of Soccer,sensible-world-of-soccer,1.0,1994.0,1994.0,high,1994-01-01,22.0,6.0,4.17,
knights of pen and paper bundle,Knights of Pen and Paper Bundle,Knights of Pen and Paper Bundle,Knights of Pen and Paper 2,knights-of-pen-and-paper-2,0.5,2015.0,2015.0,low,2015-05-13,844.0,71.0,3.85,
the lego ninjago movie video game,The Lego Ninjago Movie Video Game,The Lego Ninjago Movie Video Game,The LEGO NINJAGO Movie Video Game,the-lego-ninjago-movie-video-game,1.0,2017.0,2017.0,high,2017-09-22,4731.0,283.0,2.93,70.0
imperator: rome,Imperator: Rome,Imperator: Rome,Imperator: Rome,imperator-rome,1.0,2019.0,2019.0,high,2019-04-24,1287.0,79.0,3.2,76.0
west of loathing,West of Loathing,West of Loathing,West of Loathing,west-of-loathing,1.0,2017.0,2017.0,high,2017-08-09,569.0,119.0,4.21,88.0
metal gear survive,Metal Gear Survive,Metal Gear Survive,Metal Gear Survive,metal-gear-survive,1.0,2018.0,2018.0,high,2018-02-20,754.0,118.0,2.36,
the banner saga,The Banner Saga,The Banner Saga,The Banner Saga,banner-saga,1.0,2014.0,2014.0,high,2014-01-14,3927.0,746.0,4.09,81.0
mega man legacy collection 2,Mega Man Legacy Collection 2,Mega Man Legacy Collection 2,Mega Man Legacy Collection 2 / ロックマン クラシックス コレクション 2,mega-man-legacy-collection-2-2,0.966,2017.0,2017.0,high,2017-08-08,408.0,39.0,3.65,
toybox turbos,Toybox Turbos,Toybox Turbos,Toybox Turbos,toybox-turbos,1.0,2014.0,2014.0,high,2014-11-11,1086.0,45.0,3.49,69.0
project cars 2,Project CARS 2,Project CARS 2,Project CARS 2,project-cars-2,1.0,2017.0,2017.0,high,2017-09-22,2459.0,229.0,3.61,86.0
smoke and sacrifice,Smoke and Sacrifice,Smoke and Sacrifice,Smoke And Sacrifice,smoke-and-sacrifice,1.0,2018.0,2018.0,high,2018-05-31,603.0,22.0,3.24,
full metal furies,Full Metal Furies,Full Metal Furies,Full Metal Furies,full-metal-furies,1.0,2018.0,2018.0,high,2018-01-17,1137.0,63.0,3.44,
the banner saga 2,The Banner Saga 2,The Banner Saga 2,The Banner Saga 2,banner-saga-2,1.0,2016.0,2016.0,high,2016-04-18,2496.0,356.0,4.21,82.0
braid,Braid,Braid,Braid,braid,1.0,2008.0,2008.0,high,2008-08-06,5478.0,1005.0,4.16,92.0
valkyria chronicles,Valkyria Chronicles,Valkyria Chronicles,Valkyria Chronicles,valkyria-chronicles,1.0,2008.0,2008.0,high,2008-04-24,3322.0,414.0,4.07,85.0
mx vs. atv: reflex,MX vs. ATV: Reflex,MX vs. ATV: Reflex,MX vs. ATV Reflex,mx-vs-atv-reflex,1.0,2009.0,2009.0,high,2009-12-01,1583.0,100.0,3.0,
sonic generations,Sonic Generations,Sonic Generations,Sonic Generations,sonic-generations,1.0,2011.0,2011.0,high,2011-11-01,4328.0,548.0,3.9,77.0
batman: the enemy within,Batman: The Enemy Within,Batman: The Enemy Within,Batman: The Enemy Within,batman-the-enemy-within,1.0,2017.0,2017.0,high,2017-08-08,1626.0,430.0,3.86,68.0
castlevania: lords of shadow 2,Castlevania: Lords of Shadow 2,Castlevania: Lords of Shadow 2,Castlevania: Lords of Shadow 2,castlevania-lords-of-shadow-2,1.0,2014.0,2014.0,high,2014-02-21,1991.0,260.0,3.76,58.0
call of cthulhu,Call of Cthulhu,Call of Cthulhu,Call of Cthulhu,call-of-cthulhu-the-official-video-game,1.0,2018.0,2018.0,high,2018-10-30,2562.0,377.0,3.53,66.0
lego worlds,LEGO Worlds,LEGO Worlds,LEGO Worlds,lego-worlds,1.0,2017.0,2017.0,high,2017-03-07,1772.0,221.0,3.15,66.0
battle chef brigade,Battle Chef Brigade,Battle Chef Brigade,Battle Chef Brigade,battle-chef-brigade,1.0,2017.0,2017.0,high,2017-11-19,1265.0,99.0,3.57,81.0
borderlands 2,Borderlands 2,Borderlands 2,Borderlands 2,borderlands-2,1.0,2012.0,2012.0,high,2012-09-18,16060.0,3328.0,4.01,89.0
borderlands: the pre-sequel!,Borderlands: The Pre-Sequel!,Borderlands: The Pre-Sequel!,Borderlands: The Pre-Sequel,borderlands-the-pre-sequel,1.0,2014.0,2014.0,high,2014-10-13,9339.0,1386.0,3.57,75.0
kingsway,Kingsway,Kingsway,Kingsway,kingsway,1.0,2017.0,2017.0,high,2017-07-17,383.0,30.0,3.75,79.0
lichtspeer: double speer edition,Lichtspeer: Double Speer Edition,Lichtspeer: Double Speer Edition,Lichtspeer: Double Speer Edition,lichtspeer-double-speer-edition,1.0,2016.0,2018.0,medium,2018-01-06,19.0,2.0,0.0,
shenmue,Shenmue,Shenmue,Shenmue,shenmue,1.0,1999.0,1999.0,high,1999-12-29,337.0,105.0,4.31,
shenmue ii,Shenmue II,Shenmue II,Shenmue II,shenmue-ii-2001,1.0,2001.0,2001.0,high,2001-09-06,211.0,60.0,4.3,88.0
titan-quest: anniversary edition,Titan-Quest: Anniversary Edition,Titan-Quest,Titan Quest Anniversary Edition,titan-quest-anniversary-edition,1.0,2016.0,2016.0,high,2016-08-31,8028.0,799.0,3.78,
the golf club 2,The Golf Club 2,The Golf Club 2,The Golf Club 2,the-golf-club-2,1.0,2017.0,2017.0,high,2017-06-27,127.0,17.0,3.53,72.0
operencia: the stolen sun,Operencia: The Stolen Sun,Operencia: The Stolen Sun,Operencia: The Stolen Sun,operencia-the-stolen-sun,1.0,2019.0,2019.0,high,2019-03-29,259.0,35.0,3.64,79.0
star wars battlefront,Star Wars Battlefront,Star Wars Battlefront,STAR WARS Battlefront,star-wars-battlefront,1.0,2015.0,2015.0,high,2015-11-17,4991.0,1148.0,3.29,73.0
tt isle of man,TT Isle of Man,TT Isle of Man,TT Isle of Man,tt-isle-of-man,1.0,2018.0,2018.0,high,2018-03-13,260.0,22.0,2.91,
fable heroes,Fable Heroes,Fable Heroes,Fable Heroes,fable-heroes,1.0,2012.0,2012.0,high,2012-05-02,148.0,17.0,2.89,
batman: the telltale series,Batman: The Telltale Series,Batman: The Telltale Series,Batman: The Telltale Series,batman-the-telltale-series,1.0,2016.0,2016.0,high,2016-08-02,2291.0,436.0,3.76,79.0
disney epic mickey 2: the power of two,Disney Epic Mickey 2: The Power of Two,Disney Epic Mickey 2: The Power of Two,Disney Epic Mickey 2: The Power of Two,disney-epic-mickey-2-the-power-of-two,1.0,2012.0,2012.0,high,2012-03-20,514.0,62.0,3.31,59.0
the jackbox party pack 2,The Jackbox Party Pack 2,The Jackbox Party Pack 2,The Jackbox Party Pack 2,the-jackbox-party-pack-2,1.0,2015.0,2015.0,high,2015-10-13,1761.0,208.0,4.04,76.0
pumped bmx pro,Pumped BMX Pro,Pumped BMX Pro,Pumped BMX Pro,pumped-bmx-pro,1.0,2019.0,2019.0,high,2019-02-07,305.0,17.0,2.35,
lego star wars ii: the original trilogy,LEGO Star Wars II: The Original Trilogy,LEGO Star Wars II: The Original Trilogy,Lego Star Wars II: The Original Trilogy,lego-star-wars-2-the-original-trilogy,1.0,2006.0,2006.0,high,2006-09-11,374.0,156.0,4.14,
tekken 6,Tekken 6,Tekken 6,TEKKEN 6,tekken-6,1.0,2007.0,2007.0,high,2007-10-27,928.0,230.0,3.83,80.0
lego city undercover,LEGO City Undercover,LEGO City Undercover,Lego City Undercover,lego-city-undercover,1.0,2013.0,2013.0,high,2013-03-18,1329.0,167.0,3.93,80.0
just cause 3,Just Cause 3,Just Cause 3,Just Cause 3,just-cause-3,1.0,2015.0,2015.0,high,2015-11-30,9400.0,1591.0,3.4,74.0
middle-earth: shadow of mordor - game of the year edition,Middle-earth: Shadow of Mordor - Game of the Year Edition,Middle-earth: Shadow of Mordor,Middle-earth: Shadow of Mordor,shadow-of-mordor,1.0,2014.0,2014.0,high,2014-09-30,11821.0,2570.0,3.91,85.0
saints row: the third,Saints Row: The Third,Saints Row: The Third,Saints Row: The Third,saints-row-the-third,1.0,2011.0,2011.0,high,2011-11-15,10368.0,2080.0,3.95,84.0
castlevania: lords of shadow - mirror of fate hd,Castlevania: Lords of Shadow - Mirror of Fate HD,Castlevania: Lords of Shadow - Mirror of Fate HD,Castlevania: Lords of Shadow - Mirror of Fate,castlevania-los-mirror-of-fate-hd,0.966,2013.0,2013.0,high,2013-03-05,1296.0,126.0,3.72,72.0
insane robots,Insane Robots,Insane Robots,Insane Robots,insane-robots,1.0,2018.0,2018.0,high,2018-07-10,75.0,10.0,2.8,
the final station,The Final Station,The Final Station,The Final Station,the-final-station,1.0,2016.0,2016.0,high,2016-08-29,2160.0,335.0,3.85,76.0
headlander,Headlander,Headlander,Headlander,headlander,1.0,2016.0,2016.0,high,2016-07-25,1084.0,98.0,3.43,74.0
life is strange,Life is Strange,Life is Strange,Life is Strange,life-is-strange-episode-1-2,1.0,2015.0,2015.0,high,2015-01-29,15954.0,3783.0,4.12,83.0
life is strange: before the storm,Life is Strange: Before the Storm,Life is Strange: Before the Storm,Life is Strange: Before The Storm,life-is-strange-before-storm,1.0,2017.0,2017.0,high,2017-08-31,4475.0,1254.0,3.95,77.0
pro evolution soccer 2019,Pro Evolution Soccer 2019,Pro Evolution Soccer 2019,PRO EVOLUTION SOCCER 2019,pro-evolution-soccer-2019,1.0,2018.0,2018.0,high,2018-08-28,858.0,210.0,3.41,80.0
tecmo bowl: throwback,Tecmo Bowl: Throwback,Tecmo Bowl: Throwback,Tecmo Bowl Throwback,tecmo-bowl-throwback,1.0,2010.0,2010.0,high,2010-04-28,70.0,8.0,2.88,
sherlock holmes: the devil's daughter,Sherlock Holmes: The Devil's Daughter,Sherlock Holmes: The Devil's Daughter,Sherlock Holmes: The Devil's Daughter,sherlock-holmes-the-devils-daughter,1.0,2016.0,2016.0,high,2016-06-10,3194.0,382.0,3.7,65.0
robocraft infinity,Robocraft Infinity,Robocraft Infinity,Robocraft Infinity,robocraft-infinity,1.0,2018.0,2018.0,high,2018-04-11,66.0,8.0,3.2,
star wars: jedi starfighter,Star Wars: Jedi Starfighter,Star Wars: Jedi Starfighter,Star Wars: Jedi Starfighter,star-wars-jedi-starfighter,1.0,2002.0,2002.0,high,2002-03-10,164.0,22.0,3.05,80.0
friday the 13th: the game,Friday the 13th: The Game,Friday the 13th: The Game,Friday the 13th: The Game,friday-the-13th-the-game,1.0,2017.0,2017.0,high,2017-05-25,2336.0,330.0,3.13,61.0
pony island,Pony Island,Pony Island,Pony Island,pony-island,1.0,2016.0,2016.0,high,2016-01-04,2508.0,346.0,3.96,86.0
football manager 2019,Football Manager 2019,Football Manager 2019,Football Manager 2019,football-manager-2019,1.0,2018.0,2018.0,high,2018-11-02,371.0,132.0,4.08,86.0
the surge,The Surge,The Surge,The Surge,the-surge,1.0,2017.0,2017.0,high,2017-05-15,3803.0,601.0,3.19,72.0
below,Below,Below,Below,below,1.0,2018.0,2018.0,high,2018-12-14,717.0,131.0,3.24,71.0
strange brigade,Strange Brigade,Strange Brigade,Strange Brigade,strange-brigade,1.0,2018.0,2018.0,high,2018-08-28,1762.0,161.0,3.27,72.0
agents of mayhem,Agents of Mayhem,Agents of Mayhem,Agents of Mayhem,agents-of-mayhem,1.0,2017.0,2017.0,high,2017-08-15,1284.0,175.0,2.92,70.0
thomas was alone,Thomas Was Alone,Thomas Was Alone,Thomas Was Alone,thomas-was-alone,1.0,2012.0,2012.0,high,2012-06-30,3836.0,540.0,3.74,77.0
darksiders ii: deathinitive edition,Darksiders II: Deathinitive Edition,Darksiders II: Deathinitive Edition,Darksiders II Deathinitive Edition,darksiders-ii-deathinitive-edition,1.0,2012.0,2015.0,medium,2015-11-05,5688.0,689.0,3.79,75.0
grid 2,GRID 2,GRID 2,GRID 2,grid-2,1.0,2013.0,2013.0,high,2013-05-27,7726.0,832.0,3.3,80.0
ninja gaiden 3: razor's edge,Ninja Gaiden 3: Razor's Edge,Ninja Gaiden 3: Razor's Edge,Ninja Gaiden 3: Razor's Edge,ninja-gaiden-3-razors-edge-2,1.0,2012.0,2012.0,high,2012-11-18,227.0,36.0,3.94,
tembo the badass elephant,Tembo the Badass Elephant,Tembo the Badass Elephant,TEMBO THE BADASS ELEPHANT,tembo-the-badass-elephant,1.0,2015.0,2015.0,high,2015-07-21,571.0,71.0,3.34,
we were here,We Were Here,We Were Here,We Were Here,we-were-here,1.0,2017.0,2017.0,high,2017-02-03,3573.0,487.0,3.8,63.0
resident evil 5,Resident Evil 5,Resident Evil 5,Resident Evil 5,resident-evil-5-biohazard-5,1.0,2009.0,2009.0,high,2009-03-05,7726.0,1653.0,3.82,86.0
dead island: riptide - definitive edition,Dead Island: Riptide - Definitive Edition,Dead Island: Riptide,Dead Island: Riptide Definitive Edition,dead-island-riptide-definitive-edition,1.0,2016.0,2016.0,high,2016-05-31,1855.0,128.0,3.48,
>observer_,>observer_,>observer_,Observеr,observer_,0.875,2017.0,2017.0,medium,2017-08-14,3046.0,481.0,3.9,77.0
tekken tag tournament 2,Tekken Tag Tournament 2,Tekken Tag Tournament 2,Tekken Tag Tournament 2,tekken-tag-tournament-2,1.0,2012.0,2012.0,high,2012-09-11,578.0,138.0,4.03,83.0
earth defense force 2025,Earth Defense Force 2025,Earth Defense Force 2025,Earth Defense Force 2025,earth-defense-force-2025,1.0,2014.0,2014.0,high,2014-02-18,19.0,4.0,0.0,
forza motorsport 6,Forza Motorsport 6,Forza Motorsport 6,Forza Motorsport 6,forza-motorsport-6,1.0,2015.0,2015.0,high,2015-09-15,992.0,166.0,4.01,87.0
lego indiana jones: the original adventures,LEGO Indiana Jones: The Original Adventures,LEGO Indiana Jones: The Original Adventures,LEGO Indiana Jones: The Original Adventures,lego-indiana-jones,1.0,2008.0,2007.0,high,2007-01-01,1700.0,311.0,3.87,78.0
split/second,Split/Second,Split/Second,Split/Second,splitsecond,1.0,2010.0,2010.0,high,2010-05-18,1694.0,379.0,3.96,79.0
onrush,Onrush,Onrush,Onrush,onrush,1.0,2018.0,2018.0,high,2018-06-05,1886.0,457.0,3.05,
ninja gaiden black,Ninja Gaiden Black,Ninja Gaiden Black,Ninja Gaiden Black,ninja-gaiden-black,1.0,2005.0,2005.0,high,2005-09-20,98.0,23.0,4.52,
'splosion man,'Splosion Man,'Splosion Man,Splosion Man,splosion-man,1.0,2009.0,2009.0,high,2009-07-22,542.0,74.0,3.55,
the maw,The Maw,The Maw,The Maw,the-maw,1.0,2009.0,2009.0,high,2009-03-09,614.0,54.0,3.44,75.0
castlevania: lords of shadow,Castlevania: Lords of Shadow,Castlevania: Lords of Shadow,Castlevania: Lords of Shadow,castlevania-lords-of-shadow,1.0,2010.0,2010.0,high,2010-10-05,1594.0,342.0,3.93,84.0
big crown: showdown,Big Crown: Showdown,Big Crown: Showdown,Big Crown: Showdown,big-crown-showdown,1.0,2018.0,2018.0,high,2018-12-14,196.0,12.0,3.5,
manual samuel,Manual Samuel,Manual Samuel,Manual Samuel,manual-samuel,1.0,2016.0,2016.0,high,2016-10-11,2482.0,176.0,3.4,
sky force: reloaded,Sky Force: Reloaded,Sky Force: Reloaded,Sky Force Reloaded,sky-force-reloaded,1.0,2018.0,2016.0,medium,2016-04-15,286.0,54.0,4.15,78.0
graveyard keeper,Graveyard Keeper,Graveyard Keeper,Graveyard Keeper,graveyard-keeper,1.0,2018.0,2018.0,high,2018-08-14,3226.0,440.0,3.72,68.0
battleblock theater,BattleBlock Theater,BattleBlock Theater,BattleBlock Theater,battleblock-theater,1.0,2013.0,2013.0,high,2013-04-03,5296.0,901.0,3.84,85.0
a world of keflings,A World of Keflings,A World of Keflings,A World of Keflings,world-of-keflings-a,1.0,2010.0,2010.0,high,2010-12-22,449.0,35.0,2.69,
castlestorm,CastleStorm,CastleStorm,CastleStorm,castlestorm,1.0,2013.0,2013.0,high,2013-05-29,910.0,64.0,2.86,73.0
joe danger 2: the movie,Joe Danger 2: The Movie,Joe Danger 2: The Movie,Joe Danger 2: The Movie,joe-danger-2-the-movie,1.0,2012.0,2012.0,high,2012-09-14,1621.0,83.0,2.65,82.0
monday night combat,Monday Night Combat,Monday Night Combat,Monday Night Combat,monday-night-combat,1.0,2010.0,2010.0,high,2010-08-09,904.0,65.0,2.88,82.0
spelunky,Spelunky,Spelunky,Spelunky,spelunky,1.0,2009.0,2012.0,medium,2012-07-04,4973.0,641.0,3.69,90.0
toy soldiers,Toy Soldiers,Toy Soldiers,Toy Soldiers,toy-soldiers,1.0,2010.0,2010.0,high,2010-03-03,692.0,62.0,3.63,71.0
toy soldiers: cold war,Toy Soldiers: Cold War,Toy Soldiers: Cold War,Toy Soldiers: Cold War,toy-soldiers-cold-war,1.0,2011.0,2010.0,high,2010-08-03,474.0,65.0,2.98,
meet the robinsons,Meet the Robinsons,Meet the Robinsons,Meet the Robinsons,meet-the-robinsons,1.0,2007.0,2007.0,high,2007-03-27,122.0,20.0,3.0,
castlevania: symphony of the night,Castlevania: Symphony of the Night,Castlevania: Symphony of the Night,Castlevania: Symphony of the Night,castlevania-sotn,1.0,1997.0,1997.0,high,1997-03-20,1790.0,568.0,4.34,93.0
rivals of aether,Rivals of Aether,Rivals of Aether,Rivals of Aether,rivals-of-aether,1.0,2017.0,2017.0,high,2017-03-28,1243.0,115.0,3.78,
aftercharge,Aftercharge,Aftercharge,Aftercharge,aftercharge,1.0,2019.0,2019.0,high,2019-01-10,144.0,11.0,2.64,
the lego movie videogame,The LEGO Movie Videogame,The LEGO Movie Videogame,The LEGO Movie - Videogame,lego-movie-videogame,1.0,2014.0,2014.0,high,2014-02-06,1945.0,232.0,3.57,72.0
dandara,Dandara,Dandara,Dandara,dandara,1.0,2018.0,2018.0,high,2018-02-06,1499.0,119.0,3.31,75.0
dead rising 2,Dead Rising 2,Dead Rising 2,Dead Rising 2,dead-rising-2,1.0,2010.0,2010.0,high,2010-08-31,3867.0,561.0,3.54,78.0
metal slug xx,Metal Slug XX,Metal Slug XX,METAL SLUG XX,metal-slug-xx,1.0,2009.0,2009.0,high,2009-12-23,320.0,48.0,3.58,
hexic 2,Hexic 2,Hexic 2,Hexic 2,hexic-2,1.0,2007.0,2010.0,medium,2010-01-04,167.0,25.0,3.04,
earth defense force 2017,Earth Defense Force 2017,Earth Defense Force 2017,Earth Defense Force 2017,earth-defense-force-2017,1.0,2007.0,2007.0,high,2007-03-20,7.0,0.0,0.0,69.0
portal: still alive,Portal: Still Alive,Portal: Still Alive,Portal: Still Alive,portal-still-alive,1.0,2008.0,2008.0,high,2008-06-23,701.0,130.0,4.4,90.0
the golf club 2019 featuring pga tour,The Golf Club 2019 featuring PGA Tour,The Golf Club 2019 featuring PGA Tour,The Golf Club 2019 featuring PGA TOUR,the-golf-club-2019-featuring-pga-tour,1.0,2018.0,2018.0,high,2018-08-28,184.0,5.0,0.0,
ultimate marvel vs. capcom 3,Ultimate Marvel vs. Capcom 3,Ultimate Marvel vs. Capcom 3,Ultimate Marvel vs. Capcom 3,ultimate-marvel-vs-capcom-3,1.0,2011.0,2011.0,high,2011-11-15,1386.0,214.0,3.84,
zombie army trilogy,Zombie Army Trilogy,Zombie Army Trilogy,Zombie Army Trilogy,zombie-army-trilogy,1.0,2015.0,2015.0,high,2015-03-03,2291.0,207.0,3.33,72.0
devil may cry 4: special edition,Devil May Cry 4: Special Edition,Devil May Cry 4,Devil May Cry 4: Special Edition,devil-may-cry-4-special-edition,1.0,2015.0,2015.0,high,2015-06-23,2853.0,566.0,4.2,
marooners,Marooners,Marooners,Marooners,marooners,1.0,2016.0,2016.0,high,2016-09-15,709.0,39.0,2.64,
earth defense force: insect armageddon,Earth Defense Force: Insect Armageddon,Earth Defense Force: Insect Armageddon,Earth Defense Force: Insect Armageddon,earth-defense-force-insect-armageddon,1.0,2011.0,2011.0,high,2011-07-05,314.0,22.0,3.23,69.0
outcast: second contact,Outcast: Second Contact,Outcast: Second Contact,Outcast - Second Contact,outcast-second-contact,1.0,2017.0,2017.0,high,2017-11-13,747.0,48.0,2.57,65.0
lego star wars: the complete saga,LEGO Star Wars: The Complete Saga,LEGO Star Wars: The Complete Saga,LEGO Star Wars - The Complete Saga,lego-star-wars-tcs,1.0,2007.0,2007.0,high,2007-11-06,3517.0,643.0,4.1,77.0
star wars: knights of the old republic,STAR WARS: Knights of the Old Republic,STAR WARS: Knights of the Old Republic,Star Wars: Knights of the Old Republic,star-wars-knights-of-the-old-republic-2,1.0,2003.0,2003.0,high,2003-07-15,7035.0,1483.0,4.35,88.0
motogp 17,MotoGP 17,MotoGP 17,MotoGP 17,motogp-17,1.0,2017.0,2017.0,high,2017-06-15,127.0,15.0,2.8,
star wars: the force unleashed,Star Wars: The Force Unleashed,Star Wars: The Force Unleashed,Star Wars: The Force Unleashed,star-wars-the-force-unleashed,1.0,2008.0,2008.0,high,2008-09-16,1363.0,474.0,3.87,69.0
star wars: the force unleashed ii,Star Wars: The Force Unleashed II,Star Wars: The Force Unleashed II,STAR WARS: The Force Unleashed II,star-wars-the-force-unleashed-2,1.0,2010.0,2010.0,high,2010-10-25,3603.0,578.0,3.66,59.0
laser league,Laser League,Laser League,Laser League,laser-league,1.0,2018.0,2018.0,high,2018-02-08,1516.0,134.0,2.8,
d4: dark dreams don't die,D4: Dark Dreams Don't Die,D4: Dark Dreams Don't Die,D4: Dark Dreams Don't Die,d4-dark-dreams-dont-die,1.0,2014.0,2014.0,high,2014-09-19,1246.0,198.0,3.6,72.0
dmc: devil may cry - definitive edition,DmC: Devil May Cry - Definitive Edition,DmC: Devil May Cry,DmC: Devil May Cry: Definitive Edition,dmc-devil-may-cry-definitive-edition,1.0,2013.0,2015.0,medium,2015-03-10,69.0,35.0,3.94,84.0
jumpjet rex,JumpJet Rex,JumpJet Rex,JumpJet Rex,jumpjet-rex,1.0,2016.0,2015.0,high,2015-04-21,956.0,41.0,2.98,76.0
knight squad,Knight Squad,Knight Squad,Knight Squad,knight-squad,1.0,2015.0,2015.0,high,2015-11-16,566.0,41.0,3.27,
mega man legacy collection,Mega Man Legacy Collection,Mega Man Legacy Collection,Mega Man Legacy Collection / ロックマン クラシックス コレクション,mega-man-legacy-collection-2,1.0,2015.0,2015.0,high,2015-08-24,2044.0,155.0,3.69,85.0
ms. splosion man,Ms. Splosion Man,Ms. Splosion Man,Ms. Splosion Man,ms-splosion-man,1.0,2011.0,2010.0,high,2010-12-09,546.0,32.0,3.28,
super mega baseball: extra innings,Super Mega Baseball: Extra Innings,Super Mega Baseball: Extra Innings,Super Mega Baseball: Extra Innings,super-mega-baseball-extra-innings,1.0,2015.0,2015.0,high,2015-08-14,634.0,46.0,2.85,
super time force,Super Time Force,Super Time Force,Super Time Force,super-time-force,1.0,2014.0,2014.0,high,2014-05-14,233.0,46.0,3.52,
tom clancy's ghost recon advanced warfighter 2,Tom Clancy's Ghost Recon Advanced Warfighter 2,Tom Clancy's Ghost Recon Advanced Warfighter 2,Tom Clancy's Ghost Recon Advanced Warfighter 2,tcs-graw2,1.0,2007.0,2007.0,high,2007-03-06,927.0,106.0,3.42,82.0
the technomancer,The Technomancer,The Technomancer,The Technomancer,the-technomancer,1.0,2016.0,2016.0,high,2016-06-27,996.0,127.0,2.93,56.0
star wars: battlefront ii,Star Wars: Battlefront II,Star Wars: Battlefront II,STAR WARS Battlefront II,star-wars-battlefront-2,1.0,2017.0,2017.0,high,2017-11-17,5955.0,1374.0,3.58,74.0
plants vs. zombies: garden warfare 2,Plants vs. Zombies: Garden Warfare 2,Plants vs. Zombies: Garden Warfare 2,Plants vs. Zombies Garden Warfare 2,plants-vs-zombies-garden-warfare-2,1.0,2016.0,2016.0,high,2016-02-23,808.0,176.0,3.63,81.0
outlast,Outlast,Outlast,Outlast,outlast,1.0,2013.0,2013.0,high,2013-09-03,10907.0,1870.0,3.76,80.0
homefront: the revolution,Homefront: The Revolution,Homefront: The Revolution,Homefront: The Revolution,homefront-the-revolution,1.0,2016.0,2016.0,high,2016-05-17,2158.0,351.0,3.02,54.0
unmechanical: extended edition,Unmechanical: Extended Edition,Unmechanical: Extended Edition,Unmechanical: Extended,unmechanical-extended,0.9,2012.0,2012.0,high,2012-08-07,465.0,36.0,3.0,
olliolli,OlliOlli,OlliOlli,OlliOlli,olliolli,1.0,2014.0,2014.0,high,2014-01-21,1431.0,145.0,3.72,78.0
pumped bmx +,Pumped BMX +,Pumped BMX +,Pumped BMX +,pumped-bmx,1.0,2015.0,2015.0,high,2015-09-18,941.0,96.0,2.36,
the golf club,The Golf Club,The Golf Club,The Golf Club,the-golf-club,1.0,2014.0,2014.0,high,2014-04-17,118.0,18.0,3.61,70.0
the swapper,The Swapper,The Swapper,The Swapper,the-swapper,1.0,2013.0,2013.0,high,2013-05-13,4690.0,529.0,3.53,87.0
metal gear rising: revengeance,Metal Gear Rising: Revengeance,Metal Gear Rising: Revengeance,Metal Gear Rising: Revengeance,metal-gear-rising-revengeance,1.0,2013.0,2013.0,high,2013-02-19,6110.0,1258.0,4.25,83.0
adventure time: pirates of the enchiridion,Adventure Time: Pirates of the Enchiridion,Adventure Time: Pirates of the Enchiridion,Adventure Time: Pirates of the Enchiridion,adventure-time-and-crayola-scoot,1.0,2018.0,2018.0,high,2018-07-17,548.0,69.0,3.16,59.0
super bomberman r,Super Bomberman R,Super Bomberman R,Super Bomberman R,super-bomberman-r,1.0,2017.0,2017.0,high,2017-03-03,666.0,121.0,2.99,
late shift,Late Shift,Late Shift,Late Shift,late-shift,1.0,2017.0,2017.0,high,2017-04-17,1875.0,313.0,3.59,80.0
sacred citadel,Sacred Citadel,Sacred Citadel,Sacred Citadel,sacred-citadel,1.0,2013.0,2013.0,high,2013-03-19,1950.0,124.0,2.68,61.0
star wars jedi knight: jedi academy,Star Wars Jedi Knight: Jedi Academy,Star Wars Jedi Knight: Jedi Academy,Star Wars Jedi Knight: Jedi Academy,star-wars-jedi-knight-jedi-academy,1.0,2003.0,2003.0,high,2003-09-16,4430.0,661.0,4.33,81.0
bloodstained: curse of the moon,Bloodstained: Curse of the Moon,Bloodstained: Curse of the Moon,Bloodstained: Curse of the Moon,bloodstained-curse-of-the-moon,1.0,2018.0,2018.0,high,2018-05-24,944.0,167.0,3.88,78.0
f1 2015,F1 2015,F1 2015,F1 2015,f1-2015,1.0,2015.0,2015.0,high,2015-07-09,3985.0,277.0,2.7,61.0
assassin's creed rogue,Assassin's Creed Rogue,Assassin's Creed Rogue,Assassin’s Creed Rogue,assassins-creed-rogue-2,1.0,2014.0,2014.0,high,2014-11-11,3219.0,789.0,3.72,74.0
resident evil: revelations 2,Resident Evil: Revelations 2,Resident Evil: Revelations 2,Resident Evil Revelations,resident-evil-revelations-biohazard-revelations,0.5,2015.0,2012.0,low,2012-02-07,4514.0,647.0,3.75,77.0
kyub,Kyub,Kyub,KYUB,kyub,1.0,2016.0,2016.0,high,2016-07-13,35.0,4.0,0.0,
mega coin squad,Mega Coin Squad,Mega Coin Squad,Mega Coin Squad,mega-coin-squad,1.0,2014.0,2014.0,high,2014-08-15,134.0,11.0,2.82,56.0
far cry 2,Far Cry 2,Far Cry 2,Far Cry 2,far-cry-2-fortunes-edition,1.0,2008.0,2008.0,high,2008-10-21,5201.0,1041.0,3.46,85.0
the escapists: the walking dead,The Escapists: The Walking Dead,The Escapists: The Walking Dead,The Escapists: The Walking Dead,the-escapists-the-walking-dead,1.0,2015.0,2015.0,high,2015-09-29,509.0,45.0,2.8,66.0
letter quest: grimm's journey - remastered,Letter Quest: Grimm's Journey - Remastered,Letter Quest: Grimm's Journey - Remastered,Letter Quest: Grimm's Journey Remastered,letter-quest-grimms-journey-remastered,1.0,2014.0,2015.0,high,2015-08-05,477.0,31.0,3.13,
dead rising 3,Dead Rising 3,Dead Rising 3,Dead Rising 3,dead-rising-3,1.0,2013.0,2013.0,high,2013-11-22,1219.0,175.0,3.4,78.0
electronic super joy,Electronic Super Joy,Electronic Super Joy,Electronic Super Joy,electronic-super-joy,1.0,2013.0,2013.0,high,2013-08-23,1034.0,72.0,3.49,78.0
roundabout,Roundabout,Roundabout,Roundabout,roundabout,1.0,2014.0,2014.0,high,2014-09-18,640.0,96.0,3.0,75.0
steredenn,Steredenn,Steredenn,Steredenn,steredenn,1.0,2015.0,2015.0,high,2015-10-01,678.0,32.0,3.18,
mercenaries: playground of destruction,Mercenaries: Playground of Destruction,Mercenaries: Playground of Destruction,Mercenaries: Playground of Destruction,mercenaries-playground-of-destruction,1.0,2005.0,2005.0,high,2005-01-11,72.0,18.0,3.79,
race the sun,Race the Sun,Race the Sun,Race The Sun,race-the-sun,1.0,2013.0,2013.0,high,2013-08-17,3523.0,404.0,3.15,79.0
bayonetta,Bayonetta,Bayonetta,Bayonetta,bayonetta,1.0,2009.0,2009.0,high,2009-06-23,6194.0,1160.0,4.3,90.0
deadlight: director's cut,Deadlight: Director's Cut,Deadlight,Deadlight: Director's Cut,deadlight-directors-cut,1.0,2014.0,2016.0,medium,2016-06-20,2113.0,232.0,3.46,
metal gear solid v: ground zeroes,Metal Gear Solid V: Ground Zeroes,Metal Gear Solid V: Ground Zeroes,Metal Gear Solid V: Ground Zeroes,metal-gear-solid-v-ground-zeroes,1.0,2014.0,2014.0,high,2014-03-18,9143.0,1721.0,3.91,80.0
nba playgrounds,NBA Playgrounds,NBA Playgrounds,NBA Playgrounds,nba-playgrounds,1.0,2017.0,2017.0,high,2017-05-08,1097.0,90.0,3.12,67.0
wrc 5: fia world rally championships,WRC 5: FIA World Rally Championships,WRC 5: FIA World Rally Championships,WRC 4 FIA World Rally Championship,wrc-4-fia-world-rally-championship-2,0.5,2010.0,2013.0,low,2013-10-24,333.0,26.0,3.27,63.0
farming simulator 15,Farming Simulator 15,Farming Simulator 15,Farming Simulator 15,farming-simulator-15,1.0,2014.0,2014.0,high,2014-10-30,467.0,68.0,3.57,64.0
battlefield 1,Battlefield 1,Battlefield 1,Battlefield 1,battlefield-1,1.0,2016.0,2016.0,high,2016-10-21,7807.0,1985.0,3.84,88.0
assassin's creed,Assassin's Creed,Assassin's Creed,Assassin's Creed,assassins-creed,1.0,2007.0,2007.0,high,2007-11-13,5595.0,2041.0,3.92,80.0
victor vran,Victor Vran,Victor Vran,Victor Vran,victor-vran,1.0,2015.0,2015.0,high,2015-07-23,2246.0,239.0,3.38,75.0
casey powell lacrosse 16,Casey Powell Lacrosse 16,Casey Powell Lacrosse 16,Casey Powell Lacrosse 16,casey-powell-lacrosse-16,1.0,2016.0,2016.0,high,2016-03-08,8.0,1.0,0.0,
mega man 10,Mega Man 10,Mega Man 10,Mega Man 10(2010),mega-man-10,1.0,2010.0,2010.0,high,2010-03-01,315.0,45.0,3.63,
this war of mine: the little ones,This War of Mine: The Little Ones,This War of Mine: The Little Ones,This War of Mine: The Little Ones,this-war-of-mine-the-little-ones,1.0,2014.0,2016.0,medium,2016-01-29,1506.0,316.0,3.58,82.0
resident evil zero,Resident Evil Zero,Resident Evil Zero,Resident Evil Zero,resident-evil-zero,1.0,2002.0,2002.0,high,2002-11-12,329.0,104.0,3.77,83.0
hitman: blood money,Hitman: Blood Money,Hitman: Blood Money,Hitman: Blood Money,hitman-blood-money,1.0,2006.0,2006.0,high,2006-05-29,5880.0,1045.0,4.31,82.0
overcooked!,Overcooked!,Overcooked!,Overcooked,overcooked,1.0,2016.0,2016.0,high,2016-08-01,5983.0,1357.0,4.07,81.0
stuntman: ignition,Stuntman: Ignition,Stuntman: Ignition,Stuntman: Ignition,stuntman-ignition,1.0,2010.0,2010.0,high,2010-07-15,330.0,52.0,3.3,
livelock,Livelock,Livelock,Livelock,livelock,1.0,2016.0,2016.0,high,2016-08-30,601.0,66.0,2.79,73.0
oddworld: new 'n' tasty,Oddworld: New 'n' Tasty,Oddworld: New 'n' Tasty,Oddworld: New 'n' Tasty,oddworld-new-n-tasty,1.0,2014.0,2014.0,high,2014-07-22,3500.0,386.0,3.51,87.0
mega man 9,Mega Man 9,Mega Man 9,Mega Man 9(2008),mega-man-9,1.0,2008.0,2008.0,high,2008-09-22,192.0,41.0,3.93,
sky force: anniversary,Sky Force: Anniversary,Sky Force: Anniversary,Sky Force Anniversary,sky-force-anniversary,1.0,2015.0,2015.0,high,2015-04-29,1311.0,244.0,3.51,
sega vintage collection: monster world,Sega Vintage Collection: Monster World,Sega Vintage Collection: Monster World,SEGA Vintage Collection: Monster World,sega-vintage-collection-monster-world,1.0,2012.0,2012.0,high,2012-05-23,8.0,1.0,0.0,
the bug butcher,The Bug Butcher,The Bug Butcher,The Bug Butcher,the-bug-butcher,1.0,2016.0,2016.0,high,2016-01-19,440.0,34.0,3.29,81.0
tower of guns,Tower of Guns,Tower of Guns,Tower of Guns,tower-of-guns,1.0,2014.0,2014.0,high,2014-03-03,2042.0,135.0,2.3,76.0
epic mickey 2: the power of two,Epic Mickey 2: The Power of Two,Epic Mickey 2: The Power of Two,Disney Epic Mickey 2: The Power of Two,disney-epic-mickey-2-the-power-of-two,0.896,2012.0,2012.0,medium,2012-03-20,514.0,62.0,3.31,59.0
forza horizon 2,Forza Horizon 2,Forza Horizon 2,Forza Horizon 2,forza-horizon-2,1.0,2014.0,2014.0,high,2014-09-30,1562.0,358.0,4.2,86.0
pro evolution soccer 2018,Pro Evolution Soccer 2018,Pro Evolution Soccer 2018,Pro Evolution Soccer 2018,pro-evolution-soccer-2018,1.0,2017.0,2017.0,high,2017-09-12,875.0,174.0,3.49,84.0
10 second ninja x,10 Second Ninja X,10 Second Ninja X,10 Second Ninja X,10-second-ninja-x,1.0,2016.0,2016.0,high,2016-07-19,2952.0,166.0,2.51,
galaga legions dx,Galaga Legions DX,Galaga Legions DX,Galaga Legions DX,galaga-legions-dx,1.0,2011.0,2011.0,high,2011-06-29,249.0,28.0,3.14,
pac-man museum,Pac-Man Museum,Pac-Man Museum,PAC-MAN MUSEUM,pac-man-museum,1.0,2014.0,2014.0,high,2014-02-25,179.0,23.0,3.09,
soulcalibur ii hd online,SoulCalibur II HD Online,SoulCalibur II HD Online,SOULCALIBUR II HD,soulcalibur-ii-hd,0.9,2013.0,2013.0,high,2013-11-19,220.0,55.0,4.13,
tom clancy's splinter cell: conviction,Tom Clancy's Splinter Cell: Conviction,Tom Clancy's Splinter Cell: Conviction,Tom Clancy's Splinter Cell: Conviction,tom-clancys-splinter-cell-conviction,1.0,2010.0,2010.0,high,2010-04-13,3479.0,683.0,3.84,83.0
assault android cactus,Assault Android Cactus,Assault Android Cactus,Assault Android Cactus,assault-android-cactus,1.0,2015.0,2015.0,high,2015-09-23,861.0,79.0,3.57,79.0
virtua fighter 5 final showdown,Virtua Fighter 5 Final Showdown,Virtua Fighter 5 Final Showdown,VIRTUA FIGHTER 5 FINAL SHOWDOWN,virtua-fighter-5-final-showdown,1.0,2012.0,2012.0,high,2012-05-29,331.0,52.0,3.35,77.0
smite,Smite,Smite,SMITE,smite,1.0,2015.0,2015.0,high,2015-08-19,6152.0,803.0,3.05,83.0
pharaonic,Pharaonic,Pharaonic,Pharaonic,pharaonic,1.0,2016.0,2016.0,high,2016-04-27,162.0,14.0,2.71,71.0
so many me,So Many Me,So Many Me,So Many Me,so-many-me,1.0,2015.0,2014.0,high,2014-07-17,494.0,55.0,2.82,78.0
lego indiana jones 2: the adventure continues,LEGO Indiana Jones 2: The Adventure Continues,LEGO Indiana Jones 2: The Adventure Continues,LEGO Indiana Jones 2: The Adventure Continues,lego-indiana-jones-2,1.0,2009.0,2009.0,high,2009-11-17,993.0,160.0,3.67,66.0
sonic & all-stars racing transformed,Sonic & All-Stars Racing Transformed,Sonic & All-Stars Racing Transformed,Sonic & All-Stars Racing Transformed,sonic-all-stars-racing-transformed,1.0,2012.0,2012.0,high,2012-11-16,3205.0,394.0,3.91,79.0
bomberman live: battlefest,Bomberman Live: Battlefest,Bomberman Live: Battlefest,Bomberman Live: Battlefest,bomberman-battlefest,1.0,2010.0,2010.0,high,2010-12-08,78.0,0.0,0.0,70.0
bard's gold,Bard's Gold,Bard's Gold,Bard's Gold,bards-gold,1.0,2015.0,2015.0,high,2015-08-14,119.0,10.0,2.8,58.0
resident evil 6,Resident Evil 6,Resident Evil 6,Resident Evil 6,resident-evil-6,1.0,2012.0,2012.0,high,2012-10-02,6472.0,1288.0,3.43,67.0
vanquish,Vanquish,Vanquish,Vanquish,vanquish,1.0,2010.0,2010.0,high,2010-10-19,3489.0,565.0,4.01,79.0
super mega baseball 2,Super Mega Baseball 2,Super Mega Baseball 2,Super Mega Baseball 2,super-mega-baseball-2,1.0,2018.0,2018.0,high,2018-05-01,282.0,48.0,3.67,
sega vintage collection: streets of rage,Sega Vintage Collection: Streets of Rage,Sega Vintage Collection: Streets of Rage,Sega Vintage Collection: Streets of Rage,sega-vintage-collection-streets-of-rage,1.0,2012.0,2012.0,high,2012-05-30,8.0,0.0,0.0,
bioshock infinite,BioShock Infinite,BioShock Infinite,BioShock Infinite,bioshock-infinite,1.0,2013.0,2013.0,high,2013-03-26,16166.0,4187.0,4.38,94.0
bioshock 2,BioShock 2,BioShock 2,BioShock 2,bioshock-2,1.0,2010.0,2010.0,high,2010-02-09,11592.0,1967.0,4.07,88.0
bioshock,BioShock,BioShock,BioShock,bioshock,1.0,2007.0,2007.0,high,2007-08-21,14813.0,3377.0,4.36,96.0
age of booty,Age of Booty,Age of Booty,Age of Booty,age-of-booty,1.0,2008.0,2008.0,high,2008-10-15,209.0,15.0,3.8,
bionic commando: rearmed 2,Bionic Commando: Rearmed 2,Bionic Commando: Rearmed 2,Bionic Commando: Rearmed,bionic-commando-rearmed,0.5,2011.0,2008.0,low,2008-08-14,1970.0,120.0,3.25,86.0
blood bowl 2,Blood Bowl 2,Blood Bowl 2,Blood Bowl 2,blood-bowl-2,1.0,2015.0,2015.0,high,2015-09-22,863.0,93.0,3.36,76.0
borderlands,Borderlands,Borderlands,Borderlands,borderlands,1.0,2009.0,2009.0,high,2009-10-20,10168.0,2126.0,3.82,81.0
bound by flame,Bound by Flame,Bound by Flame,Bound by Flame,bound-by-flame,1.0,2014.0,2014.0,high,2014-05-06,1215.0,171.0,3.04,56.0
dead rising 2: case zero,Dead Rising 2: Case Zero,Dead Rising 2: Case Zero,Dead Rising 2: CASE ZERO,dr2-case-zero,1.0,2010.0,2010.0,high,2010-08-12,652.0,83.0,3.25,
defense grid 2,Defense Grid 2,Defense Grid 2,Defense Grid 2,defense-grid-2,1.0,2014.0,2014.0,high,2014-09-23,716.0,68.0,3.15,81.0
final fight: double impact,Final Fight: Double Impact,Final Fight: Double Impact,Final Fight: Double Impact,final-fight-double-impact,1.0,2010.0,2010.0,high,2010-04-14,126.0,13.0,3.5,
mad max,Mad Max,Mad Max,Mad Max,mad-max,1.0,2015.0,2015.0,high,2015-08-31,8860.0,1764.0,3.78,73.0
operation flashpoint: dragon rising,Operation Flashpoint: Dragon Rising,Operation Flashpoint: Dragon Rising,Operation Flashpoint: Dragon Rising,of-dragon-rising,1.0,2009.0,2009.0,high,2009-10-06,2547.0,171.0,2.78,76.0
pac-man championship edition dx,Pac-Man Championship Edition DX,Pac-Man Championship Edition DX,PAC-MAN Championship Edition DX+,pac-man-championship-edition-dx,1.0,2010.0,2013.0,medium,2013-09-24,1529.0,155.0,3.79,
sacred 3,Sacred 3,Sacred 3,Sacred 3,sacred-3,1.0,2014.0,2014.0,high,2014-07-31,1425.0,140.0,2.65,57.0
sega vintage collection: alex kidd & co.,SEGA Vintage Collection: Alex Kidd & Co.,SEGA Vintage Collection: Alex Kidd & Co.,SEGA Vintage Collection: Alex Kidd & Co.,sega-vintage-collection-alex-kidd-co,1.0,2012.0,2012.0,high,2012-05-23,3.0,0.0,0.0,
sega vintage collection: golden axe,SEGA Vintage Collection: Golden Axe,SEGA Vintage Collection: Golden Axe,Sega Vintage Collection: Golden Axe,sega-vintage-collection-golden-axe,1.0,2012.0,2012.0,high,2012-05-30,4.0,1.0,0.0,
soulcalibur,SoulCalibur,SoulCalibur,Soulcalibur,soulcalibur,1.0,1998.0,1998.0,high,1998-07-30,301.0,84.0,4.39,98.0
xcom: enemy within,XCOM: Enemy Within,XCOM: Enemy Within,XCOM: Enemy Within,xcom-enemy-within,1.0,2013.0,2013.0,high,2013-11-12,732.0,290.0,4.46,86.0
lumo,Lumo,Lumo,Lumo,lumo,1.0,2016.0,2016.0,high,2016-05-23,683.0,117.0,2.56,77.0
nba 2k17,NBA 2K17,NBA 2K17,NBA 2K17,nba-2k17,1.0,2016.0,2016.0,high,2016-09-16,1123.0,133.0,3.33,90.0
wwe 2k17,WWE 2K17,WWE 2K17,WWE 2K17,wwe-2k17,1.0,2016.0,2016.0,high,2016-10-11,412.0,82.0,3.3,61.0
quantum conundrum,Quantum Conundrum,Quantum Conundrum,Quantum Conundrum,quantum-conundrum,1.0,2012.0,2012.0,high,2012-06-21,1731.0,173.0,3.23,77.0
comix zone,Comix Zone,Comix Zone,Comix Zone,comix-zone-1995,1.0,1995.0,1995.0,high,1995-01-01,824.0,276.0,4.35,
brave: the video game,Brave: The Video Game,Brave: The Video Game,Brave: The Video Game,brave-the-video-game,1.0,2012.0,2012.0,high,2012-04-09,11.0,4.0,0.0,
capcom arcade cabinet,CAPCOM Arcade Cabinet,CAPCOM Arcade Cabinet,CAPCOM ARCADE CABINET,capcom-arcade-cabinet,1.0,2013.0,2013.0,high,2013-02-19,350.0,32.0,3.09,
strider,Strider,Strider,Strider,strider,1.0,2014.0,2012.0,medium,2012-02-16,3945.0,333.0,3.3,78.0
crazy taxi,Crazy Taxi,Crazy Taxi,Crazy Taxi (1999),crazy-taxi,1.0,1999.0,1999.0,high,1999-01-01,2787.0,432.0,3.83,82.0
the incredible adventures of van helsing iii,The Incredible Adventures of Van Helsing III,The Incredible Adventures of Van Helsing III,The Incredible Adventures of Van Helsing III,the-incredible-adventures-of-van-helsing-iii,1.0,2015.0,2015.0,high,2015-05-22,1001.0,80.0,3.38,64.0
wwe 2k16,WWE 2K16,WWE 2K16,WWE 2K16,wwe-2k16,1.0,2015.0,2015.0,high,2015-10-27,1055.0,166.0,2.97,74.0
tomb raider: underworld,Tomb Raider: Underworld,Tomb Raider: Underworld,Tomb Raider: Underworld,tomb-raider-underworld,1.0,2008.0,2008.0,high,2008-11-18,4979.0,526.0,3.7,80.0
back to the future: the game 30th anniversary edition,Back to the Future: The Game 30th Anniversary Edition,Back to the Future: The Game 30th,Back to the Future: The Game,back-to-the-future-the-game,0.915,2010.0,2010.0,high,2010-12-21,2529.0,264.0,3.44,74.0
marlow briggs and the mask of death,Marlow Briggs and the Mask of Death,Marlow Briggs and the Mask of Death,Marlow Briggs and the Mask of Death,marlow-briggs-and-the-mask-of-death,1.0,2013.0,2013.0,high,2013-09-20,677.0,41.0,3.19,
warhammer: end times - vermintide,Warhammer: End Times - Vermintide,Warhammer: End Times - Vermintide,Warhammer: End Times - Vermintide,warhammer-end-times-vermintide,1.0,2015.0,2015.0,high,2015-10-23,4075.0,443.0,3.47,79.0
nba 2k16,NBA 2K16,NBA 2K16,NBA 2K16,nba-2k16,1.0,2015.0,2015.0,high,2015-09-25,2286.0,316.0,2.96,86.0
child of eden,Child of Eden,Child of Eden,Child of Eden,child-of-eden,1.0,2011.0,2011.0,high,2011-06-14,475.0,74.0,3.32,
deadfall adventures,Deadfall Adventures,Deadfall Adventures,Deadfall Adventures,deadfall-adventures,1.0,2013.0,2013.0,high,2013-11-14,759.0,80.0,2.58,53.0
nights into dreams,NiGHTS into Dreams,NiGHTS into Dreams,NiGHTS into dreams...,nights-into-dreams,1.0,1995.0,1995.0,high,1995-02-11,2748.0,113.0,3.06,
gone home: console edition,Gone Home: Console Edition,Gone Home: Console Edition,Gone Home: Console Edition,gone-home-console-edition,1.0,2016.0,2016.0,high,2016-01-12,123.0,23.0,3.7,
rayman 3 hd,Rayman 3 HD,Rayman 3 HD,Rayman 3 HD,rayman-3-hd,1.0,2012.0,2012.0,high,2012-03-21,400.0,36.0,3.67,
battlefield 3,Battlefield 3,Battlefield 3,Battlefield 3,battlefield-3,1.0,2011.0,2011.0,high,2011-10-25,5012.0,1376.0,4.08,86.0
forza motorsport 5,Forza Motorsport 5,Forza Motorsport 5,Forza Motorsport 5,forza-motorsport-5,1.0,2013.0,2013.0,high,2013-11-22,1331.0,210.0,3.56,79.0
hydro thunder hurricane,Hydro Thunder Hurricane,Hydro Thunder Hurricane,Hydro Thunder Hurricane,hydro-thunder-hurricane,1.0,2010.0,2010.0,high,2010-07-28,6.0,1.0,0.0,
red faction: armageddon,Red Faction: Armageddon,Red Faction: Armageddon,Red Faction: Armageddon,red-faction-armageddon,1.0,2011.0,2011.0,high,2011-06-07,4472.0,402.0,3.04,75.0
dungeons & dragons: chronicles of mystara,Dungeons & Dragons: Chronicles of Mystara,Dungeons & Dragons: Chronicles of Mystara,Dungeons & Dragons: Chronicles of Mystara,dungeons-dragons-chronicles-of-mystara,1.0,2013.0,2013.0,high,2013-06-18,609.0,77.0,3.43,
lego pirates of the caribbean: the video game,LEGO Pirates of the Caribbean: The Video Game,LEGO Pirates of the Caribbean: The Video Game,LEGO Pirates of the Caribbean: The Video Game,lego-pirates-of-the-caribbean,1.0,2011.0,2011.0,high,2011-05-10,904.0,166.0,3.93,73.0
grow up,Grow Up,Grow Up,Grow Up,grow-up,1.0,2016.0,2016.0,high,2016-08-15,599.0,102.0,3.85,71.0
kane & lynch 2: dog days,Kane & Lynch 2: Dog Days,Kane & Lynch 2: Dog Days,Kane & Lynch 2: Dog Days,kane-lynch-2-dog-days,1.0,2010.0,2010.0,high,2010-08-17,3543.0,518.0,3.25,66.0
dragon age: origins,Dragon Age: Origins,Dragon Age: Origins,Dragon Age: Origins,dragon-age-origins,1.0,2009.0,2009.0,high,2009-11-03,6966.0,1993.0,4.39,91.0
speedrunners,SpeedRunners,SpeedRunners,SpeedRunners,speedrunners,1.0,2016.0,2016.0,high,2016-04-19,3797.0,526.0,3.75,84.0
assassin's creed iii,Assassin's Creed III,Assassin's Creed III,Assassin’s Creed III,assassins-creed-iii-2,1.0,2012.0,2012.0,high,2012-10-30,7525.0,2196.0,3.75,80.0
giana sisters: twisted dreams – director's cut,Giana Sisters: Twisted Dreams – Director's Cut,Giana Sisters: Twisted Dreams,Giana Sisters: Twisted Dreams - Director's Cut,giana-sisters-twisted-dreams-directors-cut,1.0,2014.0,2014.0,high,2014-12-09,430.0,63.0,2.77,80.0
project cars,Project CARS,Project CARS,Project CARS,project-cars,1.0,2015.0,2015.0,high,2015-05-06,2564.0,270.0,3.57,83.0
lovers in a dangerous spacetime,Lovers in a Dangerous Spacetime,Lovers in a Dangerous Spacetime,Lovers in a Dangerous Spacetime,lovers-in-a-dangerous-spacetime,1.0,2015.0,2015.0,high,2015-09-08,2502.0,391.0,3.57,80.0
monkey island 2 special edition: lechuck's revenge,Monkey Island 2 Special Edition: LeChuck's Revenge,Monkey Island 2,Monkey Island 2 Special Edition: LeChuck’s Revenge,monkey-island-2-se,1.0,2010.0,2010.0,high,2010-07-07,2038.0,188.0,4.25,87.0
rayman origins,Rayman Origins,Rayman Origins,Rayman Origins,rayman-origins,1.0,2011.0,2011.0,high,2011-11-15,3562.0,760.0,4.13,86.0
burnout paradise,Burnout Paradise,Burnout Paradise,Burnout Paradise,burnout-paradise,1.0,2008.0,2008.0,high,2008-01-22,2646.0,626.0,4.09,87.0
sleeping dogs: definitive edition,Sleeping Dogs: Definitive Edition,Sleeping Dogs,Sleeping Dogs: Definitive Edition,sleeping-dogs-definitive-edition,1.0,2014.0,2014.0,high,2014-10-08,6753.0,1192.0,4.15,76.0
outland,Outland,Outland,Outland,outland,1.0,2011.0,2011.0,high,2011-04-26,4156.0,336.0,2.9,83.0
murdered: soul suspect,Murdered: Soul Suspect,Murdered: Soul Suspect,Murdered: Soul Suspect,murdered-soul-suspect,1.0,2014.0,2014.0,high,2014-06-03,5525.0,994.0,3.47,59.0
super dungeon bros,Super Dungeon Bros,Super Dungeon Bros,Super Dungeon Bros,super-dungeon-bros,1.0,2016.0,2016.0,high,2016-11-01,198.0,14.0,2.5,
the secret of monkey island: special edition,The Secret of Monkey Island: Special Edition,The Secret of Monkey Island,The Secret of Monkey Island: Special Edition,the-secret-of-monkey-island-special-edition,1.0,2009.0,2009.0,high,2009-07-15,2748.0,332.0,4.18,86.0
i am alive,I Am Alive,I Am Alive,I Am Alive,i-am-alive,1.0,2012.0,2012.0,high,2012-03-07,1867.0,349.0,3.41,66.0
mx vs. atv reflex,MX vs. ATV Reflex,MX vs. ATV Reflex,MX vs. ATV Reflex,mx-vs-atv-reflex,1.0,2009.0,2009.0,high,2009-12-01,1583.0,100.0,3.0,
earthlock: festival of magic,Earthlock: Festival of Magic,Earthlock: Festival of Magic,EARTHLOCK: Festival of Magic,earthlock,1.0,2016.0,2016.0,high,2016-09-01,1130.0,61.0,3.16,
forza horizon,Forza Horizon,Forza Horizon,Forza Horizon,forza-horizon,1.0,2012.0,2012.0,high,2012-10-23,1445.0,355.0,4.36,85.0
beyond good & evil hd,Beyond Good & Evil HD,Beyond Good & Evil HD,Beyond Good & Evil - 20th Anniversary Edition,beyond-good-evil-20th-anniversary-edition,0.917,2024.0,2024.0,high,2024-06-24,133.0,12.0,4.58,
warriors orochi 3 ultimate,Warriors Orochi 3 Ultimate,Warriors Orochi 3 Ultimate,WARRIORS OROCHI 3 Ultimate,warriors-orochi-3-ultimate,1.0,2013.0,2013.0,high,2013-09-26,379.0,58.0,2.88,75.0
tumblestone,Tumblestone,Tumblestone,Tumblestone,tumblestone,1.0,2016.0,2016.0,high,2016-07-11,1420.0,63.0,2.44,91.0
tom clancy's rainbow six: vegas 2,Tom Clancy's Rainbow Six: Vegas 2,Tom Clancy's Rainbow Six: Vegas 2,Tom Clancy's Rainbow Six Vegas 2,tom-clancys-rainbow-six-vegas-2-2,1.0,2008.0,2008.0,high,2008-04-16,2138.0,317.0,3.79,78.0
the crew,The Crew,The Crew,The Crew,the-crew,1.0,2014.0,2014.0,high,2014-12-01,2569.0,471.0,3.32,71.0
xcom: enemy unknown,XCOM: Enemy Unknown,XCOM: Enemy Unknown,XCOM: Enemy Unknown,xcom-enemy-unknown,1.0,2012.0,2012.0,high,2012-10-09,8537.0,1595.0,4.2,89.0
saints row iv,Saints Row IV,Saints Row IV,Saints Row IV,saints-row-iv,1.0,2013.0,2013.0,high,2013-08-20,8262.0,1648.0,3.82,86.0
sherlock holmes: crimes & punishments,Sherlock Holmes: Crimes & Punishments,Sherlock Holmes: Crimes & Punishments,Sherlock Holmes: Crimes and Punishments,sherlock-holmes,1.0,2014.0,2014.0,high,2014-09-30,2229.0,386.0,3.95,77.0
supreme commander 2,Supreme Commander 2,Supreme Commander 2,Supreme Commander 2,supreme-commander-2,1.0,2010.0,2010.0,high,2010-03-01,2330.0,166.0,3.3,77.0
deliver at all costs,Deliver at All Costs,Deliver at All Costs,Deliver At All Costs,deliver-at-all-costs-2,1.0,,2025.0,high,2025-05-22,101.0,13.0,3.46,
albion online free welcome gift,Albion Online Free Welcome Gift,Albion Online Free Welcome Gift,,,,2017.0,,not_a_game,,,,,
firestone free offer,Firestone Free Offer,Firestone Free Offer,,,,2013.0,,not_a_game,,,,,
apex legends: loba free unlock bundle,Apex Legends: Loba Free Unlock Bundle,Apex Legends: Loba Free Unlock Bundle,,,,2021.0,,not_a_game,,,,,
humankind standard edition,Humankind Standard Edition,Humankind,Humankind,humankind,1.0,,2021.0,high,2021-08-17,1303.0,161.0,3.65,77.0
dark and darker: legendary status,Dark and Darker: Legendary Status,Dark and Darker: Legendary Status,,,,2019.0,,not_a_game,,,,,
apex legends: ash free unlock bundle,Apex Legends: Ash Free Unlock Bundle,Apex Legends: Ash Free Unlock Bundle,,,,2019.0,,not_a_game,,,,,
kardboard kings,Kardboard Kings,Kardboard Kings,Kardboard Kings: Card Shop Simulator,kardboard-kings-card-shop-simulator,0.9,2022.0,2022.0,high,2022-02-09,51.0,6.0,2.67,
apex legends conduit free unlock bundle,Apex Legends Conduit Free Unlock Bundle,Apex Legends Conduit Free Unlock Bundle,,,,2019.0,,not_a_game,,,,,
olympics go! paris 2024 exclusive outfits pack,Olympics Go! Paris 2024 Exclusive Outfits Pack,Olympics Go! Paris 2024 Exclusive Outfits Pack,,,,2008.0,,not_a_game,,,,,
rumble club free game of the week bonus,Rumble Club Free Game of the Week Bonus,Rumble Club Free Game of the Week Bonus,,,,2015.0,,not_a_game,,,,,
earthlock,Earthlock,Earthlock,EARTHLOCK: Festival of Magic,earthlock,0.9,2016.0,2016.0,high,2016-09-01,1130.0,61.0,3.16,
q.u.b.e. ultimate bundle,Q.U.B.E. Ultimate Bundle,Q.U.B.E. Ultimate Bundle,Q.U.B.E: Director's Cut,qube-directors-cut,0.9,2014.0,2014.0,high,2014-05-21,2460.0,231.0,3.23,
the sims 4 the daring lifestyle bundle,The Sims 4 The Daring Lifestyle Bundle,The Sims 4 The Daring Lifestyle Bundle,The Sims 4,the-sims-4,0.9,2014.0,2014.0,high,2014-09-02,6585.0,1170.0,3.67,67.0
kao the kangaroo,Kao the Kangaroo,Kao the Kangaroo,KAO the Kangaroo (2000),kao-the-kangaroo,1.0,2000.0,2000.0,high,2000-01-01,151.0,22.0,3.48,
never alone (kisima ingitchuna),Never Alone (Kisima Ingitchuna),Never Alone (Kisima Ingitchuna),Never Alone,never-alone,1.0,2014.0,2014.0,high,2014-11-18,4301.0,613.0,3.47,70.0
toem: a photo adventure,Toem: A Photo Adventure,Toem: A Photo Adventure,TOEM,toem,0.9,2021.0,2021.0,high,2021-09-16,1085.0,95.0,4.09,79.0
world of warships starter pack: albany,World of Warships Starter Pack: Albany,World of Warships Starter Pack: Albany,,,,2022.0,,not_a_game,,,,,
destiny 2: legacy collection,Destiny 2: Legacy Collection,Destiny 2: Legacy Collection,Destiny 2,destiny-2,0.9,2018.0,2017.0,high,2017-09-06,14602.0,2674.0,3.52,82.0
encased,Encased,Encased,Encased: a sci-fi post-apocalyptic RPG,encased-a-sci-fi-post-apocalyptic-rpg,0.9,2021.0,2021.0,high,2021-09-07,971.0,34.0,3.41,73.0
fallout 2: a post nuclear role playing game,Fallout 2: A Post Nuclear Role Playing Game,Fallout 2: A Post Nuclear Role Playing Game,Fallout 2,fallout-2-a-post-nuclear-role-playing-game,0.9,1998.0,1998.0,high,1998-09-30,5674.0,1163.0,4.34,86.0
fallout: a post nuclear role playing game,Fallout: A Post Nuclear Role Playing Game,Fallout: A Post Nuclear Role Playing Game,Fallout,fallout-a-post-nuclear-role-playing-game,0.9,1997.0,1997.0,high,1997-09-30,8524.0,1235.0,4.21,
the drone racing league,The Drone Racing League,The Drone Racing League,The Drone Racing League: High Voltage,the-drone-racing-league-high-voltage,0.9,2017.0,2017.0,high,2017-06-23,213.0,11.0,2.18,
realm royale reforged epic launch bundle,Realm Royale Reforged Epic Launch Bundle,Realm Royale Reforged Epic Launch Bundle,Realm Royale,realm-royale,0.9,2018.0,2018.0,not_a_game,2018-06-05,3386.0,473.0,2.62,
destiny 2: bungie 30th anniversary pack,Destiny 2: Bungie 30th Anniversary Pack,Destiny 2: Bungie 30th Anniversary Pack,Destiny 2,destiny-2,0.9,2016.0,2017.0,not_a_game,2017-09-06,14602.0,2674.0,3.52,82.0
rumbleverse boom boxer content pack,Rumbleverse Boom Boxer Content Pack,Rumbleverse Boom Boxer Content Pack,Boom-Bahh,boom-bahh,0.318,2017.0,2017.0,not_a_game,2017-07-09,53.0,6.0,2.17,
redout: enhanced edition,Redout: Enhanced Edition,Redout,Redout: Lightspeed Edition,redout-enhanced-edition,0.9,2016.0,2016.0,high,2016-09-02,1092.0,85.0,3.58,81.0
dauntless epic slayer kit,Dauntless Epic Slayer Kit,Dauntless Epic Slayer Kit,Dauntless,dauntless,0.9,2019.0,2019.0,not_a_game,2019-05-21,1709.0,404.0,2.88,78.0
godfall challenger edition,Godfall Challenger Edition,Godfall,Godfall,godfall,1.0,2017.0,2020.0,medium,2020-11-12,725.0,100.0,2.47,60.0
antstream epic welcome pack,Antstream Epic Welcome Pack,Antstream Epic Welcome Pack,Switchblade - Epic Pack,switchblade-epic-pack,0.5,2018.0,2018.0,not_a_game,2018-11-12,1.0,0.0,0.0,
rogue company season four epic pack,Rogue Company Season Four Epic Pack,Rogue Company Season Four Epic Pack,Rogue Company: Season Two Starter Pack,rogue-company-season-two-starter-pack,0.806,2021.0,2021.0,not_a_game,2021-05-11,1.0,1.0,0.0,
darq: complete edition,DARQ: Complete Edition,DARQ,DARQ,darq,1.0,2017.0,2019.0,medium,2019-08-14,727.0,85.0,3.85,70.0
paladins epic pack,Paladins Epic Pack,Paladins Epic Pack,Paladins Founder's Pack,paladins-founders-pack,0.732,2017.0,2017.0,not_a_game,2017-02-23,4.0,2.0,0.0,
world of warships exclusive starter pack,World of Warships Exclusive Starter Pack,World of Warships Exclusive Starter Pack,,,,2022.0,,not_a_game,,,,,
dandara: trials of fear edition,Dandara: Trials of Fear Edition,Dandara: Trials of Fear Edition,Dandara,dandara,0.9,2018.0,2018.0,high,2018-02-06,1499.0,119.0,3.31,75.0
star wars battlefront ii: celebration edition,Star Wars Battlefront II: Celebration Edition,Star Wars Battlefront II,STAR WARS Battlefront II,star-wars-battlefront-2,1.0,2017.0,2017.0,high,2017-11-17,5955.0,1374.0,3.58,74.0
lego batman: the videogame,LEGO Batman: The Videogame,LEGO Batman: The Videogame,LEGO Batman,lego-batman,0.9,2008.0,2008.0,high,2008-09-23,3267.0,494.0,3.77,80.0
disco elysium,Disco Elysium,Disco Elysium,Disco Elysium,disco-elysium,1.0,2019.0,2019.0,high,2019-10-14,8206.0,1366.0,4.37,91.0
zoeti and godzilla voxel wars,Zoeti and Godzilla Voxel Wars,Zoeti and Godzilla Voxel Wars,Zoeti,zoeti,0.9,2023.0,2023.0,high,2023-04-20,170.0,5.0,0.0,
kamaeru,Kamaeru,Kamaeru,Kamaeru: A Frog Refuge,kamaeru-a-frog-refuge,0.9,2024.0,2024.0,high,2024-06-08,24.0,3.0,0.0,
keylocker,Keylocker,Keylocker,Keylocker | Turn Based Cyberpunk Action,keylocker-turn-based-cyberpunk-action,0.9,2023.0,2024.0,high,2024-09-18,41.0,2.0,0.0,
sid meier's civilization 6: platinum edition,Sid Meier's Civilization 6: Platinum Edition,Sid Meier's Civilization 6,Sid Meier’s Civilization VI,civilization-vi,1.0,2016.0,2016.0,high,2016-10-20,7504.0,1437.0,4.16,88.0
cursed to golf,Cursed to Golf,Cursed to Golf,Cursed to Golf,cursed-to-golf-2,1.0,2020.0,2022.0,medium,2022-08-18,440.0,16.0,2.72,
touch type tale,Touch Type Tale,Touch Type Tale,Touch Type Tale - Strategic Typing,touch-type-tale-strategic-typing,0.9,,,low,,26.0,3.0,0.0,
arcadgeddon,Arcadgeddon,Arcadgeddon,Worms Armageddon,worms-armageddon,0.667,1999.0,1999.0,low,1999-01-25,3183.0,567.0,4.31,
world of warships: anniversary party favor,World of Warships: Anniversary Party Favor,World of Warships: Anniversary Party Favor,WORLD OF WARSHIPS: LEGENDS,world-of-warships-legends,0.606,2019.0,2019.0,low,2019-04-16,354.0,35.0,2.89,82.0
[redacted],[Redacted],[Redacted],[REDACTED] Duality - GGJ 2022,redacted-duality-ggj-2022,0.0,2021.0,2022.0,low,2022-01-30,0.0,0.0,0.0,
fallout classic collection,Fallout Classic Collection,Fallout Classic Collection,Fallout: London,fallout-london,0.55,2019.0,,low,,290.0,7.0,3.0,
rawmen: food fighter arena,Rawmen: Food Fighter Arena,Rawmen: Food Fighter Arena,RAWMEN,rawmen,0.9,2020.0,,low,,12.0,0.0,0.0,
against all odds,Against All Odds,Against All Odds,Crypto: Against All Odds,crypto-against-all-odds,0.821,2016.0,,low,,20.0,0.0,0.0,
gamedec: definitive edition,Gamedec: Definitive Edition,Gamedec,Gamedec Demo,gamedec-demo,0.9,2014.0,,low,,65.0,4.0,0.0,
epic cheerleader pack,Epic Cheerleader Pack,Epic Cheerleader Pack,Switchblade - Epic Pack,switchblade-epic-pack,0.429,2018.0,2018.0,low,2018-11-12,1.0,0.0,0.0,
tiny tina’s assault on dragon keep,Tiny Tina’s Assault on Dragon Keep,Tiny Tina’s Assault on Dragon Keep,Borderlands 2: Tiny Tina's Assault on Dragon Keep,borderlands-2-tiny-tinas-assault-on-dragon-keep,0.5,2013.0,2013.0,low,2013-06-25,85.0,30.0,4.13,
"3 out of 10, ep 1","3 out of 10, EP 1","3 out of 10, EP 1",3 out of 10: Season One,3-out-of-10,0.5,2020.0,2020.0,low,2020-08-06,148.0,20.0,3.29,79.0
trine classic collection,Trine Classic Collection,Trine Classic Collection,Trine: Ultimate Collection,trine-ultimate-collection,0.776,2019.0,2019.0,low,2019-10-07,55.0,7.0,3.57,
jump!,Jump!,Jump!,Jump! Jump! Jump!,jump-jump-jump,0.9,2018.0,2017.0,high,2017-12-28,61.0,1.0,0.0,
lonestar,Lonestar,Lonestar,LONESTAR,lonestar-2,1.0,2021.0,2024.0,medium,2024-01-18,29.0,1.0,0.0,
telltale batman shadows edition,Telltale Batman Shadows Edition,Telltale Batman Shadows Edition,Batman - The Telltale Series - Episode 1: Realm of Shadows,batman-the-telltale-series-episode-1-realm-of-sh-2,0.452,2016.0,2016.0,low,2016-08-02,551.0,87.0,3.53,
trash goblin,Trash Goblin,Trash Goblin,Trash Goblin,trash-goblin-2,1.0,2019.0,,high,,27.0,2.0,0.0,
stalcraft: x starter edition,Stalcraft: X Starter Edition,Stalcraft: X Starter Edition,STALCRAFT,stalcraft,0.486,2017.0,2022.0,low,2022-12-09,508.0,34.0,3.09,
minecraft dungeons ii,Minecraft Dungeons II,Minecraft Dungeons II,Minecraft: Dungeons,minecraft-dungeons,0.5,2026.0,2020.0,low,2020-05-26,602.0,237.0,3.52,74.0
shape of dreams,Shape of Dreams,Shape of Dreams,Shape of Dreams,shape-of-dreams-2,1.0,2025.0,2025.0,high,2025-09-10,29.0,5.0,0.0,
kernel hearts,Kernel Hearts,Kernel Hearts,Kingdom Hearts,kingdom-hearts,0.667,2026.0,2002.0,low,2002-03-28,812.0,345.0,4.39,85.0
virtua fighter 5 r.e.v.o. world stage,Virtua Fighter 5 R.E.V.O. World Stage,Virtua Fighter 5 R.E.V.O. World Stage,Virtua Fighter 5 R.E.V.O.,virtua-fighter-5-revo,0.9,2025.0,,low,,7.0,2.0,0.0,
speedrunners 2: king of speed,Speedrunners 2: King of Speed,Speedrunners 2: King of Speed,SpeedRunners,speedrunners,0.5,2026.0,2016.0,low,2016-04-19,3797.0,526.0,3.75,84.0
blood dungeon,Blood Dungeon,Blood Dungeon,Blood,blood-one-unit-whole-blood,0.9,2026.0,1997.0,low,1997-03-07,761.0,169.0,4.3,82.0
vapor world: over the mind (game preview),Vapor World: Over the Mind (Game Preview),Vapor World: Over the Mind,C:\OVER\MIND,covermind,0.556,2026.0,2022.0,low,2022-12-10,0.0,0.0,0.0,
cricket 26,Cricket 26,Cricket 26,Cricket 26 - The Official Game of the Ashes,cricket-26-the-official-game-of-the-ashes,0.9,2025.0,2025.0,high,2025-11-19,2.0,0.0,0.0,
sandustry (game preview),Sandustry (Game Preview),Sandustry,Sandustry,sandustry,1.0,2026.0,2026.0,high,2026-08-12,0.0,1.0,0.0,
tears of metal (game preview),Tears of Metal (Game Preview),Tears of Metal,The Legend of Zelda: Tears of the Kingdom,the-legend-of-zelda-breath-of-the-wild-sequel,0.4,2026.0,2023.0,low,2023-05-12,1829.0,507.0,4.37,96.0
halo: campaign evolved,Halo: Campaign Evolved,Halo: Campaign Evolved,Halo Campaign Evolved,halo-campaign-evolved,1.0,2026.0,2026.0,high,2026-07-28,47.0,11.0,3.75,
fixforce,FixForce,FixForce,Fireforce,fireforce,0.824,2026.0,2020.0,low,2020-07-12,0.0,0.0,0.0,
pba pro bowling 2026,PBA Pro Bowling 2026,PBA Pro Bowling 2026,PBA Pro Bowling 2023,pba-pro-bowling-2023,0.5,2026.0,2022.0,low,2022-09-07,1.0,0.0,0.0,
ascend to zero,Ascend to Zero,Ascend to Zero,Entropy: Zero,entropy-zero,0.692,2026.0,2017.0,low,2017-10-10,591.0,52.0,3.74,
tamashika,Tamashika,Tamashika,Tamashi,tamashi-2,0.875,2026.0,2022.0,low,2022-03-14,0.0,0.0,0.0,
beastro,Beastro,Beastro,Beastro (2026),beastro-2026,1.0,2026.0,2026.0,high,2026-06-12,3.0,0.0,0.0,
frog sqwad,Frog Sqwad,Frog Sqwad,Frog Climbers,frog-climbers,0.522,2026.0,2016.0,low,2016-10-06,231.0,3.0,0.0,
final fantasy vi,Final Fantasy VI,Final Fantasy VI,Final Fantasy VII,final-fantasy-vii-remake,0.5,2024.0,2020.0,low,2020-04-10,5279.0,834.0,4.37,87.0
crashout crew,Crashout Crew,Crashout Crew,Shadow Gambit: The Cursed Crew,shadow-gambit-the-cursed-crew,0.429,2026.0,2023.0,low,2023-08-17,257.0,32.0,4.21,
subnautica 2 (game preview),Subnautica 2 (Game Preview),Subnautica 2,Subnautica 2,subnautica-2,1.0,2026.0,2026.0,high,2026-05-14,10.0,2.0,0.0,
sledding game (game preview),Sledding Game (Game Preview),Sledding Game,Paul's Sledding Adventure,pauls-sledding-adventure,0.579,2026.0,2019.0,low,2019-05-02,0.0,0.0,0.0,
terratech legion,TerraTech Legion,TerraTech Legion,TerraTech,terratech,0.9,2026.0,2015.0,low,2015-02-06,290.0,34.0,3.85,
aphelion,Aphelion,Aphelion,Aphelion,aphelion-2,1.0,2026.0,2026.0,high,2026-04-27,36.0,11.0,3.09,
vampire crawlers: the turbo wildcard from vampire survivors,Vampire Crawlers: The Turbo Wildcard from Vampire Survivors,Vampire Crawlers: The Turbo Wildcard from Vampire Survivors,Vampire Crawlers,vampire-crawlers,0.9,2026.0,2026.0,high,2026-04-21,36.0,4.0,0.0,
nhl 26,NHL 26,NHL 26,NHL 21,nhl-21,0.5,2025.0,2020.0,low,2020-10-16,190.0,29.0,3.21,76.0
hades ii,Hades II,Hades II,Hades II,hades-ii,1.0,2025.0,2025.0,high,2025-09-25,888.0,143.0,4.36,
final fantasy iv,Final Fantasy IV,Final Fantasy IV,Final Fantasy IV: The Complete Collection,final-fantasy-4-the-complete-collection,0.9,2014.0,2011.0,low,2011-04-19,51.0,10.0,4.0,
barbie horse trails,Barbie Horse Trails,Barbie Horse Trails,Barbie Horse Adventures: Riding Camp,barbie-horse-adventures-riding-camp,0.593,2008.0,2008.0,low,2008-10-21,30.0,10.0,4.1,
nova roma (game preview),Nova Roma (Game Preview),Nova Roma,Nova Roma,nova-roma,1.0,2026.0,2026.0,high,2026-01-21,4.0,1.0,0.0,
construction simulator,Construction Simulator,Construction Simulator,Construction Simulator,construction-simulator,1.0,2022.0,2011.0,low,2011-11-10,72.0,6.0,3.14,
beyond zork: the coconut of quendor,Beyond Zork: The Coconut of Quendor,Beyond Zork: The Coconut of Quendor,Beyond Zork,beyond-zork,0.9,1987.0,,low,,4.0,0.0,0.0,
kabobber,Kabobber,Kabobber,KABOOMER!,kaboomer,0.75,1983.0,2022.0,low,2022-10-03,0.0,0.0,0.0,
ea sports college football 26,EA Sports College Football 26,EA Sports College Football 26,EA SPORTS FC 26,ea-sports-fc-26,0.636,2025.0,2025.0,low,2025-09-25,67.0,23.0,3.43,
aerial_knight's dropshot,Aerial_Knight's DropShot,Aerial_Knight's DropShot,Aerial_Knight's We Never Yield,aerial_knights-we-never-yield,0.63,2024.0,2024.0,low,2024-07-16,4.0,0.0,0.0,
blazblue entropy effect x,BlazBlue Entropy Effect X,BlazBlue Entropy Effect X,BlazBlue Entropy Effect,blazblue-entropy-effect,0.5,2026.0,2023.0,low,2023-08-15,81.0,8.0,4.0,
roadside research (game preview),Roadside Research (Game Preview),Roadside Research,The Magician's Research,the-magicians-research,0.611,2026.0,,low,,3.0,1.0,0.0,
starsand island,Starsand Island,Starsand Island,Starsand,starsand,0.9,2026.0,2021.0,low,2021-11-04,104.0,9.0,2.78,
madden nfl 26,Madden NFL 26,Madden NFL 26,Madden NFL 22,madden-nfl-22,0.5,2025.0,2021.0,low,2021-08-17,148.0,8.0,2.12,69.0
final fantasy ii,Final Fantasy II,Final Fantasy II,Final Fantasy II (1988),final-fantasy-ii-1988,1.0,2021.0,1988.0,low,1988-12-17,248.0,83.0,3.35,
mysims: cozy bundle,MySims: Cozy Bundle,MySims: Cozy Bundle,MySims,mysims,0.9,2024.0,2007.0,low,2007-09-18,54.0,22.0,3.77,70.0
the talos principle 2: road to elysium,The Talos Principle 2: Road to Elysium,The Talos Principle 2: Road to Elysium,The Talos Principle 2,talos-principle-2,0.9,2024.0,2023.0,high,2023-11-01,432.0,74.0,4.31,
final fantasy,FINAL FANTASY,FINAL FANTASY,Final Fantasy Anniversary Edition,final-fantasy-anniversary-edition,1.0,2007.0,2007.0,high,2007-06-12,45.0,17.0,3.7,
brews & bastards,Brews & Bastards,Brews & Bastards,Brews & Bastards,brews-bastards,1.0,2025.0,2025.0,high,2025-09-22,3.0,0.0,0.0,
little nightmares: enhanced edition,Little Nightmares: Enhanced Edition,Little Nightmares,Little Nightmares,little-nightmares,1.0,2018.0,2017.0,high,2017-04-27,11710.0,1648.0,4.03,81.0
ultimate sheep raccoon,Ultimate Sheep Raccoon,Ultimate Sheep Raccoon,Ultimate Fishing,ultimate-fishing,0.632,2025.0,2017.0,low,2017-11-16,212.0,8.0,3.67,
kill it with fire! 2,Kill It With Fire! 2,Kill It With Fire! 2,Kill It With Fire,kill-it-with-fire-2,0.5,2025.0,2020.0,low,2020-08-13,1216.0,48.0,3.37,
young suns,Young Suns,Young Suns,Young Souls,young-souls,0.857,2025.0,2022.0,low,2022-03-10,298.0,30.0,3.42,
clover pit,Clover Pit,Clover Pit,Clover Tale,clover-tale,0.762,2025.0,2014.0,low,2014-09-23,213.0,2.0,0.0,
total chaos (2025),Total Chaos (2025),Total Chaos (2025),Total Chaos (itch.io),total-chaos-2,1.0,2025.0,,high,,3.0,1.0,0.0,
pigeon simulator,Pigeon Simulator,Pigeon Simulator,Pigeon Simulator,pigeon-simulator-2,1.0,2025.0,,high,,4.0,1.0,0.0,
moonsweeper,Moonsweeper,Moonsweeper,MonSweeper,monsweeper,0.952,1983.0,2018.0,low,2018-03-17,0.0,0.0,0.0,
heroes of might and magic ii: gold edition,Heroes of Might and Magic II: Gold Edition,Heroes of Might and Magic II,Heroes of Might and Magic II,heroes-of-might-and-magic-ii,1.0,1996.0,1996.0,high,1996-10-01,47.0,16.0,4.25,
monopoly (2024),Monopoly (2024),Monopoly (2024),MONOPOLY Poker,monopoly-poker,0.9,2024.0,,low,,318.0,11.0,2.75,
uno,Uno,Uno,UNO,uno,1.0,2006.0,2016.0,low,2016-12-08,2324.0,267.0,3.73,66.0
wheel of fortune,Wheel of Fortune,Wheel of Fortune,Wheel of Fortune: Show Puzzles,wheel-of-fortune-show-puzzles,0.9,2017.0,2016.0,low,2016-09-21,0.0,0.0,0.0,
wobbly life,Wobbly Life,Wobbly Life,Wobbly Life,wobbly-life,1.0,2025.0,2020.0,low,2020-07-08,93.0,15.0,4.0,
9 kings (game preview),9 Kings (Game Preview),9 Kings,9 Kings,9-kings,1.0,2025.0,2025.0,high,2025-03-22,38.0,13.0,3.69,
climber 5,Climber 5,Climber 5,Ice Climber,ice-climber,0.5,1987.0,1985.0,low,1985-01-30,249.0,105.0,3.83,
shootin' gallery,Shootin' Gallery,Shootin' Gallery,Shootin' Gallery VR,shootin-gallery-vr,0.909,1982.0,2021.0,low,2021-06-01,0.0,0.0,0.0,
wing war,Wing War,Wing War,Wing Commander: Armada,wing-commander-armada,0.483,1983.0,1993.0,low,1993-01-01,95.0,6.0,3.17,
grounded 2 (game preview),Grounded 2 (Game Preview),Grounded 2,Grounded 2,grounded-2-2,1.0,2025.0,2025.0,high,2025-07-29,23.0,2.0,0.0,
descenders next (game preview),Descenders Next (Game Preview),Descenders Next,Descenders Next,descenders-next,1.0,2025.0,2025.0,high,2025-07-21,3.0,0.0,0.0,
hard head,Hard Head,Hard Head,CSI: Hard Evidence,csi-hard-evidence,0.538,1983.0,2007.0,low,2007-09-25,125.0,22.0,3.09,56.0
okie dokie,Okie Dokie,Okie Dokie,Oki&Doki,okidoki,0.727,1996.0,2016.0,low,2016-12-02,0.0,0.0,0.0,
skeleton+,Skeleton+,Skeleton+,S. Skeleton,s-skeleton,0.889,2003.0,2022.0,low,2022-10-16,0.0,0.0,0.0,
cosmic commuter,Cosmic Commuter,Cosmic Commuter,LD47 - Commuter,ld47-commuter,0.643,1985.0,2020.0,low,2020-10-05,0.0,0.0,0.0,
solar storm,Solar Storm,Solar Storm,Solar Storm,solar-storm,1.0,1983.0,2024.0,low,2024-04-03,0.0,0.0,0.0,
subterranea,Subterranea,Subterranea,Infecção Subterrânea,infeccao-subterranea,0.667,1983.0,2021.0,low,2021-07-12,0.0,0.0,0.0,
warcraft i: remastered,Warcraft I: Remastered,Warcraft I: Remastered,Warcraft II: Remastered,warcraft-ii-remastered,0.5,2024.0,2024.0,low,2024-11-13,17.0,5.0,0.0,
rematch,Rematch,Rematch,REMATCH (2025),rematch-2025,1.0,2025.0,2025.0,high,2025-06-19,64.0,24.0,2.75,
symphonia (2024),Symphonia (2024),Symphonia (2024),Symphonia,symphonia-2,1.0,2024.0,2024.0,high,2024-12-05,758.0,21.0,2.05,
activision prototype #1,Activision Prototype #1,Activision Prototype #1,Activision Anthology (2002),activision-anthology-2002,0.5,1983.0,2002.0,low,2002-11-19,3.0,0.0,0.0,
atlantis,Atlantis,Atlantis,Atlantis,atlantis,1.0,1988.0,1982.0,low,1982-01-01,18.0,4.0,0.0,
atlantis ii,Atlantis II,Atlantis II,Atlantis 2: Beyond Atlantis,atlantis-2-beyond-atlantis,0.9,1988.0,1999.0,low,1999-11-15,160.0,9.0,3.11,
baseball,Baseball,Baseball,Baseball (1983),baseball-1983,1.0,1988.0,1983.0,low,1983-12-07,43.0,14.0,3.13,
bloody human freeway,Bloody Human Freeway,Bloody Human Freeway,Bloody Roar,bloody-roar,0.581,1981.0,1997.0,low,1997-07-07,59.0,17.0,4.0,
boxing,Boxing,Boxing,Boxing (1980),boxing-1980,1.0,1980.0,1980.0,high,1980-07-01,23.0,9.0,3.44,
bridge,Bridge,Bridge,Bridge,bridge-3,1.0,1980.0,1992.0,low,1992-01-01,7.0,0.0,0.0,
checkers,Checkers,Checkers,Checkers,checkers-9,1.0,1980.0,2022.0,low,2022-07-31,2.0,0.0,0.0,
decathlon,Decathlon,Decathlon,World CHAMPIONS: Decathlon,world-champions-decathlon,0.529,1983.0,,low,,0.0,0.0,0.0,
demon attack,Demon Attack,Demon Attack,Demon Attack,demon-attack,1.0,1988.0,1982.0,low,1982-01-01,17.0,4.0,0.0,
fathom,Fathom,Fathom,Fathom,fathom,1.0,1983.0,2017.0,low,2017-04-14,0.0,0.0,0.0,
fire fighter,Fire Fighter,Fire Fighter,Fire Fighter,fire-fighter,1.0,1982.0,2017.0,low,2017-07-18,2.0,0.0,0.0,
kaboom!,Kaboom!,Kaboom!,Kaboom!,kaboom,1.0,1984.0,1981.0,medium,1981-01-01,18.0,3.0,0.0,
pitfall!,Pitfall!,Pitfall!,Pitfall! (1982),pitfall-1982,1.0,1982.0,1982.0,high,1982-04-20,63.0,27.0,3.74,
police quest,Police Quest,Police Quest,Police Quest Collection,police-quest-collection,0.9,1987.0,1987.0,high,1987-09-06,692.0,25.0,2.96,
riddle of the sphinx,Riddle of the Sphinx,Riddle of the Sphinx,Riddle of the Sphinx Survival Kit,riddle-of-the-sphinx-survival-kit,0.9,1982.0,,low,,0.0,0.0,0.0,
river raid ii,River Raid II,River Raid II,River Raid II,river-raid-ii,1.0,1988.0,2021.0,low,2021-10-18,0.0,0.0,0.0,
space quest 2,Space Quest 2,Space Quest 2,Space Quest 2: Vohaul's Revenge,space-quest-ii,0.9,1987.0,1987.0,high,1987-11-14,54.0,14.0,3.5,
space quest 6,Space Quest 6,Space Quest 6,Space Quest 6: Roger Wilco in the Spinal Frontier,space-quest-6-roger-wilco-in-the-spinal-frontier,0.9,1995.0,1995.0,high,1995-01-01,22.0,4.0,0.0,
space treat deluxe,Space Treat Deluxe,Space Treat Deluxe,Kirby: Triple Deluxe,kirby-triple-deluxe,0.595,2003.0,2014.0,low,2014-01-11,166.0,58.0,4.03,80.0
spider fighter,Spider Fighter,Spider Fighter,Spider Fighter,spider-fighter,1.0,1983.0,2021.0,low,2021-03-19,0.0,0.0,0.0,
thwocker,Thwocker,Thwocker,Egg Shocker IO,egg-shocker-io,0.545,1984.0,2018.0,low,2018-06-21,0.0,0.0,0.0,
title match pro wrestling,Title Match Pro Wrestling,Title Match Pro Wrestling,Pro Wrestling (1986),pro-wrestling,0.684,1987.0,1986.0,low,1986-10-13,20.0,6.0,4.33,
trick shot,Trick Shot,Trick Shot,Trick Shot,trick-shot,1.0,1982.0,2015.0,low,2015-09-03,5.0,1.0,0.0,
vault assault,Vault Assault,Vault Assault,Assault Spy,assault-spy,0.583,2001.0,2018.0,low,2018-05-07,144.0,12.0,3.75,
venetian blinds,Venetian Blinds,Venetian Blinds,Venetian Blinds HD,venetian-blinds-hd,0.909,1981.0,2018.0,low,2018-05-14,0.0,0.0,0.0,
firefighting simulator: the squad,Firefighting Simulator: The Squad,Firefighting Simulator: The Squad,Firefighting Simulator,firefighting-simulator,0.9,2022.0,,low,,82.0,1.0,0.0,
call of duty: modern warfare ii,Call of Duty: Modern Warfare II,Call of Duty: Modern Warfare II,Call of Duty: Modern Warfare II,call-of-duty-modern-warfare-ii,1.0,2022.0,2022.0,high,2022-10-22,1425.0,237.0,3.81,
nhl 25,NHL 25,NHL 25,NHL 21,nhl-21,0.5,2025.0,2020.0,low,2020-10-16,190.0,29.0,3.21,76.0
diablo iii: reaper of souls - ultimate evil edition,Diablo III: Reaper of Souls - Ultimate Evil Edition,Diablo III: Reaper of Souls - Ultimate Evil Edition,Diablo III: Reaper of Souls,diablo-iii-reaper-of-souls,0.9,2014.0,2014.0,high,2014-03-25,3005.0,909.0,4.17,87.0
ea sports college football 25,EA Sports College Football 25,EA Sports College Football 25,EA SPORTS FC 25,ea-sports-fc-25,0.636,2024.0,2024.0,low,2024-09-26,111.0,46.0,3.3,
33 immortals,33 Immortals,33 Immortals,Clair Obscur: Expedition 33,clair-obscur-expedition-33,0.105,2025.0,2025.0,low,2025-04-24,1281.0,502.0,4.44,
madden nfl 25 (2024),Madden NFL 25 (2024),Madden NFL 25 (2024),Madden NFL 22,madden-nfl-22,0.5,2024.0,2021.0,low,2021-08-17,148.0,8.0,2.12,69.0
ninja gaiden ii: black,Ninja Gaiden II: Black,Ninja Gaiden II: Black,Ninja Gaiden 2 Black,ninja-gaiden-2-black,1.0,2025.0,2025.0,high,2025-01-23,151.0,22.0,3.59,
ea sports ufc 5,EA Sports UFC 5,EA Sports UFC 5,EA SPORTS UFC 2,ea-sports-ufc-2,0.5,2023.0,2016.0,low,2016-03-15,1240.0,243.0,3.47,78.0
overthrown (game preview),Overthrown (Game Preview),Overthrown,Overthrown,overthrown-2,1.0,2024.0,2024.0,high,2024-12-05,2.0,0.0,0.0,
starcraft ii: campaign collection,Starcraft II: Campaign Collection,Starcraft II: Campaign Collection,StarCraft II,starcraft-2,0.9,2024.0,2010.0,low,2010-07-27,1659.0,822.0,4.38,93.0
legend of mana (2021),Legend of Mana (2021),Legend of Mana (2021),Legend of Mana Remastered,legend-of-mana,0.9,2021.0,2021.0,high,2021-06-23,187.0,17.0,3.53,71.0
trials of mana (2020),Trials of Mana (2020),Trials of Mana (2020),Trials of Mana Remastered,trials-of-mana,0.9,2020.0,2020.0,high,2020-04-23,617.0,76.0,3.35,76.0
doom + doom ii: enhanced,DOOM + DOOM II: Enhanced,DOOM + DOOM II: Enhanced,DOOM + DOOM II,doom-doom-ii,0.9,2024.0,2024.0,high,2024-08-07,45.0,3.0,0.0,
call of duty: modern warfare iii,Call of Duty: Modern Warfare III,Call of Duty: Modern Warfare III,Call of Duty: Modern Warfare III,call-of-duty-modern-warfare-iii,1.0,2023.0,2023.0,high,2023-11-09,294.0,87.0,3.16,
hellblade ii: senua’s saga,Hellblade II: Senua’s Saga,Hellblade II: Senua’s Saga,Senua's Saga: Hellblade II,senuas-saga-hellblade-ii,0.5,2024.0,2024.0,low,2024-05-21,1355.0,196.0,3.94,
manor lords (game preview),Manor Lords (Game Preview),Manor Lords,Manor Lords,manor-lords,1.0,2024.0,2024.0,high,2024-04-26,355.0,42.0,4.02,
minecraft: preview,Minecraft: Preview,Minecraft: Preview,Minecraft,minecraft,0.9,2011.0,2009.0,low,2009-05-10,9073.0,3172.0,4.44,83.0
dead space (2023),Dead Space (2023),Dead Space (2023),Dead Space (2008),dead-space,1.0,2023.0,2008.0,low,2008-10-13,9575.0,2220.0,4.39,86.0
need for speed: unbound,Need for Speed: Unbound,Need for Speed: Unbound,Need for Speed,need-for-speed,0.9,2022.0,2015.0,low,2015-11-03,3807.0,826.0,3.38,66.0
ni no kuni ii: revenant kingdom - the prince's edition,Ni no Kuni II: Revenant Kingdom - The Prince's Edition,Ni no Kuni II: Revenant Kingdom - The Prince's Edition,Ni no Kuni II: Revenant Kingdom,ni-no-kuni-ii-revenant-kingdom,0.9,2018.0,2018.0,high,2018-03-23,2710.0,436.0,3.89,82.0
goldeneye 007 (2023),GoldenEye 007 (2023),GoldenEye 007 (2023),GoldenEye 007 (Wii),goldeneye-007,1.0,2023.0,2010.0,low,2010-11-02,66.0,20.0,3.65,81.0
crysis trilogy: remastered,Crysis Trilogy: Remastered,Crysis Trilogy: Remastered,Crysis 3 Remastered,crysis-3-remastered,0.5,2021.0,2021.0,low,2021-10-17,717.0,71.0,3.33,
disney dreamlight valley: founder's edition,Disney Dreamlight Valley: Founder's Edition,Disney Dreamlight Valley: Founder's Edition,Disney Dreamlight Valley,disney-dreamlight-valley,0.9,2022.0,2023.0,high,2023-12-05,593.0,59.0,3.44,
fortnite,Fortnite,Fortnite,Fortnite Battle Royale,fornite-battle-royale,0.9,2017.0,2017.0,high,2017-09-26,5393.0,1144.0,3.29,
roboquest (2020),Roboquest (2020),Roboquest (2020),Roboquest,roboquest-2,1.0,2020.0,2020.0,high,2020-08-20,861.0,44.0,4.07,
ultima underworld 1,Ultima Underworld 1,Ultima Underworld 1,Ultima Underworld 1+2,ultima-underworld-12,0.5,1992.0,1992.0,low,1992-02-29,23.0,2.0,0.0,
ultima underworld 2,Ultima Underworld 2,Ultima Underworld 2,Ultima Underworld 2: Labyrinth of Worlds,ultima-underworld-2-labyrinth-of-worlds,0.9,1993.0,1993.0,high,1993-01-02,48.0,6.0,2.17,
microsoft solitaire collection: premium edition,Microsoft Solitaire Collection: Premium Edition,Microsoft Solitaire Collection,Microsoft Solitaire Collection,microsoft-solitaire-collection,1.0,2012.0,2016.0,low,2016-11-23,486.0,95.0,3.34,
ea sports ufc 4,EA Sports UFC 4,EA Sports UFC 4,EA SPORTS UFC 3,ea-sports-ufc-3,0.5,2020.0,2018.0,low,2018-02-02,1463.0,320.0,3.59,76.0
dungeon keeper,Dungeon Keeper,Dungeon Keeper,Dungeon Keeper Gold,dungeon-keeper-gold,0.9,1997.0,1997.0,high,1997-06-26,972.0,158.0,4.04,
need for speed: most wanted,Need for Speed: Most Wanted,Need for Speed: Most Wanted,Need for Speed: Most Wanted - A Criterion Game,need-for-speed-most-wanted-a-criterion-game,0.9,2012.0,2012.0,high,2012-10-30,2827.0,644.0,3.38,82.0
simcity 4: deluxe party edition,SimCity 4: Deluxe Party Edition,SimCity 4: Deluxe Party Edition,SimCity 4,simcity-4,0.9,2003.0,2003.0,high,2003-01-11,150.0,74.0,4.08,
battlefield v: year two edition,Battlefield V: Year Two Edition,Battlefield V: Year Two Edition,Battlefield V,battlefield-v,0.9,2018.0,2018.0,high,2018-11-20,4996.0,1018.0,3.52,77.0
burnout: paradise - remastered,Burnout: Paradise - Remastered,Burnout: Paradise - Remastered,Burnout Paradise,burnout-paradise,0.9,2008.0,2008.0,high,2008-01-22,2646.0,626.0,4.09,87.0
mass effect 2: digital deluxe edition,Mass Effect 2: Digital Deluxe Edition,Mass Effect 2,Mass Effect 2,mass-effect-2,1.0,2010.0,2010.0,high,2010-01-26,9560.0,3101.0,4.45,94.0
star wars battlefront: ultimate edition,Star Wars Battlefront: Ultimate Edition,Star Wars Battlefront,STAR WARS Battlefront,star-wars-battlefront,1.0,2015.0,2015.0,high,2015-11-17,4991.0,1148.0,3.29,73.0
the sims 4: deluxe party edition,The Sims 4: Deluxe Party Edition,The Sims 4: Deluxe Party Edition,The Sims 4,the-sims-4,0.9,2014.0,2014.0,high,2014-09-02,6585.0,1170.0,3.67,67.0
titanfall 2: ultimate edition,Titanfall 2: Ultimate Edition,Titanfall 2,Titanfall 2,titanfall-2,1.0,2016.0,2016.0,high,2016-10-28,8745.0,2086.0,4.32,87.0
battletoads,Battletoads,Battletoads,Battletoads (2020),battletoads-2019,1.0,2020.0,2020.0,high,2020-08-20,274.0,102.0,3.34,69.0
halo 2: anniversary,Halo 2: Anniversary,Halo 2: Anniversary,Halo 2,halo-2,0.9,2004.0,2004.0,high,2004-11-09,856.0,379.0,4.38,84.0
halo: combat evolved - anniversary,Halo: Combat Evolved - Anniversary,Halo: Combat Evolved - Anniversary,Halo: Combat Evolved,halo-combat-evolved,0.9,2001.0,2001.0,high,2001-11-15,935.0,446.0,4.33,90.0
killer instinct classic,Killer Instinct Classic,Killer Instinct Classic,Killer Instinct (1994),killer-instinct-1994,0.9,1994.0,1994.0,high,1994-06-28,111.0,50.0,4.02,
killer instinct (2013): anniversary edition,Killer Instinct (2013): Anniversary Edition,Killer Instinct (2013),Killer Instinct,killer-instinct,1.0,2013.0,2013.0,high,2013-11-22,2301.0,308.0,3.51,
hollow knight: voidheart edition,Hollow Knight: Voidheart Edition,Hollow Knight: Voidheart Edition,Hollow Knight,hollow-knight,0.9,2017.0,2017.0,high,2017-02-23,11957.0,2776.0,4.4,88.0
rise of nations: extended edition,Rise of Nations: Extended Edition,Rise of Nations: Extended Edition,Rise of Nations,rise-of-nations,0.9,2003.0,2003.0,high,2003-05-20,157.0,88.0,4.16,
the walking dead: the complete first season,The Walking Dead: The Complete First Season,The Walking Dead: The Complete First Season,The Walking Dead: The Final Season,the-walking-dead-the-final-season,0.776,2017.0,2018.0,low,2018-08-13,1910.0,467.0,4.18,78.0
ark: ultimate survivor edition,ARK: Ultimate Survivor Edition ,ARK: Ultimate Survivor Edition,ARK: Survival Of The Fittest,ark-survival-of-the-fittest,0.536,2016.0,2016.0,low,2016-03-15,8921.0,523.0,2.6,
rush: a disney pixar adventure,Rush: A Disney Pixar Adventure,Rush: A Disney Pixar Adventure,Kinect Rush: A Disney-Pixar Adventure,kinect-rush-a-disney-pixar-adventure,0.892,2012.0,2012.0,medium,2012-03-20,2.0,0.0,0.0,
disneyland adventures,Disneyland Adventures,Disneyland Adventures,Disneyland Adventures,disneyland-adventures,1.0,2011.0,2017.0,low,2017-10-31,839.0,103.0,2.5,70.0
cities: skylines - remastered,Cities: Skylines - Remastered,Cities: Skylines - Remastered,Cities: Skylines,cities-skylines,0.9,2015.0,2015.0,high,2015-03-10,8678.0,1539.0,4.12,85.0
halo wars: definitive edition,Halo Wars: Definitive Edition,Halo Wars,Halo Wars,halo-wars,1.0,2009.0,2010.0,high,2010-08-11,930.0,168.0,3.63,82.0
state of decay: year one survival edition,State of Decay: Year One Survival Edition,State of Decay: Year One Survival Edition,State of Decay YOSE - Day One Edition,state-of-decay-yose,0.8,2015.0,2015.0,low,2015-04-27,2201.0,224.0,3.51,78.0
banjo-kazooie: nuts & bolts,Banjo-Kazooie: Nuts & Bolts,Banjo-Kazooie: Nuts & Bolts,Banjo Kazooie: N n B,banjo-kazooie-n-n-b,0.809,2008.0,2008.0,low,2008-11-11,859.0,127.0,3.32,79.0
gears of war: ultimate edition,Gears of War: Ultimate Edition,Gears of War,Gears of War,gears-of-war,1.0,2006.0,2006.0,high,2006-11-08,3342.0,835.0,4.11,90.0
kameo: elements of power,Kameo: Elements of Power,Kameo: Elements of Power,Kameo,kameo,0.9,2005.0,2009.0,low,2009-08-11,814.0,99.0,3.15,
perfect dark zero,Perfect Dark Zero,Perfect Dark Zero,Perfect Dark (2025),perfect-dark-2025,0.9,2006.0,,low,,22.0,0.0,0.0,
viva piñata: trouble in paradise,Viva Piñata: Trouble in Paradise,Viva Piñata: Trouble in Paradise,Viva Piñata,viva-pinata,0.9,2008.0,2007.0,high,2007-10-30,1169.0,164.0,3.58,81.0
lara croft and the guardian of light,Lara Croft and the Guardian of Light,Lara Croft and the Guardian of Light,Lara Croft and the Guardian of Light,lara-croft-gol,1.0,2015.0,2010.0,low,2010-08-05,5018.0,504.0,3.43,82.0
menace (2026) (game preview),Menace (2026) (Game Preview),Menace (2026),MENACE (2026),menace-2026,1.0,2026.0,2026.0,high,2026-02-04,1.0,1.0,0.0,
atlas fallen: reign of sand,Atlas Fallen: Reign of Sand,Atlas Fallen: Reign of Sand,Atlas Fallen,atlas-fallen,0.9,2023.0,2023.0,high,2023-08-09,312.0,43.0,2.58,
super fantasy kingdom (game preview),Super Fantasy Kingdom (Game Preview),Super Fantasy Kingdom,Super Fantasy Kingdom,super-fantasy-kingdom,1.0,2025.0,2025.0,high,2025-10-24,10.0,3.0,0.0,
golf with your friends,Golf With Your Friends,Golf With Your Friends,Golf With Your Friends 2,golf-with-your-friends-2,0.5,2020.0,,low,,0.0,0.0,0.0,
payday 2: crimewave edition,Payday 2: Crimewave Edition,Payday 2: Crimewave Edition,PAYDAY 2,payday-2,0.9,2013.0,2013.0,high,2013-08-13,14169.0,2248.0,3.52,79.0
scott pilgrim vs. the world: the game,Scott Pilgrim vs. The World: The Game,Scott Pilgrim vs. The World: The Game,Scott Pilgrim vs. The World: The Game – Complete Edition,scott-pilgrim-vs-the-world-the-game-complete-editi,1.0,2021.0,2021.0,high,2021-01-14,523.0,61.0,3.62,77.0
"warhammer 40,000: space marine - master crafted edition","Warhammer 40,000: Space Marine - Master Crafted Edition","Warhammer 40,000: Space Marine - Master Crafted Edition","Warhammer 40,000: Space Marine",warhammer-40000-space-marine,0.9,2011.0,2011.0,high,2011-09-05,6106.0,760.0,3.48,74.0
kulebra and the souls of limbo,Kulebra and the Souls of Limbo,Kulebra and the Souls of Limbo,Kulebra and the Souls of Limbo,kulebra-and-the-souls-of-limbo,1.0,2025.0,2025.0,high,2025-05-15,10.0,2.0,0.0,
endless legend ii (game preview),ENDLESS Legend II (Game Preview),ENDLESS Legend II,ENDLESS Legend 2,endless-legend-2,1.0,2025.0,,high,,5.0,1.0,0.0,
hunt: showdown 1896,Hunt: Showdown 1896,Hunt: Showdown 1896,Shogun Showdown: Prologue,shogun-showdown-prologue,0.5,2024.0,2023.0,low,2023-04-03,136.0,1.0,0.0,
nhl 24,NHL 24,NHL 24,NHL 21,nhl-21,0.5,2023.0,2020.0,low,2020-10-16,190.0,29.0,3.21,76.0
he is coming (game preview),He Is Coming (Game Preview),He Is Coming,He is Coming,he-is-coming,1.0,2025.0,2025.0,high,2025-07-17,12.0,4.0,0.0,
lonely mountain: snow riders,Lonely Mountain: Snow Riders,Lonely Mountain: Snow Riders,Lonely Mountain,lonely-mountain,0.9,2020.0,2021.0,low,2021-09-10,0.0,0.0,0.0,
metal slug: tactics,Metal Slug: Tactics,Metal Slug: Tactics,Metal Slug Tactics,metal-slug-tactics,1.0,2024.0,2024.0,high,2024-11-05,83.0,12.0,3.08,
borderlands 3: ultimate edition,Borderlands 3: Ultimate Edition,Borderlands 3,Borderlands 3,borderlands-3,1.0,2023.0,2019.0,low,2019-09-13,6276.0,980.0,3.87,83.0
this war of mine: final cut,This War of Mine: Final Cut,This War of Mine: Final Cut,This War of Mine,this-war-of-mine,0.9,2014.0,2014.0,high,2014-11-14,7376.0,1255.0,4.07,83.0
flock (2024),Flock (2024),Flock (2024),FLOCK! (2009),flock,1.0,2024.0,2009.0,low,2009-04-03,243.0,13.0,3.0,65.0
depersonalization,Depersonalization,Depersonalization,Depersonalization,depersonalization-2,1.0,2022.0,2022.0,high,2022-12-19,41.0,1.0,0.0,
hypnospace outlaw,Hypnospace Outlaw,Hypnospace Outlaw,Hypnospace Outlaw + Original Soundtrack,hypnospace-outlaw-original-soundtrack,0.9,2019.0,2019.0,high,2019-03-11,2.0,0.0,0.0,
firework,Firework,Firework,Firework - a modern tale,firework-a-modern-tale,0.9,2021.0,2021.0,high,2021-02-12,1.0,1.0,0.0,
mlb the show 24,MLB The Show 24,MLB The Show 24,MLB 21: The Show,mlb-the-show-21-ps4,0.5,2024.0,2021.0,low,2021-04-16,302.0,17.0,3.35,
yakuza 5: remastered,Yakuza 5: Remastered,Yakuza 5: Remastered,Yakuza 5 Remastered,yakuza-5-remastered,1.0,2020.0,2020.0,high,2020-02-11,844.0,71.0,4.21,82.0
space engineers,Space Engineers,Space Engineers,Space Engineers,space-engineers,1.0,2020.0,2013.0,low,2013-10-23,2924.0,270.0,3.52,68.0
yakuza 3: remastered,Yakuza 3: Remastered,Yakuza 3: Remastered,Yakuza 4 Remastered,yakuza-4-remaster,0.5,2019.0,2019.0,low,2019-10-29,970.0,77.0,4.05,78.0
merge & blade,Merge & Blade,Merge & Blade,Mount & Blade,mount-blade,0.733,2023.0,2008.0,low,2008-09-16,3077.0,361.0,3.91,72.0
broforce forever,Broforce Forever,Broforce Forever,Broforce,broforce,0.9,2023.0,2015.0,low,2015-10-15,6401.0,1318.0,4.02,83.0
frog detective: the entire mystery,Frog Detective: The Entire Mystery,Frog Detective: The Entire Mystery,Frog Detective 3: Corruption at Cowboy County,frog-detective-3-corruption-at-cowboy-county,0.5,2022.0,2022.0,low,2022-10-26,110.0,16.0,4.38,
valheim (game preview),Valheim (Game Preview),Valheim,Valheim,valheim,1.0,2021.0,2026.0,low,2026-09-09,4988.0,646.0,3.98,
fifa 23,FIFA 23,FIFA 23,FIFA 23,fifa-23-2,1.0,2021.0,2022.0,high,2022-09-27,202.0,91.0,3.63,
doom,DOOM,DOOM,DOOM,doom-2,1.0,1993.0,1993.0,high,1993-12-10,1736.0,854.0,4.38,83.0
doom ii: hell on earth,DOOM II: Hell on Earth,DOOM II: Hell on Earth,DOOM II,doom-ii,0.9,1994.0,1994.0,high,1994-09-30,3381.0,736.0,4.39,83.0
shadow warrior 3: definitive edition,Shadow Warrior 3: Definitive Edition,Shadow Warrior 3,Shadow Warrior 3,shadow-warrior-3,1.0,2022.0,2022.0,high,2022-03-01,793.0,140.0,3.65,70.0
sword and fairy: together forever,Sword and Fairy: Together Forever,Sword and Fairy: Together Forever,Sword and Fairy,sword-and-fairy,0.9,2021.0,2021.0,high,2021-04-14,41.0,1.0,0.0,
rune factory 4: special,Rune Factory 4: Special,Rune Factory 4: Special,Rune Factory 4,rune-factory-4,0.9,2012.0,2013.0,high,2013-10-01,54.0,12.0,4.25,
little witch in the woods (game preview),Little Witch in the Woods (Game Preview),Little Witch in the Woods,Little Witch in the Woods,little-witch-in-the-woods,1.0,2022.0,2025.0,medium,2025-09-15,201.0,11.0,3.42,
besiege,Besiege,Besiege,GAIA'S BESIEGE,gaias-besiege,0.667,2022.0,2022.0,low,2022-04-16,0.0,0.0,0.0,
hot wheels unleashed: game of the year edition,Hot Wheels Unleashed: Game of the Year Edition,Hot Wheels Unleashed,Hot Wheels Unleashed,hot-wheels-unleashed,1.0,2021.0,2021.0,high,2021-09-27,1382.0,108.0,3.42,74.0
opus: echo of starsong - full bloom edition,Opus: Echo of Starsong - Full Bloom Edition,Opus: Echo of Starsong - Full Bloom Edition,OPUS: Echo of Starsong,opus-echo-of-starsong,0.9,2021.0,2021.0,high,2021-08-31,141.0,12.0,4.08,
hitman: world of assassination,HITMAN: World of Assassination,HITMAN: World of Assassination,Hitman,hitman,0.9,2022.0,2016.0,low,2016-03-11,10913.0,2037.0,3.93,83.0
potion craft,Potion Craft,Potion Craft,Potion Craft: Alchemist Simulator,potion-craft-alchemist-simulator,0.9,2022.0,2022.0,high,2022-12-13,1398.0,194.0,3.71,
disc room (2020),Disc Room (2020),Disc Room (2020),Disc Room,disc-room-2,1.0,2020.0,2020.0,high,2020-10-22,487.0,58.0,3.69,82.0
anvil: vault breaker (game preview),ANVIL: Vault Breaker (Game Preview),ANVIL: Vault Breaker,Anvil,anvil,0.9,2021.0,2021.0,high,2021-12-01,94.0,4.0,0.0,
lapin (game preview),Lapin (Game Preview),Lapin,LAPIN,lapin-2,1.0,2022.0,2022.0,high,2022-11-16,14.0,3.0,0.0,
kill it with fire,Kill It With Fire,Kill It With Fire,Kill It With Fire,kill-it-with-fire-2,1.0,2020.0,2020.0,high,2020-08-13,1216.0,48.0,3.37,
weird west: definitive edition,Weird West: Definitive Edition,Weird West,Weird West,weird-west,1.0,2022.0,2022.0,high,2022-03-31,1328.0,174.0,3.75,77.0
tainted grail: conquest,Tainted Grail: Conquest,Tainted Grail: Conquest,Tainted Grail,tainted-grail,0.9,2020.0,2020.0,high,2020-11-27,353.0,28.0,3.53,
surgeon simulator 2: access all areas,Surgeon Simulator 2: Access All Areas,Surgeon Simulator 2: Access All Areas,Surgeon Simulator 2,surgeon-simulator-2,0.9,2020.0,2020.0,high,2020-08-27,304.0,23.0,2.25,67.0
black desert,Black Desert,Black Desert,Black Desert Online,black-desert-online,0.9,2016.0,2014.0,low,2014-12-01,7543.0,655.0,2.92,73.0
mortal shell: enhanced edition,Mortal Shell: Enhanced Edition,Mortal Shell,Mortal Shell,mortal-shell,1.0,2020.0,2020.0,high,2020-08-18,1899.0,238.0,3.22,75.0
bridge constructor: portal,Bridge Constructor: Portal,Bridge Constructor: Portal,Bridge Constructor Portal,bridge-constructor-portal,1.0,2017.0,2017.0,high,2017-12-19,1552.0,224.0,3.63,78.0
hearts of iron iv: cadet edition,Hearts of Iron IV: Cadet Edition,Hearts of Iron IV: Cadet Edition,Hearts of Iron IV,hearts-of-iron-iv,0.9,2016.0,2016.0,high,2016-06-06,2753.0,383.0,4.05,83.0
out of space: couch edition,Out of Space: Couch Edition,Out of Space: Couch Edition,Out There: Omega Edition,out-there-edition,0.612,2014.0,2014.0,low,2014-02-27,585.0,54.0,3.73,80.0
trüberbrook,Trüberbrook,Trüberbrook,Trüberbrook – A Nerd Saves the World,truberbrook,0.9,2019.0,2019.0,high,2019-03-11,1347.0,56.0,3.46,
kentucky route zero,Kentucky Route Zero,Kentucky Route Zero,Kentucky Route Zero Season Pass,kentucky-route-zero-season-pass,0.9,2013.0,2013.0,high,2013-01-06,11.0,1.0,0.0,
crossfirex,CrossfireX,CrossfireX,CrossFire X,crossfire-x,0.5,2022.0,2022.0,low,2022-02-10,62.0,16.0,3.0,38.0
backbone,Backbone,Backbone,Backbone: Prologue,backbone-prologue,0.9,2021.0,,low,,856.0,41.0,3.29,
the good life,The Good Life,The Good Life,The Good Life,the-good-life-kickstarter,1.0,2021.0,2021.0,high,2021-10-15,30.0,9.0,2.67,56.0
project highrise: architect's edition,Project Highrise: Architect's Edition,Project Highrise: Architect's Edition,Project Highrise,project-highrise,0.9,2016.0,2016.0,high,2016-09-07,1210.0,101.0,3.6,73.0
diluvion: resubmerged,Diluvion: Resubmerged,Diluvion: Resubmerged,Diluvion,diluvion,0.9,2017.0,2017.0,high,2017-02-01,280.0,15.0,3.05,66.0
viva piñata: party animals,Viva Piñata: Party Animals,Viva Piñata: Party Animals,Viva Piñata,viva-pinata,0.9,2007.0,2007.0,high,2007-10-30,1169.0,164.0,3.58,81.0
hydro thunder: hurricane,Hydro Thunder: Hurricane,Hydro Thunder: Hurricane,Hydro Thunder Hurricane,hydro-thunder-hurricane,1.0,,2010.0,high,2010-07-28,6.0,1.0,0.0,
mlb the show 21,MLB The Show 21,MLB The Show 21,MLB 21: The Show,mlb-the-show-21-ps4,0.8,2021.0,2021.0,low,2021-04-16,302.0,17.0,3.35,
"destiny 2: forsaken, shadowkeep, beyond light","Destiny 2: Forsaken, Shadowkeep, Beyond Light","Destiny 2: Forsaken, Shadowkeep, Beyond Light",Destiny 2,destiny-2,0.9,2017.0,2017.0,high,2017-09-06,14602.0,2674.0,3.52,82.0
xeno crisis,Xeno Crisis,Xeno Crisis,Xeno Crisis,xeno-crisis-2,1.0,2019.0,2019.0,high,2019-10-28,259.0,28.0,3.62,
trine: enchanted edition,Trine: Enchanted Edition,Trine: Enchanted Edition,Trine Enchanted Edition,trine-enchanted-edition,1.0,2017.0,2009.0,low,2009-07-02,5448.0,734.0,3.83,80.0
pandemic: the board game,Pandemic: The Board Game,Pandemic: The Board Game,Pandemic,pandemic-3,0.9,2018.0,2020.0,low,2020-02-18,0.0,0.0,0.0,
beholder: complete edition,Beholder: Complete Edition,Beholder,Beholder 2,beholder-2,0.5,2018.0,2018.0,low,2018-12-04,1720.0,160.0,3.66,76.0
haven,Haven,Haven,Haven,haven-2,1.0,2020.0,2020.0,high,2020-12-03,810.0,157.0,3.5,75.0
hover,Hover,Hover,Hover: Revolt Of Gamers,hover,0.9,2015.0,2015.0,high,2015-04-06,725.0,27.0,2.96,69.0
the swords of ditto: mormo's curse,The Swords of Ditto: Mormo's Curse,The Swords of Ditto: Mormo's Curse,The Swords of Ditto,the-swords-of-ditto,0.9,2018.0,2018.0,high,2018-04-24,1209.0,104.0,3.41,74.0
company of heroes 2: complete edition,Company of Heroes 2: Complete Edition,Company of Heroes 2,Company of Heroes 2,company-of-heroes-2,1.0,2013.0,2013.0,high,2013-06-25,9883.0,875.0,3.1,80.0
star wars battlefront (classic),Star Wars Battlefront (Classic),Star Wars Battlefront (Classic),STAR WARS Battlefront II,star-wars-battlefront-2,0.5,2017.0,2017.0,low,2017-11-17,5955.0,1374.0,3.58,74.0
star wars battlefront ii (classic),Star Wars Battlefront II (Classic),Star Wars Battlefront II (Classic),Star Wars: Battlefront II (2005),star-wars-battlefront-ii-2,1.0,2005.0,2005.0,high,2005-10-30,4897.0,852.0,4.21,78.0
dear esther: landmark edition,Dear Esther: Landmark Edition,Dear Esther: Landmark Edition,Dear Esther,dear-esther,0.9,2012.0,2012.0,high,2012-02-14,2742.0,366.0,3.47,75.0
overcooked: gourmet edition,Overcooked: Gourmet Edition,Overcooked: Gourmet Edition,Overcooked,overcooked,0.9,2017.0,2016.0,high,2016-08-01,5983.0,1357.0,4.07,81.0
don't starve: giant edition,Don't Starve: Giant Edition,Don't Starve: Giant Edition,Don't Starve,dont-starve,0.9,2014.0,2013.0,high,2013-04-22,6958.0,1133.0,3.85,79.0
final fantasy vii,Final Fantasy VII,Final Fantasy VII,Final Fantasy VII (1997),final-fantasy-vii,1.0,1997.0,1997.0,high,1997-01-31,4400.0,1049.0,4.36,83.0
endless space 2: deluxe edition,Endless Space 2: Deluxe Edition,Endless Space 2,Endless Space 2,endless-space-2,1.0,2017.0,2016.0,high,2016-10-06,3044.0,228.0,3.87,82.0
neogeo battle coliseum,NeoGeo Battle Coliseum,NeoGeo Battle Coliseum,NEOGEO BATTLE COLISEUM,neogeo-battle-coliseum,1.0,2010.0,2005.0,low,2005-12-22,134.0,6.0,3.67,65.0
kingdom hearts hd i.5 + ii.5 remix,Kingdom Hearts HD I.5 + II.5 ReMix,Kingdom Hearts HD I.5 + II.5 ReMix,KINGDOM HEARTS HD 1.5 +2.5 ReMIX,kingdom-hearts-hd-1525-remix,0.968,2017.0,2017.0,high,2017-03-28,1225.0,180.0,4.35,86.0
truck racing championship,Truck Racing Championship,Truck Racing Championship,FIA European Truck Racing Championship,truck-racing-championship,0.794,2019.0,2019.0,low,2019-07-18,138.0,3.0,0.0,67.0
fifa 16,FIFA 16,FIFA 16,FIFA 16 Soccer,fifa-16-soccer,0.9,2015.0,,low,,5.0,2.0,0.0,
nba live 15,NBA LIVE 15,NBA LIVE 15,NBA Live 18,nba-live-18,0.5,2014.0,,low,,60.0,14.0,2.86,
nba live 18: the one edition,NBA LIVE 18: The One Edition,NBA LIVE 18: The One Edition,NBA Live 18,nba-live-18,0.9,2017.0,,low,,60.0,14.0,2.86,
nhl 18,NHL 18,NHL 18,EA SPORTS NHL 18,ea-sports-nhl-18,0.545,2017.0,2017.0,low,2017-09-15,276.0,74.0,3.29,76.0
nhl 19,NHL 19,NHL 19,NHL 21,nhl-21,0.5,2018.0,2020.0,low,2020-10-16,190.0,29.0,3.21,76.0
fishing sim world: pro tour,Fishing Sim World: Pro Tour,Fishing Sim World: Pro Tour,Fishing Sim World,fishing-sim-world,0.9,2018.0,2018.0,high,2018-08-16,72.0,7.0,2.86,
lego indiana jones,Lego Indiana Jones,Lego Indiana Jones,LEGO Indiana Jones: The Original Adventures,lego-indiana-jones,0.9,2007.0,2007.0,high,2007-01-01,1700.0,311.0,3.87,78.0
aragami: shadow edition,Aragami: Shadow Edition,Aragami: Shadow Edition,S.T.A.L.K.E.R.: Shadow of Chornobyl - Enhanced Edition,stalker-shadow-of-chornobyl-enhanced-edition,0.436,2025.0,2025.0,low,2025-05-20,173.0,22.0,3.59,
nhl 17,NHL 17,NHL 17,EA SPORTS NHL 17,nhl-17,0.545,2016.0,2016.0,low,2016-09-13,346.0,77.0,3.3,78.0
gonner: blueberry edition,GoNNER: Blueberry Edition,GoNNER: Blueberry Edition,GoNNER,gonner,0.9,2018.0,2016.0,low,2016-10-12,1475.0,88.0,2.9,81.0
aca neogeo metal slug x,ACA NeoGeo Metal Slug X,ACA NeoGeo Metal Slug X,METAL SLUG 2,metal-slug-2,0.5,1999.0,1998.0,low,1998-02-23,815.0,134.0,4.04,
silence: the whispered world 2,Silence: The Whispered World 2,Silence: The Whispered World 2,The Whispered World,the-whispered-world,0.5,2010.0,2009.0,low,2009-08-28,405.0,43.0,3.86,70.0
apocalipsis,Apocalipsis,Apocalipsis,Apocalipsis: The Tree of the Knowledge of Good and Evil,apocalipsis,0.9,2018.0,2018.0,high,2018-10-23,162.0,10.0,3.2,
resident evil 4,Resident Evil 4,Resident Evil 4,Resident Evil 4 (2005),resident-evil-4,1.0,2005.0,2005.0,high,2005-01-11,7082.0,1864.0,4.4,83.0
toy story 3,Toy Story 3,Toy Story 3,Toy Story 3 PSP: The Video Game,toy-story-3-psp-the-video-game,0.9,2010.0,,low,,11.0,5.0,0.0,
mxgp3,MXGP3,MXGP3,MXGP3 - The Official Motocross Videogame,mxgp3,0.9,2017.0,2017.0,high,2017-05-29,189.0,24.0,2.62,
darksiders: warmastered edition,Darksiders: Warmastered Edition,Darksiders: Warmastered Edition,Darksiders,darksiders,0.9,2010.0,2010.0,high,2010-01-05,8080.0,1219.0,3.76,83.0
bolt,Bolt,Bolt,Disney Bolt,bolt,0.533,2008.0,2008.0,low,2008-11-18,240.0,24.0,3.17,
hitman: the complete first season,Hitman: The Complete First Season,Hitman: The Complete First Season,Hitman,hitman,0.9,2016.0,2016.0,high,2016-03-11,10913.0,2037.0,3.93,83.0
super street fighter iv: arcade edition,Super Street Fighter IV: Arcade Edition,Super Street Fighter IV: Arcade Edition,Super Street Fighter IV: 3D Edition,super-street-fighter-iv-3d-edition,0.914,2010.0,2011.0,high,2011-03-27,36.0,14.0,3.71,89.0
alien hominid hd,Alien Hominid HD,Alien Hominid HD,Alien Hominid,alien-hominid,0.9,2004.0,2004.0,high,2004-11-18,68.0,24.0,4.04,
a kingdom for keflings,A Kingdom for Keflings,A Kingdom for Keflings,A Kingdom for Keflings,a-kingdom-for-keflings-2,1.0,2008.0,,high,,215.0,7.0,3.0,
joe danger: special edition,Joe Danger: Special Edition,Joe Danger,Joe Danger,joe-danger,1.0,2010.0,2010.0,high,2010-06-08,582.0,53.0,3.23,
n+,N+,N+,N+,n-2,1.0,2015.0,2008.0,low,2008-08-26,354.0,62.0,3.76,
shadow complex: remastered,Shadow Complex: Remastered,Shadow Complex: Remastered,Shadow Complex,shadow-complex,0.9,2009.0,2009.0,high,2009-08-19,620.0,100.0,4.1,88.0
comic jumper,Comic Jumper,Comic Jumper,Comic Jumper: The Adventures of Captain Smiley,comic-jumper,0.9,2010.0,2010.0,high,2010-08-10,278.0,40.0,3.1,
olliolli2: xl edition,OlliOlli2: XL Edition,OlliOlli2: XL Edition,OlliOlli2: Welcome to Olliwood,olliolli2-welcome-to-olliwood,0.531,2016.0,2015.0,low,2015-03-03,2250.0,271.0,3.31,82.0
sonic & knuckles,Sonic & Knuckles,Sonic & Knuckles,Sonic Forces,sonic-forces,0.6,2017.0,2017.0,low,2017-11-07,2122.0,326.0,2.83,58.0
wrc 6,WRC 6,WRC 6,WRC 6 FIA World Rally Championship,wrc-6,0.9,2016.0,2016.0,high,2016-10-07,383.0,52.0,3.06,68.0
shadow warrior,Shadow Warrior,Shadow Warrior,Shadow Warrior (2013),shadow-warrior,1.0,2013.0,2013.0,high,2013-09-25,3619.0,588.0,3.64,73.0
dovetail games: euro fishing,Dovetail Games: Euro Fishing,Dovetail Games: Euro Fishing,Dovetail Games Fishing,dovetail-games-fishing,0.898,2015.0,,low,,0.0,0.0,0.0,
sonic cd,Sonic CD,Sonic CD,Sonic CD (1993),sonic-cd-1993,1.0,1993.0,1993.0,high,1993-09-23,82.0,32.0,3.7,
never alone (kishima ingitchuna),Never Alone (Kishima Ingitchuna),Never Alone (Kishima Ingitchuna),Never Alone,never-alone,1.0,2014.0,2014.0,high,2014-11-18,4301.0,613.0,3.47,70.0
world of van helsing: deathtrap,World of Van Helsing: Deathtrap,World of Van Helsing: Deathtrap,The Incredible Adventures of Van Helsing: Final Cut,the-incredible-adventures-of-van-helsing-final-cut,0.553,2015.0,2015.0,low,2015-11-05,1831.0,136.0,3.56,79.0
maldita castilla ex: cursed castilla,Maldita Castilla EX: Cursed Castilla,Maldita Castilla EX: Cursed Castilla,Maldita Castilla,maldita-castilla,0.9,2012.0,2012.0,high,2012-12-12,10.0,4.0,0.0,
ultratron,Ultratron,Ultratron,Ultratron,ultratron,1.0,2013.0,2005.0,low,2005-06-15,993.0,94.0,3.06,
dig dug,Dig Dug,Dig Dug,Dig Dug (1982),dig-dug-1982,1.0,1982.0,1982.0,high,1982-04-19,136.0,55.0,3.71,
sam & max: beyond time and space,Sam & Max: Beyond Time and Space,Sam & Max: Beyond Time and Space,Sam & Max: Beyond Time and Space Game + Soundtrack Bundle,sam-max-beyond-time-and-space-game-soundtrack-bund,0.9,2011.0,,low,,0.0,0.0,0.0,
sam & max: save the world,Sam & Max: Save the World,Sam & Max: Save the World,Sam & Max Season One: Save the World,sam-max-season-1,0.825,2011.0,2007.0,low,2007-07-17,465.0,63.0,3.92,
cars 2: the video game,Cars 2: The Video Game,Cars 2: The Video Game,Disney•Pixar Cars 2: The Video Game,cars-2-the-video-game,0.764,2011.0,2011.0,low,2011-06-21,186.0,24.0,3.08,67.0
flock!,FLOCK!,FLOCK!,The Flock,the-flock,1.0,2015.0,2015.0,high,2015-08-21,132.0,5.0,0.0,36.0
tales from the borderlands,Tales from the Borderlands,Tales from the Borderlands,Tales from the Borderlands: A Telltale Game Series,tales-from-the-borderlands,0.9,2015.0,2015.0,high,2015-10-21,5153.0,1124.0,4.18,85.0
evolve: ultimate edition,Evolve: Ultimate Edition,Evolve,Evolve,evolve,1.0,2015.0,2015.0,high,2015-02-10,1159.0,222.0,2.71,76.0
killer instinct season 2 ultra edition,Killer Instinct Season 2 Ultra Edition,Killer Instinct Season 2 Ultra Edition,Killer Instinct (1994),killer-instinct-1994,0.5,1994.0,1994.0,low,1994-06-28,111.0,50.0,4.02,
tron: evolution,Tron: Evolution,Tron: Evolution,TRON: Evolution - The Video Game,tron-evolution,0.9,2010.0,2010.0,high,2010-11-26,734.0,132.0,2.97,57.0
hand of fate,Hand of Fate,Hand of Fate,Hand of Fate,hand-of-fate,1.0,2015.0,2015.0,high,2015-02-16,2640.0,320.0,3.71,78.0
zheros,Zheros,Zheros,ZHEROS,zheros,1.0,2016.0,2016.0,high,2016-01-15,326.0,39.0,2.44,58.0
deus ex: human revolution,Deus Ex: Human Revolution,Deus Ex: Human Revolution,Deus Ex: Human Revolution,deus-ex-human-revolution,1.0,2011.0,2011.0,high,2011-08-22,6219.0,1555.0,4.36,89.0
killer instinct season 1 ultra edition,Killer Instinct Season 1 Ultra Edition,Killer Instinct Season 1 Ultra Edition,Killer Instinct (1994),killer-instinct-1994,0.5,1994.0,1994.0,low,1994-06-28,111.0,50.0,4.02,
dirt showdown,DiRT Showdown,DiRT Showdown,DiRT Showdown,dirt-showdown,1.0,2012.0,2012.0,high,2012-05-24,4839.0,442.0,3.31,74.0
the incredible adventures of van helsing,The Incredible Adventures of Van Helsing,The Incredible Adventures of Van Helsing,The Incredible Adventures of Van Helsing,the-incredible-adventures-of-van-helsing,1.0,2013.0,2013.0,high,2013-05-22,3360.0,325.0,3.41,72.0
dungeon siege iii,Dungeon Siege III,Dungeon Siege III,Dungeon Siege 3,dungeon-siege-3,1.0,2011.0,2011.0,high,2011-05-31,2618.0,226.0,3.11,72.0
pneuma: breath of life,Pneuma: Breath of Life,Pneuma: Breath of Life,Pneuma: Breath of Life,pneuma-breath-of-life,1.0,2015.0,2015.0,high,2015-02-27,675.0,88.0,3.04,63.0
dirt 3,DiRT 3,DiRT 3,DiRT 3,dirt-3,1.0,2011.0,2011.0,high,2011-05-24,2834.0,414.0,3.68,87.0
the deer god,The Deer God,The Deer God,The Deer God,the-deer-god,1.0,2015.0,2015.0,high,2015-02-27,479.0,43.0,2.56,59.0
battlestations: pacific,Battlestations: Pacific,Battlestations: Pacific,Battlestations: Pacific,battlestations-pacific-2,1.0,2009.0,2009.0,high,2009-05-12,100.0,5.0,0.0,
how to survive: storm warning edition,How To Survive: Storm Warning Edition,How To Survive: Storm Warning Edition,How to Survive,how-to-survive,0.9,2015.0,2013.0,low,2013-10-23,3197.0,378.0,3.02,60.0
metro: last light,Metro: Last Light,Metro: Last Light,Metro: Last Light,metro-last-light,1.0,2013.0,2013.0,high,2013-05-13,4377.0,1071.0,4.12,81.0
metro 2033,Metro 2033,Metro 2033,Metro 2033,metro-2033,1.0,2010.0,2010.0,high,2010-03-16,12788.0,2301.0,3.94,79.0
assassin's creed iv: black flag,Assassin's Creed IV: Black Flag,Assassin's Creed IV: Black Flag,Assassin’s Creed IV: Black Flag,assassins-creed-iv-black-flag,1.0,2013.0,2013.0,high,2013-10-29,9839.0,2669.0,4.16,85.0
plants vs. zombies,Plants vs. Zombies,Plants vs. Zombies,Plants vs. Zombies,plants-vs-zombies,1.0,2009.0,2009.0,high,2009-05-05,2582.0,857.0,4.27,86.0
pool nation fx,Pool Nation FX,Pool Nation FX,Pool Nation FX,pool-nation-fx,1.0,2015.0,2015.0,high,2015-04-01,463.0,45.0,2.67,
just cause 2,Just Cause 2,Just Cause 2,Just Cause 2,just-cause-2,1.0,2010.0,2010.0,high,2010-03-23,8953.0,1368.0,3.62,84.0
f1 2013,F1 2013,F1 2013,F1 2013,f1-2013,1.0,2013.0,2013.0,high,2013-10-03,522.0,80.0,3.12,78.0
castlestorm: definitive edition,CastleStorm: Definitive Edition,CastleStorm,CastleStorm - Definitive Edition,castlestorm-definitive-edition,1.0,2014.0,2014.0,high,2014-09-23,124.0,14.0,2.93,
mafia ii,Mafia II,Mafia II,Mafia II,mafia-ii,1.0,2010.0,2010.0,high,2010-08-24,8511.0,2222.0,4.25,77.0
army of two: the devil's cartel,Army of Two: The Devil's Cartel,Army of Two: The Devil's Cartel,Army of Two: The Devil’s Cartel,army-of-two-the-devils-cartel,1.0,2013.0,2013.0,high,2013-03-01,278.0,58.0,3.45,56.0
tomb raider,Tomb Raider,Tomb Raider,Tomb Raider,tomb-raider,1.0,1996.0,2013.0,low,2013-03-05,17882.0,4116.0,4.06,86.0
sniper elite v2,Sniper Elite V2,Sniper Elite V2,Sniper Elite V2,sniper-elite-v2,1.0,2012.0,2012.0,high,2012-05-01,6454.0,853.0,3.4,66.0
worms battlegrounds,Worms Battlegrounds,Worms Battlegrounds,Worms Battlegrounds,worms-battlegrounds,1.0,2014.0,2014.0,high,2014-05-30,2196.0,382.0,3.17,66.0
the witcher 2: assassins of kings,The Witcher 2: Assassins of Kings,The Witcher 2: Assassins of Kings,The Witcher 2: Assassins of Kings,the-witcher-2-assassins-of-kings,1.0,2011.0,2011.0,high,2011-05-17,1188.0,597.0,4.32,88.0
mx vs. atv alive,MX vs. ATV Alive,MX vs. ATV Alive,MX vs. ATV Alive,mx-vs-atv-alive-2,1.0,2011.0,2011.0,high,2011-05-10,386.0,44.0,2.49,
völgarr the viking,Völgarr the Viking,Völgarr the Viking,Volgarr the Viking,volgarr-the-viking,0.5,2013.0,2013.0,low,2013-09-12,1287.0,107.0,3.29,76.0
the raven: legacy of a master thief,The Raven: Legacy of a Master Thief,The Raven: Legacy of a Master Thief,The Raven - Legacy of a Master Thief,the-raven-legacy-of-a-master-thief,1.0,2013.0,2013.0,high,2013-07-23,458.0,23.0,3.17,74.0
red faction: guerrilla,Red Faction: Guerrilla,Red Faction: Guerrilla,Red Faction: Guerrilla,red-faction-guerrilla,1.0,2009.0,2009.0,high,2009-06-02,4730.0,629.0,3.68,82.0
chariot,Chariot,Chariot,Chariot,chariot,1.0,2014.0,2014.0,high,2014-09-30,903.0,90.0,3.2,76.0
crimson dragon,Crimson Dragon,Crimson Dragon,Crimson Dragon,crimson-dragon,1.0,2013.0,2013.0,high,2013-11-22,386.0,44.0,2.93,
dishonored,Dishonored,Dishonored,Dishonored,dishonored,1.0,2012.0,2012.0,high,2012-09-25,10040.0,2751.0,4.38,91.0
strike suit zero: director's cut,Strike Suit Zero: Director's Cut,Strike Suit Zero,Strike Suit Zero: Director's Cut,strike-suit-zero-directors-cut,1.0,2014.0,2014.0,high,2014-04-08,294.0,21.0,3.24,
motocross madness,Motocross Madness,Motocross Madness,Motocross Madness,motocross-madness,1.0,1998.0,1998.0,high,1998-08-14,501.0,74.0,2.79,
gotham city impostors,Gotham City Impostors,Gotham City Impostors,Gotham City Impostors,gotham-city-impostors,1.0,2012.0,2012.0,high,2012-02-07,1334.0,169.0,2.92,
charlie murder,Charlie Murder,Charlie Murder,Charlie Murder,charlie-murder,1.0,2013.0,2013.0,high,2013-06-04,539.0,73.0,3.03,
dark souls,Dark Souls,Dark Souls,Dark Souls,dark-souls,1.0,2011.0,2011.0,high,2011-09-22,3344.0,937.0,4.34,89.0
dust: an elysian tail,Dust: An Elysian Tail,Dust: An Elysian Tail,Dust: An Elysian Tail,dust-an-elysian-tail,1.0,2012.0,2012.0,high,2012-08-15,4846.0,626.0,3.63,84.0
deadlight,Deadlight,Deadlight,Deadlight,deadlight,1.0,2012.0,2012.0,high,2012-06-01,4241.0,545.0,3.62,78.0
hitman: absolution,Hitman: Absolution,Hitman: Absolution,Hitman: Absolution,hitman-absolution,1.0,2012.0,2012.0,high,2012-11-19,9804.0,1656.0,3.76,79.0
dungeon defenders,Dungeon Defenders,Dungeon Defenders,Dungeon Defenders,dungeon-defenders,1.0,2010.0,2010.0,high,2010-12-16,3228.0,284.0,3.32,81.0
sid meier's civilization revolution,Sid Meier's Civilization Revolution,Sid Meier's Civilization Revolution,Sid Meier's Civilization Revolution,sid-meiers-civilization-revolution,1.0,2008.0,2008.0,high,2008-06-13,74.0,30.0,3.53,84.0
dead island,Dead Island,Dead Island,Dead Island,dead-island,1.0,2011.0,2011.0,high,2011-09-06,7157.0,1368.0,3.48,74.0
sleeping dogs,Sleeping Dogs,Sleeping Dogs,Sleeping Dogs,sleeping-dogs,1.0,2012.0,2012.0,high,2012-08-14,6206.0,1337.0,4.14,81.0
shoot many robots,Shoot Many Robots,Shoot Many Robots,Shoot Many Robots,shoot-many-robots,1.0,2012.0,2012.0,high,2012-03-13,790.0,93.0,2.86,
might & magic: clash of heroes,Might & Magic: Clash of Heroes,Might & Magic: Clash of Heroes,Might and Magic Clash of Heroes,might-and-magic-clash-of-heroes,1.0,2009.0,2009.0,high,2009-12-01,968.0,90.0,3.92,76.0
tom clancy's rainbow six: vegas,Tom Clancy's Rainbow Six: Vegas,Tom Clancy's Rainbow Six: Vegas,Tom Clancy's Rainbow Six Vegas,tom-clancys-rainbowsix-vegas,1.0,2006.0,2006.0,high,2006-11-22,1863.0,271.0,3.67,85.0
magic: the gathering - duels of the planeswalkers 2013,Magic: The Gathering - Duels of the Planeswalkers 2013,Magic: The Gathering - Duels of the Planeswalkers 2013,Magic: The Gathering - Duels of the Planeswalkers 2013,magic-the-gathering-duels-of-the-planeswalkers-201,1.0,2012.0,2012.0,high,2012-06-19,485.0,56.0,3.68,77.0
crackdown,Crackdown,Crackdown,Crackdown,crackdown,1.0,2007.0,2007.0,high,2007-02-20,1554.0,267.0,3.55,
slitterhead,Slitterhead,Slitterhead,Slitterhead,slitterhead-2,1.0,2024.0,2024.0,high,2024-11-08,146.0,9.0,3.33,
wwe 2k26,WWE 2K26,WWE 2K26,WWE 2K17,wwe-2k17,0.75,2026.0,2016.0,low,2016-10-11,412.0,82.0,3.3,61.0
mega man x command mission,Mega Man X Command Mission,Mega Man X Command Mission,Mega Man X: Command Mission,mega-man-x-command-mission,1.0,2004.0,2004.0,high,2004-07-29,28.0,7.0,2.71,
metro redux,Metro Redux,Metro Redux,Metro 2033 Redux,metro-redux,0.5,2014.0,2014.0,low,2014-08-25,9364.0,1935.0,4.1,88.0
umamusume pretty derby - party dash,Umamusume Pretty Derby - Party Dash,Umamusume Pretty Derby - Party Dash,Umamusume: Pretty Derby – Party Dash,umamusume-pretty-derby-party-dash,1.0,2024.0,2024.0,high,2024-08-29,5.0,1.0,0.0,
two point museum,Two Point Museum,Two Point Museum,Two Point Museum,two-point-museum,1.0,2025.0,2025.0,high,2025-03-04,27.0,3.0,0.0,
dying light 2,Dying Light 2,Dying Light 2,Dying Light 2 Stay Human,dying-light-2,0.9,2022.0,2022.0,high,2022-02-04,3265.0,449.0,3.64,77.0
onimusha: dawn of dreams,Onimusha: Dawn of Dreams,Onimusha: Dawn of Dreams,Onimusha: Dawn of Dreams,onimusha-dawn-of-dreams,1.0,2006.0,2006.0,high,2006-01-26,80.0,23.0,3.8,81.0
disney's atlantis: the lost empire,Disney's Atlantis: The Lost Empire,Disney's Atlantis: The Lost Empire,Disney's Atlantis: The Lost Empire,disneys-atlantis-the-lost-empire-the-lost-games,1.0,2001.0,2001.0,high,2001-09-19,11.0,1.0,0.0,
helldivers 2,Helldivers 2,Helldivers 2,HELLDIVERS 2,helldivers-2,1.0,2024.0,2024.0,high,2024-02-08,948.0,129.0,4.25,
mighty morphin power rangers: rita’s rewind,Mighty Morphin Power Rangers: Rita’s Rewind,Mighty Morphin Power Rangers: Rita’s Rewind,Mighty Morphin Power Rangers: Rita's Rewind,mighty-morphin-power-rangers-ritas-rewind,1.0,2024.0,2024.0,high,2024-12-10,6.0,2.0,0.0,
dying light,Dying Light,Dying Light,Dying Light,dying-light,1.0,2015.0,2015.0,high,2015-01-27,5077.0,1427.0,4.09,74.0
snow bros. wonderland,Snow Bros. Wonderland,Snow Bros. Wonderland,Snow Bros. Wonderland,snow-bros-wonderland,1.0,2024.0,2024.0,high,2024-11-28,2.0,0.0,0.0,
firefighting simulator: ignite,Firefighting Simulator: Ignite,Firefighting Simulator: Ignite,Firefighting Simulator: Ignite,firefighting-simulator-ignite,1.0,2025.0,2025.0,high,2025-09-09,4.0,1.0,0.0,
indigo prophecy,Indigo Prophecy,Indigo Prophecy,Fahrenheit (Indigo Prophecy),fahrenheit-indigo-prophecy,0.24,2005.0,2005.0,low,2005-09-16,1303.0,557.0,4.3,85.0
psi-ops: the mindgate conspiracy,Psi-Ops: The Mindgate Conspiracy,Psi-Ops: The Mindgate Conspiracy,Psi-Ops: The Mindgate Conspiracy,psi-ops-the-mindgate-conspiracy,1.0,2004.0,2004.0,high,2004-06-14,185.0,57.0,4.07,84.0
rise of the ronin,Rise of the Ronin,Rise of the Ronin,Rise of the Ronin,rise-of-the-ronin,1.0,2024.0,2024.0,high,2024-03-22,283.0,41.0,3.27,
final fantasy xvi,Final Fantasy XVI,Final Fantasy XVI,Final Fantasy XVI,final-fantasy-xvi,1.0,2023.0,2023.0,high,2023-06-22,1065.0,180.0,4.08,88.0
sonic x shadow generations,Sonic X Shadow Generations,Sonic X Shadow Generations,Sonic X Shadow Generations,sonic-x-shadow-generations,1.0,2024.0,2024.0,high,2024-10-24,85.0,14.0,4.29,
life is strange: double exposure,Life is Strange: Double Exposure,Life is Strange: Double Exposure,Life is Strange: Double Exposure,life-is-strange-double-exposure,1.0,2024.0,2024.0,high,2024-10-29,241.0,54.0,3.0,
blades of fire,Blades of Fire,Blades of Fire,Blades of Fire,blades-of-fire,1.0,2025.0,2025.0,high,2025-05-22,35.0,11.0,3.36,
gitaroo man,Gitaroo Man,Gitaroo Man,Gitaroo Man,gitaroo-man,1.0,2002.0,2002.0,high,2002-02-19,22.0,4.0,0.0,80.0
destiny 2: legacy collection (2025),Destiny 2: Legacy Collection (2025),Destiny 2: Legacy Collection (2025),Destiny 2,destiny-2,0.9,2018.0,2017.0,high,2017-09-06,14602.0,2674.0,3.52,82.0
broken sword - shadows of the templar: reforged,Broken Sword - Shadows of the Templar: Reforged,Broken Sword - Shadows of the Templar: Reforged,Broken Sword - Shadow of the Templars: Reforged,broken-sword-shadow-of-the-templars-reforged,0.977,2024.0,,high,,18.0,3.0,0.0,
enotria: the last song standard edition,Enotria: The Last Song Standard Edition,Enotria: The Last Song,Enotria: The Last Song,enotria-the-last-song,1.0,2024.0,2024.0,high,2024-09-16,88.0,11.0,3.83,
time crisis,Time Crisis,Time Crisis,Time Crisis: Crisis Zone,time-crisis-crisis-zone,0.9,1995.0,,low,,3.0,0.0,0.0,
the crew: motorfest,The Crew: Motorfest,The Crew: Motorfest,The Crew: Motorfest,the-crew-motorfest,1.0,2023.0,2023.0,high,2023-09-14,164.0,26.0,3.65,
horizon zero dawn: remastered,Horizon Zero Dawn: Remastered,Horizon Zero Dawn: Remastered,Horizon Zero Dawn Remastered,horizon-zero-dawn-remastered,1.0,2024.0,2024.0,high,2024-10-31,196.0,50.0,4.22,
warriors: abyss,Warriors: Abyss,Warriors: Abyss,WARRIORS: Abyss,warriors-abyss,1.0,2025.0,,high,,14.0,8.0,3.62,
squirrel with a gun,Squirrel with a Gun,Squirrel with a Gun,Squirrel with a Gun,squirrel-with-a-gun,1.0,2024.0,2024.0,high,2024-08-29,29.0,2.0,0.0,
wild arms 4,Wild Arms 4,Wild Arms 4,Wild Arms 4,wild-arms-4,1.0,2005.0,2005.0,high,2005-03-24,21.0,4.0,0.0,69.0
blasphemous 2,Blasphemous 2,Blasphemous 2,Blasphemous II,blasphemous-2,1.0,2023.0,2023.0,high,2023-08-23,587.0,82.0,4.21,
metal eden,Metal Eden,Metal Eden,Metal Eden,metal-eden,1.0,2025.0,2025.0,high,2025-09-01,74.0,12.0,3.79,
lord of the rings: return to moria,Lord of the Rings: Return to Moria,Lord of the Rings: Return to Moria,The Lord of the Rings: Return to Moria,the-lord-of-the-rings-return-to-moria,1.0,2023.0,2023.0,high,2023-10-24,140.0,22.0,3.17,
tekken: dark resurrection,Tekken: Dark Resurrection,Tekken: Dark Resurrection,Tekken 5: Dark Resurrection,tekken-5-dark-resurrection,0.5,2006.0,2006.0,low,2006-07-06,184.0,76.0,4.19,82.0
marvel’s spider-man 2,Marvel’s Spider-Man 2,Marvel’s Spider-Man 2,Marvel's Spider-Man 2,marvels-spider-man-2,1.0,2023.0,2023.0,high,2023-10-20,1573.0,368.0,4.35,
test drive unlimited: solar crown,Test Drive Unlimited: Solar Crown,Test Drive Unlimited: Solar Crown,Test Drive Unlimited Solar Crown,test-drive-unlimited-solar-crown,1.0,2024.0,2024.0,high,2024-09-12,121.0,18.0,2.67,
neva,Neva,Neva,Neva,neva-2,1.0,2024.0,2024.0,high,2024-10-14,272.0,51.0,4.31,
season: a letter to the future,Season: A Letter to the Future,Season: A Letter to the Future,Season: A Letter to the Future,season-a-letter-to-the-future,1.0,2023.0,2023.0,high,2023-01-31,211.0,26.0,3.57,
monster hunter stories 2: wings of ruin,Monster Hunter Stories 2: Wings of Ruin,Monster Hunter Stories 2: Wings of Ruin,Monster Hunter Stories 2: Wings of Ruin,monster-hunter-stories-2-wings-of-ruin,1.0,2021.0,2021.0,high,2021-07-09,367.0,25.0,3.89,82.0
monster hunter stories,Monster Hunter Stories,Monster Hunter Stories,Monster Hunter Stories,monster-hunter-stories,1.0,2017.0,2017.0,high,2017-09-08,98.0,22.0,4.0,81.0
echoes of the end: enhanced edition,Echoes of the End: Enhanced Edition,Echoes of the End,Echoes of the End,project-echoes-of-the-end,1.0,2025.0,2025.0,high,2025-08-12,61.0,12.0,3.14,
rugby 25,Rugby 25,Rugby 25,Rugby 25,rugby-25,1.0,2025.0,2024.0,high,2024-06-28,1.0,1.0,0.0,
disney pixar wall-e,Disney Pixar Wall-E,Disney Pixar Wall-E,Disney•Pixar Cars,disneypixar-cars-2,0.778,2008.0,2006.0,low,2006-06-06,294.0,70.0,3.9,73.0
resident evil: village,Resident Evil: Village,Resident Evil: Village,Resident Evil: Village,resident-evil-village,1.0,2021.0,2021.0,high,2021-05-07,5197.0,1073.0,4.39,83.0
a quiet place: the road ahead,A Quiet Place: The Road Ahead,A Quiet Place: The Road Ahead,A Quiet Place: The Road Ahead,a-quiet-place-the-road-ahead,1.0,2024.0,2024.0,high,2024-10-17,55.0,12.0,2.69,
darkest dungeon ii,Darkest Dungeon II,Darkest Dungeon II,Darkest Dungeon 2,darkest-dungeon-2,1.0,2023.0,2023.0,high,2023-05-08,283.0,59.0,3.82,
the exit 8,The Exit 8,The Exit 8,The Exit 8,the-exit-8,1.0,2024.0,2023.0,high,2023-11-29,181.0,67.0,3.87,
ridge racer,Ridge Racer,Ridge Racer,Ridge Racer (PSP),ridge-racer-3,1.0,2005.0,2005.0,high,2005-03-22,37.0,12.0,4.17,88.0
assassin’s creed mirage,Assassin’s Creed Mirage,Assassin’s Creed Mirage,Assassin's Creed Mirage,assassins-creed-mirage,1.0,2023.0,2023.0,high,2023-10-05,1024.0,186.0,3.38,
granblue fantasy: relink,Granblue Fantasy: Relink,Granblue Fantasy: Relink,Granblue Fantasy: Relink,granblue-fantasy-relink,1.0,2024.0,2024.0,high,2024-02-01,277.0,32.0,3.44,
cat quest iii,Cat Quest III,Cat Quest III,Cat Quest III,cat-quest-iii,1.0,2024.0,2024.0,high,2024-08-07,107.0,25.0,3.62,
lego horizon adventures,Lego Horizon Adventures,Lego Horizon Adventures,Lego Horizon Adventures,lego-horizon-adventures,1.0,2024.0,2024.0,high,2024-11-14,94.0,19.0,3.43,
paw patrol: grand prix,Paw Patrol: Grand Prix,Paw Patrol: Grand Prix,PAW Patrol: Grand Prix,paw-patrol-grand-prix,1.0,2023.0,2022.0,high,2022-09-30,10.0,1.0,0.0,
soulcalibur iii,Soulcalibur III,Soulcalibur III,Soul Calibur III,soulcalibur-iii,0.963,2005.0,2005.0,high,2005-10-25,135.0,51.0,4.27,86.0
skate story,Skate Story,Skate Story,Skate Story,skate-story,1.0,2025.0,2025.0,high,2025-12-08,79.0,14.0,3.8,
thank goodness you’re here!,Thank Goodness You’re Here!,Thank Goodness You’re Here!,Thank Goodness You're Here!,thank-goodness-youre-here,1.0,2024.0,2024.0,high,2024-08-01,181.0,51.0,4.2,
the talos principle 2,The Talos Principle 2,The Talos Principle 2,The Talos Principle 2,talos-principle-2,1.0,2023.0,2023.0,high,2023-11-01,432.0,74.0,4.31,
monster jam showdown,Monster Jam Showdown,Monster Jam Showdown,Monster Jam Showdown,monster-jam-showdown,1.0,2024.0,2024.0,high,2024-08-29,5.0,2.0,0.0,
tomb raider: anniversary,Tomb Raider: Anniversary,Tomb Raider: Anniversary,Tomb Raider: Anniversary,tomb-raider-anniversary,1.0,2007.0,2007.0,high,2007-06-01,4447.0,451.0,3.95,83.0
until dawn (2024),Until Dawn (2024),Until Dawn (2024),Until Dawn (Remake),until-dawn-2,1.0,2024.0,2024.0,high,2024-10-04,261.0,68.0,4.04,
v rising,V Rising,V Rising,V Rising,v-rising,1.0,2024.0,2024.0,high,2024-05-08,2106.0,179.0,3.72,
poppy playtime: chapter 1,Poppy Playtime: Chapter 1,Poppy Playtime: Chapter 1,Poppy Playtime Chapter 1,poppy-playtime-chapter-1,1.0,2024.0,2021.0,medium,2021-10-24,3.0,0.0,0.0,
wizard with a gun,Wizard with a Gun,Wizard with a Gun,Wizard with a Gun,wizard-with-a-gun,1.0,2023.0,2023.0,high,2023-10-17,132.0,11.0,2.91,
tekken 3,Tekken 3,Tekken 3,Tekken 3,tekken-3,1.0,1998.0,1997.0,high,1997-03-20,1023.0,567.0,4.36,96.0
the last of us: part 2 remastered,The Last of Us: Part 2 Remastered,The Last of Us: Part 2 Remastered,The Last of Us Part II Remastered,the-last-of-us-part-ii-remastered,1.0,2024.0,2024.0,high,2024-01-19,426.0,136.0,4.49,
green hell,Green Hell,Green Hell,Green Hell,green-hell,1.0,2019.0,2018.0,high,2018-08-29,1127.0,139.0,3.8,78.0
fate/samurai remnant,Fate/Samurai Remnant,Fate/Samurai Remnant,Fate/Samurai Remnant,fatesamurai-remnant,1.0,2023.0,2023.0,high,2023-09-28,62.0,8.0,3.12,
crow country,Crow Country,Crow Country,Crow Country,crow-country,1.0,2024.0,2024.0,high,2024-05-08,120.0,19.0,4.32,
the invincible,The Invincible,The Invincible,The Invincible,the-invincible,1.0,2023.0,2023.0,high,2023-11-06,668.0,127.0,4.03,
conscript,Conscript,Conscript,Conscript,conscript,1.0,2024.0,2024.0,high,2024-07-23,83.0,12.0,3.92,
legacy of kain: defiance,Legacy of Kain: Defiance,Legacy of Kain: Defiance,Legacy of Kain: Defiance,legacy-of-kain-defiance,1.0,2003.0,2003.0,high,2003-12-15,2083.0,143.0,3.94,70.0
marvel's spider-man,Marvel's Spider-Man,Marvel's Spider-Man,Marvel's Spider-Man,marvels-spider-man,1.0,2018.0,2018.0,high,2018-09-07,10576.0,3752.0,4.45,87.0
sword of the sea,Sword of the Sea,Sword of the Sea,Sword of the Sea,sword-of-the-sea,1.0,2025.0,2025.0,high,2025-08-19,154.0,29.0,4.23,
atelier ryza 3: alchemist of the end & the secret key,Atelier Ryza 3: Alchemist of the End & the Secret Key,Atelier Ryza 3: Alchemist of the End & the Secret Key,Atelier Ryza 3: Alchemist of the End & the Secret Key,atelier-ryza-3-alchemist-of-the-end-the-secret-key,1.0,2023.0,2023.0,high,2023-03-24,87.0,10.0,3.4,
resident evil 2,Resident Evil 2,Resident Evil 2,Resident Evil 2 (1998),resident-evil-2,1.0,1998.0,1998.0,high,1998-01-21,6443.0,940.0,4.33,90.0
resident evil 3: nemesis,Resident Evil 3: Nemesis,Resident Evil 3: Nemesis,Resident Evil 3: Nemesis,resident-evil-3-nemesis,1.0,1999.0,1999.0,high,1999-09-22,722.0,356.0,4.33,75.0
planet zoo,Planet Zoo,Planet Zoo,Planet Zoo,planet-zoo,1.0,2019.0,2019.0,high,2019-11-05,1660.0,136.0,3.91,81.0
twisted metal iii,Twisted Metal III,Twisted Metal III,Twisted Metal III,twisted-metal-iii,1.0,1998.0,1998.0,high,1998-10-31,85.0,38.0,4.18,
twisted metal 4,Twisted Metal 4,Twisted Metal 4,Twisted Metal 4,twisted-metal-4,1.0,1999.0,1999.0,high,1999-10-31,87.0,38.0,4.18,
five nights at freddy's: help wanted 2,Five Nights at Freddy's: Help Wanted 2,Five Nights at Freddy's: Help Wanted 2,Five Nights at Freddy’s: Help Wanted,five-nights-at-freddys-vr-help-wanted,0.5,2019.0,2019.0,low,2019-05-28,50.0,8.0,4.25,66.0
endless dungeon,Endless Dungeon,Endless Dungeon,Endless Dungeon,endless-dungeons,1.0,2023.0,2023.0,high,2023-10-19,82.0,5.0,2.83,
deus ex: the conspiracy,Deus Ex: The Conspiracy,Deus Ex: The Conspiracy,Deus Ex,deus-ex,0.9,2000.0,2000.0,high,2000-06-26,1051.0,438.0,4.37,90.0
myst,Myst,Myst,Myst,myst,1.0,1993.0,1993.0,high,1993-09-24,523.0,105.0,3.9,
riven,Riven,Riven,Riven: The Sequel to Myst,riven,0.9,1997.0,1997.0,high,1997-10-29,677.0,66.0,4.08,83.0
five nights at freddy's: help wanted - full time edition,Five Nights at Freddy's: Help Wanted - Full Time Edition,Five Nights at Freddy's: Help Wanted - Full Time Edition,Five Nights at Freddy’s: Help Wanted,five-nights-at-freddys-vr-help-wanted,0.9,2019.0,2019.0,high,2019-05-28,50.0,8.0,4.25,66.0
s.t.a.l.k.e.r.: legends of the zone trilogy,S.T.A.L.K.E.R.: Legends of the Zone Trilogy,S.T.A.L.K.E.R.: Legends of the Zone Trilogy,S.T.A.L.K.E.R.: Legends of the Zone Trilogy,stalker-legends-of-the-zone-trilogy,1.0,2024.0,2024.0,high,2024-03-06,13.0,4.0,0.0,
granblue fantasy versus: rising,Granblue Fantasy Versus: Rising,Granblue Fantasy Versus: Rising,Granblue Fantasy Versus: Rising,granblue-fantasy-versus-rising,1.0,2023.0,2023.0,high,2023-12-14,40.0,6.0,4.0,
story of seasons: a wonderful life,Story of Seasons: A Wonderful Life,Story of Seasons: A Wonderful Life,Story Of Seasons: A Wonderful Life,story-of-seasons-a-wonderful-life,1.0,2023.0,2023.0,high,2023-06-27,31.0,0.0,0.0,
battle engine aquila,Battle Engine Aquila,Battle Engine Aquila,Battle Engine Aquila,battle-engine-aquila,1.0,2003.0,2003.0,high,2003-07-01,38.0,3.0,0.0,
alone in the dark 2,Alone in the Dark 2,Alone in the Dark 2,Alone in the Dark 2,alone-in-the-dark-2-1994,1.0,1994.0,1993.0,high,1993-01-01,324.0,39.0,3.7,
war of the monsters,War of the Monsters,War of the Monsters,War of the Monsters,war-of-the-monsters,1.0,2003.0,2003.0,high,2003-01-14,109.0,29.0,3.66,
captain tsubasa: rise of new champions,Captain Tsubasa: Rise of New Champions,Captain Tsubasa: Rise of New Champions,Captain Tsubasa: Rise of New Champions,captain-tsubasa-rise-of-new-champions,1.0,2020.0,2020.0,high,2020-08-27,264.0,42.0,3.27,72.0
bang-on balls: chronicles,Bang-On Balls: Chronicles,Bang-On Balls: Chronicles,Bang-On Balls: Chronicles,bang-on-balls-chronicles,1.0,2023.0,2021.0,medium,2021-03-03,135.0,6.0,4.33,
syberia: the world before,Syberia: The World Before,Syberia: The World Before,Syberia: The World Before,syberia-the-world-before,1.0,2022.0,2022.0,high,2022-03-18,554.0,70.0,3.93,80.0
armored core,Armored Core,Armored Core,Armored Core,armored-core-1997,1.0,1997.0,1997.0,high,1997-07-10,55.0,17.0,4.12,
armored core: project phantasma,Armored Core: Project Phantasma,Armored Core: Project Phantasma,Armored Core: Project Phantasma,armored-core-project-phantasma,1.0,1998.0,1998.0,high,1998-08-30,14.0,4.0,0.0,
armored core: master of arena,Armored Core: Master of Arena,Armored Core: Master of Arena,Armored Core: Master of Arena,armored-core-master-of-arena,1.0,2000.0,1999.0,high,1999-02-04,16.0,6.0,3.67,
patapon 3,Patapon 3,Patapon 3,Patapon 3,patapon-3,1.0,2011.0,2011.0,high,2011-04-12,90.0,29.0,3.9,
dropship: united peace force,Dropship: United Peace Force,Dropship: United Peace Force,Dropship: United Peace Force,dropship-united-peace-force,1.0,2002.0,2002.0,high,2002-07-11,2.0,1.0,0.0,
god of war: ragnarök,God of War: Ragnarök,God of War: Ragnarök,God of War: Ragnarök,god-of-war-ragnarok,1.0,2022.0,2022.0,high,2022-11-09,2670.0,809.0,4.42,
indiana jones and the staff of kings,Indiana Jones and the Staff of Kings,Indiana Jones and the Staff of Kings,Indiana Jones and the Staff Of Kings,indiana-jones-and-the-staff-of-kings,1.0,2009.0,2009.0,high,2009-06-09,38.0,11.0,3.55,55.0
medievil ii,MediEvil II,MediEvil II,MediEvil II,medievil-2,1.0,2000.0,2000.0,high,2000-05-09,140.0,40.0,4.2,
wrc generations,WRC Generations,WRC Generations,WRC Generations,wrc-generations,1.0,2022.0,2022.0,high,2022-11-03,16.0,8.0,2.62,
a space for the unbound,A Space for the Unbound,A Space for the Unbound,A Space for the Unbound,a-space-for-the-unbound,1.0,2023.0,2023.0,high,2023-01-19,238.0,35.0,4.41,85.0
biped,Biped,Biped,Biped,biped,1.0,2020.0,2020.0,high,2020-03-26,646.0,86.0,3.95,72.0
sly 2: band of thieves,Sly 2: Band of Thieves,Sly 2: Band of Thieves,Sly 2: Band of Thieves,sly-2-band-of-thieves,1.0,2004.0,2004.0,high,2004-09-14,239.0,90.0,4.38,88.0
sly 3: honor among thieves,Sly 3: Honor Among Thieves,Sly 3: Honor Among Thieves,Sly 3: Honor Among Thieves,sly-3-honor-among-thieves,1.0,2005.0,2005.0,high,2005-09-26,189.0,67.0,4.23,83.0
jak and daxter: the precursor legacy,Jak and Daxter: The Precursor Legacy,Jak and Daxter: The Precursor Legacy,Jak and Daxter: The Precursor Legacy,jak-and-daxter-the-precursor-legacy,1.0,2001.0,2001.0,high,2001-12-04,1732.0,387.0,4.02,90.0
overcooked! all you can eat,Overcooked! All You Can Eat,Overcooked! All You Can Eat,Overcooked! All You Can Eat,overcooked-all-you-can-eat,1.0,2020.0,2020.0,high,2020-11-12,718.0,100.0,4.21,86.0
stick fight: the game,Stick Fight: The Game,Stick Fight: The Game,Stick Fight,stick-fight,0.9,2021.0,2021.0,high,2021-09-20,3.0,0.0,0.0,
killer frequency,Killer Frequency,Killer Frequency,Killer Frequency,killer-frequency,1.0,2023.0,2023.0,high,2023-06-01,161.0,22.0,4.0,
blood omen: legacy of kain,Blood Omen: Legacy of Kain,Blood Omen: Legacy of Kain,Blood Omen: Legacy of Kain,blood-omen-legacy-of-kain,1.0,1997.0,1996.0,high,1996-11-01,366.0,65.0,4.2,
blood omen 2,Blood Omen 2,Blood Omen 2,Legacy of Kain: Blood Omen 2,legacy-of-kain-blood-omen-2,0.615,2002.0,2002.0,low,2002-03-19,400.0,66.0,3.8,
overpass 2,OVERPASS 2,OVERPASS 2,Overpass 2,overpass-2-2,1.0,2023.0,2023.0,high,2023-09-28,7.0,0.0,0.0,
dino crisis,Dino Crisis,Dino Crisis,Dino Crisis 2,dino-crisis-2-2011,0.5,2000.0,2000.0,low,2000-09-13,328.0,133.0,4.19,86.0
r-type dimensions ex,R-Type Dimensions EX,R-Type Dimensions EX,R-Type Dimensions,r-type-dimensions,0.919,2009.0,2010.0,high,2010-04-09,174.0,19.0,3.26,
the last of us: part i,The Last of Us: Part I,The Last of Us: Part I,The Last of Us Part I,the-last-of-us-part-i,1.0,2024.0,2022.0,medium,2022-09-02,1947.0,573.0,4.67,
ben 10,Ben 10,Ben 10,Ben 10,ben-10,1.0,2017.0,2017.0,high,2017-11-10,169.0,18.0,2.63,
under the waves,Under The Waves,Under The Waves,Under The Waves,under-the-waves-2,1.0,2023.0,2023.0,high,2023-08-28,145.0,20.0,3.59,
chernobylite,Chernobylite,Chernobylite,Chernobylite,chernobylite,1.0,2021.0,2021.0,high,2021-07-28,905.0,127.0,3.32,73.0
secret agent clank,Secret Agent Clank,Secret Agent Clank,Secret Agent Clank,secret-agent-clank,1.0,2008.0,2008.0,high,2008-06-17,101.0,32.0,3.7,66.0
skygunner,SkyGunner,SkyGunner,Skygunner,skygunner,1.0,2002.0,2001.0,high,2001-09-27,7.0,1.0,0.0,75.0
mister mosquito,Mister Mosquito,Mister Mosquito,Mister Mosquito,mister-mosquito,1.0,2002.0,2002.0,high,2002-03-12,23.0,3.0,0.0,
timesplitters,TimeSplitters,TimeSplitters,TimeSplitters,timesplitters,1.0,2000.0,2000.0,high,2000-10-26,71.0,16.0,3.41,81.0
timesplitters 2,TimeSplitters 2,TimeSplitters 2,TimeSplitters 2,timesplitters-2,1.0,2002.0,2002.0,high,2002-10-09,163.0,55.0,4.27,90.0
timesplitters: future perfect,TimeSplitters: Future Perfect,TimeSplitters: Future Perfect,TimeSplitters: Future Perfect,timesplitters-future-perfect,1.0,2005.0,2005.0,high,2005-03-21,145.0,48.0,4.41,84.0
pathfinder: wrath of the righteous,Pathfinder: Wrath of the Righteous,Pathfinder: Wrath of the Righteous,Pathfinder: Wrath of the Righteous,pathfinder-wrath-of-the-righteous,1.0,2021.0,2021.0,high,2021-09-02,1589.0,140.0,4.24,81.0
deadcraft,DEADCRAFT,DEADCRAFT,DEADCRAFT,deadcraft,1.0,2022.0,2022.0,high,2022-04-21,24.0,2.0,0.0,
jeanne d'arc,Jeanne d'Arc,Jeanne d'Arc,Jeanne d'Arc,jeanne-darc,1.0,2007.0,2006.0,high,2006-11-22,80.0,24.0,4.08,87.0
ratchet and clank: size matters,Ratchet and Clank: Size Matters,Ratchet and Clank: Size Matters,Ratchet & Clank: Size Matters,ratchet-clank-size-matters,1.0,2007.0,2007.0,high,2007-02-13,215.0,76.0,3.69,74.0
summoner,Summoner,Summoner,Summoner,summoner,1.0,2000.0,2000.0,high,2000-10-25,629.0,26.0,3.19,78.0
lego the hobbit,LEGO The Hobbit,LEGO The Hobbit,LEGO The Hobbit,lego-the-hobbit,1.0,2014.0,2014.0,high,2014-04-08,5497.0,474.0,3.41,70.0
daxter,Daxter,Daxter,Daxter,daxter,1.0,2006.0,2006.0,high,2006-03-14,187.0,59.0,4.13,
ghosthunter,Ghosthunter,Ghosthunter,GhostHunter,ghosthunter-2,1.0,2004.0,,high,,0.0,0.0,0.0,
tomb raider: legend,Tomb Raider: Legend,Tomb Raider: Legend,Tomb Raider: Legend,tomb-raider-legend,1.0,2006.0,2006.0,high,2006-04-06,4547.0,534.0,3.91,82.0
star wars: the clone wars,Star Wars: The Clone Wars,Star Wars: The Clone Wars,Star Wars: The Clone Wars,star-wars-the-clone-wars,1.0,2002.0,2002.0,high,2002-10-28,61.0,24.0,2.84,
sly cooper and the thievius raccoonus,Sly Cooper and the Thievius Raccoonus,Sly Cooper and the Thievius Raccoonus,Sly Cooper and the Thievius Raccoonus,sly-cooper-and-the-thievius-raccoonus,1.0,2002.0,2002.0,high,2002-09-23,239.0,93.0,4.16,86.0
crime boss: rockay city,Crime Boss: Rockay City,Crime Boss: Rockay City,Crime Boss: Rockay City,crime-boss-rockay-city,1.0,2023.0,2023.0,high,2023-03-28,236.0,25.0,2.54,
cat quest ii: the lupus empire,Cat Quest II: The Lupus Empire,Cat Quest II: The Lupus Empire,Cat Quest II,cat-quest-ii,0.9,2019.0,2019.0,high,2019-09-23,1045.0,122.0,3.92,77.0
2xtreme,2Xtreme,2Xtreme,2 Xtreme (1996),2xtreme-1996,0.5,1996.0,1996.0,low,1996-10-31,15.0,7.0,2.43,
g-police,G-Police,G-Police,G-Police,g-police,1.0,1997.0,1997.0,high,1997-01-01,31.0,12.0,3.67,
worms pinball,Worms Pinball,Worms Pinball,Worms,worms,0.9,1998.0,1995.0,low,1995-01-01,2143.0,260.0,3.79,
lego marvel's avengers,Lego Marvel's Avengers,Lego Marvel's Avengers,LEGO Marvel's Avengers,lego-marvels-avengers,1.0,2016.0,2016.0,high,2016-01-26,1837.0,232.0,3.67,67.0
lego ninjago movie videogame,Lego Ninjago Movie Videogame,Lego Ninjago Movie Videogame,The LEGO NINJAGO Movie Video Game,the-lego-ninjago-movie-video-game,0.982,2017.0,2017.0,high,2017-09-22,4731.0,283.0,2.93,70.0
alone in the dark: the new nightmare,Alone in the Dark: The New Nightmare,Alone in the Dark: The New Nightmare,Alone in the Dark: The New Nightmare,alone-in-the-dark-the-new-nightmare,1.0,2001.0,2001.0,high,2001-05-18,567.0,74.0,3.55,66.0
star wars rebel assault ii: the hidden empire,Star Wars Rebel Assault II: The Hidden Empire,Star Wars Rebel Assault II: The Hidden Empire,Star Wars: Rebel Assault II: The Hidden Empire,star-wars-rebel-assault-2-the-hidden-empire,1.0,1995.0,1995.0,high,1995-11-01,26.0,6.0,3.67,
medievil,MediEvil,MediEvil,MediEvil (2019),medievil-2019,1.0,2019.0,2019.0,high,2019-10-25,248.0,72.0,3.71,67.0
mystic pillars: remastered,Mystic Pillars: Remastered,Mystic Pillars: Remastered,Mystic Pillars: A Story-Based Puzzle Game,mystic-pillars-a-story-based-puzzle-game,0.615,2021.0,2020.0,low,2020-03-04,10.0,0.0,0.0,
blood bowl iii,Blood Bowl III,Blood Bowl III,Blood Bowl 3,blood-bowl-3,1.0,2023.0,2023.0,high,2023-02-23,25.0,1.0,0.0,
lego dc super-villains,LEGO DC Super-Villains,LEGO DC Super-Villains,LEGO Batman 2 DC Super Heroes,lego-batman-2,0.5,2012.0,2012.0,low,2012-06-19,3106.0,365.0,3.68,75.0
cool boarders,Cool Boarders,Cool Boarders,Cool Boarders,cool-boarders,1.0,1996.0,1997.0,high,1997-01-15,16.0,2.0,0.0,
gods eater: burst,Gods Eater: Burst,Gods Eater: Burst,Gods Eater Burst,gods-eater-burst,1.0,2011.0,2011.0,high,2011-03-15,18.0,2.0,0.0,71.0
jak and daxter: the lost frontier,Jak and Daxter: The Lost Frontier,Jak and Daxter: The Lost Frontier,Jak and Daxter: The Lost Frontier,jak-and-daxter-the-lost-frontier,1.0,2009.0,2009.0,high,2009-11-03,131.0,25.0,2.96,72.0
roguebook,Roguebook,Roguebook,Roguebook,roguebook,1.0,2021.0,2021.0,high,2021-06-16,393.0,27.0,3.96,79.0
lego jurassic world,LEGO Jurassic World,LEGO Jurassic World,LEGO Jurassic World,lego-jurassic-world,1.0,2015.0,2015.0,high,2015-06-11,1693.0,206.0,3.74,72.0
resistance: retribution,Resistance: Retribution,Resistance: Retribution,Resistance: Retribution,resistance-retribution,1.0,2009.0,2009.0,high,2009-03-17,99.0,34.0,3.54,81.0
jet moto 2,Jet Moto 2,Jet Moto 2,Jet Moto 2 (1997),jet-moto-2,1.0,1997.0,1997.0,high,1997-10-31,19.0,7.0,3.71,
session: skate sim,Session: Skate Sim,Session: Skate Sim,Session: Skate Sim,session-skate-sim,1.0,2022.0,2022.0,high,2022-09-22,36.0,3.0,0.0,
rally cross,Rally Cross,Rally Cross,Rally Cross (1997),rally-cross,1.0,1997.0,1997.0,high,1997-01-31,13.0,3.0,0.0,
star wars episode i: the phantom menace,Star Wars Episode I: The Phantom Menace,Star Wars Episode I: The Phantom Menace,Star Wars: Episode I - The Phantom Menace,star-wars-episode-i-the-phantom-menace,1.0,1999.0,1999.0,high,1999-05-19,124.0,46.0,3.47,
salt and sacrifice,Salt and Sacrifice,Salt and Sacrifice,Salt and Sacrifice,salt-sacrifice,1.0,2022.0,2022.0,high,2022-05-10,162.0,23.0,3.16,
disney/pixar buzz lightyear of star command,Disney/Pixar Buzz Lightyear of Star Command,Disney/Pixar Buzz Lightyear of Star Command,Disney•Pixar Buzz Lightyear of Star Command Action Game,disneypixars-buzz-lightyear-of-star-command-action,0.9,2000.0,2000.0,high,2000-01-01,13.0,5.0,0.0,
nobunaga's ambition: taishi,Nobunaga's Ambition: Taishi,Nobunaga's Ambition: Taishi,NOBUNAGA'S AMBITION: Taishi,nobunagas-ambition-taishi,1.0,2018.0,2018.0,high,2018-07-03,7.0,1.0,0.0,
grandia,Grandia,Grandia,Grandia,grandia,1.0,1999.0,1997.0,medium,1997-12-18,145.0,34.0,4.18,89.0
jet moto,Jet Moto,Jet Moto,Jet Moto,jet-moto,1.0,1996.0,1996.0,high,1996-10-31,23.0,6.0,4.0,
disney/pixar up,Disney/PIXAR Up,Disney/PIXAR Up,Disney•Pixar Cars,disneypixar-cars-2,0.812,2009.0,2006.0,low,2006-06-06,294.0,70.0,3.9,73.0
parappa the rapper 2,PaRappa the Rapper 2,PaRappa the Rapper 2,PaRappa The Rapper 2,parappa-the-rapper-2,1.0,2002.0,2015.0,low,2015-12-15,148.0,29.0,3.9,67.0
a-train express,A-Train Express,A-Train Express,A-Train Express,a-train-express,1.0,2019.0,2019.0,high,2019-06-07,5.0,1.0,0.0,
elite: dangerous,Elite: Dangerous,Elite: Dangerous,Elite Dangerous,elite-dangerous,1.0,2014.0,2015.0,high,2015-04-02,3900.0,476.0,3.94,80.0
eldest souls,Eldest Souls,Eldest Souls,Eldest Souls,eldest-souls,1.0,2021.0,2021.0,high,2021-07-29,926.0,39.0,3.79,78.0
ape escape academy,Ape Escape Academy,Ape Escape Academy,Ape Academy,ape-escape-academy,0.759,2006.0,2006.0,low,2006-01-17,7.0,2.0,0.0,51.0
iq final,IQ Final,IQ Final,Final Fight 3,final-fight-3,0.476,1998.0,1995.0,low,1995-12-21,72.0,30.0,4.17,
soulcalibur: broken destiny,Soulcalibur: Broken Destiny,Soulcalibur: Broken Destiny,Soulcalibur: Broken Destiny,soulcalibur-broken-destiny,1.0,2009.0,2009.0,high,2009-09-01,56.0,16.0,4.06,
contra: rogue corps,Contra: Rogue Corps,Contra: Rogue Corps,Contra Rogue Corps,contra-rogue-corps,1.0,2019.0,2019.0,high,2019-09-24,205.0,19.0,2.17,
tails noir,Tails Noir,Tails Noir,Tails Noir,backbone,1.0,2021.0,2021.0,high,2021-06-08,1105.0,92.0,3.38,68.0
destiny 2: the witch queen,Destiny 2: The Witch Queen,Destiny 2: The Witch Queen,Destiny 2: The Witch Queen,destiny-2-the-witch-queen,1.0,2022.0,2022.0,high,2022-02-23,59.0,19.0,3.75,
hotel transylvania: scary-tale adventures,Hotel Transylvania: Scary-Tale Adventures,Hotel Transylvania: Scary-Tale Adventures,Hotel Transylvania: Scary-Tale Adventures,hotel-transylvania-scary-tale-adventures,1.0,2022.0,2022.0,high,2022-03-11,22.0,2.0,0.0,
pj masks: heroes of the night,PJ Masks: Heroes of the Night,PJ Masks: Heroes of the Night,PJ Masks: Heroes of the Night,pj-masks-heroes-of-the-night,1.0,2021.0,2021.0,high,2021-10-29,8.0,0.0,0.0,
dreams,Dreams,Dreams,Dreams,dreams,1.0,2020.0,2020.0,high,2020-02-14,412.0,109.0,4.1,89.0
two point hospital: jumbo edition,Two Point Hospital: Jumbo Edition,Two Point Hospital: Jumbo Edition,Two Point Hospital,two-point-hospital,0.9,2020.0,2018.0,low,2018-08-29,3066.0,405.0,3.74,84.0
ape escape: on the loose,Ape Escape: On the Loose,Ape Escape: On the Loose,Ape Escape On the Loose,ape-escape-on-the-loose,1.0,2005.0,2005.0,high,2005-03-22,20.0,5.0,0.0,66.0
medievil: resurrection,MediEvil: Resurrection,MediEvil: Resurrection,MediEvil Resurrection,medievil-resurrection,1.0,2005.0,2005.0,high,2005-09-13,72.0,21.0,4.3,66.0
pursuit force: extreme justice,Pursuit Force: Extreme Justice,Pursuit Force: Extreme Justice,Pursuit Force: Extreme Justice,pursuit-force-extreme-justice,1.0,2008.0,2007.0,high,2007-05-14,35.0,12.0,4.46,73.0
dynasty warriors 9,Dynasty Warriors 9,Dynasty Warriors 9,DYNASTY WARRIORS 9,dynasty-warriors-9-with-bonus,1.0,2018.0,2018.0,high,2018-02-08,608.0,63.0,2.34,65.0
melty blood: type lumina,Melty Blood: Type Lumina,Melty Blood: Type Lumina,MELTY BLOOD: TYPE LUMINA,melty-blood-type-lumina,1.0,2021.0,2021.0,high,2021-09-29,210.0,17.0,3.71,
samurai warriors 5,Samurai Warriors 5,Samurai Warriors 5,SAMURAI WARRIORS 5,samurai-warriors-5,1.0,2021.0,2021.0,high,2021-07-26,148.0,11.0,3.64,76.0
gravity crash portable,Gravity Crash Portable,Gravity Crash Portable,Gravity Crash Portable,gravity-crash-portable,1.0,2010.0,2010.0,high,2010-07-20,3.0,0.0,0.0,
twisted metal,Twisted Metal,Twisted Metal,Twisted Metal (1995),twisted-metal-1995,1.0,1995.0,1995.0,high,1995-11-05,157.0,64.0,3.88,
twisted metal 2,Twisted Metal 2,Twisted Metal 2,Twisted Metal 2,twisted-metal-2,1.0,1997.0,1996.0,high,1996-10-31,219.0,94.0,4.21,
paw patrol mighty pups save adventure bay,PAW Patrol Mighty Pups Save Adventure Bay,PAW Patrol Mighty Pups Save Adventure Bay,Paw Patrol Mighty Pups Save Adventure Bay,paw-patrol-mighty-pups-save-adventure-bay,1.0,2020.0,2020.0,high,2020-11-06,283.0,18.0,3.22,
a hat in time,A Hat in Time,A Hat in Time,A Hat in Time,a-hat-in-time,1.0,2017.0,2017.0,high,2017-10-05,3048.0,509.0,4.31,77.0
thief (2014),Thief (2014),Thief (2014),Thief 3: Deadly Shadows,thief-3-deadly-shadows,0.37,2014.0,2004.0,low,2004-05-24,3071.0,231.0,3.78,85.0
killzone: liberation,Killzone: Liberation,Killzone: Liberation,Killzone: Liberation,killzone-liberation,1.0,2006.0,2006.0,high,2006-10-31,147.0,41.0,3.83,
herc's adventures,Herc's Adventures,Herc's Adventures,Herc's Adventures,hercs-adventures,1.0,1997.0,1997.0,high,1997-07-31,45.0,12.0,4.17,
worms,Worms,Worms,Worms,worms,1.0,1995.0,1995.0,high,1995-01-01,2143.0,260.0,3.79,
ratchet and clank: rift apart,Ratchet and Clank: Rift Apart,Ratchet and Clank: Rift Apart,Ratchet & Clank: Rift Apart,ratchet-clank-rift-apart,1.0,2021.0,2021.0,high,2021-06-11,2098.0,422.0,4.38,88.0
thymesia,Thymesia,Thymesia,Thymesia,thymesia,1.0,2022.0,2022.0,high,2022-08-18,382.0,66.0,3.23,
bus simulator 21: next stop,Bus Simulator 21: Next Stop,Bus Simulator 21: Next Stop,Bus Simulator 21 Next Stop,bus-simulator-21-next-stop,1.0,2021.0,2021.0,high,2021-09-06,68.0,2.0,0.0,
sakuna: of rice and ruin,Sakuna: Of Rice and Ruin,Sakuna: Of Rice and Ruin,Sakuna: Of Rice and Ruin,sakuna-of-rice-and-ruin,1.0,2020.0,2020.0,high,2020-11-10,369.0,37.0,3.73,80.0
shadow of the tomb raider,Shadow of the Tomb Raider,Shadow of the Tomb Raider,Shadow of the Tomb Raider,shadow-of-the-tomb-raider,1.0,2016.0,2018.0,medium,2018-09-14,8445.0,1666.0,3.92,78.0
blade dancer: lineage of light,Blade Dancer: Lineage of Light,Blade Dancer: Lineage of Light,Blade Dancer: Lineage of Light,blade-dancer-lineage-of-light,1.0,2006.0,2006.0,high,2006-03-02,19.0,5.0,0.0,60.0
syphon filter: logan's shadow,Syphon Filter: Logan's Shadow,Syphon Filter: Logan's Shadow,Syphon Filter: Logan's Shadow,syphon-filter-logans-shadow,1.0,2007.0,2007.0,high,2007-10-02,60.0,17.0,3.82,85.0
pursuit force,Pursuit Force,Pursuit Force,Pursuit Force,pursuit-force,1.0,2006.0,2005.0,high,2005-11-18,59.0,20.0,4.14,75.0
ghostbusters: the video game - remastered,Ghostbusters: The Video Game - Remastered,Ghostbusters: The Video Game - Remastered,Ghostbusters: The Video Game Remastered,ghostbusters-the-video-game-remastered,1.0,2019.0,2019.0,high,2019-10-04,673.0,58.0,3.59,68.0
bassmaster fishing,Bassmaster Fishing,Bassmaster Fishing,Bassmaster Fishing 2022,bassmaster-fishing-2022,0.5,2021.0,2021.0,low,2021-10-28,62.0,3.0,0.0,
doom: eternal,DOOM: Eternal,DOOM: Eternal,DOOM Eternal,doom-eternal,1.0,2020.0,2020.0,high,2020-03-19,8034.0,1433.0,4.37,86.0
monster boy and the cursed kingdom,Monster Boy and the Cursed Kingdom,Monster Boy and the Cursed Kingdom,Monster Boy and the Cursed Kingdom,monster-boy-and-the-cursed-kingdom,1.0,2018.0,2018.0,high,2018-12-04,412.0,66.0,3.97,85.0
sackboy: a big adventure,Sackboy: A Big Adventure,Sackboy: A Big Adventure,Sackboy: A Big Adventure,sackboy-a-big-adventure-2,1.0,2020.0,2020.0,high,2020-11-12,926.0,160.0,4.08,81.0
anodyne,Anodyne,Anodyne,Anodyne,anodyne,1.0,2013.0,2013.0,high,2013-02-04,1082.0,73.0,3.08,75.0
uncharted: legacy of thieves collection,UNCHARTED: Legacy of Thieves Collection,UNCHARTED: Legacy of Thieves Collection,Uncharted: Legacy of Thieves Collection,uncharted-legacy-of-thieves-collection,1.0,2022.0,2022.0,high,2022-01-28,4985.0,526.0,4.46,
r4: ridge racer type 4,R4: Ridge Racer Type 4,R4: Ridge Racer Type 4,R4: Ridge Racer Type 4,r4-ridge-racer-type-4-2,1.0,1999.0,1998.0,high,1998-12-03,66.0,29.0,4.03,88.0
ape academy 2,Ape Academy 2,Ape Academy 2,Ape Academy 2,ape-academy-2,1.0,2005.0,2006.0,high,2006-09-29,7.0,2.0,0.0,
syphon filter: dark mirror,Syphon Filter: Dark Mirror,Syphon Filter: Dark Mirror,Syphon Filter: Dark Mirror,syphon-filter-dark-mirror,1.0,2006.0,2006.0,high,2006-03-14,36.0,8.0,3.75,
earth defense force 5,Earth Defense Force 5,Earth Defense Force 5,Earth Defense Force 5,earth-defense-force-5,1.0,2018.0,2018.0,high,2018-12-11,314.0,33.0,3.86,
harvest moon: back to nature,Harvest Moon: Back to Nature,Harvest Moon: Back to Nature,Harvest Moon: Back To Nature,harvest-moon-back-to-nature,1.0,2000.0,1999.0,high,1999-12-16,75.0,31.0,4.06,82.0
the legend of dragoon,The Legend of Dragoon,The Legend of Dragoon,The Legend of Dragoon,the-legend-of-dragoon,1.0,2000.0,1999.0,high,1999-12-02,193.0,65.0,4.37,74.0
erica,Erica,Erica,Erica,erica,1.0,2019.0,2019.0,high,2019-08-19,1530.0,290.0,3.18,74.0
hot shots golf 2,Hot Shots Golf 2,Hot Shots Golf 2,Hot Shots Golf 2,hot-shots-golf-2,1.0,2000.0,1999.0,high,1999-07-29,14.0,6.0,3.67,
star wars demolition,Star Wars Demolition,Star Wars Demolition,Star Wars: Demolition,star-wars-demolition,1.0,2000.0,2000.0,high,2000-11-12,23.0,9.0,3.78,
syphon filter 3,Syphon Filter 3,Syphon Filter 3,Syphon Filter 3,syphon-filter-3,1.0,2001.0,2001.0,high,2001-11-05,145.0,53.0,4.13,73.0
gigantosaurus: the game,Gigantosaurus: The Game,Gigantosaurus: The Game,Gigantosaurus The Game,gigantosaurus-the-game,1.0,2020.0,2020.0,high,2020-03-26,42.0,3.0,0.0,
far cry: primal,Far Cry: Primal,Far Cry: Primal,Far Cry Primal,far-cry-primal,1.0,2016.0,2016.0,high,2016-02-23,3852.0,872.0,3.58,74.0
oddworld: abe's exoddus,Oddworld: Abe's Exoddus,Oddworld: Abe's Exoddus,Oddworld: Abe's Exoddus,oddworld-abes-exoddus,1.0,1998.0,1998.0,high,1998-11-17,1623.0,146.0,4.09,
pinball heroes,Pinball Heroes,Pinball Heroes,Pinball Heroes,pinball-heroes,1.0,2009.0,,high,,14.0,2.0,0.0,
ridge racer 2,Ridge Racer 2,Ridge Racer 2,Ridge Racer 2,ridge-racer-2,1.0,2006.0,2006.0,high,2006-09-14,34.0,8.0,3.88,
heavenly sword,Heavenly Sword,Heavenly Sword,Heavenly Sword,heavenly-sword,1.0,2007.0,2007.0,high,2007-09-12,222.0,74.0,3.83,79.0
ys viii: lacrimosa of dana,Ys VIII: Lacrimosa of DANA,Ys VIII: Lacrimosa of DANA,Ys VIII: Lacrimosa of DANA,ys-viii-lacrimosa-of-dana,1.0,2016.0,2017.0,high,2017-09-11,528.0,77.0,4.26,80.0
oddworld: soulstorm: enhanced edition,Oddworld: Soulstorm: Enhanced Edition,Oddworld: Soulstorm,Oddworld: Soulstorm,oddworld-soulstorm,1.0,2021.0,2021.0,high,2021-04-06,663.0,85.0,2.59,70.0
the elder scrolls v: skyrim - special edition,The Elder Scrolls V: Skyrim - Special Edition,The Elder Scrolls V: Skyrim,The Elder Scrolls V: Skyrim VR,the-elder-scrolls-v-skyrim-vr,0.936,2021.0,2017.0,low,2017-12-31,1020.0,92.0,3.64,79.0
earth defense force: iron rain,Earth Defense Force: Iron Rain,Earth Defense Force: Iron Rain,Earth Defense Force: Iron Rain,earth-defense-forceiron-rain,1.0,2019.0,2019.0,high,2019-04-11,108.0,12.0,3.54,67.0
earth defense force: world brothers,Earth Defense Force: World Brothers,Earth Defense Force: World Brothers,EARTH DEFENSE FORCE: WORLD BROTHERS,earth-defense-force-world-brothers,1.0,2020.0,2021.0,high,2021-05-27,47.0,1.0,0.0,
tom clancy's rainbow six siege,Tom Clancy's Rainbow Six Siege,Tom Clancy's Rainbow Six Siege,Tom Clancy's Rainbow Six Siege,tom-clancys-rainbow-six-siege-2,1.0,2015.0,2015.0,high,2015-12-01,8239.0,1523.0,3.88,75.0
tom clancy's ghost recon: breakpoint,Tom Clancy's Ghost Recon: Breakpoint,Tom Clancy's Ghost Recon: Breakpoint,Tom Clancy's Ghost Recon Breakpoint,tom-clancys-ghost-recon-breakpoint,1.0,2019.0,2019.0,high,2019-10-04,1366.0,219.0,2.91,59.0
ratchet and clank,Ratchet and Clank,Ratchet and Clank,Ratchet & Clank (2002),ratchet-clank-ps2,1.0,2002.0,2002.0,high,2002-11-04,383.0,157.0,4.34,88.0
ratchet: deadlocked,Ratchet: Deadlocked,Ratchet: Deadlocked,Ratchet: Deadlocked,ratchet-deadlocked,1.0,2005.0,2005.0,high,2005-10-25,324.0,105.0,4.15,81.0
ratchet and clank: going commando,Ratchet and Clank: Going Commando,Ratchet and Clank: Going Commando,Ratchet & Clank: Going Commando,ratchet-clank-going-commando,1.0,2003.0,2003.0,high,2003-11-11,266.0,97.0,4.37,90.0
ratchet and clank: tools of destruction,Ratchet and Clank: Tools of Destruction,Ratchet and Clank: Tools of Destruction,Ratchet & Clank Future: Tools of Destruction,ratchet-and-clank-future-tod,0.916,2007.0,2007.0,high,2007-10-23,218.0,75.0,4.21,89.0
ratchet and clank: up your arsenal,Ratchet and Clank: Up Your Arsenal,Ratchet and Clank: Up Your Arsenal,Ratchet & Clank: Up Your Arsenal,ratchet-clank-up-your-arsenal,1.0,2004.0,2004.0,high,2004-11-03,296.0,111.0,4.42,91.0
hohokum,Hohokum,Hohokum,Hohokum,hohokum,1.0,2014.0,2014.0,high,2014-07-22,920.0,126.0,2.98,72.0
everyday shooter,Everyday Shooter,Everyday Shooter,Everyday Shooter,everyday-shooter,1.0,2006.0,2007.0,high,2007-10-11,138.0,8.0,2.25,77.0
alex kidd in miracle world dx,Alex Kidd in Miracle World DX,Alex Kidd in Miracle World DX,Alex Kidd in Miracle World DX,alex-kidd-in-miracle-world-dx,1.0,2021.0,2021.0,high,2021-06-22,187.0,13.0,3.54,
syphon filter 2,Syphon Filter 2,Syphon Filter 2,Syphon Filter 2,syphon-filter-2,1.0,2000.0,2000.0,high,2000-02-29,208.0,73.0,4.26,
kingdom of paradise,Kingdom of Paradise,Kingdom of Paradise,Kingdom of Paradise,kingdom-of-paradise,1.0,2005.0,2005.0,high,2005-07-21,11.0,4.0,0.0,72.0
bentley's hackpack,Bentley's Hackpack,Bentley's Hackpack,Bentley's Hackpack,bentleys-hackpack,1.0,2013.0,2013.0,high,2013-02-05,37.0,4.0,0.0,
the sly collection,The Sly Collection,The Sly Collection,The Sly Collection,the-sly-collection,1.0,2010.0,2010.0,high,2010-11-09,84.0,22.0,4.44,85.0
sly cooper: thieves in time,Sly Cooper: Thieves in Time,Sly Cooper: Thieves in Time,Sly Cooper: Thieves in Time,sly-cooper-thieves-in-time,1.0,2013.0,2013.0,high,2013-02-05,1108.0,215.0,3.72,
wheel of fortune (2017),Wheel of Fortune (2017),Wheel of Fortune (2017),Wheel of Fortune: Show Puzzles,wheel-of-fortune-show-puzzles,0.9,2017.0,2016.0,low,2016-09-21,0.0,0.0,0.0,
final fantasy vii: remake intergrade,Final Fantasy VII: Remake Intergrade,Final Fantasy VII: Remake Intergrade,FINAL FANTASY VII REMAKE INTERGRADE,final-fantasy-vii-remake-intergrade,1.0,2021.0,2021.0,high,2021-06-10,692.0,101.0,4.37,
ice age: scrat's nutty adventure,Ice Age: Scrat's Nutty Adventure,Ice Age: Scrat's Nutty Adventure,Ice Age Scrat's Nutty Adventure!,ice-age-scrats-nutty-adventure,1.0,2019.0,2019.0,high,2019-10-18,75.0,16.0,2.44,52.0
jumanji: the video game,JUMANJI: The Video Game,JUMANJI: The Video Game,JUMANJI: The Video Game,jumanji-the-video-game,1.0,2019.0,2019.0,high,2019-11-08,127.0,14.0,3.07,
paw patrol: on a roll!,Paw Patrol: On a Roll!,Paw Patrol: On a Roll!,Paw Patrol: On A Roll!,paw-patrol-on-a-roll,1.0,2018.0,2018.0,high,2018-10-23,168.0,14.0,2.5,
readyset heroes,ReadySet Heroes,ReadySet Heroes,ReadySet Heroes,readyset-heroes,1.0,2019.0,2019.0,high,2019-10-01,40.0,3.0,0.0,57.0
assassin's creed freedom cry,Assassin's Creed Freedom Cry,Assassin's Creed Freedom Cry,Assassin's Creed Freedom Cry,assassins-creed-freedom-cry,1.0,2013.0,2014.0,high,2014-02-18,2471.0,496.0,3.08,73.0
no heroes allowed: no puzzles either!,No Heroes Allowed: No Puzzles Either!,No Heroes Allowed: No Puzzles Either!,No Heroes Allowed:No Puzzles Either! G,no-heroes-allowedno-puzzles-either-g,0.972,2010.0,,low,,0.0,0.0,0.0,
locoroco midnight carnival,LocoRoco Midnight Carnival,LocoRoco Midnight Carnival,LocoRoco Midnight Carnival,locoroco-midnight-carnival,1.0,2009.0,2009.0,high,2009-10-29,46.0,10.0,4.2,73.0
demon's souls,Demon's Souls,Demon's Souls,Demon's Souls (2020),demons-souls-remake,1.0,2020.0,2020.0,high,2020-11-12,812.0,230.0,4.42,92.0
returnal,Returnal,Returnal,Returnal,returnal,1.0,2021.0,2021.0,high,2021-04-30,1860.0,319.0,4.15,86.0
ghost of tsushima: director's cut,Ghost of Tsushima: Director's Cut,Ghost of Tsushima,Ghost of Tsushima Director's Cut,ghost-of-tsushima-directors-cut,1.0,2021.0,2021.0,high,2021-08-20,991.0,339.0,4.58,
marvel's spider-man: miles morales,Marvel's Spider-Man: Miles Morales,Marvel's Spider-Man: Miles Morales,Marvel's Spider-Man: Miles Morales,marvels-spider-man-miles-morales,1.0,2020.0,2020.0,high,2020-11-12,4418.0,965.0,4.25,86.0
monster truck championship,Monster Truck Championship,Monster Truck Championship,Monster Truck Championship,monster-truck-championship,1.0,2020.0,2020.0,high,2020-10-15,128.0,5.0,0.0,69.0
observer: system redux,Observer: System Redux,Observer: System Redux,Observer: System Redux,observer-system-redux,1.0,2020.0,2020.0,high,2020-11-10,830.0,103.0,4.07,80.0
tennis world tour 2,Tennis World Tour 2,Tennis World Tour 2,Tennis World Tour,tennis-world-tour,0.5,2018.0,2018.0,low,2018-05-22,186.0,21.0,2.5,
warhammer: chaosbane - slayer edition,Warhammer: Chaosbane - Slayer Edition,Warhammer: Chaosbane - Slayer Edition,Warhammer: Chaosbane,warhammer-chaosbane,0.9,2019.0,2019.0,high,2019-05-31,1333.0,89.0,3.05,70.0
bee simulator,Bee Simulator,Bee Simulator,Bee Simulator,bee-simulator,1.0,2019.0,2019.0,high,2019-11-12,857.0,19.0,2.25,58.0
cartoon network: battle crashers,Cartoon Network: Battle Crashers,Cartoon Network: Battle Crashers,Cartoon Network: Battle Crashers,cartoon-network-battle-crashers,1.0,2016.0,2016.0,high,2016-11-08,91.0,16.0,2.19,21.0
dark rose valkyrie,Dark Rose Valkyrie,Dark Rose Valkyrie,Dark Rose Valkyrie,dark-rose-valkyrie,1.0,2017.0,2017.0,high,2017-06-06,23.0,1.0,0.0,
dead or alive 5: last round,Dead or Alive 5: Last Round,Dead or Alive 5: Last Round,DEAD OR ALIVE 5 Last Round,doa5-last-round,1.0,2015.0,2015.0,high,2015-02-17,1147.0,124.0,3.76,71.0
death end re;quest,Death end re;Quest,Death end re;Quest,Death end reQuest,death-end-request,0.971,2018.0,2018.0,high,2018-04-12,245.0,15.0,3.0,71.0
disgaea 5: alliance of vengeance,Disgaea 5: Alliance of Vengeance,Disgaea 5: Alliance of Vengeance,DISGAEA 5: ALLIANCE OF VENGEANCE,disgaea-5-alliance-of-vengeance,1.0,2015.0,2015.0,high,2015-10-06,502.0,62.0,3.55,80.0
dragon star varnir,Dragon Star Varnir,Dragon Star Varnir,Dragon Star Varnir,dragon-star-varnir,1.0,2018.0,2018.0,high,2018-10-11,120.0,12.0,3.0,70.0
dynasty warriors 8: empires,Dynasty Warriors 8: Empires,Dynasty Warriors 8: Empires,DYNASTY WARRIORS 8 Empires,dynasty-warriors-8-empires,1.0,2014.0,2014.0,high,2014-11-20,346.0,25.0,3.23,64.0
earth defense force 4.1: the shadow of new despair,Earth Defense Force 4.1: The Shadow of New Despair,Earth Defense Force 4.1: The Shadow of New Despair,EARTH DEFENSE FORCE 4.1 The Shadow of New Despair,earth-defense-force-41-the-shadow-of-new-despair-2,1.0,2015.0,2015.0,high,2015-04-02,1276.0,99.0,3.56,79.0
entwined,Entwined,Entwined,Entwined,entwined,1.0,2014.0,2014.0,high,2014-06-09,961.0,147.0,2.73,59.0
fade to silence,Fade to Silence,Fade to Silence,Fade to Silence,fade-to-silence,1.0,2017.0,2019.0,medium,2019-04-30,239.0,39.0,2.85,56.0
fia european truck racing championship,FIA European Truck Racing Championship,FIA European Truck Racing Championship,FIA European Truck Racing Championship,truck-racing-championship,1.0,2019.0,2019.0,high,2019-07-18,138.0,3.0,0.0,67.0
fury unleashed,Fury Unleashed,Fury Unleashed,Fury Unleashed,fury-unleashed,1.0,2017.0,2020.0,medium,2020-05-07,134.0,26.0,3.41,78.0
grand ages: medieval,Grand Ages: Medieval,Grand Ages: Medieval,Grand Ages: Medieval,grand-ages-medieval,1.0,2015.0,2015.0,high,2015-09-24,215.0,18.0,2.83,63.0
gravity rush 2,Gravity Rush 2,Gravity Rush 2,Gravity Rush 2,gravity-rush-2,1.0,2017.0,2017.0,high,2017-01-20,1654.0,282.0,3.95,80.0
harvest moon: mad dash,Harvest Moon: Mad Dash,Harvest Moon: Mad Dash,Harvest Moon: Mad Dash,harvest-moon-mad-dash,1.0,2019.0,2019.0,high,2019-10-29,11.0,2.0,0.0,
hotline miami 2: wrong number,Hotline Miami 2: Wrong Number,Hotline Miami 2: Wrong Number,Hotline Miami 2: Wrong Number,hotline-miami-2-wrong-number,1.0,2015.0,2015.0,high,2015-03-09,6480.0,1336.0,4.28,72.0
i am bread,I Am Bread,I Am Bread,I am Bread,i-am-bread,1.0,2015.0,2015.0,high,2015-04-09,1767.0,199.0,3.05,60.0
infamous: first light,inFAMOUS: First Light,inFAMOUS: First Light,inFAMOUS: First Light,infamous-first-light,1.0,2014.0,2014.0,high,2014-08-26,3307.0,730.0,3.72,73.0
little big workshop,Little Big Workshop,Little Big Workshop,Little Big Workshop,little-big-workshop,1.0,2019.0,2019.0,high,2019-10-16,1165.0,64.0,3.38,70.0
magicka 2,Magicka 2,Magicka 2,Magicka 2,magicka-2,1.0,2015.0,2015.0,high,2015-05-26,4577.0,685.0,3.69,69.0
mahjong,Mahjong,Mahjong,Mahjöng,mahjong-3,0.857,2017.0,2016.0,low,2016-03-25,0.0,0.0,0.0,
malicious fallen,Malicious Fallen,Malicious Fallen,Malicious Fallen,malicious-fallen,1.0,2017.0,2017.0,high,2017-02-21,40.0,8.0,3.25,62.0
megadimension neptunia vii,Megadimension Neptunia VII,Megadimension Neptunia VII,Megadimension Neptunia VIIR,megadimension-neptunia-viir,0.5,2018.0,2018.0,low,2018-05-08,205.0,10.0,3.6,71.0
nascar heat 5,NASCAR Heat 5,NASCAR Heat 5,NASCAR Heat 5,nascar-heat-5,1.0,2020.0,2020.0,high,2020-07-09,282.0,13.0,3.0,66.0
omega quintet,Omega Quintet,Omega Quintet,Omega Quintet,omega-quintet,1.0,2014.0,2014.0,high,2014-10-02,188.0,17.0,2.53,
overpass,Overpass,Overpass,Overpass(2020),overpass-2,1.0,2020.0,2020.0,high,2020-03-17,134.0,10.0,2.4,58.0
pile up! box by box,Pile Up! Box by Box,Pile Up! Box by Box,Pile Up! Box by Box,pile-up-box-by-box,1.0,2021.0,2021.0,high,2021-08-17,18.0,2.0,0.0,
pure hold'em world poker championship,Pure Hold'em World Poker Championship,Pure Hold'em World Poker Championship,Pure Hold'em World Poker Championship,pure-holdem-world-poker-championship,1.0,2015.0,2015.0,high,2015-08-18,3.0,0.0,0.0,73.0
pure pool,Pure Pool,Pure Pool,Pure Pool,pure-pool,1.0,2014.0,2014.0,high,2014-07-29,300.0,30.0,3.17,68.0
rapala fishing: pro series,Rapala Fishing: Pro Series,Rapala Fishing: Pro Series,Rapala Fishing: Pro Series,rapala-fishing-pro-series,1.0,2017.0,2017.0,high,2017-10-24,20.0,1.0,0.0,
shadow of the colossus,Shadow of the Colossus,Shadow of the Colossus,Shadow of the Colossus,shadow-of-the-colossus-2,1.0,2005.0,2005.0,high,2005-10-18,1245.0,562.0,4.33,91.0
space hulk: deathwing - enhanced edition,Space Hulk: Deathwing - Enhanced Edition,Space Hulk: Deathwing,Space Hulk: Deathwing,space-hulk-deathwing,1.0,2016.0,2016.0,high,2016-12-14,751.0,68.0,2.84,58.0
the fisherman: fishing planet,The Fisherman: Fishing Planet,The Fisherman: Fishing Planet,The Fisherman - Fishing Planet,the-fisherman-fishing-planet,1.0,2019.0,2019.0,high,2019-10-15,26.0,2.0,0.0,72.0
the last guardian,The Last Guardian,The Last Guardian,The Last Guardian,the-last-guardian,1.0,2016.0,2016.0,high,2016-10-25,3227.0,750.0,4.08,82.0
townsmen: a kingdom rebuilt,Townsmen: A Kingdom Rebuilt,Townsmen: A Kingdom Rebuilt,Townsmen - A Kingdom Rebuilt,townsmen-a-kingdom-rebuilt,1.0,2018.0,2019.0,high,2019-02-25,966.0,23.0,2.87,66.0
tricky towers,Tricky Towers,Tricky Towers,Tricky Towers,tricky-towers,1.0,2016.0,2016.0,high,2016-06-20,2859.0,454.0,3.68,80.0
ys ix: monstrum nox,Ys IX: Monstrum Nox,Ys IX: Monstrum Nox,Ys IX: Monstrum Nox,ys-ix-monstrum-nox,1.0,2019.0,2021.0,medium,2021-02-05,297.0,32.0,3.91,78.0
matterfall,Matterfall,Matterfall,Matterfall,matterfall,1.0,2017.0,2017.0,high,2017-08-15,115.0,22.0,3.46,72.0
space junkies,Space Junkies,Space Junkies,Space Junkies,space-junkies,1.0,2019.0,2019.0,high,2019-03-26,18.0,3.0,0.0,70.0
eagle flight,Eagle Flight,Eagle Flight,Eagle Flight,eagle-flight,1.0,2016.0,2016.0,high,2016-11-08,220.0,33.0,3.18,74.0
werewolves within,Werewolves Within,Werewolves Within,Werewolves Within,werewolves-within,1.0,2021.0,2016.0,low,2016-11-30,83.0,10.0,3.27,76.0
far cry 3: blood dragon - classic edition,Far Cry 3: Blood Dragon - Classic Edition,Far Cry 3: Blood Dragon - Classic Edition,Far Cry 3: Blood Dragon,far-cry-3-blood-dragon-2,0.9,2013.0,2013.0,high,2013-04-30,5419.0,1133.0,4.0,81.0
far cry 3: classic edition,Far Cry 3: Classic Edition,Far Cry 3: Classic Edition,Far Cry 3: Classic Edition,far-cry-3-classic-edition-2,1.0,2018.0,2018.0,high,2018-06-26,47.0,13.0,4.0,85.0
legendary fishing,Legendary Fishing,Legendary Fishing,Legendary Fishing,legendary-fishing,1.0,2018.0,2018.0,high,2018-09-18,12.0,1.0,0.0,
super stardust portable,Super Stardust Portable,Super Stardust Portable,Super Stardust Portable,super-stardust-portable,1.0,2007.0,2008.0,high,2008-12-04,26.0,2.0,0.0,69.0
ape escape,Ape Escape,Ape Escape,Ape Escape,ape-escape,1.0,1999.0,1999.0,high,1999-05-31,160.0,43.0,3.95,90.0
hot shots golf,Hot Shots Golf,Hot Shots Golf,Hot Shots Golf 2,hot-shots-golf-2,0.5,1997.0,1999.0,low,1999-07-29,14.0,6.0,3.67,
i.q intelligent qube,I.Q Intelligent Qube,I.Q Intelligent Qube,I.Q.: Intelligent Qube,iq-intelligent-qube,1.0,1997.0,1997.0,high,1997-01-31,32.0,15.0,3.87,
jumping flash!,Jumping Flash!,Jumping Flash!,Jumping Flash! (1995),jumping-flash,1.0,1995.0,1995.0,high,1995-04-28,40.0,7.0,3.71,
mr. driller,Mr. Driller,Mr. Driller,Mr. Driller,mr-driller,1.0,1999.0,2000.0,high,2000-05-10,39.0,13.0,4.0,
oddworld: abe's oddysee,Oddworld: Abe's Oddysee,Oddworld: Abe's Oddysee,Oddworld: Abe's Oddysee,oddworld-abes-oddysee,1.0,1997.0,1997.0,high,1997-09-19,5766.0,560.0,3.55,85.0
resident evil: director's cut,Resident Evil: Director's Cut,Resident Evil,Resident Evil,resident-evil,1.0,1996.0,1996.0,high,1996-03-22,5467.0,809.0,4.19,91.0
syphon filter,Syphon Filter,Syphon Filter,Syphon Filter,syphon-filter,1.0,1999.0,1999.0,high,1999-01-31,275.0,114.0,4.06,90.0
tekken 2,Tekken 2,Tekken 2,Tekken 2 (1995),tekken-2,1.0,1995.0,1995.0,high,1995-09-29,265.0,114.0,4.0,89.0
wild arms,Wild Arms,Wild Arms,Wild Arms,wild-arms,1.0,1997.0,1996.0,high,1996-12-20,95.0,29.0,4.14,
worms armageddon,Worms Armageddon,Worms Armageddon,Worms Armageddon,worms-armageddon,1.0,1999.0,1999.0,high,1999-01-25,3183.0,567.0,4.31,
worms world party,Worms World Party,Worms World Party,Worms World Party,worms-world-party,1.0,2001.0,2001.0,high,2001-04-06,201.0,99.0,4.27,75.0
echochrome,echochrome,echochrome,echochrome,echochrome-ps3,1.0,2008.0,2008.0,high,2008-05-01,33.0,6.0,3.71,
ape escape 2,Ape Escape 2,Ape Escape 2,Ape Escape 3,ape-escape-3,0.5,2003.0,2006.0,low,2006-01-17,60.0,17.0,4.35,77.0
arc the lad: twilight of the spirits,Arc The Lad: Twilight of the Spirits,Arc The Lad: Twilight of the Spirits,Arc The Lad: Twilight of the Spirits,arc-the-lad-twilight-of-the-spirits,1.0,2003.0,2003.0,high,2003-03-20,62.0,9.0,3.67,72.0
dark cloud,Dark Cloud,Dark Cloud,Dark Cloud,dark-cloud,1.0,2001.0,2000.0,high,2000-12-14,322.0,59.0,3.95,80.0
dark cloud 2,Dark Cloud 2,Dark Cloud 2,Dark Cloud 2,dark-cloud-2,1.0,2003.0,2002.0,high,2002-11-28,289.0,43.0,4.09,
fantavision,FantaVision,FantaVision,FantaVision,fantavision,1.0,2000.0,2015.0,low,2015-12-22,59.0,10.0,3.3,
hot shots tennis,Hot Shots Tennis,Hot Shots Tennis,Hot Shots Tennis,hot-shots-tennis,1.0,2007.0,2007.0,high,2007-07-17,91.0,14.0,3.36,
jak 3,Jak 3,Jak 3,Jak 3,jak-3,1.0,2004.0,2004.0,high,2004-11-09,787.0,183.0,4.19,84.0
jak ii,Jak II,Jak II,Jak II,jak-ii,1.0,2003.0,2003.0,high,2003-10-14,917.0,221.0,4.09,87.0
jak x: combat racing,Jak X: Combat Racing,Jak X: Combat Racing,Jak X: Combat Racing,jak-x-combat-racing,1.0,2005.0,2005.0,high,2005-10-18,207.0,54.0,3.96,
kinetica,Kinetica,Kinetica,Kinetica,kinetica,1.0,2001.0,2001.0,high,2001-10-14,49.0,8.0,3.38,
okage: shadow king,OKAGE: Shadow King,OKAGE: Shadow King,OKAGE: Shadow King,okage-shadow-king,1.0,2001.0,2016.0,low,2016-03-22,84.0,9.0,3.56,
primal,Primal,Primal,Primal,primal,1.0,2003.0,2003.0,high,2003-03-11,139.0,22.0,3.5,73.0
rise of the kasai,Rise of the Kasai,Rise of the Kasai,Rise of the Kasai,rise-of-the-kasai,1.0,2005.0,2005.0,high,2005-04-05,22.0,1.0,0.0,
rogue galaxy,Rogue Galaxy,Rogue Galaxy,Rogue Galaxy,rogue-galaxy,1.0,2005.0,2005.0,high,2005-12-08,379.0,58.0,3.9,83.0
siren,SIREN,SIREN,SIREN,siren,1.0,2004.0,2004.0,high,2004-03-12,280.0,47.0,4.23,72.0
star wars: bounty hunter,Star Wars: Bounty Hunter,Star Wars: Bounty Hunter,Star Wars Bounty Hunter,star-wars-bounty-hunter,1.0,2002.0,2002.0,high,2002-11-19,615.0,56.0,3.51,65.0
star wars: racer revenge,Star Wars: Racer Revenge,Star Wars: Racer Revenge,Star Wars Eclipse,star-wars-eclipse,0.6,2002.0,,low,,85.0,0.0,0.0,
the mark of kri,The Mark of Kri,The Mark of Kri,The Mark of Kri,the-mark-of-kri,1.0,2002.0,2013.0,low,2013-09-24,54.0,9.0,4.0,
wild arms 3,Wild Arms 3,Wild Arms 3,Wild Arms 3,wild-arms-3,1.0,2002.0,2002.0,high,2002-03-14,136.0,19.0,3.63,78.0
locoroco 2: remastered,LocoRoco 2: Remastered,LocoRoco 2: Remastered,LocoRoco 2 Remastered,locoroco-2-remastered,1.0,2017.0,2017.0,high,2017-12-09,86.0,16.0,4.06,
patapon: remastered,Patapon: Remastered,Patapon: Remastered,Patapon Remastered,patapon-remastered,1.0,2017.0,2017.0,high,2017-08-01,349.0,71.0,3.82,
patapon 2: remastered,Patapon 2: Remastered,Patapon 2: Remastered,Patapon 2 Remastered,patapon-2-remastered,1.0,2020.0,2020.0,high,2020-01-30,104.0,13.0,4.0,75.0
serious sam collection,Serious Sam Collection,Serious Sam Collection,Serious Sam Collection,serious-sam-collection-2,1.0,2020.0,2020.0,high,2020-11-17,130.0,10.0,4.0,
uncharted: the nathan drake collection,UNCHARTED: The Nathan Drake Collection,UNCHARTED: The Nathan Drake Collection,UNCHARTED The Nathan Drake Collection,uncharted-the-nathan-drake-collection,1.0,2015.0,2015.0,high,2015-10-09,1106.0,515.0,4.44,86.0
mx vs. atv: untamed,MX vs. ATV: Untamed,MX vs. ATV: Untamed,MX vs. ATV: Untamed,mx-vs-atv-untamed-3,1.0,2007.0,2007.0,high,2007-12-17,84.0,9.0,2.22,
raiden iv: overkill,Raiden IV: OverKill,Raiden IV: OverKill,Raiden IV: OverKill,raiden-iv-overkill,1.0,2014.0,2014.0,high,2014-04-15,197.0,6.0,3.67,
retro city rampage dx,Retro City Rampage DX,Retro City Rampage DX,Retro City Rampage DX,retro-city-rampage-dx,1.0,2014.0,2012.0,medium,2012-10-08,1869.0,143.0,3.34,
rune factory: tides of destiny,Rune Factory: Tides of Destiny,Rune Factory: Tides of Destiny,Rune Factory: Tides of Destiny,rune-factory-tides-of-destiny,1.0,2011.0,2011.0,high,2011-10-11,62.0,12.0,3.92,
split/second: velocity,Split/Second: Velocity,Split/Second: Velocity,Split/Second,splitsecond,0.9,2010.0,2010.0,high,2010-05-18,1694.0,379.0,3.96,79.0
star raiders,Star Raiders,Star Raiders,Star Raiders,star-raiders,1.0,2011.0,2011.0,high,2011-05-03,35.0,1.0,0.0,
starwhal,STARWHAL,STARWHAL,STARWHAL,starwhal,1.0,2015.0,2014.0,high,2014-02-17,852.0,99.0,2.9,
the awakened fate: ultimatum,The Awakened Fate: Ultimatum,The Awakened Fate: Ultimatum,The Awakened Fate Ultimatum,the-awakened-fate-ultimatum,1.0,2015.0,2014.0,high,2014-09-25,21.0,2.0,0.0,
urban trial freestyle,Urban Trial Freestyle,Urban Trial Freestyle,URBAN TRIAL FREESTYLE,urban-trial-freestyle,1.0,2013.0,2013.0,high,2013-02-12,1125.0,99.0,2.7,58.0
velocity ultra,Velocity Ultra,Velocity Ultra,Velocity Ultra,velocity-ultra,1.0,2013.0,2013.0,high,2013-05-15,890.0,49.0,3.26,
way of the samurai 4: plus,Way of the Samurai 4: Plus,Way of the Samurai 4: Plus,WAY OF THE SAMURAI 4,way-of-the-samurai-4,0.9,2012.0,2011.0,high,2011-03-03,347.0,27.0,3.77,72.0
xblaze lost: memories,XBlaze Lost: Memories,XBlaze Lost: Memories,XBlaze Lost: Memories,xblaze-lost-memories,1.0,2015.0,2015.0,high,2015-04-09,165.0,12.0,2.83,
werewolf: the apocalypse - earthblood,Werewolf: The Apocalypse - Earthblood,Werewolf: The Apocalypse - Earthblood,Werewolf: The Apocalypse - Earthblood,werewolf-the-apocalypse-earthblood,1.0,2021.0,2021.0,high,2021-02-04,260.0,52.0,2.02,52.0
yet another zombie defense,Yet Another Zombie Defense,Yet Another Zombie Defense,Yet Another Zombie Defense HD,yet-another-zombie-defense-hd,0.945,2017.0,2017.0,high,2017-08-25,447.0,20.0,2.45,46.0
car mechanic simulator,Car Mechanic Simulator,Car Mechanic Simulator,Car Mechanic Simulator,car-mechanic-simulator,1.0,2019.0,2019.0,high,2019-02-15,161.0,13.0,3.92,58.0
nioh,Nioh,Nioh,Nioh,nioh,1.0,2017.0,2017.0,high,2017-02-07,3678.0,697.0,3.81,88.0
destruction allstars,Destruction AllStars,Destruction AllStars,Destruction AllStars,destruction-allstars,1.0,2021.0,2021.0,high,2021-02-02,574.0,71.0,2.52,62.0
concrete genie: digital deluxe edition,Concrete Genie: Digital Deluxe Edition,Concrete Genie,Concrete Genie,concrete-genie,1.0,2019.0,2019.0,high,2019-10-08,1307.0,183.0,3.81,75.0
assetto corsa competizione,Assetto Corsa Competizione,Assetto Corsa Competizione,Assetto Corsa Competizione,assetto-corsa-competizione,1.0,2018.0,2018.0,high,2018-09-12,799.0,76.0,3.99,76.0
bloodborne,Bloodborne,Bloodborne,Bloodborne,bloodborne,1.0,2015.0,2015.0,high,2015-03-24,8695.0,2464.0,4.41,92.0
days gone,Days Gone,Days Gone,Days Gone,days-gone,1.0,2019.0,2019.0,high,2019-04-26,6681.0,1413.0,3.98,74.0
detroit: become human,Detroit: Become Human,Detroit: Become Human,Detroit: Become Human,detroit-become-human,1.0,2018.0,2018.0,high,2018-05-25,10531.0,3355.0,4.34,79.0
warhammer vermintide 2,Warhammer Vermintide 2,Warhammer Vermintide 2,Warhammer: Vermintide 2,warhammer-vermintide-2,1.0,2018.0,2018.0,high,2018-03-08,8550.0,779.0,3.61,82.0
trine 4: the nightmare prince,Trine 4: The Nightmare Prince,Trine 4: The Nightmare Prince,Trine 4: The Nightmare Prince,trine-4-the-nightmare-prince,1.0,2019.0,2019.0,high,2019-10-07,2432.0,217.0,3.93,80.0
ao tennis 2,AO Tennis 2,AO Tennis 2,AO Tennis 2,ao-tennis-2,1.0,2020.0,2020.0,high,2020-01-09,168.0,29.0,3.72,67.0
uncharted 4: a thief's end,Uncharted 4: A Thief's End,Uncharted 4: A Thief's End,Uncharted 4: A Thief’s End,uncharted-4-a-thiefs-end,1.0,2016.0,2016.0,high,2016-05-10,9690.0,3770.0,4.48,93.0
uncharted: the lost legacy,UNCHARTED: The Lost Legacy,UNCHARTED: The Lost Legacy,Uncharted: The Lost Legacy,uncharted-the-lost-legacy,1.0,2017.0,2017.0,high,2017-08-22,4164.0,1277.0,4.27,85.0
the raven: remastered,The Raven: Remastered,The Raven: Remastered,The Raven Remastered,the-raven-remastered,1.0,2018.0,2018.0,high,2018-03-12,549.0,40.0,3.2,
wipeout: omega collection,WipEout: Omega Collection,WipEout: Omega Collection,WipEout Omega Collection,wipeout-omega-collection,1.0,2013.0,2017.0,low,2017-06-07,1684.0,292.0,3.55,85.0
castlevania: lords of shadow - mirror of fate,Castlevania: Lords of Shadow - Mirror of Fate,Castlevania: Lords of Shadow - Mirror of Fate,Castlevania: Lords of Shadow - Mirror of Fate,castlevania-los-mirror-of-fate-hd,1.0,2013.0,2013.0,high,2013-03-05,1296.0,126.0,3.72,72.0
nightmares from the deep 2: the siren's call,Nightmares From the Deep 2: The Siren's Call,Nightmares From the Deep 2: The Siren's Call,Nightmares from the Deep 2: The Siren`s Call,nightmares-from-the-deep-2-the-sirens-call-2,1.0,2013.0,2013.0,high,2013-07-23,474.0,35.0,3.51,69.0
surgeon simulator: anniversary edition,Surgeon Simulator: Anniversary Edition,Surgeon Simulator,Surgeon Simulator,surgeon-simulator-cpr,1.0,2014.0,2013.0,high,2013-04-18,4101.0,574.0,3.43,71.0
brawlout,Brawlout,Brawlout,Brawlout,brawlout,1.0,2018.0,2017.0,high,2017-04-20,455.0,31.0,3.06,62.0
black knight sword,Black Knight Sword,Black Knight Sword,Black Knight Sword,black-knight-sword,1.0,2012.0,2012.0,high,2012-12-11,56.0,6.0,3.83,
lock's quest,Lock's Quest,Lock's Quest,Aero's Quest,aeros-quest,0.75,2017.0,2015.0,low,2015-06-08,102.0,0.0,0.0,
bubsy: the woolies strike back,Bubsy: The Woolies Strike Back,Bubsy: The Woolies Strike Back,Bubsy: The Woolies Strike Back,bubsy-the-woolies-strike-back,1.0,2017.0,2017.0,high,2017-10-30,115.0,14.0,2.14,
tron run/r,TRON RUN/r,TRON RUN/r,TRON RUN/r,tron-runr,1.0,2016.0,2016.0,high,2016-02-16,285.0,38.0,2.87,64.0
super star wars,Super Star Wars,Super Star Wars,Star Wars Eclipse,star-wars-eclipse,0.562,2015.0,,low,,85.0,0.0,0.0,
locoroco: remastered,LocoRoco: Remastered,LocoRoco: Remastered,LocoRoco Remastered,locoroco-remastered,1.0,2017.0,2017.0,high,2017-05-09,363.0,61.0,3.64,
the elder scrolls online: tamriel unlimited,The Elder Scrolls Online: Tamriel Unlimited,The Elder Scrolls Online: Tamriel Unlimited,The Elder Scrolls Online: Tamriel Unlimited,the-elder-scrolls-online-tamriel-unlimited,1.0,2014.0,2015.0,high,2015-03-17,5369.0,766.0,3.48,77.0
carmageddon: max damage,Carmageddon: Max Damage,Carmageddon: Max Damage,Carmageddon: Max Damage,carmageddon-max-damage,1.0,2016.0,2016.0,high,2016-07-05,1030.0,105.0,3.42,52.0
the last blade 2,The Last Blade 2,The Last Blade 2,The Last Blade 2,the-last-blade-2,1.0,2016.0,1998.0,low,1998-11-25,226.0,14.0,4.21,
atari flashback classics vol. 1,Atari Flashback Classics Vol. 1,Atari Flashback Classics Vol. 1,Atari Flashback Classics Vol. 1,atari-flashback-classics-vol-1,1.0,2016.0,2016.0,high,2016-10-13,18.0,3.0,0.0,
atari flashback classics vol. 2,Atari Flashback Classics Vol. 2,Atari Flashback Classics Vol. 2,Atari Flashback Classics Vol. 2,atari-flashback-classics-vol-2,1.0,2016.0,2016.0,high,2016-10-13,15.0,1.0,0.0,
alienation,Alienation,Alienation,Alienation,alienation,1.0,2016.0,2016.0,high,2016-04-26,1555.0,284.0,3.46,79.0
everybody's golf,Everybody's Golf,Everybody's Golf,Everybody's Golf VR,everybodys-golf-vr,0.914,2017.0,2019.0,low,2019-05-21,109.0,12.0,3.17,78.0
knack,Knack,Knack,Knack,knack,1.0,2013.0,2013.0,high,2013-11-15,2027.0,465.0,3.11,54.0
gravity rush: remastered,Gravity Rush: Remastered,Gravity Rush: Remastered,Gravity Rush Remastered,gravity-rush-remastered,1.0,2016.0,2016.0,high,2016-02-02,1550.0,325.0,4.02,80.0
high stakes on the vegas strip: poker edition,High Stakes on the Vegas Strip: Poker Edition,High Stakes on the Vegas Strip: Poker Edition,High Stakes on the Vegas Strip: Poker Edition,high-stakes-on-the-vegas-strip-poker-edition,1.0,2007.0,2007.0,high,2007-09-13,1.0,0.0,0.0,
the witch and the hundred knight: revival edition,The Witch and the Hundred Knight: Revival Edition,The Witch and the Hundred Knight: Revival Edition,The Witch and the Hundred Knight,the-witch-and-the-hundred-knight,0.9,2016.0,2013.0,low,2013-07-25,82.0,6.0,3.33,58.0
fallout 3,FALLOUT 3,FALLOUT 3,Fallout 3,fallout-3,1.0,2008.0,2008.0,high,2008-10-28,6738.0,1964.0,4.08,91.0
fallout: new vegas,Fallout: New Vegas,Fallout: New Vegas,Fallout: New Vegas,fallout-new-vegas,1.0,2010.0,2010.0,high,2010-10-19,10304.0,2653.0,4.43,84.0
hunted: the demon's forge,HUNTED: THE DEMON'S FORGE,HUNTED: THE DEMON'S FORGE,Hunted: The Demon’s Forge,hunted-the-demons-forge-2,1.0,2011.0,2011.0,high,2011-05-31,684.0,80.0,3.26,61.0
killzone shadow fall,Killzone Shadow Fall,Killzone Shadow Fall,Killzone Shadow Fall,killzone-shadow-fall,1.0,2013.0,2013.0,high,2013-11-15,2860.0,546.0,3.17,73.0
shadow of the beast,Shadow of the Beast,Shadow of the Beast,Shadow of the Beast,shadow-of-the-beast,1.0,2016.0,2016.0,high,2016-05-17,298.0,58.0,3.19,64.0
tearaway unfolded,Tearaway Unfolded,Tearaway Unfolded,Tearaway Unfolded,tearaway-unfolded,1.0,2015.0,2015.0,high,2015-09-08,1936.0,359.0,3.71,81.0
resogun,Resogun,Resogun,RESOGUN,resogun,1.0,2013.0,2013.0,high,2013-11-15,1848.0,321.0,3.73,84.0
air conflicts: pacific carriers,Air Conflicts: Pacific Carriers,Air Conflicts: Pacific Carriers,Air Conflicts: Pacific Carriers,air-conflicts-pacific-carriers,1.0,2015.0,2012.0,medium,2012-09-21,486.0,20.0,2.25,
god of war iii: remastered,God of War III: Remastered,God of War III: Remastered,God of War III Remastered,god-of-war-iii-remastered,1.0,2015.0,2015.0,high,2015-07-14,4219.0,1051.0,4.12,81.0
q*bert: rebooted,Q*Bert: Rebooted,Q*Bert: Rebooted,Q*Bert: Rebooted,qbert-rebooted,1.0,2014.0,2014.0,high,2014-07-01,439.0,60.0,2.3,
until dawn,Until Dawn,Until Dawn,Until Dawn,until-dawn,1.0,2015.0,2015.0,high,2015-08-25,5906.0,1757.0,4.1,79.0
cars mater-national championship,Cars Mater-National Championship,Cars Mater-National Championship,Cars Mater-National Championship,cars-mater-national-championship-2,1.0,2007.0,2007.0,high,2007-10-29,9.0,3.0,0.0,60.0
cars race-o-rama,Cars Race-O-Rama,Cars Race-O-Rama,Cars: Race-O-Rama,cars-race-o-rama-2,1.0,2009.0,2009.0,high,2009-10-01,65.0,5.0,0.0,
disney universe,Disney Universe,Disney Universe,Disney Universe,disney-universe,1.0,2011.0,2011.0,high,2011-09-26,391.0,56.0,3.43,
disney/pixar brave,Disney/PIXAR Brave,Disney/PIXAR Brave,Disney's Pixar Brave: The Video Game,disneypixar-brave,0.679,2012.0,2012.0,low,2012-07-03,304.0,44.0,3.16,
disney/pixar cars 2: the video game,Disney/PIXAR Cars 2: The Video Game,Disney/PIXAR Cars 2: The Video Game,Disney•Pixar Cars 2: The Video Game,cars-2-the-video-game,1.0,2011.0,2011.0,high,2011-06-21,186.0,24.0,3.08,67.0
disney/pixar toy story mania!,Disney/PIXAR Toy Story Mania!,Disney/PIXAR Toy Story Mania!,Disney•Pixar Toy Story Mania!,disneypixar-toy-story-mania,1.0,2014.0,2014.0,high,2014-10-06,141.0,10.0,2.36,
disney g-force,Disney G-Force,Disney G-Force,G-Force (2006),g-force-2006,0.667,2009.0,,low,,0.0,0.0,0.0,
phineas and ferb: across the 2nd dimension,Phineas and Ferb: Across the 2nd Dimension,Phineas and Ferb: Across the 2nd Dimension,Phineas and Ferb: Across the 2nd Dimension (DS),phineas-and-ferb-across-the-2nd-dimension-ds,1.0,2011.0,2011.0,high,2011-08-02,8.0,0.0,0.0,
pirates of the caribbean: at world's end,Pirates of the Caribbean: At World's End,Pirates of the Caribbean: At World's End,Pirates of the Caribbean: At World's End,pirates-of-the-caribbean-at-worlds-end,1.0,2007.0,2007.0,high,2007-05-22,327.0,77.0,3.47,57.0
disney/pixar ratatouille,Disney/PIXAR Ratatouille,Disney/PIXAR Ratatouille,Disney•Pixar Cars,disneypixar-cars-2,0.683,2007.0,2006.0,low,2006-06-06,294.0,70.0,3.9,73.0
dynasty warriors 8: xtreme legends,Dynasty Warriors 8: Xtreme Legends,Dynasty Warriors 8: Xtreme Legends,DYNASTY WARRIORS 8: Xtreme Legends Complete Edition,dynasty-warriors-8-xtreme-legends-complete-edition,1.0,2014.0,2014.0,high,2014-05-13,408.0,36.0,3.58,71.0
dynasty warriors 6: empires,Dynasty Warriors 6: Empires,Dynasty Warriors 6: Empires,Dynasty Warriors 6: Empires,dynasty-warriors-6-empires,1.0,2009.0,2009.0,high,2009-05-28,65.0,7.0,2.71,
ninja gaiden 3,NINJA GAIDEN 3,NINJA GAIDEN 3,Ninja Gaiden 3,ninja-gaiden-3,1.0,2012.0,2012.0,high,2012-02-14,243.0,38.0,3.15,
nobunaga's ambition: sphere of influence,NOBUNAGA'S AMBITION: Sphere of Influence,NOBUNAGA'S AMBITION: Sphere of Influence,NOBUNAGA'S AMBITION: Sphere of Influence,nobunagas-ambition-sphere-of-influence,1.0,2015.0,2013.0,medium,2013-11-14,63.0,4.0,0.0,70.0
quantum theory,QUANTUM THEORY,QUANTUM THEORY,Quantum Theory,quantum-theory,1.0,2010.0,2010.0,high,2010-09-28,94.0,13.0,2.46,40.0
samurai warriors 2: empires - hd version,SAMURAI WARRIORS 2: Empires - HD Version,SAMURAI WARRIORS 2: Empires - HD Version,SAMURAI WARRIORS 2,samurai-warriors-2,0.9,2006.0,2008.0,low,2008-06-27,37.0,17.0,3.88,
samurai warriors 3: empires,SAMURAI WARRIORS 3: Empires,SAMURAI WARRIORS 3: Empires,Samurai Warriors 3,samurai-warriors-3,0.9,2011.0,2010.0,high,2010-09-27,12.0,4.0,0.0,55.0
samurai warriors 4,SAMURAI WARRIORS 4,SAMURAI WARRIORS 4,SAMURAI WARRIORS 4,samurai-warriors-4,1.0,2014.0,2014.0,high,2014-03-20,122.0,17.0,3.88,76.0
warriors orochi 3,WARRIORS OROCHI 3,WARRIORS OROCHI 3,WARRIORS OROCHI 3,warriors-orochi-3,1.0,2012.0,2011.0,high,2011-12-22,58.0,10.0,3.7,75.0
warriors: legends of troy,Warriors: Legends of Troy,Warriors: Legends of Troy,Warriors: Legends of Troy,warriors-legends-of-troy,1.0,2011.0,2011.0,high,2011-03-08,38.0,6.0,2.5,
yaiba: ninja gaiden z,YAIBA: NINJA GAIDEN Z,YAIBA: NINJA GAIDEN Z,Yaiba: Ninja Gaiden Z,yaiba-ninja-gaiden-z,1.0,2014.0,2014.0,high,2014-02-27,399.0,52.0,2.75,49.0
alien rage,Alien Rage,Alien Rage,Alien Rage - Unlimited,alien-rage-unlimited,0.9,2013.0,2013.0,high,2013-09-24,1024.0,70.0,2.9,52.0
enemy front,Enemy Front,Enemy Front,Enemy Front,enemy-front,1.0,2014.0,2014.0,high,2014-05-01,720.0,71.0,2.72,52.0
go! sports ski,Go! Sports Ski,Go! Sports Ski,Go! Sports Ski,go-sports-ski,1.0,2007.0,2007.0,high,2007-09-28,3.0,0.0,0.0,
greg hastings paintball 2,Greg Hastings Paintball 2,Greg Hastings Paintball 2,Greg Hastings Paintball 2,greg-hastings-paintball-2,1.0,2011.0,2010.0,high,2010-09-14,48.0,6.0,1.83,
akiba's trip: undead & undressed,AKIBA'S TRIP: Undead & Undressed,AKIBA'S TRIP: Undead & Undressed,AKIBA'S TRIP: Undead ＆ Undressed,akibas-trip-undead-undressed-2,0.935,2014.0,2014.0,high,2014-08-12,392.0,38.0,3.16,59.0
all zombies must die!,All Zombies Must Die!,All Zombies Must Die!,All Zombies Must Die!,all-zombies-must-die,1.0,2011.0,2011.0,high,2011-12-27,111.0,7.0,3.57,
bladestorm: nightmare,Bladestorm: Nightmare,Bladestorm: Nightmare,BLADESTORM: Nightmare,bladestorm-nightmare,1.0,2015.0,2015.0,high,2015-01-29,178.0,13.0,2.77,
bloodrayne: betrayal,BloodRayne: Betrayal,BloodRayne: Betrayal,BloodRayne Betrayal,bloodrayne-betrayal-2,1.0,2011.0,2011.0,high,2011-09-06,721.0,40.0,2.98,68.0
burn zombie burn!,Burn Zombie Burn!,Burn Zombie Burn!,Burn Zombie Burn!,burn-zombie-burn,1.0,2009.0,2009.0,high,2009-03-26,527.0,24.0,2.38,72.0
deception iv: the nightmare princess,Deception IV: The Nightmare Princess,Deception IV: The Nightmare Princess,Deception IV: The Nightmare Princess,deception-iv-the-nightmare-princess,1.0,2015.0,2015.0,high,2015-03-26,208.0,20.0,3.05,
battle princess of arcadias,Battle Princess of Arcadias,Battle Princess of Arcadias,Battle Princess of Arcadias,battle-princess-of-arcadias,1.0,2014.0,2013.0,high,2013-09-26,22.0,2.0,0.0,
disgaea 3: absence of justice,DISGAEA 3: Absence of Justice,DISGAEA 3: Absence of Justice,Disgaea 3: Absence of Justice,disgaea-3-absence-of-justice,1.0,2008.0,2008.0,high,2008-01-31,30.0,7.0,3.71,
disgaea 4: a promise unforgotten,DISGAEA 4: A Promise Unforgotten,DISGAEA 4: A Promise Unforgotten,Disgaea 4: A Promise Unforgotten,disgaea-4-a-promise-unforgotten,1.0,2011.0,2011.0,high,2011-02-24,22.0,2.0,0.0,
disgaea d2: a brighter darkness,Disgaea D2: A Brighter Darkness,Disgaea D2: A Brighter Darkness,Disgaea D2: A Brighter Darkness,disgaea-d2-a-brighter-darkness,1.0,2013.0,2013.0,high,2013-10-08,27.0,6.0,3.67,
dragon fin soup,Dragon Fin Soup,Dragon Fin Soup,Dragon Fin Soup,dragon-fin-soup,1.0,2015.0,2015.0,high,2015-11-03,818.0,84.0,2.04,
beyond: two souls (2016),BEYOND: Two Souls (2016),BEYOND: Two Souls (2016),Beyond: Two Souls,beyond-two-souls,1.0,2015.0,2013.0,medium,2013-10-07,6700.0,1793.0,3.81,73.0
heavy rain (2016),Heavy Rain (2016),Heavy Rain (2016),Heavy Rain,heavy-rain,1.0,2016.0,2010.0,low,2010-02-17,8455.0,2491.0,4.12,80.0
the last of us: left behind,The Last of Us: Left Behind,The Last of Us: Left Behind,The Last of Us: Left Behind,the-last-of-us-left-behind,1.0,2014.0,2014.0,high,2014-02-14,1007.0,585.0,4.46,88.0
arcana heart 3: love max!!!!!,Arcana Heart 3: LOVE MAX!!!!!,Arcana Heart 3: LOVE MAX!!!!!,Arcana Heart 3 LOVE MAX!!!!!,arcana-heart-3-love-max-2,1.0,2014.0,2014.0,high,2014-05-29,383.0,15.0,3.33,
bellator mma onslaught,Bellator MMA Onslaught,Bellator MMA Onslaught,Bellator: MMA Onslaught,bellator-mma-onslaught-2,1.0,2012.0,2012.0,high,2012-07-04,4.0,2.0,0.0,
deadliest warrior: legends,Deadliest Warrior: Legends,Deadliest Warrior: Legends,Deadliest Warrior: Legends,deadliest-warrior-legends,1.0,2011.0,2011.0,high,2011-07-06,27.0,5.0,0.0,
deadliest warrior: the game,Deadliest Warrior: The Game,Deadliest Warrior: The Game,Deadliest Warrior: The Game,deadliest-warrior-the-game,1.0,2010.0,2010.0,high,2010-07-14,30.0,3.0,0.0,
genji: days of the blade,Genji: Days of the Blade,Genji: Days of the Blade,Genji: Days of the Blade,genji-days-of-the-blade,1.0,2006.0,2006.0,high,2006-11-14,14.0,1.0,0.0,55.0
motorstorm rc: complete edition,MotorStorm RC: Complete Edition,MotorStorm RC,MotorStorm RC,motorstorm-rc,1.0,2012.0,2012.0,high,2012-02-22,619.0,74.0,3.09,78.0
air conflicts: secret wars,Air Conflicts: Secret Wars,Air Conflicts: Secret Wars,Air Conflicts: Secret Wars,air-conflicts-secret-wars-2,1.0,2017.0,2011.0,low,2011-07-01,357.0,12.0,2.67,65.0
air conflicts: vietnam,Air Conflicts: Vietnam,Air Conflicts: Vietnam,Air Conflicts: Vietnam,air-conflicts-vietnam,1.0,2016.0,2013.0,medium,2013-09-12,135.0,7.0,2.71,43.0
battle of tiles ex,BATTLE OF TILES EX,BATTLE OF TILES EX,BATTLE OF TILES EX,battle-of-tiles-ex,1.0,2013.0,2013.0,high,2013-10-08,7.0,3.0,0.0,
dogfight 1942,Dogfight 1942,Dogfight 1942,Dogfight 1942,dogfight-1942,1.0,2012.0,2012.0,high,2012-09-05,436.0,15.0,2.47,
duke nukem: forever,Duke Nukem: Forever,Duke Nukem: Forever,Duke Nukem Forever,duke-nukem-forever,1.0,2011.0,2011.0,high,2011-06-09,3347.0,552.0,2.87,54.0
hoard,HOARD,HOARD,HOARD,hoard,1.0,2010.0,2010.0,high,2010-11-02,1589.0,94.0,2.66,65.0
doc clock: the toasted sandwich of time,Doc Clock: The Toasted Sandwich of Time,Doc Clock: The Toasted Sandwich of Time,Doc Clock: The Toasted Sandwich of Time,doc-clock-the-toasted-sandwich-of-time,1.0,2012.0,2010.0,medium,2010-10-12,522.0,17.0,2.65,62.0
hamsterball,Hamsterball,Hamsterball,Hamsterball,hamsterball,1.0,2010.0,2010.0,high,2010-03-25,22.0,5.0,0.0,
jetpack joyride deluxe,Jetpack Joyride Deluxe,Jetpack Joyride Deluxe,Jetpack Joyride Deluxe,jetpack-joyride-deluxe,1.0,2014.0,2014.0,high,2014-11-25,102.0,11.0,2.64,
kung fu rabbit,Kung Fu Rabbit,Kung Fu Rabbit,Kung Fu Rabbit,kung-fu-rabbit,1.0,2013.0,2012.0,high,2012-03-15,245.0,34.0,2.29,
magic orbz,Magic Orbz,Magic Orbz,Magic Orbz,magic-orbz,1.0,2009.0,2009.0,high,2009-01-15,161.0,11.0,2.64,
resident evil operation raccoon city,Resident Evil Operation Raccoon City,Resident Evil Operation Raccoon City,Resident Evil: Operation Raccoon City,resident-evil-operation-raccoon-city-2,1.0,2012.0,2012.0,high,2012-03-20,859.0,176.0,2.64,48.0
resident evil revelations,Resident Evil Revelations,Resident Evil Revelations,Resident Evil Revelations,resident-evil-revelations-biohazard-revelations,1.0,2013.0,2012.0,high,2012-02-07,4514.0,647.0,3.75,77.0
resident evil revelations 2: complete edition,Resident Evil Revelations 2: Complete Edition,Resident Evil Revelations 2,Resident Evil Revelations,resident-evil-revelations-biohazard-revelations,0.5,2013.0,2012.0,low,2012-02-07,4514.0,647.0,3.75,77.0
darkstalkers: resurrection,Darkstalkers: Resurrection,Darkstalkers: Resurrection,Darkstalkers Resurrection,darkstalkers-resurrection,1.0,2013.0,2013.0,high,2013-03-12,181.0,39.0,3.72,81.0
devil may cry 4,Devil May Cry 4,Devil May Cry 4,Devil May Cry 4,devil-may-cry-4,1.0,2008.0,2008.0,high,2008-01-22,2320.0,589.0,4.14,78.0
devil may cry: hd collection,Devil May Cry: HD Collection,Devil May Cry: HD Collection,Devil May Cry HD Collection,dmc-hd-collection,1.0,2012.0,2012.0,high,2012-03-22,2066.0,239.0,4.22,70.0
f.e.a.r. first encounter assault recon,F.E.A.R. FIRST ENCOUNTER ASSAULT RECON,F.E.A.R. FIRST ENCOUNTER ASSAULT RECON,F.E.A.R. Extraction Point,fear-extraction-point,0.426,2007.0,2006.0,low,2006-10-24,314.0,137.0,4.01,75.0
injustice: gods among us - ultimate edition,Injustice: Gods Among Us - Ultimate Edition,Injustice: Gods Among Us,Injustice: Gods Among Us,injustice-gods-among-us,1.0,2013.0,2013.0,high,2013-04-03,474.0,230.0,3.79,80.0
escape dead island,Escape Dead Island,Escape Dead Island,Escape Dead Island,escape-dead-island,1.0,2014.0,2014.0,high,2014-11-18,474.0,58.0,2.75,52.0
narco terror,Narco Terror,Narco Terror,Narco Terror,narco-terror,1.0,2013.0,2013.0,high,2013-07-30,120.0,9.0,1.89,
sacred 3: gold edition,Sacred 3: Gold Edition,Sacred 3,Sacred 3,sacred-3,1.0,2014.0,2014.0,high,2014-07-31,1425.0,140.0,2.65,57.0
.detuned,.detuned,.detuned,.detuned,detuned,1.0,2009.0,2009.0,high,2009-09-17,160.0,17.0,2.18,
anarchy: rush hour,Anarchy: Rush Hour,Anarchy: Rush Hour,Anarchy: Rush Hour,anarchy-rush-hour,1.0,2010.0,2008.0,medium,2008-02-15,60.0,8.0,2.75,
armageddon riders,Armageddon Riders,Armageddon Riders,Armageddon Riders,armageddon-riders,1.0,2011.0,2009.0,medium,2009-02-06,59.0,13.0,2.54,
big sky infinity,Big Sky Infinity,Big Sky Infinity,Big Sky Infinity,big-sky-infinity,1.0,2012.0,2012.0,high,2012-12-11,256.0,25.0,2.4,
class of heroes 2g,Class of Heroes 2G,Class of Heroes 2G,Class of Heroes 2G,class-of-heroes-2g,1.0,2014.0,2010.0,low,2010-07-22,15.0,4.0,0.0,
crash commando,CRASH COMMANDO,CRASH COMMANDO,Crash Commando,crash-commando,1.0,2008.0,2008.0,high,2008-12-18,179.0,18.0,3.22,
hot shots golf: out of bounds,Hot Shots Golf: Out of Bounds,Hot Shots Golf: Out of Bounds,Hot Shots Golf: Out of Bounds Complete Collection,hot-shots-golf-out-of-bounds-complete-collection,0.9,2008.0,2012.0,low,2012-04-24,5.0,2.0,0.0,
hot shots golf: world invitational,Hot Shots Golf: World Invitational,Hot Shots Golf: World Invitational,Hot Shots Golf: World Invitational,hot-shots-golf-world-invitational,1.0,2012.0,2011.0,high,2011-12-17,121.0,21.0,3.76,
invizimals: the lost kingdom,Invizimals: The Lost Kingdom,Invizimals: The Lost Kingdom,inviZimals: The Lost Kingdom,invizimals-the-lost-kingdom,1.0,2014.0,2013.0,high,2013-10-30,81.0,13.0,2.85,
linger in shadows,Linger in Shadows,Linger in Shadows,Linger in Shadows,linger-in-shadows,1.0,2008.0,2008.0,high,2008-10-09,297.0,39.0,2.74,
locoroco cocoreccho!,LocoRoco Cocoreccho!,LocoRoco Cocoreccho!,LocoRoco Cocoreccho!,locoroco-cocoreccho,1.0,2007.0,2007.0,high,2007-09-20,22.0,6.0,3.0,
magus,Magus,Magus,Magus,magus,1.0,2014.0,2014.0,high,2014-02-25,34.0,5.0,0.0,
mamorukun curse!,Mamorukun Curse!,Mamorukun Curse!,Mamorukun Curse,mamorukun-curse-2,1.0,2013.0,2013.0,high,2013-07-16,2.0,0.0,0.0,
motorstorm apocalypse,MotorStorm Apocalypse,MotorStorm Apocalypse,MotorStorm: Apocalypse,motorstorm-apocalypse,1.0,2011.0,2011.0,high,2011-03-16,916.0,163.0,3.63,77.0
ninja gaiden sigma 2,NINJA GAIDEN SIGMA 2,NINJA GAIDEN SIGMA 2,Ninja Gaiden Sigma 2,ninja-gaiden-sigma-2,1.0,2009.0,2009.0,high,2009-09-29,39.0,16.0,4.06,74.0
numblast,Numblast,Numblast,Numblast,numblast,1.0,2009.0,2009.0,high,2009-07-02,32.0,3.0,0.0,
okabu,OKABU,OKABU,OKABU,okabu,1.0,2011.0,2011.0,high,2011-10-18,17.0,3.0,0.0,
pixeljunk eden encore,PixelJunk Eden Encore,PixelJunk Eden Encore,PixelJunk Eden Encore,pixeljunk-eden-encore,1.0,2009.0,2009.0,high,2009-04-16,4.0,1.0,0.0,
pixeljunk monsters,PixelJunk Monsters,PixelJunk Monsters,PixelJunk Monsters,pixeljunk-monsters,1.0,2008.0,2008.0,high,2008-01-24,9.0,3.0,0.0,78.0
pixeljunk racers 2nd lap,PixelJunk Racers 2nd Lap,PixelJunk Racers 2nd Lap,PixelJunk Racers 2nd Lap,pixeljunk-racers-2nd-lap,1.0,2010.0,2010.0,high,2010-08-10,97.0,11.0,3.0,
prismatic solid,Prismatic Solid,Prismatic Solid,Prismatic Solid,prismatic-solid,1.0,2010.0,2015.0,low,2015-09-29,7.0,0.0,0.0,
puppeteer,Puppeteer,Puppeteer,Puppeteer,puppeteer,1.0,2013.0,2013.0,high,2013-09-10,715.0,105.0,3.68,80.0
ragnarok odyssey ace,Ragnarok Odyssey ACE,Ragnarok Odyssey ACE,Ragnarok Odyssey ACE,ragnarok-odyssey-ace,1.0,2014.0,2013.0,high,2013-08-29,110.0,13.0,3.23,64.0
rain,rain,rain,Rain,rain,1.0,2013.0,2013.0,high,2013-06-05,471.0,79.0,3.63,72.0
ratchet and clank: all 4 one,Ratchet and Clank: All 4 One,Ratchet and Clank: All 4 One,Ratchet & Clank: All 4 One,ratchet-clank-all-4-one,1.0,2011.0,2011.0,high,2011-10-18,674.0,101.0,3.48,70.0
ratchet and clank: quest for booty,Ratchet and Clank: Quest for Booty,Ratchet and Clank: Quest for Booty,Ratchet & Clank Future: Quest for Booty,ratchet-clank-future-quest-for-booty,0.904,2008.0,2008.0,high,2008-08-21,191.0,68.0,3.76,76.0
red faction: battlegrounds,Red Faction: Battlegrounds,Red Faction: Battlegrounds,Red Faction: Battlegrounds,red-faction-battlegrounds,1.0,2011.0,2011.0,high,2011-04-05,70.0,6.0,2.5,
resistance 3,Resistance 3,Resistance 3,Resistance 3,resistance-3,1.0,2011.0,2011.0,high,2011-09-06,581.0,131.0,4.01,83.0
ricochet hd,Ricochet HD,Ricochet HD,Ricochet HD,ricochet-hd,1.0,2011.0,2011.0,high,2011-01-04,67.0,15.0,2.87,
savage moon,Savage Moon,Savage Moon,Savage Moon,savage-moon,1.0,2009.0,2008.0,high,2008-12-23,15.0,3.0,0.0,
sky fighter,Sky Fighter,Sky Fighter,Sky Fighter,sky-fighter,1.0,2010.0,2010.0,high,2010-11-16,97.0,10.0,2.3,73.0
slender: the arrival,Slender: The Arrival,Slender: The Arrival,Slender: The Arrival,slender-the-arrival,1.0,2015.0,2013.0,medium,2013-03-26,1334.0,188.0,3.04,65.0
smash cars,Smash Cars,Smash Cars,Smash Cars,smash-cars,1.0,2009.0,2009.0,high,2009-08-20,124.0,16.0,2.5,
snakeball,Snakeball,Snakeball,Snakeball,snakeball,1.0,2007.0,2008.0,high,2008-07-31,11.0,1.0,0.0,
soldner-x 2: final prototype,Soldner-X 2: Final Prototype,Soldner-X 2: Final Prototype,Soldner -X 2: Final Prototype,soldner-x-2-final-prototype,1.0,2015.0,2010.0,low,2010-05-25,95.0,9.0,3.56,
spelunker collection,Spelunker Collection,Spelunker Collection,Spelunker HD,spelunker-hd,0.625,2010.0,2010.0,low,2010-11-23,79.0,7.0,2.86,
spelunker hd,Spelunker HD,Spelunker HD,Spelunker HD,spelunker-hd,1.0,2010.0,2010.0,high,2010-11-23,79.0,7.0,2.86,
tales from space: mutant blobs attack,Tales from Space: Mutant Blobs Attack,Tales from Space: Mutant Blobs Attack,Tales From Space: Mutant Blobs Attack,tales-from-space-mutant-blobs-attack,1.0,2014.0,2012.0,medium,2012-02-21,1141.0,76.0,3.19,83.0
the guided fate paradox,The Guided Fate Paradox,The Guided Fate Paradox,The Guided Fate Paradox,the-guided-fate-paradox,1.0,2013.0,2013.0,high,2013-01-24,32.0,6.0,3.33,
the last guy,The Last Guy,The Last Guy,The Last Guy,the-last-guy,1.0,2008.0,2008.0,high,2008-07-31,196.0,25.0,3.28,
tokyo jungle,TOKYO JUNGLE,TOKYO JUNGLE,Tokyo Jungle,tokyo-jungle,1.0,2012.0,2012.0,high,2012-06-07,584.0,106.0,3.57,74.0
toy home,Toy Home,Toy Home,Toy Home,toy-home,1.0,2007.0,2007.0,high,2007-12-20,11.0,2.0,0.0,
trash panic,Trash Panic,Trash Panic,Trash Panic,trash-panic,1.0,2009.0,2009.0,high,2009-03-19,8.0,3.0,0.0,
trinity: souls of zill o'll,TRINITY: Souls of Zill O'll,TRINITY: Souls of Zill O'll,TRINITY: Souls of Zill O'll,trinity-souls-of-zill-oll,1.0,2011.0,2010.0,high,2010-11-25,29.0,3.0,0.0,55.0
wakeboarding hd,Wakeboarding HD,Wakeboarding HD,Wakeboarding HD,wakeboarding-hd,1.0,2010.0,2010.0,high,2010-03-18,75.0,6.0,2.0,
when vikings attack!,When Vikings Attack!,When Vikings Attack!,When Vikings Attack!,when-vikings-attack,1.0,2012.0,2012.0,high,2012-11-06,337.0,40.0,2.58,
white knight chronicles: international edition,White Knight Chronicles: International Edition,White Knight Chronicles: International Edition,White Knight Chronicles,white-knight-chronicles,0.9,2010.0,2010.0,high,2010-02-02,36.0,8.0,3.0,64.0
xblaze code: embryo,XBLAZE Code: Embryo,XBLAZE Code: Embryo,XBlaze Code: Embryo,xblaze-code-embryo,1.0,2014.0,2013.0,high,2013-07-25,193.0,8.0,3.62,
zack zero,Zack Zero,Zack Zero,Zack Zero,zack-zero,1.0,2012.0,2012.0,high,2012-01-11,480.0,17.0,3.0,
zombie tycoon 2: brainhov's revenge,Zombie Tycoon 2: Brainhov's Revenge,Zombie Tycoon 2: Brainhov's Revenge,Zombie Tycoon 2: Brainhov's Revenge,zombie-tycoon-2-brainhovs-revenge,1.0,2013.0,2013.0,high,2013-04-30,352.0,19.0,2.32,
strider (2014),STRIDER (2014),STRIDER (2014),Strider,strider,1.0,2014.0,2012.0,medium,2012-02-16,3945.0,333.0,3.3,78.0
alien spidy,Alien Spidy,Alien Spidy,Alien Spidy,alien-spidy,1.0,2013.0,2012.0,high,2012-09-26,569.0,15.0,2.47,
anna: extended edition,Anna: Extended Edition,Anna: Extended Edition,Anna - Extended Edition,anna-extended-edition,1.0,2012.0,2013.0,high,2013-02-07,1013.0,63.0,2.68,75.0
asura's wrath,Asura's Wrath,Asura's Wrath,ASURA'S WRATH,asuras-wrath,1.0,2012.0,2012.0,high,2012-02-21,818.0,163.0,4.18,71.0
atelier escha & logy ~alchemists of the dusk sky~,Atelier Escha & Logy ~Alchemists of the Dusk Sky~,Atelier Escha & Logy ~Alchemists of the Dusk Sky~,Atelier Escha & Logy: Alchemists of the Dusk Sky,atelier-escha-logy-alchemists-of-the-dusk-sky,1.0,2014.0,2013.0,high,2013-06-27,78.0,10.0,3.6,77.0
atelier rorona plus: the alchemist of arland,Atelier Rorona Plus: The Alchemist of Arland,Atelier Rorona Plus: The Alchemist of Arland,Atelier Rorona: the Alchemist of Arland,atelier-rorona-the-alchemist-of-arland,0.938,2009.0,2010.0,high,2010-09-29,23.0,7.0,3.14,
battle fantasia,Battle Fantasia,Battle Fantasia,Battle Fantasia,battle-fantasia,1.0,2009.0,2009.0,high,2009-12-22,64.0,9.0,2.89,
resident evil: the darkside chronicles,Resident Evil: The Darkside Chronicles,Resident Evil: The Darkside Chronicles,Resident Evil: The Darkside Chronicles,resident-evil-the-darkside-chronicles-2,1.0,2009.0,2009.0,high,2009-11-17,284.0,71.0,3.38,
bionic commando: rearmed,Bionic Commando: Rearmed,Bionic Commando: Rearmed,Bionic Commando: Rearmed,bionic-commando-rearmed,1.0,2008.0,2008.0,high,2008-08-14,1970.0,120.0,3.25,86.0
capcom arcade cabinet: all-in-one pack,CAPCOM ARCADE CABINET: ALL-IN-ONE PACK,CAPCOM ARCADE CABINET: ALL-IN-ONE PACK,CAPCOM ARCADE CABINET,capcom-arcade-cabinet,0.9,2013.0,2013.0,high,2013-02-19,350.0,32.0,3.09,
cel damage hd,Cel Damage HD,Cel Damage HD,Cel Damage HD,cel-damage-hd,1.0,2014.0,2014.0,high,2014-04-20,152.0,19.0,3.42,60.0
comet crash: bionic bundle,Comet Crash: Bionic Bundle,Comet Crash: Bionic Bundle,Comet Crash,comet-crash,0.9,2009.0,2009.0,high,2009-04-02,150.0,10.0,2.7,
death track: resurrection,Death Track: Resurrection,Death Track: Resurrection,Death Track: Resurrection,death-track-resurrection,1.0,2008.0,2009.0,high,2009-05-05,346.0,18.0,1.89,53.0
divekick,Divekick,Divekick,Divekick,divekick,1.0,2013.0,2013.0,high,2013-08-20,1098.0,85.0,3.33,73.0
dragon's lair,Dragon's Lair,Dragon's Lair,Dragon's Lair: The Legend,dragons-lair-the-legend,0.9,2012.0,,low,,0.0,0.0,0.0,
dragon's lair ii: time warp,Dragon's Lair II: Time Warp,Dragon's Lair II: Time Warp,Dragon's Lair: The Legend,dragons-lair-the-legend,0.5,2011.0,,low,,0.0,0.0,0.0,
ethan: meteor hunter,Ethan: Meteor Hunter,Ethan: Meteor Hunter,Ethan: Meteor Hunter,ethan-meteor-hunter,1.0,2013.0,2013.0,high,2013-10-21,534.0,22.0,2.58,
frogger returns,Frogger Returns,Frogger Returns,Frogger Returns,frogger-returns,1.0,2009.0,2009.0,high,2009-11-09,127.0,12.0,2.42,
fuel overdose,Fuel Overdose,Fuel Overdose,Fuel Overdose,fuel-overdose,1.0,2013.0,2012.0,high,2012-12-21,9.0,1.0,0.0,
hamilton's great adventure,Hamilton's Great Adventure,Hamilton's Great Adventure,Hamilton's Great Adventure,hamiltons-great-adventure,1.0,2011.0,2011.0,high,2011-05-31,651.0,28.0,2.71,77.0
ibb & obb,ibb & obb,ibb & obb,ibb & obb,ibb-obb,1.0,2013.0,2013.0,high,2013-08-06,1193.0,107.0,3.54,83.0
karateka,Karateka,Karateka,Karateka,karateka,1.0,2012.0,2012.0,high,2012-11-07,443.0,31.0,3.19,48.0
knytt underground,Knytt Underground,Knytt Underground,Knytt Underground,knytt-underground,1.0,2012.0,2012.0,high,2012-12-18,802.0,58.0,2.84,
lost planet: extreme condition,Lost Planet: Extreme Condition,Lost Planet: Extreme Condition,Lost Planet: Extreme Condition Colonies Edition,lost-planet-extreme-condition-colonies-edition,0.9,2008.0,2008.0,high,2008-05-28,473.0,59.0,3.68,70.0
matt hazard: blood bath and beyond,Matt Hazard: Blood Bath and Beyond,Matt Hazard: Blood Bath and Beyond,Matt Hazard: Blood Bath and Beyond,matt-hazard-blood-bath-and-beyond,1.0,2010.0,2010.0,high,2010-01-06,11.0,2.0,0.0,
pid,Pid,Pid,Pid,pid,1.0,2012.0,2012.0,high,2012-09-05,2691.0,176.0,2.64,63.0
proteus,Proteus,Proteus,Proteus,proteus,1.0,2013.0,2013.0,high,2013-01-30,1894.0,182.0,3.03,80.0
rogue warrior,Rogue Warrior,Rogue Warrior,Rogue Warrior,rogue-warrior,1.0,2009.0,2009.0,high,2009-11-27,426.0,45.0,2.27,29.0
rotastic,Rotastic,Rotastic,Rotastic,rotastic,1.0,2011.0,2012.0,high,2012-10-11,84.0,6.0,3.0,
sam & max beyond time and space: episode 1 - ice station santa,Sam & Max Beyond Time and Space: Episode 1 - Ice Station Santa,Sam & Max Beyond Time and Space: Episode 1 - Ice Station Santa,Sam & Max: Beyond Time and Space Game + Soundtrack Bundle,sam-max-beyond-time-and-space-game-soundtrack-bund,0.5,2009.0,,low,,0.0,0.0,0.0,
sam & max beyond time and space: episode 2 - moai better blues,Sam & Max Beyond Time and Space: Episode 2 - Moai Better Blues,Sam & Max Beyond Time and Space: Episode 2 - Moai Better Blues,Sam & Max: Beyond Time and Space Game + Soundtrack Bundle,sam-max-beyond-time-and-space-game-soundtrack-bund,0.5,2009.0,,low,,0.0,0.0,0.0,
sam & max beyond time and space: episode 3 - night of the raving dead,Sam & Max Beyond Time and Space: Episode 3 - Night of the Raving Dead,Sam & Max Beyond Time and Space: Episode 3 - Night of the Raving Dead,Sam & Max: Beyond Time and Space Game + Soundtrack Bundle,sam-max-beyond-time-and-space-game-soundtrack-bund,0.5,2009.0,,low,,0.0,0.0,0.0,
sam & max beyond time and space: episode 4 - chariots of the dogs,Sam & Max Beyond Time and Space: Episode 4 - Chariots of the Dogs,Sam & Max Beyond Time and Space: Episode 4 - Chariots of the Dogs,Sam & Max: Episode 204 - Chariots of the Dogs,sam-max-204-chariots-of-the-dogs,0.5,2009.0,2008.0,low,2008-03-14,1049.0,45.0,3.02,85.0
sam & max beyond time and space: episode 5 - what's new beelzebub?,Sam & Max Beyond Time and Space: Episode 5 - What's New Beelzebub?,Sam & Max Beyond Time and Space: Episode 5 - What's New Beelzebub?,Sam & Max: Beyond Time and Space Game + Soundtrack Bundle,sam-max-beyond-time-and-space-game-soundtrack-bund,0.5,2009.0,,low,,0.0,0.0,0.0,
sam & max the devil's playhouse: episode 1 - the penal zone,Sam & Max The Devil's Playhouse: Episode 1 - The Penal Zone,Sam & Max The Devil's Playhouse: Episode 1 - The Penal Zone,Sam & Max: The Devil's Playhouse - Episode 1: The Penal Zone,sam-max-301-the-penal-zone,1.0,2010.0,2010.0,high,2010-04-15,2218.0,73.0,2.97,
sam & max the devil's playhouse: episode 2 - the tomb of sammun-mak,Sam & Max The Devil's Playhouse: Episode 2 - The Tomb of Sammun-Mak,Sam & Max The Devil's Playhouse: Episode 2 - The Tomb of Sammun-Mak,Sam & Max The Devil's Playhouse Episode 2 The Tomb of Sammun-Mak,sam-max-302-the-tomb-of-sammun-mak,1.0,2010.0,2010.0,high,2010-05-18,2112.0,63.0,2.87,
sam & max the devil's playhouse: episode 3 - they stole max's brain,Sam & Max The Devil's Playhouse: Episode 3 - They Stole Max's Brain,Sam & Max The Devil's Playhouse: Episode 3 - They Stole Max's Brain,Sam & Max: The Devil's Playhouse - Episode 3: They stole Max's brain!,sam-max-303-they-stole-maxs-brain,1.0,2010.0,2010.0,high,2010-06-22,2109.0,69.0,2.93,
sam & max the devil's playhouse: episode 4 - beyond alley of dolls,Sam & Max The Devil's Playhouse: Episode 4 - Beyond Alley of Dolls,Sam & Max The Devil's Playhouse: Episode 4 - Beyond Alley of Dolls,Sam & Max The Devil's Playhouse Episode 4: Beyond Alley of Dolls,sam-max-304-beyond-the-alley-of-the-dolls,1.0,2010.0,2010.0,high,2010-07-20,2104.0,67.0,2.97,
sam & max the devil's playhouse: episode 5 - the city that dares not sleep,Sam & Max The Devil's Playhouse: Episode 5 - The City That Dares Not Sleep,Sam & Max The Devil's Playhouse: Episode 5 - The City That Dares Not Sleep,Sam & Max: The Devil's Playhouse - Episode 5: The City That Dares Not Sleep,sam-max-305-the-city-that-dares-not-sleep,1.0,2010.0,2010.0,high,2010-08-30,2099.0,64.0,2.97,
space ace,Space Ace,Space Ace,Space Ace CD-ROM,space-ace-cd-rom,0.9,2011.0,,low,,0.0,0.0,0.0,
strong bad's cool game for attractive people - episode 1: homestar ruiner,STRONG BAD'S COOL GAME FOR ATTRACTIVE PEOPLE - EPISODE 1: HOMESTAR RUINER,STRONG BAD'S COOL GAME FOR ATTRACTIVE PEOPLE - EPISODE 1: HOMESTAR RUINER,Strong Bad's Cool Game for Attractive People: Episode 1 Homestar Ruiner,strong-bads-cool-game-for-attractive-people-epis-7,1.0,2008.0,2008.0,high,2008-08-11,3.0,0.0,0.0,
strong bad's cool game for attractive people - episode 2: strong badia the free,STRONG BAD'S COOL GAME FOR ATTRACTIVE PEOPLE - EPISODE 2: STRONG BADIA THE FREE,STRONG BAD'S COOL GAME FOR ATTRACTIVE PEOPLE - EPISODE 2: STRONG BADIA THE FREE,Strong Bad's Cool Game for Attractive People: Episode 2 - Strong Badia the Free,strong-bad-episode-2-strong-badia-the-free,1.0,2008.0,2008.0,high,2008-09-15,631.0,15.0,2.8,
strong bad's cool game for attractive people - episode 3: baddest of the bands,STRONG BAD'S COOL GAME FOR ATTRACTIVE PEOPLE - EPISODE 3: BADDEST OF THE BANDS,STRONG BAD'S COOL GAME FOR ATTRACTIVE PEOPLE - EPISODE 3: BADDEST OF THE BANDS,Strong Bad's Cool Game for Attractive People: Episode 3 - Baddest of the Bands,strong-bad-episode-3-baddest-of-the-bands,1.0,2008.0,2008.0,high,2008-10-27,630.0,15.0,2.8,
strong bad's cool game for attractive people - episode 4: dangeresque 3: the criminal projective,STRONG BAD'S COOL GAME FOR ATTRACTIVE PEOPLE - EPISODE 4: DANGERESQUE 3: THE CRIMINAL PROJECTIVE,STRONG BAD'S COOL GAME FOR ATTRACTIVE PEOPLE - EPISODE 4: DANGERESQUE 3: THE CRIMINAL PROJECTIVE,Strong Bad's Cool Game for Attractive People: Episode 4 - Dangeresque 3: The Criminal Projective,strong-bad-episode-4-dangeresque-3,1.0,2008.0,2008.0,high,2008-11-17,633.0,16.0,2.88,
strong bad's cool game for attractive people - episode 5: 8-bit is enough,STRONG BAD'S COOL GAME FOR ATTRACTIVE PEOPLE - EPISODE 5: 8-BIT IS ENOUGH,STRONG BAD'S COOL GAME FOR ATTRACTIVE PEOPLE - EPISODE 5: 8-BIT IS ENOUGH,Strong Bad's Cool Game for Attractive People: Episode 5 - 8-Bit Is Enough,strong-bad-episode-5-8-bit-is-enough,1.0,2008.0,2008.0,high,2008-12-15,630.0,15.0,3.0,
thunder wolves,Thunder Wolves,Thunder Wolves,Thunder Wolves,thunder-wolves,1.0,2013.0,2013.0,high,2013-05-01,667.0,26.0,2.67,69.0
truck racer,Truck Racer,Truck Racer,Truck Racer,truck-racer,1.0,2014.0,2013.0,high,2013-10-18,287.0,17.0,2.24,
voodoo chronicles: the first sign,Voodoo Chronicles: The First Sign,Voodoo Chronicles: The First Sign,Voodoo Chronicles: The First Sign,voodoo-chronicles-the-first-sign,1.0,2011.0,2011.0,high,2011-09-06,2.0,0.0,0.0,
warlords,Warlords,Warlords,Warlords,warlords,1.0,2012.0,2009.0,medium,2009-12-16,43.0,4.0,0.0,
champion jockey: g1 jockey & gallop racer,Champion Jockey: G1 Jockey & Gallop Racer,Champion Jockey: G1 Jockey & Gallop Racer,Champion Jockey: G1 Jockey & Gallop Racer,champion-jockey-g1-jockey-gallop-racer,1.0,2011.0,2011.0,high,2011-09-02,15.0,2.0,0.0,
dynasty warriors 6,Dynasty Warriors 6,Dynasty Warriors 6,Dynasty Warriors 6,dynasty-warriors-6,1.0,2008.0,2008.0,high,2008-07-11,170.0,44.0,3.55,
ninja gaiden sigma,NINJA GAIDEN SIGMA,NINJA GAIDEN SIGMA,Ninja Gaiden Sigma,ninja-gaiden-sigma,1.0,2007.0,2007.0,high,2007-06-03,70.0,17.0,4.24,80.0
super stardust hd,Super Stardust HD,Super Stardust HD,Super Stardust HD,super-stardust-hd,1.0,2007.0,2007.0,high,2007-06-28,669.0,84.0,3.61,
alone in the dark: inferno,Alone in the Dark: Inferno,Alone in the Dark: Inferno,Alone in the Dark (2008),alone-in-the-dark,0.9,2008.0,2008.0,high,2008-06-20,1654.0,240.0,3.36,55.0
rainbow moon,Rainbow Moon,Rainbow Moon,Rainbow Moon,rainbow-moon,1.0,2016.0,2012.0,low,2012-07-04,471.0,46.0,2.78,
afrika,AFRIKA,AFRIKA,Afrika,afrika,1.0,2008.0,2009.0,high,2009-10-06,39.0,5.0,0.0,
anomaly: warzone earth,Anomaly: Warzone Earth,Anomaly: Warzone Earth,Anomaly: Warzone Earth,anomaly-warzone-earth,1.0,2012.0,2011.0,high,2011-04-07,3446.0,225.0,2.91,80.0
aqua panic!,Aqua Panic!,Aqua Panic!,Aqua,aqua,0.9,2010.0,2010.0,high,2010-05-17,53.0,4.0,0.0,
ar nosurge: ode to an unborn star,Ar nosurge: Ode to an Unborn Star,Ar nosurge: Ode to an Unborn Star,Ar nosurge: Ode to an Unborn Star,ar-nosurge-ode-to-an-unborn-star,1.0,2014.0,2014.0,high,2014-09-23,50.0,5.0,0.0,72.0
arcana heart 3,Arcana Heart 3,Arcana Heart 3,Arcana Heart 3,arcana-heart-3,1.0,2011.0,2011.0,high,2011-01-13,75.0,8.0,3.75,
atelier ayesha: the alchemist of dusk,Atelier Ayesha: The Alchemist of Dusk,Atelier Ayesha: The Alchemist of Dusk,Atelier Ayesha: The Alchemist of Dusk,atelier-ayesha-the-alchemist-of-dusk,1.0,2012.0,2012.0,high,2012-06-28,28.0,4.0,0.0,73.0
atelier meruru: the alchemist of arland,Atelier Meruru: The Alchemist of Arland,Atelier Meruru: The Alchemist of Arland,Atelier Meruru: The Apprentice of Arland,atelier-meruru,0.831,2011.0,2011.0,low,2011-06-23,6.0,0.0,0.0,70.0
atelier shallie ~alchemists of the dusk sea~,Atelier Shallie ~Alchemists of the Dusk Sea~,Atelier Shallie ~Alchemists of the Dusk Sea~,Atelier Shallie: Alchemists of the Dusk Sea,atelier-shallie-alchemists-of-the-dusk-sea,1.0,2014.0,2014.0,high,2014-07-17,40.0,4.0,0.0,77.0
bang bang racing,Bang Bang Racing,Bang Bang Racing,Bang Bang Racing,bang-bang-racing,1.0,2012.0,2012.0,high,2012-06-05,480.0,17.0,3.24,
batman: arkham origins,Batman: Arkham Origins,Batman: Arkham Origins,Batman: Arkham Origins,batman-arkham-origins,1.0,2013.0,2013.0,high,2013-10-25,8088.0,1601.0,3.95,74.0
bit.trip presents...runner2: future legend of rhythm alien,BIT.TRIP Presents...Runner2: Future Legend of Rhythm Alien,BIT.TRIP Presents...Runner2: Future Legend of Rhythm Alien,BIT.TRIP Presents... Runner2: Future Legend of Rhythm Alien,bittrip-presents-runner2-future-legend-of-rhythm-a,1.0,2013.0,2013.0,high,2013-02-25,2155.0,190.0,3.57,85.0
bladestorm: the hundred years' war,Bladestorm: The Hundred Years' War,Bladestorm: The Hundred Years' War,Bladestorm: The Hundred Years' War,bladestorm-the-hundred-years-war,1.0,2007.0,2007.0,high,2007-08-30,10.0,0.0,0.0,60.0
blazblue: calamity trigger,BlazBlue: Calamity Trigger,BlazBlue: Calamity Trigger,BlazBlue Calamity Trigger,blazblue-calamity-trigger-2,1.0,2009.0,2010.0,high,2010-02-25,955.0,74.0,3.7,86.0
blood knights,Blood Knights,Blood Knights,Blood Knights,blood-knights,1.0,2013.0,2013.0,high,2013-06-26,637.0,46.0,2.61,
brink,Brink,Brink,Brink,brink,1.0,2011.0,2011.0,high,2011-05-09,2931.0,407.0,2.73,70.0
chime super deluxe,Chime Super Deluxe,Chime Super Deluxe,Chime Super Deluxe,chime-super-deluxe,1.0,2011.0,2011.0,high,2011-03-29,96.0,10.0,2.0,
critter crunch,Critter Crunch,Critter Crunch,Critter Crunch,critter-crunch,1.0,2009.0,2009.0,high,2009-10-08,445.0,32.0,3.25,
dark sector,Dark Sector,Dark Sector,Dark Sector,dark-sector,1.0,2008.0,2008.0,high,2008-01-01,1394.0,166.0,3.25,66.0
dead or alive 5,DEAD OR ALIVE 5,DEAD OR ALIVE 5,Dead or Alive 5,dead-or-alive-5,1.0,2012.0,2012.0,high,2012-09-25,648.0,109.0,3.52,77.0
deception iv: blood ties,Deception IV: Blood Ties,Deception IV: Blood Ties,Deception IV: Blood Ties,deception-iv-blood-ties,1.0,2014.0,2014.0,high,2014-02-27,87.0,11.0,2.27,
derrick the deathfin,Derrick the Deathfin,Derrick the Deathfin,Derrick the Deathfin,derrick-the-deathfin,1.0,2012.0,2012.0,high,2012-10-09,62.0,5.0,0.0,
dynasty warriors 7,Dynasty Warriors 7,Dynasty Warriors 7,Dynasty Warriors 7,dynasty-warriors-7,1.0,2011.0,2011.0,high,2011-03-29,163.0,18.0,3.78,
dynasty warriors 7: empires,Dynasty Warriors 7: Empires,Dynasty Warriors 7: Empires,Dynasty Warriors 7 Empires,dynasty-warriors-7-empires,1.0,2013.0,2012.0,high,2012-11-08,43.0,4.0,0.0,
dynasty warriors 7: xtreme legends,Dynasty Warriors 7: Xtreme Legends,Dynasty Warriors 7: Xtreme Legends,DYNASTY WARRIORS 7: Xtreme Legends,dynasty-warriors-7-xtreme-legends,1.0,2011.0,2011.0,high,2011-09-29,40.0,7.0,3.71,
dynasty warriors 8,Dynasty Warriors 8,Dynasty Warriors 8,Dynasty Warriors 8,dynasty-warriors-8,1.0,2013.0,2013.0,high,2013-02-28,120.0,25.0,3.44,
dynasty warriors strikeforce,Dynasty Warriors Strikeforce,Dynasty Warriors Strikeforce,Dynasty Warriors: Strikeforce,dw-strikeforce,1.0,2010.0,2009.0,high,2009-02-26,53.0,7.0,2.75,63.0
eat lead: the return of matt hazard,Eat Lead: The Return of Matt Hazard,Eat Lead: The Return of Matt Hazard,Eat Lead: The Return of Matt Hazard,eat-lead-the-return-of-matt-hazard,1.0,2009.0,2009.0,high,2009-03-03,15.0,4.0,0.0,
eat them!,Eat Them!,Eat Them!,Eat Them!,eat-them,1.0,2010.0,2010.0,high,2010-12-21,12.0,1.0,0.0,
elefunk,Elefunk,Elefunk,Elefunk,elefunk,1.0,2008.0,2008.0,high,2008-07-17,6.0,2.0,0.0,
enslaved: odyssey to the west,ENSLAVED: Odyssey to the West,ENSLAVED: Odyssey to the West,Enslaved: Odyssey to the West,enslaved,1.0,2010.0,2010.0,high,2010-10-05,1358.0,315.0,4.02,77.0
eufloria,Eufloria,Eufloria,Eufloria,eufloria,1.0,2011.0,2009.0,medium,2009-10-20,983.0,68.0,3.43,
faery: legends of avalon,Faery: Legends of Avalon,Faery: Legends of Avalon,Faery - Legends of Avalon,faery-legends-of-avalon-2,1.0,2011.0,2010.0,high,2010-11-10,337.0,22.0,3.0,
final exam,Final Exam,Final Exam,Final Exam,final-exam,1.0,2013.0,2013.0,high,2013-09-04,671.0,41.0,2.88,66.0
ghostbusters: sanctum of slime,Ghostbusters: Sanctum of Slime,Ghostbusters: Sanctum of Slime,Ghostbusters: Sanctum of Slime,ghostbusters,1.0,2011.0,2011.0,high,2011-03-23,493.0,67.0,2.79,33.0
god of war hd,God of War HD,God of War HD,God of War I,god-of-war,0.88,2005.0,2005.0,medium,2005-03-22,1996.0,727.0,4.36,94.0
god of war ii hd,God of War II HD,God of War II HD,God of War II,god-of-war-ii,0.9,2007.0,2007.0,high,2007-03-13,2824.0,976.0,4.39,93.0
god of war: ascension,God of War: Ascension,God of War: Ascension,God of War: Ascension,god-of-war-ascension,1.0,2013.0,2013.0,high,2013-03-12,1753.0,379.0,3.85,80.0
hakuoki: stories of the shinsengumi,Hakuoki: Stories of the Shinsengumi,Hakuoki: Stories of the Shinsengumi,Hakuoki: Stories of the Shinsengumi,hakuoki-stories-of-the-shinsengumi,1.0,2014.0,2014.0,high,2014-05-06,31.0,4.0,0.0,
heavy fire: afghanistan,Heavy Fire: Afghanistan,Heavy Fire: Afghanistan,Heavy Fire: Afghanistan,heavy-fire-afghanistan,1.0,2011.0,2011.0,high,2011-11-08,265.0,15.0,3.13,
heavy fire: shattered spear,Heavy Fire: Shattered Spear,Heavy Fire: Shattered Spear,Heavy Fire: Shattered Spear,heavy-fire-shattered-spear,1.0,2013.0,2013.0,high,2013-01-24,90.0,6.0,3.33,
hustle kings,Hustle Kings,Hustle Kings,Hustle Kings,hustle-kings,1.0,2010.0,2010.0,high,2010-01-28,848.0,92.0,2.42,
ico,ICO,ICO,ICO,ico,1.0,2001.0,2001.0,high,2001-09-24,1787.0,403.0,4.35,90.0
infamous,inFAMOUS,inFAMOUS,inFamous,infamous,1.0,2009.0,2009.0,high,2009-05-26,1684.0,431.0,4.03,85.0
infamous 2,inFAMOUS 2,inFAMOUS 2,inFAMOUS 2,infamous-2,1.0,2011.0,2011.0,high,2011-06-07,2141.0,540.0,4.14,83.0
infamous: festival of blood,inFAMOUS: Festival of Blood,inFAMOUS: Festival of Blood,inFAMOUS Festival of Blood,infamous-festival-of-blood,1.0,2011.0,2011.0,high,2011-10-25,149.0,49.0,3.84,78.0
interpol: the trail of dr. chaos,Interpol: The Trail of Dr. Chaos,Interpol: The Trail of Dr. Chaos,Interpol: The Trail of Dr. Chaos,interpol-the-trail-of-dr-chaos,1.0,2009.0,2007.0,medium,2007-09-05,25.0,0.0,0.0,
jimmie johnson's anything with an engine,Jimmie Johnson's Anything With An Engine,Jimmie Johnson's Anything With An Engine,Jimmie Johnson's Anything With An Engine,jimmie-johnsons-anything-with-an-engine,1.0,2011.0,2011.0,high,2011-10-25,15.0,2.0,0.0,
judge dee: the city god case,Judge Dee: The City God Case,Judge Dee: The City God Case,Judge Dee: The City God Case,judge-dee-the-city-god-case-2,1.0,2012.0,2012.0,high,2012-07-11,0.0,0.0,0.0,
last rebellion,Last Rebellion,Last Rebellion,Last Rebellion,last-rebellion,1.0,2010.0,2010.0,high,2010-01-28,25.0,4.0,0.0,
lead and gold: gangs of the wild west,Lead and Gold: Gangs of the Wild West,Lead and Gold: Gangs of the Wild West,Lead and Gold: Gangs of the Wild West,lead-and-gold-gangs-of-the-wild-west,1.0,2010.0,2010.0,high,2010-04-08,1793.0,121.0,2.53,70.0
legasista,Legasista,Legasista,Legasista,legasista,1.0,2012.0,2012.0,high,2012-03-15,26.0,2.0,0.0,
mars: war logs,Mars: War Logs,Mars: War Logs,Mars: War Logs,mars-war-logs,1.0,2013.0,2013.0,high,2013-04-25,1197.0,121.0,3.39,59.0
papo & yo,Papo & Yo,Papo & Yo,Papo & Yo,papo-yo,1.0,2012.0,2012.0,high,2012-08-14,1767.0,112.0,3.38,70.0
penny arcade adventures: on the rain-slick precipice of darkness - episode one,Penny Arcade Adventures: On the Rain-Slick Precipice of Darkness - Episode One,Penny Arcade Adventures: On the Rain-Slick Precipice of Darkness - Episode One,"Penny Arcade Adventures: On the Rain-Slick Precipice of Darkness, Episode One",penny-arcade-episode-1,1.0,2008.0,2008.0,high,2008-05-21,822.0,67.0,3.16,
penny arcade adventures: on the rain-slick precipice of darkness - episode two,Penny Arcade Adventures: On the Rain-Slick Precipice of Darkness - Episode Two,Penny Arcade Adventures: On the Rain-Slick Precipice of Darkness - Episode Two,"Penny Arcade Adventures: On the Rain-Slick Precipice of Darkness, Episode Two",penny-arcade-episode-2,1.0,2008.0,2008.0,high,2008-10-29,588.0,45.0,3.36,
piyotama,Piyotama,Piyotama,Piyotama,piyotama,1.0,2007.0,2007.0,high,2007-06-22,4.0,0.0,0.0,
planet minigolf,Planet Minigolf,Planet Minigolf,Planet Minigolf,planet-minigolf,1.0,2010.0,2010.0,high,2010-06-01,60.0,0.0,0.0,
planets under attack,Planets Under Attack,Planets Under Attack,Planets Under Attack,planets-under-attack,1.0,2012.0,2012.0,high,2012-09-27,1161.0,41.0,2.34,
pool nation,Pool Nation,Pool Nation,Pool Nation,pool-nation,1.0,2013.0,2013.0,high,2013-06-25,767.0,43.0,3.4,
port royale 3: pirates & merchants - gold edition,Port Royale 3: Pirates & Merchants - Gold Edition,Port Royale 3: Pirates & Merchants,Port Royale 3,port-royale-3,0.9,2013.0,2012.0,high,2012-02-05,757.0,42.0,2.9,55.0
puzzle agent,Puzzle Agent,Puzzle Agent,Puzzle Agent,puzzle-agent,1.0,2010.0,2010.0,high,2010-06-30,2515.0,132.0,3.19,70.0
rag doll kung fu: fists of plastic,Rag Doll Kung Fu: Fists of Plastic,Rag Doll Kung Fu: Fists of Plastic,Rag Doll Kung Fu: Fists of Plastic,rag-doll-kung-fu-fists-of-plastic,1.0,2009.0,2009.0,high,2009-04-09,184.0,27.0,2.67,
ratchet and clank: a crack in time,Ratchet and Clank: A Crack In Time,Ratchet and Clank: A Crack In Time,Ratchet and Clank: A Crack in Time,ratchet-and-clank-a-crack-in-time,1.0,2009.0,2009.0,high,2009-10-27,259.0,105.0,4.38,87.0
ratchet and clank: full frontal assault,Ratchet and Clank: Full Frontal Assault,Ratchet and Clank: Full Frontal Assault,Ratchet & Clank: Full Frontal Assault,ratchet-clank-full-frontal-assault,1.0,2012.0,2012.0,high,2012-10-31,285.0,51.0,3.47,64.0
realms of ancient war,Realms Of Ancient War,Realms Of Ancient War,R.A.W. Realms of Ancient War,raw-realms-of-ancient-war,0.875,2012.0,2012.0,medium,2012-10-10,1209.0,56.0,2.18,46.0
record of agarest war,Record of Agarest War,Record of Agarest War,Record of Agarest War Zero,record-of-agarest-war-zero,0.9,2010.0,2011.0,high,2011-06-14,10.0,2.0,0.0,
record of agarest war 2,Record of Agarest War 2,Record of Agarest War 2,Record of Agarest War 2,record-of-agarest-war-2,1.0,2012.0,2012.0,high,2012-06-27,6.0,1.0,0.0,
record of agarest war zero,Record of Agarest War Zero,Record of Agarest War Zero,Record of Agarest War Zero,record-of-agarest-war-zero,1.0,2011.0,2011.0,high,2011-06-14,10.0,2.0,0.0,
red johnson's chronicles,Red Johnson's Chronicles,Red Johnson's Chronicles,Red Johnson's Chronicles,red-johnsons-chronicles,1.0,2011.0,2011.0,high,2011-04-19,29.0,6.0,2.33,
red johnson's chronicles: one against all,Red Johnson's Chronicles: One Against All,Red Johnson's Chronicles: One Against All,Red Johnson's Chronicles - One Against All,red-johnsons-chronicles-one-against-all,1.0,2012.0,2012.0,high,2012-09-11,6.0,1.0,0.0,
resident evil 5: gold edition,Resident Evil 5: Gold Edition,Resident Evil 5,Resident Evil 5,resident-evil-5-biohazard-5,1.0,2009.0,2009.0,high,2009-03-05,7726.0,1653.0,3.82,86.0
resident evil: the umbrella chronicles,Resident Evil: The Umbrella Chronicles,Resident Evil: The Umbrella Chronicles,Resident Evil: The Umbrella Chronicles,resident-evil-the-umbrella-chronicles-2,1.0,2007.0,2007.0,high,2007-11-13,320.0,72.0,3.26,
retro/grade,Retro/Grade,Retro/Grade,Retro/Grade,retrograde,1.0,2012.0,2012.0,high,2012-08-21,690.0,30.0,2.77,
rocketbirds: hardboiled chicken,Rocketbirds: Hardboiled Chicken,Rocketbirds: Hardboiled Chicken,Rocketbirds: Hardboiled Chicken,rocketbirds-hardboiled-chicken,1.0,2011.0,2011.0,high,2011-10-18,2177.0,140.0,3.11,74.0
sanctum 2,Sanctum 2,Sanctum 2,Sanctum 2,sanctum-2,1.0,2013.0,2013.0,high,2013-05-15,5441.0,397.0,2.97,77.0
shatter,Shatter,Shatter,Shatter,shatter,1.0,2009.0,2009.0,high,2009-07-23,1641.0,107.0,3.17,84.0
siren: blood curse,Siren: Blood Curse,Siren: Blood Curse,Siren: Blood Curse,siren-blood-curse,1.0,2008.0,2008.0,high,2008-07-24,92.0,22.0,3.61,78.0
skullgirls encore,Skullgirls Encore,Skullgirls Encore,Skullgirls Encore,skullgirls-encore,1.0,2014.0,2014.0,high,2014-02-11,140.0,22.0,3.5,
skydive: proximity flight,Skydive: Proximity Flight,Skydive: Proximity Flight,Skydive: Proximity Flight,skydive-proximity-flight,1.0,2013.0,2013.0,high,2013-10-01,19.0,2.0,0.0,
skydrift,SkyDrift,SkyDrift,SkyDrift,skydrift,1.0,2011.0,2011.0,high,2011-09-06,956.0,36.0,2.86,73.0
soldner-x: himmelssturmer,Soldner-X: Himmelssturmer,Soldner-X: Himmelssturmer,Soldner-X: Himmelssturmer,soldner-x-himmelssturmer,1.0,2008.0,2007.0,high,2007-12-14,91.0,10.0,2.7,
star wars: the force unleashed - ultimate sith edition,Star Wars: The Force Unleashed - Ultimate Sith Edition,Star Wars: The Force Unleashed - Ultimate Sith Edition,STAR WARS - The Force Unleashed Ultimate Sith Edition,star-wars-the-force-unleashed-ultimate-sith-editio,1.0,2008.0,2009.0,high,2009-12-15,3326.0,377.0,3.83,65.0
stardrone,StarDrone,StarDrone,StarDrone VR,stardrone-vr,0.9,2018.0,2018.0,low,2018-08-15,0.0,0.0,0.0,
street fighter iii: third strike - online edition,Street Fighter III: Third Strike - Online Edition,Street Fighter III: Third Strike - Online Edition,Street Fighter 3: 3rd Strike Online Edition,street-fighter-3-3rd-strike-online-edition,0.953,2011.0,2011.0,high,2011-08-23,18.0,5.0,0.0,
super puzzle fighter ii turbo hd remix,Super Puzzle Fighter II Turbo HD Remix,Super Puzzle Fighter II Turbo HD Remix,Super Puzzle Fighter 2 Turbo HD Remix,super-puzzle-fighter-2-turbo-hd-remix,1.0,2007.0,,high,,4.0,2.0,0.0,
super street fighter ii turbo hd remix,Super Street Fighter II Turbo HD Remix,Super Street Fighter II Turbo HD Remix,Super Street Fighter 2 Turbo HD Remix,super-street-fighter-2-turbo-hd-remix,1.0,2008.0,2008.0,high,2008-11-25,11.0,1.0,0.0,
tales from space: about a blob,Tales from Space: About a Blob,Tales from Space: About a Blob,Tales from Space: About a Blob,tales-from-space-about-a-blob,1.0,2011.0,2011.0,high,2011-02-01,75.0,10.0,3.82,
the darkness,The Darkness,The Darkness,The Darkness,the-darkness,1.0,2007.0,2007.0,high,2007-06-25,949.0,190.0,4.04,81.0
the darkness ii,The Darkness II,The Darkness II,The Darkness II,the-darkness-ii,1.0,2012.0,2012.0,high,2012-02-07,8157.0,1127.0,3.71,77.0
the undergarden,The UnderGarden,The UnderGarden,The UnderGarden,the-undergarden,1.0,2011.0,2010.0,high,2010-11-10,209.0,11.0,3.18,67.0
vessel,Vessel,Vessel,Vessel,vessel,1.0,2012.0,2012.0,high,2012-03-01,1669.0,91.0,2.92,81.0
way of the samurai 3: plus,Way of the Samurai 3: Plus,Way of the Samurai 3: Plus,Way of the Samurai 3,way-of-the-samurai-3,0.9,2009.0,2009.0,high,2009-02-26,287.0,31.0,3.39,56.0
wizardry: labyrinth of lost souls,Wizardry: Labyrinth of Lost Souls,Wizardry: Labyrinth of Lost Souls,Wizardry: Labyrinth of Lost Souls,wizardry-labyrinth-of-lost-souls,1.0,2011.0,2011.0,high,2011-05-17,36.0,1.0,0.0,
zen pinball 2,Zen Pinball 2,Zen Pinball 2,Zen Pinball 2,zen-pinball-2,1.0,2013.0,2012.0,high,2012-07-19,267.0,23.0,3.17,
ratchet and clank: into the nexus,Ratchet and Clank: Into the Nexus,Ratchet and Clank: Into the Nexus,Ratchet & Clank: Into the Nexus,ratchet-clank-into-the-nexus,1.0,2011.0,2013.0,medium,2013-11-06,411.0,96.0,3.97,76.0
silent hill 2 (2024),Silent Hill 2 (2024),Silent Hill 2 (2024),Silent Hill 2,silent-hill-2-remake,1.0,2024.0,2024.0,high,2024-10-08,947.0,264.0,4.45,
gloomhaven: mercenaries edition,Gloomhaven: Mercenaries Edition,Gloomhaven: Mercenaries Edition,Gloomhaven,gloomhaven,0.9,2019.0,2019.0,high,2019-07-17,568.0,43.0,3.84,82.0
rogue lords,Rogue Lords,Rogue Lords,Rogue Lords,rogue-lords,1.0,2021.0,2021.0,high,2021-09-29,291.0,14.0,3.93,
harvest moon: light of hope - special edition,Harvest Moon: Light of Hope - Special Edition,Harvest Moon: Light of Hope,Harvest Moon: Light of Hope,harvest-moon-light-of-hope,1.0,2017.0,2017.0,high,2017-11-14,55.0,6.0,2.67,
harvest moon: one world,Harvest Moon: One World,Harvest Moon: One World,Harvest Moon: One World,harvest-moon-one-world,1.0,2021.0,2021.0,high,2021-03-02,26.0,3.0,0.0,54.0
mlb the show 26,MLB The Show 26,MLB The Show 26,MLB 16: The Show,mlb-the-show-16,0.5,2026.0,2016.0,low,2016-03-29,116.0,17.0,3.88,
persona 5 tactica,Persona 5 Tactica,Persona 5 Tactica,Persona 5 Tactica,persona-5-tactics,1.0,2023.0,2023.0,high,2023-11-16,151.0,19.0,3.58,
shadowrun returns,Shadowrun Returns,Shadowrun Returns,Shadowrun Returns,shadowrun-returns,1.0,2013.0,2013.0,high,2013-07-24,7268.0,732.0,3.5,76.0
shadowrun: dragonfall - director's cut,Shadowrun: Dragonfall - Director's Cut,Shadowrun: Dragonfall,Shadowrun: Dragonfall - Director's Cut,shadowrun-dragonfall-dc,1.0,2014.0,2014.0,high,2014-09-17,4374.0,367.0,3.81,87.0
shadowrun: hong kong - extended edition,Shadowrun: Hong Kong - Extended Edition,Shadowrun: Hong Kong - Extended Edition,Shadowrun: Hong Kong - Extended Edition,shadowrun-hong-kong-extended-edition,1.0,2015.0,2015.0,high,2015-08-20,2557.0,224.0,3.83,81.0
disney/pixar toy story 3,Disney/PIXAR Toy Story 3,Disney/PIXAR Toy Story 3,Disney•Pixar Toy Story 3: The Video Game,toy-story-3,0.9,2010.0,2010.0,high,2010-06-15,730.0,114.0,3.84,73.0
disney/pixar toy story 2: buzz lightyear to the rescue!,Disney/PIXAR Toy Story 2: Buzz Lightyear to the Rescue!,Disney/PIXAR Toy Story 2: Buzz Lightyear to the Rescue!,Toy Story 2: Buzz Lightyear to the Rescue,toy-story-2-buzz-lightyear-to-the-rescue,0.86,1999.0,1999.0,medium,1999-11-30,218.0,99.0,3.9,57.0
romance of the three kingdoms xiii,Romance of the Three Kingdoms XIII,Romance of the Three Kingdoms XIII,Romance of the Three Kingdoms XIII,romance-of-the-three-kingdoms-13,1.0,2016.0,2016.0,high,2016-01-27,72.0,9.0,3.78,
toukiden 2,Toukiden 2,Toukiden 2,Toukiden 2,toukiden-2,1.0,2016.0,2017.0,high,2017-03-21,296.0,25.0,3.42,73.0
dying light 2: reloaded edition,Dying Light 2: Reloaded Edition,Dying Light 2: Reloaded Edition,Dying Light 2 Stay Human,dying-light-2,0.63,2022.0,2022.0,low,2022-02-04,3265.0,449.0,3.64,77.0
big walk,Big Walk,Big Walk,Big Walk,big-walk,1.0,2026.0,2026.0,high,2026-08-04,12.0,6.0,4.33,
earth defense force 6,Earth Defense Force 6,Earth Defense Force 6,EARTH DEFENSE FORCE 6,earth-defense-force-6,1.0,2024.0,2024.0,high,2024-07-25,13.0,2.0,0.0,
unicorn overlord,Unicorn Overlord,Unicorn Overlord,Unicorn Overlord,unicorn-overlord,1.0,2024.0,2024.0,high,2024-03-08,118.0,25.0,4.39,
clash: artifacts of chaos,Clash: Artifacts of Chaos,Clash: Artifacts of Chaos,Clash: Artifacts of Chaos,clash-artifacts-of-chaos,1.0,2023.0,2023.0,high,2023-03-08,91.0,15.0,3.13,
röki,Röki,Röki,Röki,roki,1.0,2020.0,2020.0,high,2020-07-23,1056.0,59.0,4.2,79.0
onee chanbara origin,Onee Chanbara Origin,Onee Chanbara Origin,OneChanbara ORIGIN,onechanbara-origins,0.947,2019.0,2019.0,high,2019-12-05,66.0,9.0,4.11,66.0
space crew: legendary edition,Space Crew: Legendary Edition,Space Crew,Space Crew,space-crew,1.0,2020.0,2020.0,high,2020-10-15,863.0,18.0,1.56,64.0
risk of rain 2,Risk of Rain 2,Risk of Rain 2,Risk of Rain 2,risk-of-rain-2,1.0,2020.0,2020.0,high,2020-08-11,4277.0,700.0,4.14,82.0
the jackbox party pack 9,The Jackbox Party Pack 9,The Jackbox Party Pack 9,The Jackbox Party Pack 9,the-jackbox-party-pack-9,1.0,2022.0,2022.0,high,2022-10-19,195.0,8.0,4.12,
source of madness,Source of Madness,Source of Madness,Source of Madness,source-of-madness,1.0,2022.0,2022.0,high,2022-05-11,201.0,15.0,3.19,
infinite minigolf,Infinite Minigolf,Infinite Minigolf,Infinite Mini Golf,infinite-mini-golf,0.971,2017.0,2016.0,high,2016-10-06,130.0,13.0,2.77,
get even,Get Even,Get Even,Get Even,get-even,1.0,2017.0,2017.0,high,2017-06-20,1266.0,123.0,3.39,75.0
grounded: fully yoked edition,Grounded: Fully Yoked Edition,Grounded: Fully Yoked Edition,Grounded,grounded-2,0.9,2024.0,2022.0,low,2022-09-27,2027.0,301.0,3.8,82.0
red dead redemption,Red Dead Redemption,Red Dead Redemption,Red Dead Redemption,red-dead-redemption,1.0,2010.0,2010.0,high,2010-05-18,7518.0,2236.0,4.41,95.0
red dead redemption: undead nightmare,Red Dead Redemption: Undead Nightmare,Red Dead Redemption: Undead Nightmare,Red Dead Redemption: Undead Nightmare,red-dead-redemption-undead-nightmare,1.0,2010.0,2010.0,high,2010-11-22,356.0,143.0,3.99,87.0
lego the incredibles,LEGO The Incredibles,LEGO The Incredibles,LEGO The Incredibles,lego-the-incredibles,1.0,2018.0,2018.0,high,2018-06-15,741.0,73.0,3.4,69.0
lawn mowing simulator: landmark edition,Lawn Mowing Simulator: Landmark Edition,Lawn Mowing Simulator: Landmark Edition,Lawn Mowing Simulator,lawn-mowing-simulator,0.9,2022.0,2021.0,high,2021-08-10,964.0,32.0,2.97,
scott pilgrim vs. the world: the game - complete edition,Scott Pilgrim vs. The World: The Game - Complete Edition,Scott Pilgrim vs. The World: The Game,Scott Pilgrim vs. the World: The Game,scott-pilgrim-the-game,1.0,2010.0,2010.0,high,2010-08-10,1064.0,166.0,4.11,75.0
destiny 2: legacy collection (2024),Destiny 2: Legacy Collection (2024),Destiny 2: Legacy Collection (2024),Destiny 2,destiny-2,0.9,2024.0,2017.0,low,2017-09-06,14602.0,2674.0,3.52,82.0
motogp 25,MotoGP 25,MotoGP 25,MotoGP 25,motogp-25,1.0,2025.0,2025.0,high,2025-04-30,1.0,0.0,0.0,
sand land,SAND LAND,SAND LAND,Sand Land,sand-land,1.0,2024.0,2024.0,high,2024-04-24,51.0,8.0,3.4,
the dark pictures anthology: little hope,The Dark Pictures Anthology: Little Hope,The Dark Pictures Anthology: Little Hope,The Dark Pictures Anthology: Little Hope,the-dark-pictures-anthology-little-hope,1.0,2020.0,2020.0,high,2020-10-30,2280.0,454.0,3.79,70.0
lords of the fallen (2023),Lords of the Fallen (2023),Lords of the Fallen (2023),Lords of the Fallen,lords-of-the-fallen-2,1.0,2023.0,2023.0,high,2023-10-13,421.0,84.0,3.31,
sword art online: fractured daydream,Sword Art Online: Fractured Daydream,Sword Art Online: Fractured Daydream,Sword Art Online,sword-art-online,0.9,2024.0,2019.0,low,2019-12-11,6.0,2.0,0.0,
lost records: bloom & rage - tape 2: rage,Lost Records: Bloom & Rage - Tape 2: Rage,Lost Records: Bloom & Rage - Tape 2: Rage,Lost Records: Bloom & Rage,lost-records-bloom-rage,0.5,2025.0,2025.0,low,2025-02-17,173.0,45.0,3.32,
lost records: bloom & rage - tape 1: bloom,Lost Records: Bloom & Rage - Tape 1: Bloom,Lost Records: Bloom & Rage - Tape 1: Bloom,Lost Records: Bloom & Rage,lost-records-bloom-rage,0.5,2025.0,2025.0,low,2025-02-17,173.0,45.0,3.32,
dave the diver,Dave the Diver,Dave the Diver,Dave the Diver,dave-the-diver,1.0,2023.0,2023.0,high,2023-06-28,1107.0,195.0,4.26,
disaster report 4 plus: summer memories,Disaster Report 4 Plus: Summer Memories,Disaster Report 4 Plus: Summer Memories,Disaster Report 4 Plus: Summer Memories,disaster-report-4-plus-summer-memories,1.0,2018.0,2018.0,high,2018-11-22,87.0,5.0,0.0,56.0
spitlings,Spitlings,Spitlings,SPITLINGS,spitlings,1.0,2020.0,2020.0,high,2020-07-30,88.0,3.0,0.0,69.0
mobile suit gundam battle operation code fairy,Mobile Suit Gundam Battle Operation Code Fairy,Mobile Suit Gundam Battle Operation Code Fairy,MOBILE SUIT GUNDAM BATTLE OPERATION Code Fairy,mobile-suit-gundam-battle-operation-code-fairy,1.0,2021.0,2021.0,high,2021-11-05,9.0,0.0,0.0,
redout ii,Redout II,Redout II,Redout 2,redout-2,1.0,2022.0,2022.0,high,2022-06-16,138.0,6.0,2.5,
ultros,Ultros,Ultros,Ultros,ultros,1.0,2024.0,2024.0,high,2024-02-13,146.0,6.0,3.33,
disney epic mickey: rebrushed,Disney Epic Mickey: Rebrushed,Disney Epic Mickey: Rebrushed,Disney Epic Mickey: Rebrushed,disney-epic-mickey-rebrushed,1.0,2024.0,2024.0,high,2024-09-24,94.0,14.0,4.13,
wwe 2k25,WWE 2K25,WWE 2K25,WWE 2K25,wwe-2k25,1.0,2025.0,2025.0,high,2025-03-13,33.0,0.0,0.0,
saga frontier: remastered,SaGa Frontier: Remastered,SaGa Frontier: Remastered,SaGa Frontier Remastered,saga-frontier-remastered,1.0,2021.0,2021.0,high,2021-04-14,86.0,3.0,0.0,75.0
cult of the lamb,Cult of the Lamb,Cult of the Lamb,Cult of the Lamb,cult-of-the-lamb,1.0,2022.0,2022.0,high,2022-08-11,2460.0,453.0,4.11,
super neptunia rpg,Super Neptunia RPG,Super Neptunia RPG,Super Neptunia RPG,super-neptunia-rpg,1.0,2019.0,2019.0,high,2019-06-19,158.0,13.0,3.38,
rez infinite,Rez Infinite,Rez Infinite,Rez Infinite,rez-infinite,1.0,2016.0,2016.0,high,2016-10-13,774.0,103.0,4.01,91.0
sayonara wild hearts,Sayonara Wild Hearts,Sayonara Wild Hearts,Sayonara Wild Hearts,sayonara-wild-hearts,1.0,2019.0,2019.0,high,2019-09-19,1165.0,308.0,4.39,85.0
monopoly plus,Monopoly Plus,Monopoly Plus,MONOPOLY PLUS,monopoly-plus,1.0,2014.0,2014.0,high,2014-11-25,1154.0,178.0,3.49,
new world: aeternum,New World: Aeternum,New World: Aeternum,New World,new-world-2,0.9,2024.0,2021.0,low,2021-09-28,1555.0,149.0,3.09,70.0
killing floor 3,Killing Floor 3,Killing Floor 3,Killing Floor 3,killing-floor-3,1.0,2025.0,2025.0,high,2025-07-24,29.0,10.0,3.3,
the outlast trials,The Outlast Trials,The Outlast Trials,The Outlast Trials,the-outlast-trials,1.0,2024.0,2024.0,high,2024-03-05,303.0,41.0,3.5,
synduality echo of ada,Synduality Echo of Ada,Synduality Echo of Ada,SYNDUALITY Echo of Ada,synduality-echo-of-ada,1.0,2025.0,2025.0,high,2025-01-23,13.0,0.0,0.0,
grand theft auto iii,Grand Theft Auto III,Grand Theft Auto III,Grand Theft Auto III,grand-theft-auto-iii,1.0,2001.0,2001.0,high,2001-10-22,7349.0,1653.0,4.16,93.0
arcade paradise vr,Arcade Paradise VR,Arcade Paradise VR,Arcade Paradise VR,arcade-paradise-vr,1.0,2024.0,2024.0,high,2024-08-08,2.0,1.0,0.0,
sonic frontiers,Sonic Frontiers,Sonic Frontiers,Sonic Frontiers,sonic-frontiers,1.0,2022.0,2022.0,high,2022-11-08,609.0,57.0,3.43,
forspoken,Forspoken,Forspoken,Forspoken,project-athia,1.0,2023.0,2023.0,high,2023-01-24,872.0,151.0,2.23,64.0
star wars: tales from the galaxy's edge,Star Wars: Tales from the Galaxy's Edge,Star Wars: Tales from the Galaxy's Edge,Star Wars: Tales from the Galaxy Edge — Enhanced Edition,star-wars-tales-from-the-galaxy-edge-enhanced-edit,0.973,2023.0,,high,,3.0,2.0,0.0,
river city melee mach!!,River City Melee Mach!!,River City Melee Mach!!,River City Melee Mach!!,river-city-melee-mach,1.0,2019.0,2019.0,high,2019-10-09,39.0,0.0,0.0,
touhou genso rondo: bullet ballet,Touhou Genso Rondo: Bullet Ballet,Touhou Genso Rondo: Bullet Ballet,Touhou Genso Rondo: Bullet Ballet,touhou-genso-rondo-bullet-ballet,1.0,2016.0,2015.0,high,2015-06-11,8.0,2.0,0.0,55.0
11-11 memories retold,11-11 Memories Retold,11-11 Memories Retold,11-11 Memories Retold,11-11-memories-retold,1.0,2018.0,2018.0,high,2018-11-09,1728.0,99.0,3.26,76.0
star trek: bridge crew,Star Trek: Bridge Crew,Star Trek: Bridge Crew,Star Trek: Bridge Crew,star-trek-bridge-crew,1.0,2017.0,2016.0,high,2016-12-31,543.0,41.0,3.34,75.0
stray,Stray,Stray,Stray,stray-2,1.0,2022.0,2022.0,high,2022-07-19,5765.0,1276.0,4.15,82.0
ea sports wrc 24,EA Sports WRC 24,EA Sports WRC 24,EA Sports WRC 24,ea-sports-wrc-24,1.0,2024.0,2023.0,high,2023-11-03,5.0,1.0,0.0,
battlefield v,Battlefield V,Battlefield V,Battlefield V,battlefield-v,1.0,2018.0,2018.0,high,2018-11-20,4996.0,1018.0,3.52,77.0
digimon survive,Digimon Survive,Digimon Survive,Digimon Survive,digimon-survive,1.0,2022.0,2022.0,high,2022-07-29,170.0,14.0,3.13,75.0
synapse,Synapse,Synapse,Synapse,synapse-2,1.0,2023.0,,high,,7.0,3.0,0.0,
travis strikes again: no more heroes - complete edition,Travis Strikes Again: No More Heroes - Complete Edition,Travis Strikes Again: No More Heroes,Travis Strikes Again: No More Heroes,travis-strikes-again-no-more-heroes,1.0,2019.0,2019.0,high,2019-01-18,139.0,40.0,3.68,65.0
alan wake ii,Alan Wake II,Alan Wake II,Alan Wake 2,alan-wake-2,1.0,2023.0,2023.0,high,2023-10-27,1712.0,457.0,4.33,
ghostbusters: spirits unleashed,Ghostbusters: Spirits Unleashed,Ghostbusters: Spirits Unleashed,Ghostbusters: Spirits Unleashed,ghostbusters-spirits-unleashed,1.0,2022.0,2022.0,high,2022-10-18,67.0,5.0,0.0,
tour de france 2023,Tour de France 2023,Tour de France 2023,Tour de France 2023,tour-de-france-2023,1.0,2023.0,2023.0,high,2023-06-08,4.0,0.0,0.0,
the dark pictures anthology: house of ashes,The Dark Pictures Anthology: House of Ashes,The Dark Pictures Anthology: House of Ashes,The Dark Pictures Anthology: House of Ashes,the-dark-pictures-anthology-house-of-ashes,1.0,2021.0,2021.0,high,2021-10-22,1523.0,365.0,3.9,73.0
the plucky squire,The Plucky Squire,The Plucky Squire,The Plucky Squire,the-plucky-squire,1.0,2024.0,2024.0,high,2024-09-17,316.0,60.0,3.87,
pistol whip,Pistol Whip,Pistol Whip,Pistol Whip,pistol-whip,1.0,2019.0,2019.0,high,2019-11-07,523.0,54.0,4.26,87.0
odin sphere: leifthrasir,Odin Sphere: Leifthrasir,Odin Sphere: Leifthrasir,Odin Sphere Leifthrasir,odin-sphere-leifthrasir,1.0,2016.0,2016.0,high,2016-01-14,636.0,106.0,4.26,90.0
dragon's crown pro,Dragon's Crown Pro,Dragon's Crown Pro,Dragon's Crown,dragons-crown,0.9,2013.0,2013.0,high,2013-07-25,1139.0,166.0,3.83,
my hero one's justice 2,My Hero One's Justice 2,My Hero One's Justice 2,MY HERO ONE'S JUSTICE 2,my-hero-ones-justice-2,1.0,2020.0,2020.0,high,2020-03-12,203.0,25.0,2.92,66.0
ufc 5,UFC 5,UFC 5,UFC 5,ufc-5,1.0,2023.0,2023.0,high,2023-10-27,17.0,4.0,0.0,
topspin 2k25,TopSpin 2K25,TopSpin 2K25,TopSpin 2K25,topspin-2k25,1.0,2024.0,,high,,18.0,3.0,0.0,
ride 5,RIDE 5,RIDE 5,RIDE 5,ride-5,1.0,2023.0,2023.0,high,2023-08-24,18.0,4.0,0.0,
sword art online: last recollection,Sword Art Online: Last Recollection,Sword Art Online: Last Recollection,Sword Art Online,sword-art-online,0.9,2023.0,2019.0,low,2019-12-11,6.0,2.0,0.0,
sword art online: alicization lycoris,Sword Art Online: Alicization Lycoris,Sword Art Online: Alicization Lycoris,SWORD ART ONLINE: Alicization Lycoris,sword-art-online-alicization-lycoris,1.0,2020.0,2020.0,high,2020-07-10,212.0,28.0,2.76,59.0
sword art online: hollow realization,Sword Art Online: Hollow Realization,Sword Art Online: Hollow Realization,Sword Art Online: Hollow Realization Deluxe Edition,sword-art-online-hollow-realization-deluxe-edition,1.0,2019.0,2017.0,medium,2017-10-27,316.0,14.0,3.6,62.0
sword art online: lost song,Sword Art Online: Lost Song,Sword Art Online: Lost Song,Sword Art Online: Lost Song,sword-art-online-lost-song,1.0,2015.0,2015.0,high,2015-03-26,417.0,45.0,3.11,66.0
vacation simulator,Vacation Simulator,Vacation Simulator,Vacation Simulator,vacation-simulator,1.0,2019.0,2019.0,high,2019-04-09,241.0,25.0,3.6,
the king of fighters xv,The King of Fighters XV,The King of Fighters XV,The King of Fighters XV,the-king-of-fighters-xv,1.0,2022.0,2022.0,high,2022-02-17,234.0,21.0,4.1,
dying light 2: stay human,Dying Light 2: Stay Human,Dying Light 2: Stay Human,Dying Light 2 Stay Human,dying-light-2,1.0,2022.0,2022.0,high,2022-02-04,3265.0,449.0,3.64,77.0
crisis core: final fantasy vii - reunion,Crisis Core: Final Fantasy VII - Reunion,Crisis Core: Final Fantasy VII - Reunion,Crisis Core: Final Fantasy VII Reunion,crisis-core-final-fantasy-vii-reunion,1.0,2022.0,2022.0,high,2022-12-13,510.0,80.0,3.9,
job simulator,Job Simulator,Job Simulator,Job Simulator,job-simulator,1.0,2016.0,2016.0,high,2016-04-05,958.0,147.0,3.84,68.0
vampire: the masquerade - swansong,Vampire: The Masquerade - Swansong,Vampire: The Masquerade - Swansong,Vampire: The Masquerade – Swansong,vampire-the-masquerade-swansong,1.0,2022.0,2022.0,high,2022-05-19,244.0,52.0,2.96,64.0
nba 2k25,NBA 2K25,NBA 2K25,NBA 2K25,nba-2k25,1.0,2024.0,2024.0,high,2024-09-03,34.0,5.0,0.0,
alone in the dark (2024),Alone in the Dark (2024),Alone in the Dark (2024),Alone in the Dark,alone-in-the-dark-2022,1.0,2024.0,2024.0,high,2024-03-20,420.0,92.0,3.57,
bomb rush cyberfunk,Bomb Rush Cyberfunk,Bomb Rush Cyberfunk,Bomb Rush Cyberfunk,bomb-rush-cyberfunk,1.0,2023.0,2023.0,high,2023-08-18,343.0,44.0,4.3,
destiny 2: the final shape,Destiny 2: The Final Shape,Destiny 2: The Final Shape,Destiny 2: The Witch Queen,destiny-2-the-witch-queen,0.64,2024.0,2022.0,low,2022-02-23,59.0,19.0,3.75,
after us,After Us,After Us,After Us,after-us-2,1.0,2023.0,2023.0,high,2023-05-23,94.0,10.0,3.6,
kayak vr: mirage,Kayak VR: Mirage,Kayak VR: Mirage,Kayak VR: Mirage,kayak-vr-mirage,1.0,2023.0,2022.0,high,2022-07-12,75.0,7.0,2.86,
rogue legacy 2,Rogue Legacy 2,Rogue Legacy 2,Rogue Legacy 2,rogue-legacy-2,1.0,2022.0,2022.0,high,2022-04-28,1183.0,166.0,4.01,88.0
motogp 24,MotoGP 24,MotoGP 24,MotoGP 24,motogp-24,1.0,2024.0,2024.0,high,2024-05-02,6.0,2.0,0.0,
the sims 4: island living,The Sims 4: Island Living,The Sims 4: Island Living,The Sims 4: Island Living,the-sims-4-island-living,1.0,2019.0,2019.0,high,2019-06-21,19.0,6.0,4.17,
resistance: fall of man,Resistance: Fall of Man,Resistance: Fall of Man,Resistance: Fall of Man,resistance-fall-of-man,1.0,2006.0,2006.0,high,2006-11-17,257.0,103.0,3.69,86.0
resistance 2,Resistance 2,Resistance 2,Resistance 2,resistance-2,1.0,2008.0,2008.0,high,2008-11-04,953.0,196.0,3.65,87.0
ghostbusters: rise of the ghost lord,Ghostbusters: Rise of the Ghost Lord,Ghostbusters: Rise of the Ghost Lord,Ghostbusters: Rise of the Ghost Lord,ghostbusters-rise-of-the-ghost-lord,1.0,2023.0,,high,,4.0,1.0,0.0,
walkabout mini golf,Walkabout Mini Golf,Walkabout Mini Golf,Walkabout Mini Golf VR,walkabout-mini-golf-vr,0.927,2023.0,2021.0,low,2021-07-15,128.0,9.0,4.33,
synth riders,Synth Riders,Synth Riders,Synth Riders,synth-riders,1.0,2021.0,2018.0,medium,2018-07-12,246.0,8.0,4.12,86.0
before your eyes,Before Your Eyes,Before Your Eyes,Before Your Eyes,before-your-eyes,1.0,2021.0,2021.0,high,2021-04-07,872.0,110.0,4.37,
the walking dead: saints & sinners - chapters 1 & 2,The Walking Dead: Saints & Sinners - Chapters 1 & 2 ,The Walking Dead: Saints & Sinners - Chapters 1 & 2,The Walking Dead: Saints & Sinners,the-walking-dead-saints-sinners,0.5,2020.0,2020.0,low,2020-01-23,1008.0,70.0,3.81,80.0
lego marvel super heroes 2,LEGO Marvel Super Heroes 2,LEGO Marvel Super Heroes 2,LEGO Marvel Super Heroes 2,lego-marvel-super-heroes-2,1.0,2017.0,2017.0,high,2017-11-14,1417.0,190.0,3.67,74.0
stranded: alien dawn,Stranded: Alien Dawn,Stranded: Alien Dawn,Stranded: Alien Dawn,stranded-alien-dawn,1.0,2023.0,2022.0,high,2022-10-12,230.0,10.0,3.1,
the lego movie 2 videogame,The LEGO Movie 2 Videogame,The LEGO Movie 2 Videogame,The LEGO Movie 2 Videogame,the-lego-movie-2-videogame,1.0,2019.0,2019.0,high,2019-02-25,557.0,30.0,3.07,
infamous: second son,inFAMOUS: Second Son,inFAMOUS: Second Son,inFAMOUS Second Son,infamous-second-son,1.0,2014.0,2014.0,high,2014-03-21,6037.0,1648.0,3.91,80.0
the texas chain saw massacre,The Texas Chain Saw Massacre,The Texas Chain Saw Massacre,The Texas Chain Saw Massacre,the-texas-chain-saw-massacre,1.0,2023.0,2023.0,high,2023-08-18,110.0,24.0,3.04,
digimon story: cyber sleuth - hacker's memory,Digimon Story: Cyber Sleuth - Hacker's Memory,Digimon Story: Cyber Sleuth - Hacker's Memory,Digimon Story Cyber Sleuth: Hacker’s Memory,digimon-story-cyber-sleuth-hackers-memory,1.0,2018.0,2018.0,high,2018-03-31,53.0,15.0,4.06,73.0
disco elysium: the final cut,Disco Elysium: The Final Cut,Disco Elysium: The Final Cut,Disco Elysium: Final Cut,disco-elysium-final-cut,0.92,2021.0,2021.0,high,2021-03-30,2185.0,666.0,4.66,90.0
animal well,Animal Well,Animal Well,Animal Well,animal-well,1.0,2024.0,2024.0,high,2024-05-09,394.0,81.0,4.23,
miasma chronicles,Miasma Chronicles,Miasma Chronicles,Miasma Chronicles,miasma-chronicles,1.0,2023.0,2023.0,high,2023-05-22,244.0,26.0,3.57,
stray blade,Stray Blade,Stray Blade,Stray Blade,stray-blade,1.0,2023.0,2023.0,high,2023-04-19,60.0,5.0,0.0,
nour: play with your food,Nour: Play With Your Food,Nour: Play With Your Food,Nour: Play with Your Food,nour-play-with-your-food,1.0,2023.0,,high,,16.0,2.0,0.0,
kena: bridge of spirits,Kena: Bridge of Spirits,Kena: Bridge of Spirits,Kena: Bridge of Spirits,kena-bridge-of-spirits,1.0,2021.0,2021.0,high,2021-09-21,2524.0,469.0,3.97,80.0
sonic colors: ultimate,Sonic Colors: Ultimate,Sonic Colors: Ultimate,Sonic Colors: Ultimate,sonic-colors-ultimate,1.0,2021.0,2021.0,high,2021-09-07,169.0,23.0,3.09,
teenage mutant ninja turtles: the cowabunga collection,Teenage Mutant Ninja Turtles: The Cowabunga Collection,Teenage Mutant Ninja Turtles: The Cowabunga Collection,Teenage Mutant Ninja Turtles: The Cowabunga Collection,teenage-mutant-ninja-turtles-the-cowabunga-collect,1.0,2022.0,2022.0,high,2022-08-30,154.0,18.0,3.78,
monster energy supercross: the official videogame 6,Monster Energy Supercross: The Official Videogame 6,Monster Energy Supercross: The Official Videogame 6,Monster Energy Supercross - The Official Videogame 6,monster-energy-supercross-the-official-videogame-6,1.0,2023.0,2023.0,high,2023-03-09,4.0,0.0,0.0,
dragon ball z: kakarot,Dragon Ball Z: Kakarot,Dragon Ball Z: Kakarot,Dragon Ball Z: Kakarot,dragon-ball-z-kakarot,1.0,2020.0,2020.0,high,2020-01-16,1293.0,156.0,3.73,74.0
final fantasy type-0 hd,Final Fantasy Type-0 HD,Final Fantasy Type-0 HD,Final Fantasy Type-0,final-fantasy-type-0,0.93,2011.0,2011.0,high,2011-10-27,49.0,13.0,3.0,
street fighter v: champion edition,Street Fighter V: Champion Edition,Street Fighter V: Champion Edition,Street Fighter V,street-fighter-v,0.9,2016.0,2016.0,high,2016-02-15,4511.0,511.0,3.48,74.0
pac-man world: re-pac,Pac-Man World: Re-PAC,Pac-Man World: Re-PAC,PAC-MAN WORLD Re-PAC,pac-man-world-re-pac,1.0,2022.0,2022.0,high,2022-08-26,91.0,10.0,3.55,
the outer worlds: spacer's choice edition,The Outer Worlds: Spacer's Choice Edition,The Outer Worlds: Spacer's Choice Edition,The Outer Worlds,the-outer-worlds,0.9,2019.0,2019.0,high,2019-10-25,6418.0,1492.0,3.85,80.0
tales of zestiria,Tales of Zestiria,Tales of Zestiria,Tales of Zestiria,tales-of-zestiria,1.0,2015.0,2015.0,high,2015-01-22,2009.0,236.0,3.56,77.0
tales of symphonia: remastered,Tales of Symphonia: Remastered,Tales of Symphonia: Remastered,Tales of Symphonia (2003),tales-of-symphonia-2003,0.9,2004.0,2003.0,high,2003-08-29,152.0,44.0,4.23,
bulletstorm: full clip edition,Bulletstorm: Full Clip Edition,Bulletstorm: Full Clip Edition,Bulletstorm: Full Clip Edition,bulletstorm-full-clip-edition,1.0,2017.0,2017.0,high,2017-04-07,3089.0,640.0,3.93,76.0
suicide squad: kill the justice league,Suicide Squad: Kill the Justice League,Suicide Squad: Kill the Justice League,Suicide Squad: Kill The Justice League,suicide-squad-kill-the-justice-league,1.0,2024.0,2024.0,high,2024-02-02,500.0,77.0,2.24,
the stanley parable: ultra deluxe,The Stanley Parable: Ultra Deluxe,The Stanley Parable: Ultra Deluxe,The Stanley Parable,the-stanley-parable,0.9,2013.0,2013.0,high,2013-10-17,7655.0,2040.0,4.37,88.0
secret of mana (2018),Secret of Mana (2018),Secret of Mana (2018),Secret of Mana (1993),secret-of-mana-1993,1.0,2018.0,1993.0,low,1993-08-06,256.0,91.0,4.34,
street fighter: 30th anniversary collection,Street Fighter: 30th Anniversary Collection,Street Fighter: 30th Anniversary Collection,Street Fighter 30th Anniversary Collection,street-fighter-30th-anniversary-collection,1.0,2018.0,2018.0,high,2018-05-29,537.0,47.0,3.96,
temtem,Temtem,Temtem,Temtem Clothes Previewer,temtem-clothes-previewer,0.9,2022.0,2022.0,low,2022-05-25,0.0,0.0,0.0,
stranger of paradise: final fantasy origin,Stranger of Paradise: Final Fantasy Origin,Stranger of Paradise: Final Fantasy Origin,Stranger of Paradise: Final Fantasy Origin,stranger-of-paradise-final-fantasy-origin,1.0,2022.0,2022.0,high,2022-03-18,299.0,49.0,3.4,
mega man 11,Mega Man 11,Mega Man 11,Mega Man 11,mega-man-11,1.0,2018.0,2018.0,high,2018-10-02,769.0,90.0,3.73,80.0
alternate jake hunter: daedalus the awakening of golden jazz,Alternate Jake Hunter: Daedalus The Awakening of Golden Jazz,Alternate Jake Hunter: Daedalus The Awakening of Golden Jazz,Alternate Jake Hunter: DAEDALUS The Awakening of Golden Jazz,alternate-jake-hunter-daedalus-the-awakening-of-2,1.0,2019.0,2019.0,high,2019-05-23,43.0,1.0,0.0,
vampire: the masquerade - coteries of new york,Vampire: The Masquerade - Coteries of New York,Vampire: The Masquerade - Coteries of New York,Vampire: The Masquerade - Coteries of New York,vampire-the-masquerade-coteries-of-new-york,1.0,2020.0,2019.0,high,2019-12-04,1175.0,58.0,3.17,70.0
judgment,Judgment,Judgment,Judgment (2019),judgment-2,1.0,2019.0,2019.0,high,2019-06-25,576.0,63.0,4.41,82.0
death note: killer within,Death Note: Killer Within,Death Note: Killer Within,DEATH NOTE Killer Within,death-note-killer-within,1.0,2024.0,2024.0,high,2024-11-05,10.0,2.0,0.0,
the sims 4: city living,The Sims 4: City Living,The Sims 4: City Living,The Sims 4: City Living,the-sims-4-city-living,1.0,2016.0,2016.0,high,2016-11-01,21.0,6.0,4.17,
dragon's dogma: dark arisen,Dragon's Dogma: Dark Arisen,Dragon's Dogma: Dark Arisen,Dragon's Dogma: Dark Arisen,dragons-dogma-dark-arisen,1.0,2016.0,2013.0,medium,2013-04-23,5202.0,680.0,3.92,81.0
mobile suit gundam: extreme vs. maxiboost on,Mobile Suit Gundam: Extreme vs. MaxiBoost On,Mobile Suit Gundam: Extreme vs. MaxiBoost On,MOBILE SUIT GUNDAM EXTREME VS. MAXIBOOST ON,mobile-suit-gundam-extreme-vs-maxiboost-on,1.0,2020.0,2020.0,high,2020-07-30,56.0,2.0,0.0,
klonoa: phantasy reverie series,Klonoa: Phantasy Reverie Series,Klonoa: Phantasy Reverie Series,KLONOA Phantasy Reverie Series,klonoa-phantasy-reverie-series,1.0,2022.0,2022.0,high,2022-07-07,156.0,12.0,3.67,
teardown,Teardown,Teardown,Teardown,teardown-2,1.0,2022.0,2022.0,high,2022-04-21,1423.0,223.0,4.16,80.0
kingdom hearts hd 1.5 + 2.5 remix,Kingdom Hearts HD 1.5 + 2.5 ReMIX,Kingdom Hearts HD 1.5 + 2.5 ReMIX,KINGDOM HEARTS HD 1.5 +2.5 ReMIX,kingdom-hearts-hd-1525-remix,1.0,2017.0,2017.0,high,2017-03-28,1225.0,180.0,4.35,86.0
kingdom hearts hd 2.8: final chapter prologue,Kingdom Hearts HD 2.8: Final Chapter Prologue,Kingdom Hearts HD 2.8: Final Chapter Prologue,Kingdom Hearts HD 2.8 Final Chapter Prologue,kingdom-hearts-hd-28-final-chapter-prologue,1.0,2017.0,2017.0,high,2017-01-12,672.0,110.0,4.1,79.0
kingdom hearts: melody of memory,Kingdom Hearts: Melody of Memory ,Kingdom Hearts: Melody of Memory,Kingdom Hearts: Melody of Memory,kingdom-hearts-melody-of-memory,1.0,2020.0,2020.0,high,2020-11-13,277.0,35.0,3.78,76.0
blasphemous,Blasphemous,Blasphemous,Blasphemous,blasphemous,1.0,2019.0,2019.0,high,2019-09-09,4229.0,584.0,4.05,78.0
wwe 2k24,WWE 2K24,WWE 2K24,WWE 2K24,wwe-2k24,1.0,2024.0,2024.0,high,2024-03-07,35.0,4.0,0.0,
gungrave g.o.r.e.,Gungrave G.O.R.E.,Gungrave G.O.R.E.,Gungrave: G.O.R.E.,gungrave-gore,1.0,2022.0,2022.0,high,2022-11-21,399.0,34.0,2.54,57.0
dragon quest builders,Dragon Quest Builders,Dragon Quest Builders,DRAGON QUEST BUILDERS,dragon-quest-builders,1.0,2016.0,2016.0,high,2016-01-28,761.0,113.0,3.75,82.0
dragon quest heroes: the world tree's woe and the blight below,Dragon Quest Heroes: The World Tree's Woe and the Blight Below,Dragon Quest Heroes: The World Tree's Woe and the Blight Below,DRAGON QUEST HEROES: The World Tree's Woe and the Blight Below,dragon-quest-heroes-the-world-trees-woe-and-the-bl,1.0,2015.0,2015.0,high,2015-02-26,363.0,58.0,3.79,75.0
dragon quest heroes ii: explorer's edition,Dragon Quest Heroes II: Explorer's Edition,Dragon Quest Heroes II: Explorer's Edition,DRAGON QUEST HEROES II,dragon-quest-heroes-ii,0.9,2016.0,2017.0,high,2017-04-25,379.0,32.0,3.78,76.0
ultra street fighter iv,Ultra Street Fighter IV,Ultra Street Fighter IV,Ultra Street Fighter IV,ultra-street-fighter-iv,1.0,2014.0,2014.0,high,2014-06-03,2100.0,206.0,3.87,80.0
r-type dimensions,R-Type Dimensions,R-Type Dimensions,R-Type Dimensions,r-type-dimensions,1.0,2009.0,2010.0,high,2010-04-09,174.0,19.0,3.26,
toukiden: kiwami,Toukiden: Kiwami,Toukiden: Kiwami,Toukiden: Kiwami,toukiden-kiwami,1.0,2014.0,2014.0,high,2014-08-28,375.0,35.0,3.28,78.0
littlebigplanet 3,LittleBigPlanet 3,LittleBigPlanet 3,LittleBigPlanet 3,littlebigplanet-3,1.0,2014.0,2014.0,high,2014-11-18,3633.0,719.0,3.51,79.0
harry potter: quidditch champions,Harry Potter: Quidditch Champions,Harry Potter: Quidditch Champions,Harry Potter: Quidditch Champions,harry-potter-quidditch-champions,1.0,2024.0,2024.0,high,2024-09-03,54.0,11.0,2.0,
marvel's midnight suns,Marvel's Midnight Suns,Marvel's Midnight Suns,Marvel's Midnight Suns,marvels-midnight-suns,1.0,2022.0,2022.0,high,2022-12-02,989.0,112.0,3.97,
13 sentinels: aegis rim,13 Sentinels: Aegis Rim,13 Sentinels: Aegis Rim,13 Sentinels: Aegis Rim,13-sentinels-aegis-rim,1.0,2020.0,2019.0,high,2019-11-28,839.0,129.0,4.27,86.0
sniper ghost warrior contracts 2,Sniper Ghost Warrior Contracts 2,Sniper Ghost Warrior Contracts 2,Sniper: Ghost Warrior Contracts 2,sniper-ghost-warrior-contracts-2,1.0,2021.0,2021.0,high,2021-06-04,375.0,59.0,3.57,74.0
nier replicant ver.1.22474487139...,NieR Replicant ver.1.22474487139... ,NieR Replicant ver.1.22474487139...,NieR Replicant v1.22474487139...,nier-replicant-v122474487139,0.951,2021.0,2021.0,high,2021-04-23,2018.0,267.0,4.37,82.0
star ocean: integrity and faithlessness,Star Ocean: Integrity and Faithlessness,Star Ocean: Integrity and Faithlessness,STAR OCEAN: INTEGRITY AND FAITHLESSNESS,star-ocean-integrity-and-faithlessness,1.0,2016.0,2016.0,high,2016-06-28,285.0,43.0,3.39,58.0
cloudpunk,Cloudpunk,Cloudpunk,Cloudpunk,cloudpunk,1.0,2020.0,2020.0,high,2020-04-22,1552.0,133.0,3.71,65.0
star ocean: the divine force,Star Ocean: The Divine Force,Star Ocean: The Divine Force,Star Ocean: The Divine Force,star-ocean-the-divine-force,1.0,2022.0,2022.0,high,2022-10-27,49.0,7.0,3.29,
star ocean: first departure r,Star Ocean: First Departure R,Star Ocean: First Departure R,Star Ocean First: Departure R,star-ocean-first-departure-r,1.0,2019.0,2008.0,low,2008-10-21,110.0,18.0,3.67,74.0
star ocean: till the end of time,Star Ocean: Till the End of Time,Star Ocean: Till the End of Time,Star Ocean: Till the End of Time,star-ocean-till-the-end-of-time-2,1.0,2004.0,2003.0,high,2003-02-27,64.0,17.0,3.71,76.0
star ocean: the last hope - 4k & fhd remaster,Star Ocean: The Last Hope - 4K & FHD Remaster,Star Ocean: The Last Hope - 4K & FHD Remaster,STAR OCEAN - THE LAST HOPE - 4K & Full HD Remaster,star-ocean-the-last-hope-4k-full-hd-remaster,0.957,2017.0,2017.0,high,2017-11-28,355.0,29.0,3.34,72.0
horizon forbidden west,Horizon Forbidden West,Horizon Forbidden West,Horizon Forbidden West,horizon-zero-dawn-2,1.0,2022.0,2022.0,high,2022-02-18,2784.0,486.0,4.18,86.0
spiritfarer: farewell edition,Spiritfarer: Farewell Edition,Spiritfarer: Farewell Edition,Spiritfarer,spiritfire,0.9,2020.0,2020.0,high,2020-08-18,2784.0,382.0,4.12,84.0
five nights at freddy's: security breach,Five Nights at Freddy's: Security Breach,Five Nights at Freddy's: Security Breach,Five Nights at Freddy's: Security Breach,five-nights-at-freddys-security-breach,1.0,2021.0,2021.0,high,2021-12-16,256.0,57.0,2.91,64.0
ender lilies: quietus of the knights,ENDER LILIES: Quietus of the Knights,ENDER LILIES: Quietus of the Knights,Ender Lilies: Quietus of the Knights,ender-lilies-quietus-of-the-knights,1.0,2021.0,2021.0,high,2021-06-22,580.0,100.0,4.02,86.0
nba 2k24: kobe bryant edition,NBA 2K24: Kobe Bryant Edition,NBA 2K24: Kobe Bryant Edition,NBA 2K24,nba-2k24,0.9,2023.0,2023.0,high,2023-09-08,53.0,5.0,0.0,
destroy all humans! 2: reprobed,Destroy All Humans! 2: Reprobed,Destroy All Humans! 2: Reprobed,Destroy All Humans! 2 - Reprobed,destroy-all-humans-2-reprobed,1.0,2022.0,2022.0,high,2022-08-30,358.0,28.0,3.21,
lost judgment,Lost Judgment,Lost Judgment,Lost Judgment,lost-judgment,1.0,2021.0,2021.0,high,2021-09-24,718.0,70.0,4.33,
spellforce iii: reforced,Spellforce III: Reforced,Spellforce III: Reforced,SpellForce 3: Fallen God,spellforce-3-fallen-god,0.727,2022.0,2020.0,low,2020-11-03,263.0,19.0,3.55,
wild arms 2,Wild Arms 2,Wild Arms 2,Wild Arms 2 (1999),wild-arms-2,1.0,1999.0,1999.0,high,1999-09-02,42.0,15.0,3.6,
trials of mana,Trials of Mana,Trials of Mana,Trials of Mana Remastered,trials-of-mana,0.9,2020.0,2020.0,high,2020-04-23,617.0,76.0,3.35,76.0
tiny tina's wonderlands: next-level edition,Tiny Tina's Wonderlands: Next-Level Edition,Tiny Tina's Wonderlands: Next-Level Edition,Tiny Tina's Wonderlands,tiny-tinas-wonderlands,0.9,2022.0,2022.0,high,2022-03-25,1301.0,135.0,3.6,
dysmantle,Dysmantle,Dysmantle,DYSMANTLE,dysmantle,1.0,2022.0,2020.0,medium,2020-11-05,457.0,61.0,3.86,
fast & furious: spy racers rise of sh1ft3r,Fast & Furious: Spy Racers Rise of SH1FT3R,Fast & Furious: Spy Racers Rise of SH1FT3R,Fast & Furious: Spy Racers Rise of SH1FT3R,fast-furious-spy-racers-rise-of-sh1ft3r,1.0,2021.0,2021.0,high,2021-11-05,49.0,5.0,2.33,
my little pony: a maretime bay adventure,My Little Pony: A Maretime Bay Adventure,My Little Pony: A Maretime Bay Adventure,MY LITTLE PONY: A Maretime Bay Adventure,my-little-pony-a-maretime-bay-adventure,1.0,2022.0,2022.0,high,2022-05-27,42.0,6.0,3.33,
spongebob squarepants: the cosmic shake,SpongeBob Squarepants: The Cosmic Shake,SpongeBob Squarepants: The Cosmic Shake,SpongeBob SquarePants: The Cosmic Shake,spongebob-squarepants-the-cosmic-shake,1.0,2023.0,2023.0,high,2023-01-31,291.0,31.0,3.86,
aew: fight forever,AEW: Fight Forever,AEW: Fight Forever,AEW: Fight Forever,aew-fight-forever,1.0,2023.0,2023.0,high,2023-06-29,28.0,5.0,0.0,
motogp 23,MotoGP 23,MotoGP 23,MotoGP 23,motogp-23,1.0,2023.0,2023.0,high,2023-06-08,8.0,0.0,0.0,
monster jam: steel titans,Monster Jam: Steel Titans,Monster Jam: Steel Titans,Monster Jam Steel Titans,monster-jam-steel-titans,1.0,2019.0,2019.0,high,2019-06-24,73.0,5.0,0.0,
the talos principle: deluxe edition,The Talos Principle: Deluxe Edition,The Talos Principle,The Talos Principle,the-talos-principle,1.0,2015.0,2014.0,high,2014-12-11,5016.0,849.0,4.16,85.0
unturned,Unturned,Unturned,Unturned,unturned,1.0,2014.0,2014.0,high,2014-07-07,8566.0,1124.0,2.73,
baja: edge of control hd,Baja: Edge of Control HD,Baja: Edge of Control HD,BAJA: Edge of Control HD,baja-edge-of-control-hd,1.0,2017.0,2008.0,low,2008-09-22,191.0,23.0,3.0,
destiny 2: lightfall,Destiny 2: Lightfall,Destiny 2: Lightfall,Destiny 2: Lightfall,destiny-2-lightfall,1.0,2023.0,2023.0,high,2023-02-28,48.0,10.0,2.45,
elex ii,ELEX II,ELEX II,ELEX II,elex-ii,1.0,2022.0,2022.0,high,2022-03-01,563.0,61.0,3.34,
mx vs. atv legends,MX vs. ATV Legends,MX vs. ATV Legends,MX vs. ATV Unleashed,mx-vs-atv-unleashed,0.778,2022.0,2006.0,low,2006-01-15,159.0,22.0,4.09,71.0
kingdoms of amalur: re-reckoning,Kingdoms of Amalur: Re-Reckoning,Kingdoms of Amalur: Re-Reckoning,Kingdoms of Amalur: Re-Reckoning,kingdoms-of-amalur-re-reckoning,1.0,2020.0,2020.0,high,2020-09-08,1496.0,105.0,3.41,72.0
horizon zero dawn: complete edition,Horizon Zero Dawn: Complete Edition,Horizon Zero Dawn,Horizon Zero Dawn,horizon-zero-dawn,1.0,2020.0,2017.0,medium,2017-02-28,12860.0,3786.0,4.27,89.0
i am dead,I Am Dead,I Am Dead,I Am Dead,i-am-dead,1.0,2020.0,2020.0,high,2020-10-08,195.0,31.0,3.55,
absolver: downfall,Absolver: Downfall,Absolver: Downfall,Absolver,absolver,0.9,2017.0,2017.0,high,2017-08-28,2777.0,404.0,2.91,69.0
abzû,Abzû,Abzû,ABZU,abzu-2,1.0,2016.0,2016.0,high,2016-08-02,5172.0,1097.0,3.91,83.0
adr1ft,Adr1ft,Adr1ft,ADR1FT,adr1ft,1.0,2016.0,2016.0,high,2016-03-28,906.0,90.0,3.29,64.0
elex,Elex,Elex,ELEX,elex,1.0,2017.0,2017.0,high,2017-10-17,2345.0,311.0,3.52,59.0
final fantasy xv: royal edition,Final Fantasy XV: Royal Edition,Final Fantasy XV: Royal Edition,FINAL FANTASY XV,final-fantasy-xv,0.9,2016.0,2016.0,high,2016-11-29,5852.0,1431.0,3.87,82.0
how to survive 2,How To Survive 2,How To Survive 2,How to Survive 2,how-to-survive-2,1.0,2017.0,2016.0,high,2016-09-08,1266.0,101.0,3.08,69.0
monster jam steel titans 2,Monster Jam Steel Titans 2,Monster Jam Steel Titans 2,Monster Jam Steel Titans 2,monster-jam-steel-titans-2,1.0,2021.0,2021.0,high,2021-03-01,56.0,6.0,3.0,58.0
this is the police,This is the Police,This is the Police,This is the Police,this-is-the-police,1.0,2017.0,2016.0,high,2016-08-01,3658.0,721.0,3.89,66.0
this is the police 2,This is the Police 2,This is the Police 2,This Is the Police 2,this-is-the-police-2,1.0,2018.0,2018.0,high,2018-07-31,1885.0,223.0,3.87,64.0
world of final fantasy,World of Final Fantasy,World of Final Fantasy,WORLD OF FINAL FANTASY,world-of-final-fantasy,1.0,2016.0,2016.0,high,2016-10-25,1008.0,118.0,3.5,77.0
final fantasy x/x-2: hd remaster,Final Fantasy X/X-2: HD Remaster,Final Fantasy X/X-2: HD Remaster,FINAL FANTASY X/X-2 HD Remaster,final-fantasy-xx-2-hd-remaster,1.0,2013.0,2013.0,high,2013-12-26,2507.0,290.0,4.34,85.0
chicken police: paint it red!,Chicken Police: Paint it RED!,Chicken Police: Paint it RED!,Chicken Police – Paint it RED!,chicken-police,1.0,2020.0,2020.0,high,2020-11-05,884.0,34.0,3.83,83.0
dangerous golf,Dangerous Golf,Dangerous Golf,Dangerous Golf,dangerous-golf,1.0,2016.0,2016.0,high,2016-06-02,798.0,43.0,2.93,54.0
fighting ex layer,FIGHTING EX LAYER,FIGHTING EX LAYER,FIGHTING EX LAYER (Standard Version),fighting-ex-layer-standard-version,1.0,2018.0,2018.0,high,2018-06-28,2.0,0.0,0.0,73.0
gunvolt chronicles: luminous avenger ix,Gunvolt Chronicles: Luminous Avenger iX,Gunvolt Chronicles: Luminous Avenger iX,Gunvolt Chronicles: Luminous Avenger iX,gunvolt-chronicles-luminous-avenger-ix,1.0,2019.0,2019.0,high,2019-09-26,97.0,9.0,3.67,81.0
necromunda: underhive wars,Necromunda: Underhive Wars,Necromunda: Underhive Wars,Necromunda: Underhive Wars,necromunda-underhive-wars,1.0,2020.0,2020.0,high,2020-09-08,149.0,10.0,2.6,59.0
r-type final 2,R-Type Final 2,R-Type Final 2,R-Type Final 2,r-type-final-2,1.0,2021.0,2021.0,high,2021-04-30,69.0,3.0,0.0,73.0
reel fishing: road trip adventure,Reel Fishing: Road Trip Adventure ,Reel Fishing: Road Trip Adventure,Reel Fishing: Road Trip Adventure,reel-fishing-road-trip-adventure,1.0,2019.0,2019.0,high,2019-09-11,12.0,2.0,0.0,
nights of azure,Nights of Azure,Nights of Azure,Nights of Azure,nights-of-azure,1.0,2016.0,2015.0,high,2015-10-01,246.0,26.0,3.3,64.0
nights of azure 2: bride of the new moon,Nights of Azure 2: Bride of the New Moon,Nights of Azure 2: Bride of the New Moon,Nights of Azure 2: Bride of the New Moon,nights-of-azure-2-bride-of-the-new-moon,1.0,2017.0,2017.0,high,2017-10-24,102.0,16.0,3.44,66.0
warriors all-stars,Warriors All-Stars,Warriors All-Stars,WARRIORS ALL-STARS,warriors-all-stars-2,1.0,2017.0,2017.0,high,2017-09-26,91.0,11.0,3.45,70.0
neo: the world ends with you,NEO: The World Ends with You,NEO: The World Ends with You,NEO: The World Ends With You,neo-the-world-ends-with-you,1.0,2018.0,2021.0,medium,2021-07-27,357.0,32.0,3.88,82.0
steelrising,Steelrising,Steelrising,Steelrising,steelrising,1.0,2022.0,2022.0,high,2022-09-08,687.0,94.0,3.01,71.0
foamstars,Foamstars,Foamstars,Foamstars,foamstars,1.0,2024.0,2024.0,high,2024-02-06,19.0,3.0,0.0,
i am setsuna,I am Setsuna,I am Setsuna,I Am Setsuna,i-am-setsuna,1.0,2016.0,2016.0,high,2016-02-18,313.0,44.0,3.28,73.0
lost sphear,Lost Sphear,Lost Sphear,LOST SPHEAR,lost-sphear,1.0,2018.0,2018.0,high,2018-01-23,233.0,21.0,3.12,
oninaki,Oninaki,Oninaki,Oninaki,oninaki,1.0,2019.0,2019.0,high,2019-08-22,262.0,27.0,2.54,70.0
devil may cry 5: special edition,Devil May Cry 5: Special Edition,Devil May Cry 5,Devil May Cry 5,devil-may-cry-5,1.0,2019.0,2019.0,high,2019-03-08,6734.0,1546.0,4.25,88.0
jett: the far shore,JETT: The Far Shore,JETT: The Far Shore,Jett: The Far Shore,jett-the-far-shore-ot-superbrothers,1.0,2021.0,2021.0,high,2021-10-06,93.0,11.0,2.73,65.0
mitsurugi kamui hikae,Mitsurugi Kamui Hikae,Mitsurugi Kamui Hikae,Mitsurugi Kamui Hikae,mitsurugi-kamui-hikae,1.0,2016.0,2014.0,medium,2014-03-09,759.0,52.0,2.7,58.0
the missing: j.j. macfield and the island of memories,The Missing: J.J. Macfield and the Island of Memories,The Missing: J.J. Macfield and the Island of Memories,The Missing: J.J. Macfield and the Island of Memories,the-missing-jj-macfield-and-the-island-of-memories,1.0,2018.0,2018.0,high,2018-10-11,328.0,50.0,3.92,78.0
middle-earth: shadow of mordor,Middle-Earth: Shadow of Mordor,Middle-Earth: Shadow of Mordor,Middle-earth: Shadow of Mordor,shadow-of-mordor,1.0,2014.0,2014.0,high,2014-09-30,11821.0,2570.0,3.91,85.0
foreclosed,Foreclosed,Foreclosed,FORECLOSED.,foreclosed-2,1.0,2021.0,,high,,2.0,1.0,0.0,
caladrius blaze,Caladrius Blaze,Caladrius Blaze,Caladrius Blaze,caladrius-blaze,1.0,2016.0,2016.0,high,2016-08-09,122.0,6.0,4.0,
damascus gear: operation tokyo - hd edition,Damascus Gear: Operation Tokyo - HD Edition,Damascus Gear: Operation Tokyo - HD Edition,Damascus Gear Operation Tokyo,damascus-gear-operation-tokyo,0.9,2013.0,2013.0,high,2013-12-25,49.0,3.0,0.0,58.0
el hijo: a wild west tale,El Hijo: A Wild West Tale,El Hijo: A Wild West Tale,El Hijo - A Wild West Tale,el-hijo,1.0,2021.0,2021.0,high,2021-03-25,197.0,13.0,2.92,72.0
legends of ethernal,Legends of Ethernal,Legends of Ethernal,Legends of Ethernal,legends-of-ethernal,1.0,2020.0,2020.0,high,2020-10-30,34.0,0.0,0.0,61.0
dragon ball: the breakers,Dragon Ball: The Breakers,Dragon Ball: The Breakers,DRAGON BALL: THE BREAKERS,dragon-ball-the-breakers,1.0,2022.0,2022.0,high,2022-10-13,57.0,7.0,2.57,
mafia ii: definitive edition,Mafia II: Definitive Edition,Mafia II,Mafia II: Definitive Edition,mafia-ii-definitive-edition,1.0,2020.0,2020.0,high,2020-05-19,5339.0,629.0,3.89,65.0
ace of seafood,Ace of Seafood,Ace of Seafood,Ace of Seafood,ace-of-seafood,1.0,2016.0,2016.0,high,2016-04-08,223.0,11.0,3.0,
connectank,ConnecTank,ConnecTank,ConnecTank,connectank,1.0,2021.0,2021.0,high,2021-09-28,92.0,2.0,0.0,
wild guns: reloaded,Wild Guns: Reloaded,Wild Guns: Reloaded,Wild Guns Reloaded,wild-guns-reloaded,1.0,2016.0,2016.0,high,2016-12-20,189.0,14.0,3.79,77.0
weird west,Weird West,Weird West,Weird West,weird-west,1.0,2022.0,2022.0,high,2022-03-31,1328.0,174.0,3.75,77.0
astebreed,Astebreed,Astebreed,Astebreed,astebreed,1.0,2015.0,2014.0,high,2014-05-29,528.0,30.0,3.42,86.0
clouds & sheep 2,Clouds & Sheep 2,Clouds & Sheep 2,Clouds & Sheep 2,clouds-sheep-2,1.0,2017.0,2015.0,medium,2015-08-27,150.0,7.0,3.57,
gal gunvolt burst,Gal Gunvolt Burst,Gal Gunvolt Burst,GAL*GUNVOLT BURST,galgunvolt-burst,1.0,2018.0,2018.0,high,2018-03-15,17.0,0.0,0.0,
torquel,TorqueL,TorqueL,TorqueL,torquel,1.0,2015.0,2015.0,high,2015-01-22,379.0,47.0,2.36,
goosebumps: the game,Goosebumps: The Game,Goosebumps: The Game,Goosebumps: The Game,goosebumps-the-game,1.0,2015.0,2015.0,high,2015-10-12,303.0,25.0,3.24,
saints row (2022),Saints Row (2022),Saints Row (2022),Saints Row (2022),saints-row-2022,1.0,2022.0,2022.0,high,2022-08-23,458.0,111.0,2.22,
black desert: traveler edition,Black Desert: Traveler Edition,Black Desert: Traveler Edition,Black Desert - Drieghan Companion Pack,black-desert-drieghan-companion-pack,0.585,2019.0,2020.0,low,2020-05-22,4.0,0.0,0.0,
death end re;quest2,Death end re;Quest2,Death end re;Quest2,Death end reQuest 2,death-end-request-2-2,0.5,2020.0,2020.0,low,2020-08-17,113.0,4.0,0.0,70.0
nidhogg 2,Nidhogg 2,Nidhogg 2,Nidhogg 2,nidhogg-2,1.0,2017.0,2017.0,high,2017-08-15,474.0,106.0,3.86,80.0
through the darkest of times,Through The Darkest of Times,Through The Darkest of Times,Through the Darkest of Times,through-the-darkest-of-times,1.0,2020.0,2020.0,high,2020-01-29,1045.0,34.0,3.11,
umbrella corps,Umbrella Corps,Umbrella Corps,Umbrella Corps /Biohazard Umbrella Corps,umbrella-corps,0.9,2016.0,2016.0,high,2016-06-21,1117.0,85.0,1.84,
pga tour 2k23,PGA Tour 2K23,PGA Tour 2K23,PGA TOUR 2K23,pga-tour-2k23,1.0,2022.0,2022.0,high,2022-10-11,74.0,8.0,2.88,
dcl: the game,DCL: The Game,DCL: The Game,DCL - The Game,dcl-the-game,1.0,2020.0,2020.0,high,2020-02-18,46.0,5.0,0.0,66.0
grip combat racing,GRIP Combat Racing,GRIP Combat Racing,GRIP: Combat Racing,grip,1.0,2018.0,2018.0,high,2018-11-05,1912.0,149.0,3.0,68.0
8-bit armies,8-Bit Armies,8-Bit Armies,8-Bit Armies,8-bit-armies,1.0,2018.0,2016.0,medium,2016-04-21,319.0,23.0,3.39,69.0
nidhogg,Nidhogg,Nidhogg,Nidhogg,nidhogg,1.0,2014.0,2014.0,high,2014-01-13,2098.0,362.0,4.01,81.0
alan wake: remastered,Alan Wake: Remastered,Alan Wake: Remastered,Alan Wake Remastered,alan-wake-remastered,1.0,2021.0,2021.0,high,2021-10-05,1034.0,225.0,4.0,
endling: extinction is forever,Endling: Extinction is Forever,Endling: Extinction is Forever,Endling - Extinction is Forever,endling,1.0,2022.0,2022.0,high,2022-07-19,309.0,41.0,3.79,
rogue stormers,Rogue Stormers,Rogue Stormers,Rogue Stormers,rogue-stormers,1.0,2016.0,2016.0,high,2016-04-21,342.0,18.0,2.28,68.0
raiden v: director's cut,Raiden V: Director's Cut,Raiden V,Raiden V,raiden-v,1.0,2016.0,2016.0,high,2016-05-11,23.0,2.0,0.0,
bioshock 2: remastered,Bioshock 2: Remastered,Bioshock 2: Remastered,BioShock 2 Remastered,bioshock-2-remastered,1.0,2016.0,2016.0,high,2016-09-15,9199.0,1014.0,4.0,
bioshock infinite: the complete edition,Bioshock Infinite: The Complete Edition,Bioshock Infinite,BioShock Infinite,bioshock-infinite,1.0,2013.0,2013.0,high,2013-03-26,16166.0,4187.0,4.38,94.0
bioshock: remastered,Bioshock: Remastered,Bioshock: Remastered,BioShock Remastered,bioshock-remastered,1.0,2016.0,2016.0,high,2016-09-15,10947.0,1430.0,4.24,
fluster cluck,Fluster Cluck,Fluster Cluck,FLUSTER CLUCK,fluster-cluck,1.0,2014.0,2014.0,high,2014-10-21,28.0,0.0,0.0,
nba 2k23,NBA 2K23,NBA 2K23,NBA 2K23,nba-2k23,1.0,2022.0,2022.0,high,2022-09-09,258.0,22.0,3.09,
wytchwood,Wytchwood,Wytchwood,Wytchwood,wytchwood,1.0,2021.0,2021.0,high,2021-12-09,312.0,19.0,3.75,78.0
9 monkeys of shaolin,9 Monkeys of Shaolin,9 Monkeys of Shaolin,9 Monkeys of Shaolin,9-monkeys-of-shaolin,1.0,2020.0,2020.0,high,2020-10-16,243.0,33.0,3.61,71.0
ash of gods: redemption,Ash of Gods: Redemption,Ash of Gods: Redemption,Ash of Gods: Redemption,ash-of-gods-redemption,1.0,2018.0,2018.0,high,2018-03-22,145.0,34.0,3.39,65.0
avicii invector,Avicii Invector,Avicii Invector,AVICII Invector,invector,1.0,2019.0,2019.0,high,2019-12-09,431.0,24.0,3.84,81.0
keywe,KeyWe,KeyWe,KeyWe,keywe,1.0,2021.0,2021.0,high,2021-08-31,260.0,24.0,3.76,74.0
no straight roads,No Straight Roads,No Straight Roads,No Straight Roads,no-straight-roads,1.0,2020.0,2020.0,high,2020-08-25,161.0,23.0,3.52,71.0
party hard,Party Hard,Party Hard,Party Hard,party-hard,1.0,2015.0,2015.0,high,2015-08-24,2233.0,285.0,3.52,64.0
redeemer: enhanced edition,Redeemer: Enhanced Edition,Redeemer,Redeemer,redeemer,1.0,2017.0,2017.0,high,2017-08-01,797.0,64.0,3.21,64.0
john wick hex,John Wick Hex,John Wick Hex,John Wick Hex,john-wick-hex,1.0,2019.0,2019.0,high,2019-10-08,973.0,47.0,3.11,74.0
black mirror,Black Mirror,Black Mirror,Black Mirror (2017),black-mirror-2017,1.0,2017.0,2017.0,high,2017-11-28,299.0,62.0,2.75,57.0
red faction,Red Faction,Red Faction,Red Faction,red-faction,1.0,2001.0,2001.0,high,2001-05-01,2220.0,286.0,3.88,78.0
joe dever's lone wolf,Joe Dever's Lone Wolf,Joe Dever's Lone Wolf,Joe Dever's Lone Wolf Complete,joe-devers-lone-wolf-complete-2,0.9,2013.0,,low,,0.0,0.0,0.0,
balan wonderworld,Balan Wonderworld,Balan Wonderworld,Balan Wonderworld,balan-wonderworld,1.0,2021.0,2021.0,high,2021-03-26,187.0,24.0,1.83,43.0
marvel's spider-man: game of the year edition,Marvel's Spider-Man: Game of the Year Edition,Marvel's Spider-Man,Marvel's Spider-Man,marvels-spider-man,1.0,2019.0,2018.0,high,2018-09-07,10576.0,3752.0,4.45,87.0
tour de france 2021,Tour de France 2021,Tour de France 2021,Tour de France 2021 Xbox Series X|S,tour-de-france-2021-xbox-series-xs,0.5,2021.0,2021.0,low,2021-07-01,1.0,0.0,0.0,
chocobo's mystery dungeon every buddy!,Chocobo's Mystery Dungeon EVERY BUDDY!,Chocobo's Mystery Dungeon EVERY BUDDY!,Chocobo's Mystery Dungeon EVERY BUDDY!,chocobos-mystery-dungeon-every-buddy,1.0,2019.0,2019.0,high,2019-03-20,58.0,6.0,3.83,71.0
chronos: before the ashes,Chronos: Before the Ashes,Chronos: Before the Ashes,Chronos: Before the Ashes,chronos-before-the-ashes,1.0,2020.0,2020.0,high,2020-12-01,184.0,18.0,3.0,68.0
dreamfall chapters,Dreamfall Chapters,Dreamfall Chapters,Dreamfall Chapters,dreamfall-chapters,1.0,2014.0,2014.0,high,2014-10-20,2025.0,238.0,3.83,71.0
left alive: day one edition,Left Alive: Day One Edition,Left Alive: Day One Edition,Left Alive,left-alive,0.9,2019.0,2019.0,high,2019-03-05,213.0,25.0,1.96,38.0
mighty no. 9,Mighty No. 9,Mighty No. 9,Mighty No. 9,mighty-no-9,1.0,2016.0,2016.0,high,2016-06-21,1413.0,189.0,2.29,52.0
mx vs. atv: all out,MX vs. ATV: All Out,MX vs. ATV: All Out,MX vs ATV All Out,mx-vs-atv-all-out,1.0,2018.0,2018.0,high,2018-03-23,91.0,7.0,3.29,51.0
nba 2k playgrounds 2,NBA 2K Playgrounds 2,NBA 2K Playgrounds 2,NBA 2K Playgrounds 2,nba-2k-playgrounds-2,1.0,2018.0,2018.0,high,2018-10-16,325.0,45.0,3.04,68.0
pathfinder: kingmaker - definitive edition,Pathfinder: Kingmaker - Definitive Edition,Pathfinder: Kingmaker,Pathfinder: Kingmaker,pathfinder-kingmaker,1.0,2018.0,2018.0,high,2018-09-25,2823.0,328.0,3.92,73.0
star ocean first departure r,Star Ocean First Departure R,Star Ocean First Departure R,Star Ocean First: Departure R,star-ocean-first-departure-r,1.0,2008.0,2008.0,high,2008-10-21,110.0,18.0,3.67,74.0
tt isle of man: ride of the edge 2,TT Isle of Man: Ride of the Edge 2,TT Isle of Man: Ride of the Edge 2,TT Isle of Man - Ride on the Edge,tt-isle-of-man-ride-on-the-edge,0.5,2018.0,2018.0,low,2018-03-13,14.0,1.0,0.0,68.0
virginia,Virginia,Virginia,Virginia,virginia,1.0,2016.0,2016.0,high,2016-09-21,1583.0,260.0,3.24,74.0
batman: return to arkham - arkham asylum,Batman: Return to Arkham - Arkham Asylum,Batman: Return to Arkham - Arkham Asylum,Batman: Return to Arkham,batman-return-to-arkham,0.9,2016.0,2016.0,high,2016-10-18,904.0,156.0,4.41,75.0
batman: return to arkham - arkham city,Batman: Return to Arkham - Arkham City,Batman: Return to Arkham - Arkham City,Batman: Return to Arkham,batman-return-to-arkham,0.9,2016.0,2016.0,high,2016-10-18,904.0,156.0,4.41,75.0
lego harry potter collection,LEGO Harry Potter Collection,LEGO Harry Potter Collection,LEGO Harry Potter Collection,lego-harry-potter-collection,1.0,2016.0,2016.0,high,2016-10-18,604.0,78.0,3.77,73.0
metro 2033: redux,Metro 2033: Redux,Metro 2033: Redux,Metro 2033 Redux,metro-redux,1.0,2014.0,2014.0,high,2014-08-25,9364.0,1935.0,4.1,88.0
metro: last light - redux,Metro: Last Light - Redux,Metro: Last Light - Redux,Metro: Last Light Redux,metro-last-light-redux,1.0,2014.0,2014.0,high,2014-08-25,9396.0,1708.0,4.13,76.0
red faction: guerrilla re-mars-tered,Red Faction: Guerrilla Re-Mars-tered,Red Faction: Guerrilla Re-Mars-tered,Red Faction Guerrilla Re-Mars-tered,red-faction-guerilla-re-mars-tered,1.0,2018.0,2018.0,high,2018-07-02,3478.0,290.0,3.47,70.0
resident evil (2015),Resident Evil (2015),Resident Evil (2015),Resident Evil (2002),resident-evil-2002,1.0,2005.0,2002.0,medium,2002-03-22,1300.0,324.0,4.37,88.0
pixel piracy,Pixel Piracy,Pixel Piracy,Pixel Piracy,pixel-piracy,1.0,2016.0,2013.0,medium,2013-12-12,1600.0,127.0,2.84,52.0
call of duty: black ops iii - zombies chronicles edition,Call of Duty: Black Ops III - Zombies Chronicles Edition,Call of Duty: Black Ops III - Zombies Chronicles Edition,Call of Duty: Black Ops III,cod-black-ops-iii,0.9,2017.0,2015.0,low,2015-11-06,7285.0,1511.0,3.27,73.0
god of war (2018),God of War (2018),God of War (2018),God of War (2018),god-of-war-2,1.0,2018.0,2018.0,high,2018-04-20,14684.0,5215.0,4.54,94.0
ratchet and clank (2016),Ratchet and Clank (2016),Ratchet and Clank (2016),Ratchet & Clank: Into the Nexus,ratchet-clank-into-the-nexus,0.9,2016.0,2013.0,low,2013-11-06,411.0,96.0,3.97,76.0
the last of us: remastered,The Last of Us: Remastered,The Last of Us: Remastered,The Last Of Us Remastered,the-last-of-us-remastered,1.0,2014.0,2014.0,high,2014-07-29,9002.0,2858.0,4.69,95.0
meet your maker,Meet Your Maker,Meet Your Maker,Meet Your Maker,meet-your-maker,1.0,2023.0,2023.0,high,2023-04-04,113.0,12.0,2.86,
tails of iron,Tails of Iron,Tails of Iron,Tails of Iron,tails-of-iron,1.0,2021.0,2021.0,high,2021-09-16,594.0,108.0,3.9,82.0
2dark,2Dark,2Dark,2Dark,2dark,1.0,2017.0,2017.0,high,2017-03-09,413.0,12.0,3.57,68.0
croixleur sigma,Croixleur Sigma,Croixleur Sigma,Croixleur Sigma,croixleur-sigma,1.0,2016.0,2014.0,medium,2014-04-30,197.0,14.0,2.5,56.0
gabbuchi,Gabbuchi,Gabbuchi,Gabbuchi,gabbuchi,1.0,2019.0,2019.0,high,2019-01-31,20.0,3.0,0.0,
marvel puzzle quest,Marvel Puzzle Quest,Marvel Puzzle Quest,Marvel Puzzle Quest,marvel-puzzle-quest,1.0,2013.0,2013.0,high,2013-10-03,793.0,46.0,2.96,
the caligula effect: overdose,The Caligula Effect: Overdose,The Caligula Effect: Overdose,The Caligula Effect: Overdose,the-caligula-effect-overdose,1.0,2018.0,2018.0,high,2018-05-17,173.0,16.0,3.29,61.0
the wonderful 101: remastered,The Wonderful 101: Remastered,The Wonderful 101: Remastered,THE WONDERFUL 101: REMASTERED,the-wonderful-101-remastered,1.0,2020.0,2020.0,high,2020-05-19,404.0,36.0,3.82,78.0
naruto shippuden: ultimate ninja storm 4,Naruto Shippuden: Ultimate Ninja Storm 4,Naruto Shippuden: Ultimate Ninja Storm 4,NARUTO SHIPPUDEN: Ultimate Ninja STORM 4,naruto-shippuden-ultimate-ninja-storm-4,1.0,2016.0,2016.0,high,2016-02-04,2703.0,504.0,4.02,80.0
minecraft: dungeons,Minecraft: Dungeons,Minecraft: Dungeons,Minecraft: Dungeons,minecraft-dungeons,1.0,2020.0,2020.0,high,2020-05-26,602.0,237.0,3.52,74.0
monster energy supercross: the official videogame 5,Monster Energy Supercross: The Official Videogame 5,Monster Energy Supercross: The Official Videogame 5,Monster Energy Supercross - The Official Videogame 5,monster-energy-supercross-the-official-videogame-5,1.0,2022.0,2022.0,high,2022-03-17,15.0,1.0,0.0,
danger zone,Danger Zone,Danger Zone,Danger Zone,danger-zone,1.0,2017.0,2017.0,high,2017-05-29,134.0,17.0,2.47,64.0
override 2: super mech league,Override 2: Super Mech League,Override 2: Super Mech League,Override 2: Super Mech League,override-2-super-mech-league,1.0,2020.0,2020.0,high,2020-12-22,55.0,2.0,0.0,58.0
victor vran: overkill edition,Victor Vran: Overkill Edition,Victor Vran: Overkill Edition,Victor Vran,victor-vran,0.9,2015.0,2015.0,high,2015-07-23,2246.0,239.0,3.38,75.0
dungeons 2,Dungeons 2,Dungeons 2,Dungeons 2,dungeons-2,1.0,2016.0,2015.0,high,2015-04-23,3769.0,268.0,2.84,70.0
velocibox,Velocibox,Velocibox,Velocibox,velocibox,1.0,2015.0,2014.0,high,2014-09-08,444.0,24.0,3.08,62.0
wwe 2k22,WWE 2K22,WWE 2K22,WWE 2K22,wwe-2k22,1.0,2022.0,2022.0,high,2022-03-08,344.0,42.0,3.86,
destiny 2: beyond light,Destiny 2: Beyond Light,Destiny 2: Beyond Light,Destiny 2: Beyond Light,destiny-2-beyond-light,1.0,2020.0,2020.0,high,2020-11-10,111.0,30.0,3.7,74.0
olliolli world,OlliOlli World,OlliOlli World,OlliOlli World,olliolli-world,1.0,2022.0,2022.0,high,2022-02-07,915.0,64.0,3.73,
grand theft auto: vice city - the definitive edition,Grand Theft Auto: Vice City - The Definitive Edition,Grand Theft Auto: Vice City,Grand Theft Auto: Vice City – The Definitive Edition,grand-theft-auto-vice-city-the-definitive-edition,1.0,2021.0,2021.0,high,2021-11-11,477.0,97.0,3.74,
agatha christie: the abc murders,Agatha Christie: The ABC Murders,Agatha Christie: The ABC Murders,Agatha Christie - The ABC Murders,agatha-christie-the-abc-murders,1.0,2016.0,2016.0,high,2016-02-03,1068.0,79.0,3.38,67.0
pure farming 2018,Pure Farming 2018,Pure Farming 2018,Pure Farming 2018,pure-farming-2018,1.0,2018.0,2018.0,high,2018-03-13,161.0,7.0,2.86,70.0
rad rodgers,Rad Rodgers,Rad Rodgers,Rad Rodgers,rad-rodgers,1.0,2018.0,2018.0,high,2018-02-19,316.0,25.0,3.12,67.0
sine mora ex,Sine Mora EX,Sine Mora EX,Sine Mora,sine-mora,0.9,2012.0,2012.0,high,2012-03-21,1556.0,131.0,3.33,77.0
skydrift infinity,SkyDrift Infinity,SkyDrift Infinity,Skydrift Infinity,skydrift-infinity,1.0,2021.0,2021.0,high,2021-07-29,59.0,3.0,0.0,
sparkle unleashed,Sparkle Unleashed,Sparkle Unleashed,Sparkle Unleashed,sparkle-unleashed,1.0,2015.0,2014.0,high,2014-04-16,128.0,5.0,0.0,65.0
saints row: the third - remastered,Saints Row: The Third - Remastered,Saints Row: The Third - Remastered,Saints Row: The Third Remastered,saints-row-the-third-remastered,1.0,2020.0,2020.0,high,2020-05-22,1067.0,140.0,3.74,73.0
whispering willows,Whispering Willows,Whispering Willows,Whispering Willows,whispering-willows,1.0,2015.0,2013.0,medium,2013-07-30,1088.0,81.0,2.93,64.0
axiom verge 2,Axiom Verge 2,Axiom Verge 2,Axiom Verge 2,axiom-verge-2,1.0,2021.0,2021.0,high,2021-08-11,281.0,33.0,3.77,76.0
enigmatis: the ghosts of maple creek,Enigmatis: The Ghosts of Maple Creek,Enigmatis: The Ghosts of Maple Creek,Enigmatis: The Ghosts of Maple Creek (Full),enigmatis-the-ghosts-of-maple-creek-full,1.0,2016.0,2019.0,medium,2019-07-30,0.0,0.0,0.0,
masters of anima,Masters of Anima,Masters of Anima,Masters of Anima,masters-of-anima,1.0,2018.0,2018.0,high,2018-04-09,210.0,26.0,3.5,74.0
seasons after fall,Seasons After Fall,Seasons After Fall,Seasons After Fall,seasons-after-fall,1.0,2016.0,2016.0,high,2016-09-01,1323.0,125.0,3.34,75.0
shiness: the lightning kingdom,Shiness: The Lightning Kingdom,Shiness: The Lightning Kingdom,Shiness: The Lightning Kingdom,shiness-the-lightning-kingdom,1.0,2017.0,2017.0,high,2017-04-18,924.0,27.0,2.56,68.0
the council: the complete season,The Council: The Complete Season,The Council: The Complete Season,The Council - The Complete Season,the-council-the-complete-season,1.0,2020.0,2020.0,high,2020-03-24,14.0,5.0,0.0,70.0
leo's fortune,Leo's Fortune,Leo's Fortune,Leo's Fortune,leos-fortune,1.0,2015.0,2014.0,high,2014-04-23,177.0,47.0,3.88,74.0
the last tinker: city of colors,The Last Tinker: City of Colors,The Last Tinker: City of Colors,The Last Tinker: City of Colors,the-last-tinker-city-of-colors,1.0,2014.0,2014.0,high,2014-05-11,768.0,34.0,2.74,72.0
biomutant,Biomutant,Biomutant,Biomutant,biomutant,1.0,2021.0,2021.0,high,2021-05-25,1851.0,245.0,2.76,69.0
pillars of eternity: complete edition,Pillars of Eternity: Complete Edition,Pillars of Eternity,Pillars of Eternity,pillars-of-eternity,1.0,2015.0,2015.0,high,2015-03-26,4736.0,728.0,3.96,89.0
heavenly bodies,Heavenly Bodies,Heavenly Bodies,Heavenly Bodies,heavenly-bodies-2,1.0,2021.0,2021.0,high,2021-12-07,317.0,49.0,3.76,80.0
nioh 2: remastered,Nioh 2: Remastered,Nioh 2: Remastered,Nioh 2,nioh-2,0.9,2020.0,2020.0,high,2020-03-13,1370.0,151.0,3.94,85.0
mxgp 2021,MXGP 2021,MXGP 2021,MXGP 2021 - The Official Motocross Videogame,mxgp-2021-the-official-motocross-videogame,0.9,2021.0,2021.0,high,2021-11-30,11.0,0.0,0.0,
mafia iii: definitive edition,Mafia III: Definitive Edition,Mafia III,Mafia III: Definitive Edition,mafia-iii-definitive-edition,1.0,2020.0,2020.0,high,2020-05-19,2618.0,405.0,3.16,
dead nation: apocalypse edition,Dead Nation: Apocalypse Edition,Dead Nation: Apocalypse Edition,Dead Rising 3 Apocalypse Edition,dead-rising-3-apocalypse-edition,0.5,2014.0,2014.0,low,2014-09-05,1436.0,143.0,3.42,
ride 4,RIDE 4,RIDE 4,RIDE 4,ride-4,1.0,2020.0,2020.0,high,2020-10-05,182.0,18.0,3.17,75.0
pga tour 2k21,PGA Tour 2K21,PGA Tour 2K21,PGA TOUR 2K21,pga-tour-2k21,1.0,2020.0,2020.0,high,2020-08-21,1375.0,45.0,3.48,75.0
need for speed: heat,Need for Speed: Heat,Need for Speed: Heat,Need for Speed Heat,need-for-speed-heat,1.0,2019.0,2019.0,high,2019-11-08,3918.0,564.0,3.27,73.0
granblue fantasy: versus,Granblue Fantasy: Versus,Granblue Fantasy: Versus,Granblue Fantasy: Versus,granblue-fantasy-versus,1.0,2020.0,2020.0,high,2020-03-13,494.0,48.0,3.41,78.0
tony hawk's pro skater 1 + 2,Tony Hawk's Pro Skater 1 + 2,Tony Hawk's Pro Skater 1 + 2,Tony Hawk's Pro Skater 1 + 2,tony-hawks-pro-skater-12,1.0,2020.0,2020.0,high,2020-09-04,1815.0,233.0,4.29,88.0
wrc 10: fia world rally championship,WRC 10: FIA World Rally Championship,WRC 10: FIA World Rally Championship,WRC 9 FIA World Rally Championship,wrc-9,0.5,2021.0,2020.0,low,2020-09-04,180.0,17.0,3.88,78.0
killzone: shadow fall - intercept,Killzone: Shadow Fall - Intercept,Killzone: Shadow Fall - Intercept,Killzone Shadow Fall Intercept,killzone-shadow-fall-intercept,1.0,2014.0,2014.0,high,2014-06-24,37.0,5.0,0.0,
arcadegeddon,Arcadegeddon,Arcadegeddon,Arcadegeddon,arcadegeddon,1.0,2022.0,2021.0,high,2021-07-08,97.0,9.0,2.11,
syberia,Syberia,Syberia,Syberia,syberia,1.0,2002.0,2002.0,high,2002-01-09,6857.0,804.0,3.94,82.0
naruto to boruto: shinobi strikers,Naruto to Boruto: Shinobi Strikers,Naruto to Boruto: Shinobi Strikers,NARUTO TO BORUTO: SHINOBI STRIKER,naruto-to-boruto-shinobi-striker,0.985,2018.0,2018.0,high,2018-08-30,1550.0,108.0,3.04,62.0
nickelodeon all-star brawl,Nickelodeon All-Star Brawl,Nickelodeon All-Star Brawl,Nickelodeon All-Star Brawl,nickelodeon-all-star-brawl,1.0,2021.0,2021.0,high,2021-10-05,1216.0,52.0,2.86,
shadow warrior 3,Shadow Warrior 3,Shadow Warrior 3,Shadow Warrior 3,shadow-warrior-3,1.0,2022.0,2022.0,high,2022-03-01,793.0,140.0,3.65,70.0
blasphemous: wounds of eventide,Blasphemous: Wounds of Eventide,Blasphemous: Wounds of Eventide,Blasphemous: Wounds of Eventide,blasphemous-wounds-of-eventide,1.0,2021.0,2021.0,high,2021-12-09,31.0,9.0,3.78,
grand theft auto iii: the definitive edition,Grand Theft Auto III: The Definitive Edition,Grand Theft Auto III,Grand Theft Auto III: The Definitive Edition,grand-theft-auto-iii-the-definitive-edition,1.0,2021.0,2021.0,high,2021-11-11,246.0,81.0,3.42,
monster jam steel titans,Monster Jam Steel Titans,Monster Jam Steel Titans,Monster Jam Steel Titans,monster-jam-steel-titans,1.0,2019.0,2019.0,high,2019-06-24,73.0,5.0,0.0,
ride 3,RIDE 3,RIDE 3,RIDE 3,ride-3,1.0,2018.0,2018.0,high,2018-11-30,178.0,18.0,2.78,
titan quest,Titan Quest,Titan Quest,Titan Quest,titan-quest,1.0,2006.0,2006.0,high,2006-06-26,3980.0,576.0,3.91,69.0
monster energy supercross - the official videogame,Monster Energy Supercross - The Official Videogame,Monster Energy Supercross - The Official Videogame,Monster Energy Supercross - The Official Videogame,monster-energy-supercross-the-official-videogame,1.0,2018.0,2018.0,high,2018-02-13,628.0,101.0,2.03,68.0
real farm,Real Farm,Real Farm,Real Farm Sim,real-farm,0.9,2017.0,2017.0,high,2017-10-20,99.0,12.0,2.17,
dark arcana: the carnival,DARK ARCANA: THE CARNIVAL,DARK ARCANA: THE CARNIVAL,Dark Arcana: The Carnival,dark-arcana-the-carnival,1.0,2014.0,2014.0,high,2014-10-28,417.0,25.0,3.44,
wuppo,Wuppo,Wuppo,Wuppo,wuppo,1.0,2016.0,2016.0,high,2016-09-28,1275.0,63.0,3.19,80.0
tachyon project,Tachyon Project,Tachyon Project,Tachyon Project,tachyon-project,1.0,2015.0,2015.0,high,2015-07-15,139.0,2.0,0.0,
mxgp3: the official motocross videogame,MXGP3: The Official Motocross Videogame,MXGP3: The Official Motocross Videogame,MXGP3 - The Official Motocross Videogame,mxgp3,1.0,2017.0,2017.0,high,2017-05-29,189.0,24.0,2.62,
desert child,Desert Child,Desert Child,Desert Child,desert-child,1.0,2017.0,2017.0,high,2017-05-31,1104.0,32.0,2.56,
rive,RIVE,RIVE,"RIVE: Wreck, Hack, Die, Retry!",rive,0.9,2016.0,2016.0,high,2016-09-13,1162.0,54.0,2.87,
gal*gun: double peace,Gal*Gun: Double Peace,Gal*Gun: Double Peace,Gal*Gun: Double Peace,galgun-double-peace,1.0,2015.0,2015.0,high,2015-08-06,276.0,32.0,3.25,65.0
inside my radio,Inside My Radio,Inside My Radio,Inside My Radio,inside-my-radio,1.0,2015.0,2015.0,high,2015-05-11,242.0,9.0,2.0,68.0
miko gakkou monogatari: kaede episode,Miko Gakkou Monogatari: Kaede Episode,Miko Gakkou Monogatari: Kaede Episode,Miko Gakkou Monogatari: Kaede Episode,miko-gakkou-monogatari-kaede-episode,1.0,2015.0,2015.0,high,2015-11-26,13.0,3.0,0.0,
majin and the forsaken kingdom,Majin and the Forsaken Kingdom,Majin and the Forsaken Kingdom,Majin and the Forsaken Kingdom,majin-and-the-forsaken-kingdom,1.0,2010.0,2010.0,high,2010-11-23,130.0,24.0,3.67,73.0
wwe 2k18,WWE 2K18,WWE 2K18,WWE 2K18,wwe-2k18,1.0,2017.0,2017.0,high,2017-10-17,419.0,96.0,3.28,58.0
a bastard's tale,A Bastard's Tale,A Bastard's Tale,A Bastard's Tale,bastards-tale-a,1.0,2015.0,2015.0,high,2015-05-26,126.0,6.0,3.83,
pac-man championship edition 2,Pac-Man Championship Edition 2,Pac-Man Championship Edition 2,PAC-MAN CHAMPIONSHIP EDITION 2,pac-man-championship-edition-2,1.0,2016.0,2016.0,high,2016-09-13,3394.0,199.0,3.14,77.0
battlefield 4,Battlefield 4,Battlefield 4,Battlefield 4,battlefield-4,1.0,2013.0,2013.0,high,2013-10-29,6589.0,1619.0,3.95,81.0
f1 2017,F1 2017,F1 2017,F1 2017,f1-2017,1.0,2017.0,2017.0,high,2017-08-24,505.0,81.0,3.79,89.0
battlefield hardline,Battlefield Hardline,Battlefield Hardline,Battlefield Hardline,battlefield-hardline,1.0,2015.0,2015.0,high,2015-03-17,3235.0,697.0,3.21,72.0
metal gear solid: peace walker,Metal Gear Solid: Peace Walker,Metal Gear Solid: Peace Walker,Metal Gear Solid: Peace Walker,metal-gear-solid-peace-walker,1.0,2010.0,2010.0,high,2010-04-29,534.0,198.0,4.1,89.0
need for speed rivals,Need for Speed Rivals,Need for Speed Rivals,Need for Speed Rivals,need-for-speed-rivals,1.0,2013.0,2013.0,high,2013-11-15,3347.0,688.0,3.15,77.0
god eater 2: rage burst,God Eater 2: Rage Burst,God Eater 2: Rage Burst,GOD EATER 2: Rage Burst,god-eater-2-rage-burst,1.0,2015.0,2015.0,high,2015-02-19,1906.0,109.0,3.06,71.0
onechanbara z2: chaos,Onechanbara Z2: Chaos,Onechanbara Z2: Chaos,Onechanbara Z2: Chaos,onechanbara-z2-chaos,1.0,2014.0,2014.0,high,2014-10-30,267.0,38.0,3.63,57.0
slime-san superslime edition,Slime-san Superslime Edition,Slime-san Superslime Edition,Slime-san,slime-san,0.9,2017.0,2017.0,high,2017-04-07,755.0,33.0,2.88,78.0
vegas party,Vegas Party,Vegas Party,Vegas Party (2017),vegas-party-2017,1.0,2017.0,2017.0,high,2017-12-12,20.0,0.0,0.0,
bokosuka wars ii,Bokosuka Wars II,Bokosuka Wars II,BOKOSUKA WARS Ⅱ,bokosuka-wars-ii,0.5,2017.0,2017.0,low,2017-02-17,13.0,3.0,0.0,
plague road,Plague Road,Plague Road,Plague Road,plague-road,1.0,2017.0,2017.0,high,2017-05-23,56.0,4.0,0.0,
pixel heroes: byte & magic,Pixel Heroes: Byte & Magic,Pixel Heroes: Byte & Magic,Pixel Heroes: Byte & Magic,pixel-heroes-byte-magic,1.0,2015.0,2015.0,high,2015-02-06,560.0,14.0,2.21,
battalion commander,Battalion Commander,Battalion Commander,Battalion Commander,battalion-commander,1.0,2016.0,2016.0,high,2016-12-01,21.0,2.0,0.0,
momonga pinball adventures,Momonga Pinball Adventures,Momonga Pinball Adventures,Momonga Pinball Adventures,momonga-pinball-adventures,1.0,2013.0,2013.0,high,2013-01-17,104.0,9.0,2.78,
the keeper of 4 elements,The Keeper of 4 Elements,The Keeper of 4 Elements,The Keeper of 4 Elements,the-keeper-of-4-elements,1.0,2016.0,2016.0,high,2016-12-01,17.0,2.0,0.0,
mordheim - city of the damned,Mordheim - City of the Damned,Mordheim - City of the Damned,Mordheim: City of the Damned,mordheim-city-of-the-damned,1.0,2015.0,2015.0,high,2015-11-18,1308.0,51.0,3.02,74.0
castle invasion: throne out,Castle Invasion: Throne Out,Castle Invasion: Throne Out,Castle Invasion: Throne Out,castle-invasion-throne-out,1.0,2016.0,2016.0,high,2016-07-27,32.0,3.0,0.0,
the metronomicon: slay the dance floor,The Metronomicon: Slay the Dance Floor,The Metronomicon: Slay the Dance Floor,The Metronomicon: Slay the Dance Floor,the-metronomicon,1.0,2016.0,2016.0,high,2016-09-28,340.0,20.0,3.35,79.0
assault suit leynos,Assault Suit Leynos,Assault Suit Leynos,Assault Suit Leynos,assault-suit-leynos,1.0,2015.0,2015.0,high,2015-12-23,179.0,11.0,2.91,
soul axiom,Soul Axiom,Soul Axiom,Soul Axiom,soul-axiom,1.0,2016.0,2016.0,high,2016-02-29,272.0,10.0,2.55,57.0
square heroes,Square Heroes,Square Heroes,Square Heroes,square-heroes,1.0,2015.0,2015.0,high,2015-04-09,278.0,9.0,2.67,
amazing discoveries in outer space,Amazing Discoveries in Outer Space,Amazing Discoveries in Outer Space,Amazing Discoveries In Outer Space,amazing-discoveries-in-outer-space,1.0,2016.0,2016.0,high,2016-02-02,16.0,2.0,0.0,
obliteracers,Obliteracers,Obliteracers,Obliteracers,obliteracers,1.0,2016.0,2016.0,high,2016-02-23,128.0,5.0,2.83,78.0
a boy and his blob,A Boy and His Blob,A Boy and His Blob,A Boy and His Blob,a-boy-and-his-blob,1.0,2009.0,2009.0,high,2009-10-13,753.0,43.0,3.07,72.0
act it out! a game of charades,Act It Out! A Game Of Charades,Act It Out! A Game Of Charades,ACT IT OUT XL! A Game of Charades,act-it-out-xl-a-game-of-charades,0.951,2016.0,2016.0,high,2016-01-05,64.0,7.0,2.14,
zotrix,Zotrix,Zotrix,Zotrix,zotrix,1.0,2015.0,2015.0,high,2015-02-25,169.0,5.0,0.0,
skyscrappers,Skyscrappers,Skyscrappers,SkyScrappers,skyscrappers,1.0,2015.0,2015.0,high,2015-10-15,164.0,9.0,2.0,
super toy cars,Super Toy Cars,Super Toy Cars,Super Toy Cars,super-toy-cars,1.0,2014.0,2014.0,high,2014-02-27,392.0,12.0,2.83,
mastercube,Mastercube,Mastercube,MasterCube,mastercube,1.0,2015.0,2015.0,high,2015-08-21,8.0,0.0,0.0,
legend of kay anniversary,Legend of Kay Anniversary,Legend of Kay Anniversary,Legend of Kay Anniversary,legend-of-kay-anniversary,1.0,2015.0,2015.0,high,2015-07-27,303.0,39.0,3.26,64.0
chronicles of teddy: harmony of exidus,Chronicles of Teddy: Harmony of Exidus,Chronicles of Teddy: Harmony of Exidus,Chronicles of Teddy: Harmony of Exidus,chronicles-of-teddy-harmony-of-exidus,1.0,2016.0,2016.0,high,2016-03-29,75.0,8.0,3.0,
minutes,Minutes,Minutes,Minutes,minutes,1.0,2014.0,2014.0,high,2014-11-05,41.0,4.0,0.0,
the treasures of montezuma 4,The Treasures of Montezuma 4,The Treasures of Montezuma 4,The Treasures of Montezuma 4,the-treasures-of-montezuma-4,1.0,2014.0,2014.0,high,2014-05-16,273.0,32.0,3.31,
in space we brawl,In Space We Brawl,In Space We Brawl,In Space We Brawl,in-space-we-brawl,1.0,2014.0,2014.0,high,2014-10-14,271.0,33.0,1.88,
natural doctrine,Natural Doctrine,Natural Doctrine,NAtURAL DOCtRINE,natural-doctrine,1.0,2014.0,2014.0,high,2014-04-03,110.0,14.0,2.43,
velocity 2x,Velocity 2X,Velocity 2X,Velocity 2X,velocity-2x,1.0,2014.0,2014.0,high,2014-09-02,1669.0,186.0,3.1,
battle worlds: kronos,Battle Worlds: Kronos,Battle Worlds: Kronos,Battle Worlds: Kronos,battle-worlds-kronos,1.0,2013.0,2013.0,high,2013-11-03,168.0,12.0,2.25,71.0
fairy fencer f: advent dark force,Fairy Fencer F: Advent Dark Force,Fairy Fencer F: Advent Dark Force,Fairy Fencer F: Advent Dark Force,fairy-fencer-f-advent-dark-force,1.0,2015.0,2015.0,high,2015-11-05,181.0,22.0,3.27,
pumped bmx+,Pumped BMX+,Pumped BMX+,Pumped: BMX,pumped-bmx-3,1.0,2012.0,2012.0,high,2012-08-09,13.0,0.0,0.0,
reus,Reus,Reus,Reus,reus,1.0,2013.0,2013.0,high,2013-05-15,2477.0,233.0,3.06,75.0
world to the west,World to the West,World to the West,World to the West,world-to-the-west,1.0,2017.0,2017.0,high,2017-05-04,746.0,26.0,2.58,75.0
guilty gear xrd rev 2,Guilty Gear Xrd Rev 2,Guilty Gear Xrd Rev 2,Guilty Gear Xrd REV 2,guilty-gear-xrd-rev-2,1.0,2017.0,2017.0,high,2017-05-26,266.0,31.0,3.9,
harvest moon: save the homeland,Harvest Moon: Save the Homeland,Harvest Moon: Save the Homeland,Harvest Moon: Save the Homeland,harvest-moon-save-the-homeland,1.0,2001.0,2001.0,high,2001-07-05,64.0,5.0,0.0,
destroy all humans! 2,Destroy All Humans! 2,Destroy All Humans! 2,Destroy All Humans! 2,destroy-all-humans-2,1.0,2006.0,2006.0,high,2006-10-17,242.0,47.0,3.63,74.0
bridge constructor,Bridge Constructor,Bridge Constructor,Bridge Constructor,bridge-constructor,1.0,2012.0,2012.0,high,2012-05-23,1437.0,98.0,3.15,
100ft robot golf,100ft Robot Golf,100ft Robot Golf,100ft Robot Golf,100ft-robot-golf,1.0,2016.0,2016.0,high,2016-10-10,120.0,12.0,3.08,
ducati: 90th anniversary,Ducati: 90th Anniversary,Ducati: 90th Anniversary,DUCATI - 90th Anniversary,ducati-90th-anniversary,1.0,2016.0,2016.0,high,2016-06-09,329.0,10.0,2.6,
asdivine hearts,Asdivine Hearts,Asdivine Hearts,Asdivine Hearts,rpg-asdivine-hearts,1.0,2014.0,2014.0,high,2014-10-30,279.0,7.0,2.29,
moto racer 4,Moto Racer 4,Moto Racer 4,Moto Racer 4,moto-racer-4,1.0,2016.0,2016.0,high,2016-10-13,752.0,36.0,2.61,
alchemic jousts,Alchemic Jousts,Alchemic Jousts,Alchemic Jousts,alchemic-jousts,1.0,2016.0,2016.0,high,2016-11-22,32.0,3.0,0.0,
god eater: resurrection,God Eater: Resurrection,God Eater: Resurrection,GOD EATER RESURRECTION,god-eater-resurrection-2,1.0,2016.0,2016.0,high,2016-06-28,1883.0,136.0,3.07,70.0
aces of the luftwaffe,Aces of the Luftwaffe,Aces of the Luftwaffe,Aces of the Luftwaffe,aces-of-the-luftwaffe,1.0,2013.0,2013.0,high,2013-02-14,170.0,8.0,3.0,
doki-doki universe,Doki-Doki Universe,Doki-Doki Universe,Doki-Doki Universe,doki-doki-universe,1.0,2013.0,2013.0,high,2013-11-12,438.0,39.0,2.9,
sound shapes,Sound Shapes,Sound Shapes,Sound Shapes,sound-shapes,1.0,2012.0,2012.0,high,2012-08-07,1274.0,179.0,3.17,
gem smashers,Gem Smashers,Gem Smashers,Gem Smashers (2017),gem-smashers,1.0,2017.0,2017.0,high,2017-03-07,69.0,11.0,2.64,
touhou: scarlet curiosity,Touhou: Scarlet Curiosity,Touhou: Scarlet Curiosity,Touhou: Scarlet Curiosity,touhou-scarlet-curiosity,1.0,2016.0,2016.0,high,2016-02-10,99.0,18.0,3.22,
brut@l,BRUT@L,BRUT@L,Brut@l,brutl,1.0,2016.0,2016.0,high,2016-08-09,138.0,15.0,2.87,66.0
lost sea,Lost Sea,Lost Sea,Lost Sea,lost-sea,1.0,2016.0,2016.0,high,2016-06-29,90.0,8.0,2.75,
another world: 20th anniversary edition,Another World: 20th Anniversary Edition,Another World: 20th,Another World – 20th Anniversary Edition,another-world-20th,1.0,2011.0,2011.0,high,2011-09-22,1217.0,125.0,4.0,
blazblue: central fiction,BlazBlue: Central Fiction,BlazBlue: Central Fiction,BlazBlue: Central Fiction,blazblue-centralfiction,1.0,2016.0,2016.0,high,2016-11-01,633.0,55.0,3.98,85.0
mxgp2: the official motocross videogame,MXGP2: The Official Motocross Videogame,MXGP2: The Official Motocross Videogame,MXGP2 - The Official Motocross Videogame,mxgp2-the-official-motocross-videogame,1.0,2016.0,2016.0,high,2016-04-07,116.0,3.0,0.0,
harvest moon: a wonderful life - special edition,Harvest Moon: A Wonderful Life - Special Edition,Harvest Moon: A Wonderful Life,Harvest Moon: A Wonderful Life,harvest-moon-a-wonderful-life,1.0,2003.0,2003.0,high,2003-09-12,92.0,30.0,4.1,
firefighters: the simulation,Firefighters: The Simulation,Firefighters: The Simulation,Firefighters - The Simulation,firefighters-the-simulation-2,1.0,2016.0,2016.0,high,2016-08-31,94.0,2.0,0.0,
table top racing: world tour,Table Top Racing: World Tour,Table Top Racing: World Tour,Table Top Racing: World Tour,table-top-racing-world-tour,1.0,2016.0,2016.0,high,2016-05-03,1756.0,246.0,2.61,
adam's venture: origins,Adam's Venture: Origins,Adam's Venture: Origins,Adam's Venture: Origins,adams-venture-origins,1.0,2016.0,2016.0,high,2016-04-01,252.0,19.0,2.68,
aegis of earth: protonovus assault,Aegis of Earth: Protonovus Assault,Aegis of Earth: Protonovus Assault,Aegis of Earth: Protonovus Assault,aegis-of-earth-protonovus-assault,1.0,2015.0,2015.0,high,2015-07-02,77.0,1.0,0.0,
sebastien loeb rally evo,Sebastien Loeb Rally Evo,Sebastien Loeb Rally Evo,Sébastien Loeb Rally EVO,sebastien-loeb-rally-evo,0.958,2016.0,2016.0,high,2016-01-29,276.0,18.0,2.83,67.0
wrc 5: fia world rally championship,WRC 5: FIA World Rally Championship,WRC 5: FIA World Rally Championship,WRC 4 FIA World Rally Championship,wrc-4-fia-world-rally-championship-2,0.5,2013.0,2013.0,low,2013-10-24,333.0,26.0,3.27,63.0
mystery chronicle: one way heroics,Mystery Chronicle: One Way Heroics,Mystery Chronicle: One Way Heroics,Mystery Chronicle: One Way Heroics,mystery-chronicle-one-way-heroics,1.0,2016.0,2016.0,high,2016-09-12,151.0,3.0,0.0,
blazblue: chrono phantasma extend,BlazBlue: Chrono Phantasma EXTEND,BlazBlue: Chrono Phantasma EXTEND,BlazBlue: Chrono Phantasma EXTEND,blazblue-chrono-phantasma-extend,1.0,2015.0,2015.0,high,2015-04-23,1115.0,51.0,3.76,82.0
azkend 2,Azkend 2,Azkend 2,Azkend 2: The World Beneath,azkend-2-the-world-beneath,0.9,2012.0,2012.0,high,2012-04-25,90.0,8.0,2.75,
mantis burn racing,Mantis Burn Racing,Mantis Burn Racing,Mantis Burn Racing,mantis-burn-racing,1.0,2016.0,2016.0,high,2016-10-12,102.0,14.0,3.21,71.0
f1 2016,F1 2016,F1 2016,F1 2016,f1-2016,1.0,2016.0,2016.0,high,2016-08-18,511.0,54.0,3.78,86.0
dynamite fishing world games,Dynamite Fishing World Games,Dynamite Fishing World Games,Dynamite Fishing World Games,dynamite-fishing-world-games-3,1.0,2015.0,2015.0,high,2015-03-11,8.0,1.0,0.0,
dead island: retro revenge,Dead Island: Retro Revenge,Dead Island: Retro Revenge,Dead Island Retro Revenge,dead-island-retro-revenge-2,1.0,2016.0,2016.0,high,2016-05-31,733.0,54.0,2.72,65.0
baseball riot,Baseball Riot,Baseball Riot,Baseball Riot,baseball-riot,1.0,2015.0,2015.0,high,2015-12-09,89.0,4.0,0.0,
risen 3: titan lords - enhanced edition,Risen 3: Titan Lords - Enhanced Edition,Risen 3: Titan Lords,Risen 3: Titan Lords,risen-3-titan-lords-2,1.0,2014.0,2014.0,high,2014-08-12,2124.0,273.0,3.4,65.0
the unfinished swan,The Unfinished Swan,The Unfinished Swan,The Unfinished Swan,the-unfinished-swan,1.0,2012.0,2012.0,high,2012-10-16,1993.0,371.0,3.57,81.0
clockwork tales: of glass and ink,Clockwork Tales: Of Glass and Ink,Clockwork Tales: Of Glass and Ink,Clockwork Tales: Of Glass and Ink,clockwork-tales-of-glass-and-ink,1.0,2014.0,2014.0,high,2014-01-29,511.0,36.0,3.31,
zombie vikings,Zombie Vikings,Zombie Vikings,Zombie Vikings,zombie-vikings,1.0,2015.0,2015.0,high,2015-09-01,362.0,35.0,3.03,74.0
tiny brains,Tiny Brains,Tiny Brains,Tiny Brains,tiny-brains,1.0,2013.0,2013.0,high,2013-12-03,345.0,29.0,3.0,64.0
professional farmer 2017,Professional Farmer 2017,Professional Farmer 2017,Professional Farmer 2017,professional-farmer-2017,1.0,2016.0,2016.0,high,2016-03-23,30.0,4.0,0.0,
grand kingdom,Grand Kingdom,Grand Kingdom,Grand Kingdom,grand-kingdom,1.0,2015.0,2015.0,high,2015-11-19,724.0,106.0,2.52,77.0
bombing busters,Bombing Busters,Bombing Busters,Bombing Bastards,bombing-busters,0.839,2014.0,2014.0,low,2014-07-03,307.0,17.0,2.24,55.0
motorcycle club,Motorcycle Club,Motorcycle Club,Motorcycle Club,motorcycle-club,1.0,2014.0,2014.0,high,2014-11-28,207.0,11.0,2.09,
backgammon blitz,Backgammon Blitz,Backgammon Blitz,Backgammon Blitz,backgammon-blitz,1.0,2013.0,2013.0,high,2013-12-18,56.0,7.0,2.0,
yakuza 4,Yakuza 4,Yakuza 4,Yakuza 4,yakuza-4,1.0,2011.0,2010.0,high,2010-03-18,820.0,142.0,4.17,78.0
fat princess adventures,Fat Princess Adventures,Fat Princess Adventures,Fat Princess Adventures,fat-princess-adventures,1.0,2015.0,2015.0,high,2015-12-05,221.0,27.0,3.19,63.0
pixeljunk shooter ultimate,PixelJunk Shooter Ultimate,PixelJunk Shooter Ultimate,PixelJunk Shooter Ultimate,pixeljunk-shooter-ultimate,1.0,2014.0,2014.0,high,2014-06-03,1164.0,140.0,3.07,
everybody's gone to the rapture,Everybody's Gone to the Rapture,Everybody's Gone to the Rapture,Everybody's Gone to the Rapture,everybodys-gone-to-the-rapture,1.0,2015.0,2015.0,high,2015-08-11,2426.0,513.0,3.35,76.0
escape plan,Escape Plan,Escape Plan,Escape Plan,escape-plan-ps4,1.0,2013.0,2013.0,high,2013-12-03,964.0,126.0,2.88,
tennis in the face,Tennis in the Face,Tennis in the Face,Tennis in the Face,tennis-in-the-face,1.0,2013.0,2013.0,high,2013-01-24,217.0,12.0,2.5,
mousecraft,MouseCraft,MouseCraft,MouseCraft,mousecraft,1.0,2014.0,2014.0,high,2014-07-08,791.0,86.0,2.29,72.0
sparkle 2,Sparkle 2,Sparkle 2,Sparkle 2,sparkle-2,1.0,2013.0,2013.0,high,2013-06-06,603.0,79.0,2.96,
siegecraft commander,Siegecraft Commander,Siegecraft Commander,Siegecraft Commander,siegecraft-commander,1.0,2017.0,2017.0,high,2017-01-16,34.0,4.0,0.0,56.0
industry giant 2,Industry Giant 2,Industry Giant 2,Industry Giant 2,industry-giant-2,1.0,2002.0,2002.0,high,2002-09-29,276.0,29.0,3.66,
brick breaker,Brick Breaker,Brick Breaker,Brick Breaker,brick-breaker,1.0,2011.0,2011.0,high,2011-06-21,76.0,5.0,0.0,
active soccer 2 dx,Active Soccer 2 DX,Active Soccer 2 DX,Active Soccer 2 DX,active-soccer-2-dx,1.0,2016.0,2016.0,high,2016-03-30,34.0,2.0,0.0,
tetraminos,Tetraminos,Tetraminos,Tetraminos,tetraminos,1.0,2011.0,2011.0,high,2011-06-28,96.0,10.0,3.2,
arcania - the complete tale,ArcaniA - The Complete Tale,ArcaniA - The Complete Tale,ArcaniA - The Complete Tale,arcania-the-complete-tale,1.0,2013.0,2013.0,high,2013-07-15,5.0,0.0,0.0,42.0
wet,Wet,Wet,WET,wet,1.0,2009.0,2009.0,high,2009-09-15,607.0,96.0,3.42,70.0
forestry 2017: the simulation,Forestry 2017: The Simulation,Forestry 2017: The Simulation,Forestry 2017 - The Simulation,forestry-2017-the-simulation,1.0,2016.0,2016.0,high,2016-03-25,34.0,0.0,0.0,
ziggurat,Ziggurat,Ziggurat,Ziggurat,ziggurat,1.0,2014.0,2014.0,high,2014-10-22,2193.0,202.0,3.03,75.0
stikbold! a dodgeball adventure,Stikbold! A Dodgeball Adventure,Stikbold! A Dodgeball Adventure,Stikbold! A Dodgeball Adventure,stikbold-a-dodgeball-adventure,1.0,2016.0,2016.0,high,2016-04-01,609.0,30.0,2.8,
poncho,Poncho,Poncho,PONCHO,poncho,1.0,2015.0,2015.0,high,2015-11-03,232.0,7.0,2.57,62.0
one upon light,One Upon Light,One Upon Light,One Upon Light,one-upon-light,1.0,2015.0,2015.0,high,2015-02-24,54.0,4.0,0.0,
nova-111,NOVA-111,NOVA-111,Nova-111,nova-111,1.0,2015.0,2015.0,high,2015-08-25,1013.0,100.0,2.33,68.0
the swindle,The Swindle,The Swindle,The Swindle,the-swindle,1.0,2015.0,2015.0,high,2015-07-27,978.0,101.0,2.83,70.0
nom nom galaxy,Nom Nom Galaxy,Nom Nom Galaxy,Nom Nom Galaxy,nom-nom-galaxy,1.0,2015.0,2015.0,high,2015-05-12,679.0,91.0,2.46,
pixeljunk nom nom galaxy,PixelJunk Nom Nom Galaxy,PixelJunk Nom Nom Galaxy,PixelJunk Nom Nom Galaxy,pixeljunk-nom-nom-galaxy,1.0,2015.0,2015.0,high,2015-08-03,309.0,13.0,2.77,68.0
technomancer,Technomancer,Technomancer,The Technomancer,the-technomancer,1.0,2016.0,2016.0,high,2016-06-27,996.0,127.0,2.93,56.0
overlord: fellowship of evil,Overlord: Fellowship of Evil,Overlord: Fellowship of Evil,Overlord: Fellowship of Evil,overlord-fellowship-of-evil,1.0,2015.0,2015.0,high,2015-10-19,642.0,32.0,2.66,31.0
extreme exorcism,Extreme Exorcism,Extreme Exorcism,Extreme Exorcism,extreme-exorcism,1.0,2015.0,2015.0,high,2015-09-23,427.0,61.0,2.73,75.0
tokyo twilight ghost hunters daybreak: special gigs,Tokyo Twilight Ghost Hunters Daybreak: Special Gigs,Tokyo Twilight Ghost Hunters Daybreak: Special Gigs,Tokyo Twilight Ghost Hunters Daybreak: Special Gigs,tokyo-twilight-ghost-hunters-daybreak-special-gigs,1.0,2015.0,2015.0,high,2015-11-26,136.0,5.0,0.0,
lone survivor: the director's cut,Lone Survivor: The Director's Cut,Lone Survivor,Lone Survivor,lone-survivor,1.0,2012.0,2012.0,high,2012-04-24,360.0,32.0,3.31,
tour de france 2016,Tour de France 2016,Tour de France 2016,tour de France,tour-de-france,0.5,2019.0,2021.0,low,2021-07-11,0.0,0.0,0.0,
titan attacks!,Titan Attacks!,Titan Attacks!,Titan Attacks!,titan-attacks,1.0,2012.0,2012.0,high,2012-02-03,1448.0,138.0,2.73,
olliolli2: welcome to olliwood,OlliOlli2: Welcome to Olliwood,OlliOlli2: Welcome to Olliwood,OlliOlli2: Welcome to Olliwood,olliolli2-welcome-to-olliwood,1.0,2015.0,2015.0,high,2015-03-03,2250.0,271.0,3.31,82.0
exist archive: the other side of the sky,Exist Archive: The Other Side of the Sky,Exist Archive: The Other Side of the Sky,Exist Archive: The Other Side of the Sky,exist-archive-the-other-side-of-the-sky,1.0,2015.0,2015.0,high,2015-12-17,16.0,2.0,0.0,
back to bed,Back to Bed,Back to Bed,Back to Bed,back-to-bed,1.0,2014.0,2014.0,high,2014-08-06,2199.0,175.0,2.83,57.0
super stardust ultra,Super Stardust Ultra,Super Stardust Ultra,Super Stardust Ultra,super-stardust-ultra,1.0,2015.0,2015.0,high,2015-02-10,152.0,14.0,4.21,
guilty gear xrd -sign-,Guilty Gear Xrd -SIGN-,Guilty Gear Xrd -SIGN,Guilty Gear Xrd -SIGN,guilty-gear-xrd,1.0,2014.0,2014.0,high,2014-12-04,937.0,58.0,4.0,84.0
super mega baseball,Super Mega Baseball,Super Mega Baseball,SUPER MEGA BASEBALL,super-mega-baseball,1.0,2014.0,2014.0,high,2014-12-16,112.0,16.0,3.69,
castlestorm definitive edition,CastleStorm Definitive Edition,CastleStorm,CastleStorm - Definitive Edition,castlestorm-definitive-edition,1.0,2014.0,2014.0,high,2014-09-23,124.0,14.0,2.93,
stick it to the man,Stick it to the Man,Stick it to the Man,Stick it to The Man!,stick-it-to-the-man,1.0,2013.0,2013.0,high,2013-11-19,1299.0,147.0,3.43,83.0
hardware rivals,Hardware Rivals,Hardware Rivals,Hardware: Rivals,hardware-rivals,1.0,2016.0,2016.0,high,2016-01-05,964.0,120.0,2.1,
last tinker: city of colors,Last Tinker: City of Colors,Last Tinker: City of Colors,The Last Tinker: City of Colors,the-last-tinker-city-of-colors,1.0,2014.0,2014.0,high,2014-05-11,768.0,34.0,2.74,72.0
brave,Brave,Brave,Brave,brave,1.0,2017.0,2017.0,high,2017-08-18,8.0,0.0,0.0,
ratatouille,Ratatouille,Ratatouille,Ratatouille,ratatouille,1.0,2007.0,2007.0,high,2007-06-26,270.0,95.0,3.79,
toy story mania,Toy Story Mania,Toy Story Mania,Toy Story Mania,toy-story-mania,1.0,2012.0,2012.0,high,2012-10-30,24.0,0.0,0.0,
the revenge of shinobi,The Revenge of Shinobi,The Revenge of Shinobi,The Revenge of Shinobi (2002),the-revenge-of-shinobi-2002,1.0,2002.0,2002.0,high,2002-11-19,8.0,1.0,0.0,
sonic the fighters,Sonic the Fighters,Sonic the Fighters,Sonic the Fighters,sonic-the-fighters,1.0,2012.0,2012.0,high,2012-11-27,218.0,50.0,3.2,
virtua fighter 2,Virtua Fighter 2,Virtua Fighter 2,Virtua Fighter 5 R.E.V.O.,virtua-fighter-5-revo,0.5,2012.0,,low,,7.0,2.0,0.0,
sonic adventure 2,Sonic Adventure 2,Sonic Adventure 2,Sonic Adventure 2,sonic-adventure-2,1.0,2012.0,2001.0,low,2001-06-18,2779.0,366.0,3.96,89.0
super hang-on,Super Hang-On,Super Hang-On,Super Hang-On,super-hang-on,1.0,2012.0,2012.0,high,2012-05-03,44.0,6.0,3.67,
sega bass fishing,SEGA Bass Fishing,SEGA Bass Fishing,Sega Bass Fishing Challenge,sega-bass-fishing-challenge,0.9,2011.0,,low,,1.0,0.0,0.0,
sonic adventure,Sonic Adventure,Sonic Adventure,Sonic Adventure,sonic-adventure,1.0,2010.0,1998.0,low,1998-12-23,778.0,200.0,4.0,49.0
sonic unleashed,Sonic Unleashed,Sonic Unleashed,Sonic Unleashed,sonic-unleashed,1.0,2008.0,2008.0,high,2008-11-18,783.0,191.0,3.44,60.0
revenge of shinobi,Revenge of Shinobi,Revenge of Shinobi,The Revenge of Shinobi (2002),the-revenge-of-shinobi-2002,1.0,2002.0,2002.0,high,2002-11-19,8.0,1.0,0.0,
dead to rights: retribution,Dead to Rights: Retribution,Dead to Rights: Retribution,Dead to Rights: Retribution,dead-to-rights-retribution,1.0,2010.0,2010.0,high,2010-04-23,89.0,18.0,3.28,60.0
tour de france 2015,Tour de France 2015,Tour de France 2015,Pro Cycling Manager 2015,tour-de-france-2015,0.512,2015.0,2015.0,low,2015-06-18,62.0,4.0,0.0,
syberia ii,Syberia II,Syberia II,Syberia 2,syberia-2,1.0,2006.0,2004.0,medium,2004-03-30,6211.0,579.0,3.89,80.0
the legend of heroes: trails of cold steel ii,The Legend of Heroes: Trails of Cold Steel II,The Legend of Heroes: Trails of Cold Steel II,The Legend of Heroes: Trails of Cold Steel II,the-legend-of-heroes-trails-of-cold-steel-ii,1.0,2014.0,2014.0,high,2014-09-25,368.0,49.0,4.31,
nitroplus blasterz: heroines infinite duel,Nitroplus Blasterz: Heroines Infinite Duel,Nitroplus Blasterz: Heroines Infinite Duel,Nitroplus Blasterz: Heroines Infinite Duel,nitroplus-blasterz-heroines-infinite-duel,1.0,2015.0,2015.0,high,2015-12-10,130.0,13.0,3.38,63.0
handball 16,Handball 16,Handball 16,Handball 16,handball-16,1.0,2015.0,2015.0,high,2015-11-27,75.0,16.0,1.81,
rugby 15,Rugby 15,Rugby 15,Rugby 15,rugby-15,1.0,2014.0,2014.0,high,2014-11-14,37.0,2.0,0.0,
crimsonland,Crimsonland,Crimsonland,Crimsonland,crimsonland,1.0,2003.0,2003.0,high,2003-06-11,1380.0,250.0,4.02,68.0
don bradman cricket 14,Don Bradman Cricket 14,Don Bradman Cricket 14,Don Bradman Cricket 14,don-bradman-cricket-14,1.0,2014.0,2014.0,high,2014-04-03,28.0,7.0,3.71,74.0
blazerush,BlazeRush,BlazeRush,BlazeRush,blazerush,1.0,2014.0,2014.0,high,2014-10-28,628.0,49.0,3.6,66.0
hunter's trophy 2 : australia,Hunter's Trophy 2 : Australia,Hunter's Trophy 2 : Australia,Hunter's Trophy 2 - Australia,hunters-trophy-2-australia,1.0,2013.0,2013.0,high,2013-05-29,7.0,2.0,0.0,
rugby world cup 2015,Rugby World Cup 2015,Rugby World Cup 2015,Rugby World Cup 2015,rugby-world-cup-2015,1.0,2015.0,2015.0,high,2015-09-04,36.0,1.0,0.0,25.0
trine,Trine,Trine,Trine,trine,1.0,2009.0,2009.0,high,2009-07-03,1641.0,331.0,3.92,
burn zombie burn: the diarrhea bundle,Burn Zombie Burn: The Diarrhea Bundle,Burn Zombie Burn: The Diarrhea Bundle,Burn Zombie Burn!,burn-zombie-burn,0.9,2009.0,2009.0,high,2009-03-26,527.0,24.0,2.38,72.0
the house of the dead 4,The House of the Dead 4,The House of the Dead 4,The House of the Dead 4 Game,the-house-of-the-dead-4-game,0.9,2012.0,2012.0,high,2012-04-17,137.0,26.0,3.35,
the house of the dead overkill extended cut,The House of the Dead Overkill Extended Cut,The House of the Dead Overkill Extended Cut,The House of the Dead: OVERKILL Extended Cut,the-house-of-the-dead-overkill-extended-cut,1.0,2012.0,2012.0,high,2012-09-04,196.0,24.0,3.42,
silent hill hd collection,Silent Hill HD Collection,Silent Hill HD Collection,Silent Hill: HD Collection,silent-hill-hd-collection,1.0,2012.0,2012.0,high,2012-03-20,89.0,31.0,3.29,70.0
the house of the dead 3,The House of the Dead 3,The House of the Dead 3,The House of the Dead III,the-house-of-the-dead-3,1.0,2002.0,2002.0,high,2002-06-01,128.0,35.0,3.63,
ni no kuni: wrath of the white witch,Ni No Kuni: Wrath of the White Witch,Ni No Kuni: Wrath of the White Witch,Ni no Kuni: Wrath of the White Witch,ni-no-kuni-wrath-of-the-white-witch,1.0,2011.0,2011.0,high,2011-11-17,1637.0,310.0,4.18,84.0
the legend of heroes: trails of cold steel,The Legend of Heroes: Trails of Cold Steel,The Legend of Heroes: Trails of Cold Steel,The Legend of Heroes: Trails of Cold Steel,the-legend-of-heroes-trails-of-cold-steel,1.0,2013.0,2013.0,high,2013-09-26,658.0,99.0,4.0,79.0
the awakened fate ultimatum,The Awakened Fate Ultimatum,The Awakened Fate Ultimatum,The Awakened Fate Ultimatum,the-awakened-fate-ultimatum,1.0,2014.0,2014.0,high,2014-09-25,21.0,2.0,0.0,
counter spy,Counter Spy,Counter Spy,Spy Hunter (1983),spy-hunter-1983,0.476,1983.0,1983.0,low,1983-01-01,54.0,27.0,3.63,
spec ops: the line,Spec Ops: The Line,Spec Ops: The Line,Spec Ops: The Line,spec-ops-the-line,1.0,2012.0,2012.0,high,2012-06-26,10426.0,1955.0,4.1,76.0
katamari forever,Katamari Forever,Katamari Forever,Katamari Forever,katamari-forever,1.0,2009.0,2009.0,high,2009-09-18,154.0,26.0,4.35,74.0
under night in-birth exe:late,Under Night In-Birth Exe:Late,Under Night In-Birth Exe:Late,Under Night In-Birth Exe:Late,under-night-in-birth-exelate,1.0,2014.0,2014.0,high,2014-07-24,228.0,25.0,3.96,80.0
killzone hd,KILLZONE HD,KILLZONE HD,KILLZONE HD,killzone-hd,1.0,2012.0,2012.0,high,2012-10-23,19.0,7.0,2.29,
super stacker party,Super Stacker Party,Super Stacker Party,Super Stacker Party,super-stacker-party,1.0,2010.0,2010.0,high,2010-05-25,3.0,0.0,0.0,
flow,fLOW,fLOW,.flow,flow-2,1.0,2013.0,2009.0,low,2009-02-15,17.0,2.0,0.0,
journey,Journey,Journey,Journey,journey,1.0,2012.0,2012.0,high,2012-03-13,8650.0,2470.0,4.32,92.0
starhawk,Starhawk,Starhawk,Starhawk,starhawk,1.0,2012.0,2012.0,high,2012-05-08,185.0,25.0,3.2,
god of war: ghost of sparta,God of War: Ghost of Sparta,God of War: Ghost of Sparta,God of War: Ghost of Sparta,god-of-war-ghost-of-sparta,1.0,2010.0,2010.0,high,2010-11-02,1165.0,397.0,4.16,86.0
gravity crash,Gravity Crash,Gravity Crash,Gravity Crash,gravity-crash,1.0,2009.0,2009.0,high,2009-11-24,55.0,2.0,0.0,
flower,Flower,Flower,Flower,flower,1.0,2009.0,2009.0,high,2009-02-12,2755.0,565.0,3.97,89.0
killzone 2,KILLZONE 2,KILLZONE 2,Killzone 2,killzone-2,1.0,2009.0,2009.0,high,2009-02-25,957.0,197.0,3.98,91.0
god of war: chains of olympus,God of War: Chains of Olympus,God of War: Chains of Olympus,God of War: Chains of Olympus,god-of-war-chains-of-olympus,1.0,2008.0,2008.0,high,2008-03-04,1136.0,343.0,4.14,91.0
go! puzzle,Go! Puzzle,Go! Puzzle,Go! Puzzle,go-puzzle,1.0,2007.0,2008.0,high,2008-02-07,4.0,1.0,0.0,62.0
lemmings,Lemmings,Lemmings,Lemmings (PSP),lemmings-psp,1.0,2006.0,2009.0,medium,2009-10-22,15.0,3.0,0.0,68.0
marvel puzzle quest: dark reign,Marvel Puzzle Quest: Dark Reign,Marvel Puzzle Quest: Dark Reign,Marvel Puzzle Quest: Dark Reign,marvel-puzzle-quest-dark-reign,1.0,2015.0,2015.0,high,2015-10-16,14.0,2.0,0.0,
jeremy mcgrath's offroad,Jeremy McGrath's Offroad,Jeremy McGrath's Offroad,Jeremy McGrath's Offroad,jeremy-mcgraths-offroad,1.0,2012.0,2012.0,high,2012-01-25,13.0,2.0,0.0,
wrc 4: fia world rally championship,WRC 4: FIA World Rally Championship,WRC 4: FIA World Rally Championship,WRC 4 FIA World Rally Championship,wrc-4-fia-world-rally-championship-2,1.0,2013.0,2013.0,high,2013-10-24,333.0,26.0,3.27,63.0
deathspank: the baconing,DeathSpank: The Baconing,DeathSpank: The Baconing,DeathSpank: The Baconing,deathspank-the-baconing,1.0,2011.0,2011.0,high,2011-08-30,26.0,8.0,3.88,
hunter's trophy 2: america,Hunter's Trophy 2: America,Hunter's Trophy 2: America,Hunter's Trophy 2 - America,hunters-trophy-2-america,1.0,2013.0,2013.0,high,2013-05-17,17.0,1.0,0.0,
mortal kombat,Mortal Kombat,Mortal Kombat,Mortal Kombat,mortal-kombat,1.0,1992.0,1992.0,high,1992-08-09,1804.0,483.0,3.95,
zeno clash ii,Zeno Clash II,Zeno Clash II,Zeno Clash 2,zeno-clash-2,1.0,2013.0,2013.0,high,2013-04-30,1606.0,100.0,3.25,63.0
choplifter hd,Choplifter HD,Choplifter HD,Choplifter HD,choplifter-hd,1.0,2012.0,2011.0,high,2011-12-21,371.0,21.0,2.67,65.0
oddworld: stranger's wrath hd,Oddworld: Stranger's Wrath HD,Oddworld: Stranger's Wrath HD,Oddworld: Stranger's Wrath HD,oddworld-strangers-wrath-tv,1.0,2011.0,2017.0,low,2017-08-10,12.0,3.0,0.0,
bodycount,Bodycount,Bodycount,Bodycount,bodycount,1.0,2011.0,2011.0,high,2011-08-30,148.0,19.0,2.53,
sniper: ghost warrior,Sniper: Ghost Warrior,Sniper: Ghost Warrior,Sniper: Ghost Warrior,sniper-ghost-warrior,1.0,2010.0,2010.0,high,2010-06-24,2359.0,250.0,2.99,55.0
painkiller - hell and damnation,Painkiller - Hell and Damnation,Painkiller - Hell and Damnation,Painkiller Hell & Damnation,painkiller-hell-damnation-2,1.0,2012.0,2012.0,high,2012-10-31,2019.0,211.0,3.53,64.0
pixeljunk sidescroller,PixelJunk Sidescroller,PixelJunk Sidescroller,PixelJunk SideScroller,pixeljunk-sidescroller,1.0,2011.0,2011.0,high,2011-10-25,55.0,7.0,3.0,
pixeljunk shooter 2,PixelJunk Shooter 2,PixelJunk Shooter 2,PixelJunk Shooter 2,pixeljunk-shooter-2,1.0,2011.0,2011.0,high,2011-03-01,121.0,23.0,3.83,
pixeljunk shooter,PixelJunk Shooter,PixelJunk Shooter,PixelJunk Shooter,pixeljunk-shooter,1.0,2009.0,2009.0,high,2009-12-10,1120.0,65.0,3.38,73.0
king oddball,King Oddball,King Oddball,King Oddball,king-oddball,1.0,2012.0,2012.0,high,2012-09-27,582.0,94.0,2.56,
red faction battlegrounds,Red Faction Battlegrounds,Red Faction Battlegrounds,Red Faction: Battlegrounds,red-faction-battlegrounds,1.0,2011.0,2011.0,high,2011-04-05,70.0,6.0,2.5,
sniper: ghost warrior 2,Sniper: Ghost Warrior 2,Sniper: Ghost Warrior 2,Sniper: Ghost Warrior 2,sniper-ghost-warrior-2-2,1.0,2013.0,2013.0,high,2013-03-12,2444.0,234.0,3.14,52.0
f1 2014,F1 2014,F1 2014,F1 2014,f1-2014,1.0,2014.0,2014.0,high,2014-10-02,328.0,35.0,3.69,61.0
farming simulator,Farming Simulator,Farming Simulator,Farming Simulator 2013,farming-simulator,0.5,2012.0,2012.0,low,2012-10-25,507.0,38.0,3.42,
operation flashpoint: red river,Operation Flashpoint: Red River,Operation Flashpoint: Red River,Operation Flashpoint: Red River,operation-flashpoint-red-river,1.0,2011.0,2011.0,high,2011-04-19,1988.0,82.0,2.71,67.0
grid autosport,Grid Autosport,Grid Autosport,GRID Autosport,grid-autosport,1.0,2014.0,2014.0,high,2014-06-24,1722.0,215.0,3.69,78.0
sly cooper collection,Sly Cooper Collection,Sly Cooper Collection,The Sly Collection,the-sly-collection,0.8,2010.0,2010.0,low,2010-11-09,84.0,22.0,4.44,85.0
dead island: riptide,Dead Island: Riptide,Dead Island: Riptide,Dead Island Riptide,dead-island-riptide,1.0,2013.0,2013.0,high,2013-04-22,3115.0,474.0,3.42,60.0
guacamelee! bundle fantástico,Guacamelee! Bundle Fantástico,Guacamelee! Bundle Fantástico,Guacamelee! Bundle Fantástico,guacamelee-bundle-fantastico,1.0,2014.0,2014.0,high,2014-01-15,2.0,0.0,0.0,
motorstorm: apocalypse,MotorStorm: Apocalypse,MotorStorm: Apocalypse,MotorStorm: Apocalypse,motorstorm-apocalypse,1.0,2011.0,2011.0,high,2011-03-16,916.0,163.0,3.63,77.0
port royale 3: gold,Port Royale 3: Gold,Port Royale 3: Gold,Port Royale 3,port-royale-3,0.9,2012.0,2012.0,high,2012-02-05,757.0,42.0,2.9,55.0
runner2: future legend of rhythm alien,Runner2: Future Legend of Rhythm Alien,Runner2: Future Legend of Rhythm Alien,BIT.TRIP Presents... Runner2: Future Legend of Rhythm Alien,bittrip-presents-runner2-future-legend-of-rhythm-a,0.804,2013.0,2013.0,low,2013-02-25,2155.0,190.0,3.57,85.0
stealth inc: a clone in the dark,Stealth Inc: A Clone in the Dark,Stealth Inc: A Clone in the Dark,Stealth Inc: A Clone in the Dark,stealth-inc,1.0,2013.0,2013.0,high,2013-07-23,653.0,61.0,3.07,
virtua fighter 5: final showdown,Virtua Fighter 5: Final Showdown,Virtua Fighter 5: Final Showdown,VIRTUA FIGHTER 5 FINAL SHOWDOWN,virtua-fighter-5-final-showdown,1.0,2012.0,2012.0,high,2012-05-29,331.0,52.0,3.35,77.0
moto gp 13,Moto GP 13,Moto GP 13,Riptide GP: Renegade,riptide-gp-renegade,0.345,2014.0,2016.0,low,2016-07-26,298.0,37.0,3.18,
the last of us,The Last of Us,The Last of Us,The Last Of Us,the-last-of-us,1.0,2013.0,2013.0,high,2013-06-14,7375.0,3414.0,4.54,95.0
sonic the hedgehog 4 episode ii,Sonic The Hedgehog 4 Episode II,Sonic The Hedgehog 4 Episode II,Sonic the Hedgehog 4 - Episode II,sonic-the-hedgehog-4-episode-ii-2,1.0,2012.0,2012.0,high,2012-05-14,1257.0,95.0,3.11,54.0
killzone 3,KILLZONE 3,KILLZONE 3,Killzone 3,killzone-3,1.0,2011.0,2011.0,high,2011-02-22,877.0,208.0,3.94,
sonic the hedgehog 4 episode i,Sonic The Hedgehog 4 Episode I,Sonic The Hedgehog 4 Episode I,Sonic the Hedgehog 4 - Episode I,sonic-the-hedgehog-4-episode-1,1.0,2010.0,2010.0,high,2010-10-07,1572.0,148.0,2.83,
lumines supernova,LUMINES Supernova,LUMINES Supernova,LUMINES Supernova,lumines-supernova,1.0,2008.0,2008.0,high,2008-12-18,86.0,7.0,3.86,
mahjong tales: ancient wisdom,Mahjong Tales: Ancient Wisdom,Mahjong Tales: Ancient Wisdom,Mahjong Tales: Ancient Wisdom,mahjong-tales-ancient-wisdom,1.0,2009.0,2009.0,high,2009-01-08,105.0,7.0,2.43,
tribes of midgard,Tribes of Midgard,Tribes of Midgard,Tribes of Midgard,tribes-of-midgard,1.0,2021.0,2021.0,high,2021-07-27,1298.0,84.0,3.15,72.0
sonic forces,Sonic Forces,Sonic Forces,Sonic Forces,sonic-forces,1.0,2017.0,2017.0,high,2017-11-07,2122.0,326.0,2.83,58.0
team sonic racing,Team Sonic Racing,Team Sonic Racing,Team Sonic Racing,team-sonic-racing,1.0,2019.0,2019.0,high,2019-05-21,1129.0,114.0,3.3,72.0
wwe 2k19,WWE 2K19,WWE 2K19,WWE 2K19,wwe-2k19,1.0,2018.0,2018.0,high,2018-10-05,439.0,107.0,3.63,76.0
valkyria chronicles: remastered,Valkyria Chronicles: Remastered,Valkyria Chronicles: Remastered,Valkyria Chronicles,valkyria-chronicles,0.9,2008.0,2008.0,high,2008-04-24,3322.0,414.0,4.07,85.0
metal gear rising revengeance ultimate edition,Metal Gear Rising Revengeance Ultimate Edition,Metal Gear Rising Revengeance,Metal Gear Rising: Revengeance,metal-gear-rising-revengeance,1.0,2013.0,2013.0,high,2013-02-19,6110.0,1258.0,4.25,83.0
metal gear solid 4: guns of the patriots,Metal Gear Solid 4: Guns of the Patriots,Metal Gear Solid 4: Guns of the Patriots,Metal Gear Solid 4: Guns of the Patriots,metal-gear-solid-4-guns-of-the-patriots,1.0,2008.0,2008.0,high,2008-06-12,2203.0,670.0,4.38,94.0
the dwarves,The Dwarves,The Dwarves,The Dwarves,the-dwarves,1.0,2016.0,2016.0,high,2016-11-30,1154.0,54.0,3.11,61.0
yakuza 5,Yakuza 5,Yakuza 5,Yakuza 5,yakuza-5,1.0,2012.0,2012.0,high,2012-12-06,620.0,117.0,4.32,83.0
mx vs. atv: supercross encore,MX vs. ATV: Supercross Encore,MX vs. ATV: Supercross Encore,MX vs. ATV Supercross Encore,mx-vs-atv-supercross-encore,1.0,2015.0,2015.0,high,2015-10-27,115.0,4.0,0.0,
alex kidd in miracle world,Alex Kidd in Miracle World,Alex Kidd in Miracle World,Alex Kidd in Miracle World,alex-kidd-in-miracle-world,1.0,1986.0,1986.0,high,1986-11-06,135.0,34.0,3.91,
fighting vipers,Fighting Vipers,Fighting Vipers,Fighting Vipers,fighting-vipers,1.0,2012.0,1996.0,low,1996-01-01,70.0,10.0,3.5,
altered beast,Altered Beast,Altered Beast,Altered Beast Classic,altered-beast-classic,0.9,2009.0,2010.0,high,2010-12-16,2.0,0.0,0.0,
golden axe,Golden Axe,Golden Axe,Golden Axe: Beast Rider,golden-axe-beast-rider,0.9,2008.0,2008.0,high,2008-10-14,120.0,15.0,2.0,
catherine,Catherine,Catherine,Catherine,catherine,1.0,2011.0,2011.0,high,2011-02-17,3154.0,513.0,4.14,80.0
virtua fighter v,Virtua Fighter V,Virtua Fighter V,Virtua Fighter 5,virtua-fighter-5,1.0,2007.0,2007.0,high,2007-02-08,230.0,39.0,3.77,
renegade ops,Renegade Ops,Renegade Ops,Renegade Ops,renegade-ops,1.0,2011.0,2011.0,high,2011-09-13,4071.0,321.0,2.99,76.0
bomberman ultra,Bomberman Ultra,Bomberman Ultra,Bomberman ULTRA,bomberman-ultra,1.0,2009.0,2009.0,high,2009-06-11,278.0,28.0,3.43,
persona 5,Persona 5,Persona 5,Persona 5,persona-5,1.0,2016.0,2016.0,high,2016-09-15,4833.0,1452.0,4.34,93.0
nba 2k18,NBA 2K18,NBA 2K18,NBA 2K18,nba-2k18,1.0,2017.0,2017.0,high,2017-09-15,884.0,148.0,3.19,
hotel transylvania 3: monsters overboard,Hotel Transylvania 3: Monsters Overboard,Hotel Transylvania 3: Monsters Overboard,Hotel Transylvania 3 Monsters Overboard,hotel-transylvania-3-monsters-overboard,1.0,2018.0,2018.0,high,2018-07-10,62.0,4.0,0.0,
no time to explain,No Time to Explain,No Time to Explain,No Time To Explain,no-time-to-explain,1.0,2011.0,2011.0,high,2011-08-15,841.0,72.0,3.11,
exile's end,Exile's End,Exile's End,Exile's End,exiles-end,1.0,2015.0,2015.0,high,2015-08-31,195.0,23.0,2.58,
anomaly 2,Anomaly 2,Anomaly 2,Anomaly 2,anomaly-2,1.0,2013.0,2013.0,high,2013-05-14,1916.0,64.0,2.92,77.0
lovely planet,Lovely Planet,Lovely Planet,Lovely Planet,lovely-planet,1.0,2014.0,2014.0,high,2014-07-30,1406.0,80.0,3.06,61.0
akiba's beat,AKIBA'S BEAT,AKIBA'S BEAT,Akiba's Beat,akibas-beat,1.0,2017.0,2017.0,high,2017-05-16,98.0,14.0,2.57,55.0
ghost of tsushima: legends,Ghost of Tsushima: Legends,Ghost of Tsushima: Legends,Ghost of Tsushima Director's Cut,ghost-of-tsushima-directors-cut,0.9,2021.0,2021.0,high,2021-08-20,991.0,339.0,4.58,
planet coaster: console edition,Planet Coaster: Console Edition,Planet Coaster: Console Edition,Stellaris: Console Edition,stellaris-console-edition,0.727,2019.0,2019.0,low,2019-02-28,177.0,28.0,3.79,79.0
ufc 4,UFC 4,UFC 4,UFC 4,ufc-4,1.0,2020.0,2020.0,high,2020-08-14,111.0,56.0,3.54,80.0
tiny tina's assault on dragon keep: a wonderlands one-shot adventure,Tiny Tina's Assault on Dragon Keep: A Wonderlands One-Shot Adventure,Tiny Tina's Assault on Dragon Keep: A Wonderlands One-Shot Adventure,Tiny Tina's Assault on Dragon Keep: A Wonderlands One-shot Adventure,tiny-tinas-assault-on-dragon-keep-a-wonderlands-on,1.0,2021.0,2021.0,high,2021-11-09,1570.0,93.0,3.0,
persona 5 strikers,Persona 5 Strikers,Persona 5 Strikers,Persona 5 Strikers,persona-5-strikers,1.0,2020.0,2020.0,high,2020-02-20,1513.0,169.0,3.89,80.0
the last of us part ii,The Last of Us Part II,The Last of Us Part II,The Last of Us Part II,the-last-of-us-part-2,1.0,2020.0,2020.0,high,2020-06-19,7506.0,2054.0,4.41,93.0
godfall: challenger edition,Godfall: Challenger Edition,Godfall,Godfall,godfall,1.0,2017.0,2020.0,medium,2020-11-12,725.0,100.0,2.47,60.0
the persistence,The Persistence,The Persistence,The Persistence,the-persistence,1.0,2018.0,2018.0,high,2018-07-24,269.0,27.0,2.74,78.0
the walking dead: saints & sinners,The Walking Dead: Saints & Sinners,The Walking Dead: Saints & Sinners,The Walking Dead: Saints & Sinners,the-walking-dead-saints-sinners,1.0,2020.0,2020.0,high,2020-01-23,1008.0,70.0,3.81,80.0
until you fall,Until You Fall,Until You Fall,Until You Fall,until-you-fall,1.0,2020.0,2020.0,high,2020-09-29,560.0,33.0,3.48,86.0
overcooked: all you can eat!,Overcooked: All You Can Eat!,Overcooked: All You Can Eat!,Overcooked! All You Can Eat,overcooked-all-you-can-eat,1.0,2020.0,2020.0,high,2020-11-12,718.0,100.0,4.21,86.0
predator: hunting grounds,Predator: Hunting Grounds,Predator: Hunting Grounds,Predator: Hunting Grounds,predator-hunting-grounds,1.0,2020.0,2020.0,high,2020-04-24,544.0,54.0,2.32,59.0
hitman 2,Hitman 2,Hitman 2,Hitman 2,hitman-2,1.0,2018.0,2018.0,high,2018-11-13,8101.0,1228.0,4.04,83.0
hunter’s arena: legends,Hunter’s Arena: Legends,Hunter’s Arena: Legends,Hunter's Arena: Legends,hunters-arena-legends,1.0,2020.0,2020.0,high,2020-07-15,287.0,26.0,1.56,
plants vs. zombies: battle for neighborville,Plants vs. Zombies: Battle for Neighborville,Plants vs. Zombies: Battle for Neighborville,Plants vs. Zombies: Battle for Neighborville,plants-vs-zombies-battle-for-neighborville,1.0,2019.0,2019.0,high,2019-10-18,1321.0,137.0,3.1,76.0
virtua fighter 5 ultimate showdown,Virtua Fighter 5 Ultimate Showdown,Virtua Fighter 5 Ultimate Showdown,VIRTUA FIGHTER 5 FINAL SHOWDOWN,virtua-fighter-5-final-showdown,0.831,2012.0,2012.0,low,2012-05-29,331.0,52.0,3.35,77.0
the witcher 3: wild hunt - game of the year edition,The Witcher 3: Wild Hunt - Game of the Year Edition,The Witcher 3: Wild Hunt,The Witcher 3 Wild Hunt - Complete Edition,the-witcher-3-game-of-the-year,1.0,2016.0,2016.0,high,2016-08-30,1511.0,802.0,4.8,92.0
call of duty: black ops 4,Call of Duty: Black Ops 4,Call of Duty: Black Ops 4,Call of Duty: Black Ops 4,call-of-duty-black-ops-4,1.0,2018.0,2018.0,high,2018-10-12,2840.0,569.0,3.29,84.0
wwe 2k battlegrounds,WWE 2K Battlegrounds,WWE 2K Battlegrounds,WWE 2K Battlegrounds,wwe-2k-battlegrounds,1.0,2020.0,2020.0,high,2020-09-18,1373.0,75.0,2.5,58.0
operation: tango,Operation: Tango,Operation: Tango,Operation: Tango,operation-tango,1.0,2021.0,2021.0,high,2021-06-01,432.0,97.0,3.77,73.0
oddworld: soulstorm,Oddworld: Soulstorm,Oddworld: Soulstorm,Oddworld: Soulstorm,oddworld-soulstorm,1.0,2021.0,2021.0,high,2021-04-06,663.0,85.0,2.59,70.0
final fantasy vii remake,Final Fantasy VII Remake,Final Fantasy VII Remake,Final Fantasy VII,final-fantasy-vii-remake,0.9,2020.0,2020.0,high,2020-04-10,5279.0,834.0,4.37,87.0
farpoint,Farpoint,Farpoint,Farpoint,farpoint,1.0,2017.0,2017.0,high,2017-05-16,485.0,88.0,3.49,71.0
concrete genie,Concrete Genie,Concrete Genie,Concrete Genie,concrete-genie,1.0,2019.0,2019.0,high,2019-10-08,1307.0,183.0,3.81,75.0
need for speed payback,Need for Speed Payback,Need for Speed Payback,Need for Speed Payback,need-for-speed-payback,1.0,2017.0,2017.0,high,2017-11-07,3814.0,743.0,3.2,61.0
street fighter v,Street Fighter V,Street Fighter V,Street Fighter V,street-fighter-v,1.0,2016.0,2016.0,high,2016-02-15,4511.0,511.0,3.48,74.0
fall guys,Fall Guys,Fall Guys,fall guys,fall-guys-2,1.0,2020.0,2020.0,high,2020-10-25,27.0,7.0,2.57,
call of duty: modern warfare 2 campaign remastered,Call of Duty: Modern Warfare 2 Campaign Remastered,Call of Duty: Modern Warfare 2 Campaign Remastered,Call of Duty: Modern Warfare 2 Campaign Remastered,call-of-duty-modern-warfare-2-campaign-remastered,1.0,2020.0,2020.0,high,2020-03-31,1657.0,287.0,3.98,71.0
star wars battlefront ii,Star Wars Battlefront II,Star Wars Battlefront II,STAR WARS Battlefront II,star-wars-battlefront-2,1.0,2017.0,2017.0,high,2017-11-17,5955.0,1374.0,3.58,74.0
uncharted 4: a thief’s end,Uncharted 4: A Thief’s End,Uncharted 4: A Thief’s End,Uncharted 4: A Thief’s End,uncharted-4-a-thiefs-end,1.0,2016.0,2016.0,high,2016-05-10,9690.0,3770.0,4.48,93.0
the sims 4,The Sims 4,The Sims 4,The Sims 4,the-sims-4,1.0,2014.0,2014.0,high,2014-09-02,6585.0,1170.0,3.67,67.0
firewall zero hour,Firewall Zero Hour,Firewall Zero Hour,Firewall Zero Hour,firewall-zero-hour,1.0,2018.0,2018.0,high,2018-08-28,217.0,16.0,2.94,
titanfall 2,Titanfall 2,Titanfall 2,Titanfall 2,titanfall-2,1.0,2016.0,2016.0,high,2016-10-28,8745.0,2086.0,4.32,87.0
monster energy supercross: the game,Monster Energy Supercross: The Game,Monster Energy Supercross: The Game,Monster Energy Supercross - The Official Videogame,monster-energy-supercross-the-official-videogame,0.829,2018.0,2018.0,low,2018-02-13,628.0,101.0,2.03,68.0
the last of us remastered,The Last of Us Remastered,The Last of Us Remastered,The Last Of Us Remastered,the-last-of-us-remastered,1.0,2014.0,2014.0,high,2014-07-29,9002.0,2858.0,4.69,95.0
mlb the show 19,MLB The Show 19,MLB The Show 19,MLB The Show 19,mlb-the-show-19,1.0,2019.0,2019.0,high,2019-03-26,616.0,100.0,2.97,
batman arkham knight,Batman Arkham Knight,Batman Arkham Knight,Batman: Arkham Knight,batman-arkham-knight,1.0,2015.0,2015.0,high,2015-06-23,12325.0,2698.0,4.24,81.0
wipeout omega collection,Wipeout Omega Collection,Wipeout Omega Collection,WipEout Omega Collection,wipeout-omega-collection,1.0,2017.0,2017.0,high,2017-06-07,1684.0,292.0,3.55,85.0
heavy rain,Heavy Rain,Heavy Rain,Heavy Rain & Beyond: Two Souls Collection,the-heavy-rain-beyond-two-souls-collection,0.9,2016.0,2016.0,high,2016-03-01,35.0,15.0,4.0,78.0
conan: exiles,Conan: Exiles,Conan: Exiles,Conan Exiles,conan-exiles,1.0,2017.0,2017.0,high,2017-01-30,3235.0,461.0,2.85,67.0
call of duty: modern warfare remastered,Call of Duty: Modern Warfare Remastered,Call of Duty: Modern Warfare Remastered,Call of Duty: Modern Warfare Remastered,call-of-duty-modern-warfare-remastered,1.0,2016.0,2016.0,high,2016-10-05,4658.0,1146.0,3.98,86.0
gunhouse,Gunhouse,Gunhouse,Gunhouse,gunhouse,1.0,2016.0,2016.0,high,2016-11-19,150.0,20.0,2.33,
rogue aces,Rogue Aces,Rogue Aces,Rogue Aces,rogue-aces,1.0,2018.0,2018.0,high,2018-04-12,418.0,87.0,2.52,
amplitude,Amplitude,Amplitude,Amplitude,amplitude,1.0,2016.0,2016.0,high,2016-01-05,387.0,64.0,3.31,
fallen legion: flames of rebellion,Fallen Legion: Flames of Rebellion,Fallen Legion: Flames of Rebellion,Fallen Legion: Flames of Rebellion,fallen-legion-flames-of-rebellion,1.0,2017.0,2017.0,high,2017-07-18,391.0,80.0,2.45,
super mutant alien assault,Super Mutant Alien Assault,Super Mutant Alien Assault,Super Mutant Alien Assault,super-mutant-alien-assault,1.0,2016.0,2016.0,high,2016-07-11,248.0,15.0,3.2,
steins;gate,Steins;Gate,Steins;Gate,STEINS;GATE,steinsgate,1.0,2009.0,2009.0,high,2009-08-25,1652.0,273.0,4.35,87.0
iconoclasts,Iconoclasts,Iconoclasts,Iconoclasts,iconoclasts,1.0,2018.0,2018.0,high,2018-01-23,1926.0,383.0,3.76,86.0
"papers, please","Papers, Please","Papers, Please","Papers, Please",papers-please,1.0,2013.0,2013.0,high,2013-08-08,7291.0,1786.0,4.37,85.0
arkedo series,Arkedo Series,Arkedo Series,ARKEDO SERIES,arkedo-series,1.0,2012.0,2012.0,high,2012-10-16,22.0,1.0,0.0,
burly men at sea,Burly Men at Sea,Burly Men at Sea,Burly Men at Sea,burly-men-at-sea,1.0,2016.0,2016.0,high,2016-09-29,1099.0,222.0,2.82,82.0
knowledge is power,Knowledge is Power,Knowledge is Power,Knowledge is Power,knowledge-is-power,1.0,2017.0,2017.0,high,2017-10-20,1726.0,463.0,3.72,71.0
master reboot,Master Reboot,Master Reboot,Master Reboot,master-reboot,1.0,2013.0,2013.0,high,2013-10-29,520.0,28.0,2.39,59.0
rocketbirds 2: evolution,Rocketbirds 2: Evolution,Rocketbirds 2: Evolution,Rocketbirds 2: Evolution,rocketbirds-2-evolution,1.0,2016.0,2016.0,high,2016-04-26,398.0,70.0,2.71,67.0
destiny 2,Destiny 2,Destiny 2,Destiny 2,destiny-2,1.0,2017.0,2017.0,high,2017-09-06,14602.0,2674.0,3.52,82.0
q.u.b.e director's cut,Q.U.B.E Director's Cut,Q.U.B.E,Q.U.B.E: Director's Cut,qube-directors-cut,1.0,2014.0,2014.0,high,2014-05-21,2460.0,231.0,3.23,
foul play,Foul Play,Foul Play,Foul Play,foul-play,1.0,2013.0,2013.0,high,2013-09-18,910.0,116.0,2.91,69.0
mafia iii,Mafia III,Mafia III,Mafia III,mafia-iii,1.0,2016.0,2016.0,high,2016-10-06,6592.0,1384.0,3.14,62.0
serious sam 3: bfe,Serious Sam 3: BFE,Serious Sam 3: BFE,Serious Sam 3: BFE,serious-sam-3-bfe,1.0,2011.0,2011.0,high,2011-11-22,5346.0,777.0,3.46,72.0
draw slasher,Draw Slasher,Draw Slasher,Draw Slasher,draw-slasher,1.0,2013.0,2013.0,high,2013-04-23,1900.0,61.0,1.85,
space hulk,Space Hulk,Space Hulk,Space Hulk,space-hulk,1.0,2013.0,2013.0,high,2013-08-14,644.0,56.0,2.77,58.0
space overlords,Space Overlords,Space Overlords,Space Overlords,space-overlords,1.0,2016.0,2016.0,high,2016-03-03,327.0,38.0,1.68,
zero escape: zero time dilemma,Zero Escape: Zero Time Dilemma,Zero Escape: Zero Time Dilemma,Zero Escape: Zero Time Dilemma,zero-escape-zero-time-dilemma,1.0,2016.0,2016.0,high,2016-06-28,1204.0,188.0,4.1,78.0
call of duty: black ops iii,Call of Duty: Black Ops III,Call of Duty: Black Ops III,Call of Duty: Black Ops III,cod-black-ops-iii,1.0,2015.0,2015.0,high,2015-11-06,7285.0,1511.0,3.27,73.0
zombie driver hd,Zombie Driver HD,Zombie Driver HD,Zombie Driver HD,zombie-driver-hd,1.0,2012.0,2012.0,high,2012-10-17,2167.0,133.0,3.07,
tom clancy’s ghost recon: future soldier,Tom Clancy’s Ghost Recon: Future Soldier,Tom Clancy’s Ghost Recon: Future Soldier,Tom Clancy's Ghost Recon: Future Soldier,ghost-recon-future-soldier,1.0,2012.0,2012.0,high,2012-05-22,1111.0,195.0,3.66,71.0
atomic ninjas,Atomic Ninjas,Atomic Ninjas,Atomic Ninjas,atomic-ninjas,1.0,2013.0,2013.0,high,2013-10-02,93.0,14.0,2.0,
squares,Squares,Squares,Squares,squares,1.0,2015.0,2015.0,high,2015-07-21,148.0,10.0,2.3,
beyond: two souls,Beyond: Two Souls,Beyond: Two Souls,Beyond: Two Souls,beyond-two-souls,1.0,2015.0,2013.0,medium,2013-10-07,6700.0,1793.0,3.81,73.0
risen 3: titan lords,Risen 3: Titan Lords,Risen 3: Titan Lords,Risen 3: Titan Lords,risen-3-titan-lords-2,1.0,2014.0,2014.0,high,2014-08-12,2124.0,273.0,3.4,65.0
eat them,Eat Them,Eat Them,Eat Them!,eat-them,1.0,2008.0,2010.0,medium,2010-12-21,12.0,1.0,0.0,
furmins,Furmins,Furmins,Furmins,furmins,1.0,2012.0,2012.0,high,2012-02-02,45.0,2.0,0.0,
99vidas,99Vidas,99Vidas,99Vidas,99vidas,1.0,2016.0,2016.0,high,2016-12-22,522.0,95.0,2.99,69.0
q*bert rebooted,Q*Bert Rebooted,Q*Bert Rebooted,Q*Bert: Rebooted,qbert-rebooted,1.0,2014.0,2014.0,high,2014-07-01,439.0,60.0,2.3,
claire: extended cut,Claire: Extended Cut,Claire: Extended Cut,Claire: Extended Cut,claire-extended-cut,1.0,2016.0,2016.0,high,2016-08-30,40.0,8.0,3.12,
starblood arena,Starblood Arena,Starblood Arena,StarBlood Arena,starblood-arena,1.0,2017.0,2017.0,high,2017-04-11,133.0,29.0,2.17,
mugen souls z,Mugen Souls Z,Mugen Souls Z,Mugen Souls Z,mugen-souls-z,1.0,2013.0,2013.0,high,2013-04-25,104.0,11.0,2.55,
exiles end,Exiles End,Exiles End,Exile's End,exiles-end,0.952,2015.0,2015.0,high,2015-08-31,195.0,23.0,2.58,
book of unwritten tales 2,Book of Unwritten Tales 2,Book of Unwritten Tales 2,The Book of Unwritten Tales,the-book-of-unwritten-tales,0.5,2012.0,2012.0,low,2012-07-30,933.0,63.0,3.53,82.0
psycho-pass: mandatory happiness,Psycho-Pass: Mandatory Happiness,Psycho-Pass: Mandatory Happiness,PSYCHO-PASS: Mandatory Happiness,psycho-pass-mandatory-happiness,1.0,2016.0,2016.0,high,2016-03-24,203.0,19.0,2.63,68.0
uncanny valley,Uncanny Valley,Uncanny Valley,Uncanny Valley,uncanny-valley,1.0,2015.0,2015.0,high,2015-04-23,1486.0,140.0,2.86,67.0
darksiders ii deathinitive edition,Darksiders II Deathinitive Edition,Darksiders II Deathinitive Edition,Darksiders II Deathinitive Edition,darksiders-ii-deathinitive-edition,1.0,2015.0,2015.0,high,2015-11-05,5688.0,689.0,3.79,75.0
kung fu panda: showdown of legendary legends,Kung Fu Panda: Showdown of Legendary Legends,Kung Fu Panda: Showdown of Legendary Legends,Kung Fu Panda: Showdown of Legendary Legends,kung-fu-panda-showdown-of-legendary-legends-2,1.0,2015.0,2015.0,high,2015-12-15,621.0,66.0,2.18,66.0
syberia collection,Syberia Collection,Syberia Collection,Syberia: Complete Collection,syberia-collection,0.8,2015.0,2015.0,low,2015-10-27,7.0,3.0,0.0,
forma.8,Forma.8,Forma.8,forma.8,forma8,1.0,2017.0,2017.0,high,2017-02-23,509.0,78.0,2.78,
wanted corp,Wanted Corp,Wanted Corp,Wanted Corp.,wanted-corp,1.0,2016.0,2016.0,high,2016-11-17,101.0,13.0,2.08,
bound,Bound,Bound,Bound,bound,1.0,2016.0,2016.0,high,2016-08-16,1147.0,234.0,3.2,71.0
until dawn: rush of blood,Until Dawn: Rush of Blood,Until Dawn: Rush of Blood,Until Dawn: Rush of Blood,until-dawn-rush-of-blood,1.0,2016.0,2016.0,high,2016-10-10,795.0,149.0,3.69,72.0
dungeon punks,Dungeon Punks,Dungeon Punks,Dungeon Punks,dungeon-punks,1.0,2016.0,2016.0,high,2016-07-26,567.0,79.0,2.0,71.0
broken sword 5: the serpent’s curse (episodes 1 & 2),Broken Sword 5: The Serpent’s Curse (Episodes 1 & 2),Broken Sword 5: The Serpent’s Curse (Episodes 1 & 2),Broken Sword 5 - The Serpent's Curse,broken-sword-5,1.0,2013.0,2013.0,high,2013-12-03,1393.0,105.0,3.56,
that’s you!,That’s You!,That’s You!,That's You!,thats-you,1.0,2017.0,2017.0,high,2017-06-29,2023.0,486.0,3.57,
rigs: mechanised combat league,RIGS: Mechanised Combat League,RIGS: Mechanised Combat League,RIGS Mechanized Combat League,rigs-mechanized-combat-league,0.966,2016.0,2016.0,high,2016-10-13,222.0,16.0,2.75,
monster jam battlegrounds,Monster Jam Battlegrounds,Monster Jam Battlegrounds,Monster Jam Battlegrounds,monster-jam-battlegrounds,1.0,2015.0,2015.0,high,2015-06-10,121.0,5.0,0.0,
sky force anniversary,Sky Force Anniversary,Sky Force Anniversary,Sky Force Anniversary,sky-force-anniversary,1.0,2015.0,2015.0,high,2015-04-29,1311.0,244.0,3.51,
strike vector ex,Strike Vector Ex,Strike Vector Ex,Strike Vector EX,strike-vector-ex,1.0,2016.0,2016.0,high,2016-08-30,324.0,31.0,3.06,
handball 2016,Handball 2016,Handball 2016,Handball 16,handball-16,0.5,2015.0,2015.0,low,2015-11-27,75.0,16.0,1.81,
we are doomed,We Are Doomed,We Are Doomed,WE ARE DOOMED,we-are-doomed,1.0,2015.0,2015.0,high,2015-04-14,327.0,44.0,2.07,
assassin’s creed freedom cry,Assassin’s Creed Freedom Cry,Assassin’s Creed Freedom Cry,Assassin's Creed Freedom Cry,assassins-creed-freedom-cry,1.0,2014.0,2014.0,high,2014-02-18,2471.0,496.0,3.08,73.0
super motherload,Super Motherload,Super Motherload,Super Motherload,super-motherload,1.0,2013.0,2013.0,high,2013-11-15,519.0,39.0,3.33,
snake ball,Snake Ball,Snake Ball,Snake Ball,snake-ball,1.0,2023.0,2023.0,high,2023-02-10,0.0,0.0,0.0,
level 22,Level 22,Level 22,Level 22: Gary’s Misadventure - 2016 Edition,level-22,0.327,2016.0,2016.0,low,2016-01-28,349.0,27.0,2.7,
game of thrones: a telltale games series,Game of Thrones: A Telltale Games Series,Game of Thrones: A Telltale Games Series,Game of Thrones - A Telltale Games Series,game-of-thrones-a-telltale-games-series,1.0,2014.0,2014.0,high,2014-12-02,5286.0,975.0,3.23,66.0
darkstalkers resurrection,Darkstalkers Resurrection,Darkstalkers Resurrection,Darkstalkers Resurrection,darkstalkers-resurrection,1.0,2013.0,2013.0,high,2013-03-12,181.0,39.0,3.72,81.0
"don’t die, mr. robot","Don’t Die, Mr. Robot","Don’t Die, Mr. Robot","Don't Die, Mr. Robot!",dont-die-mr-robot,1.0,2014.0,2014.0,high,2014-11-04,268.0,37.0,2.11,
element4l,Element4l,Element4l,Element4l,element4l,1.0,2013.0,2013.0,high,2013-05-24,427.0,43.0,2.77,77.0
abyss odyssey,Abyss Odyssey,Abyss Odyssey,Abyss Odyssey,abyss-odyssey,1.0,2014.0,2014.0,high,2014-07-15,1160.0,68.0,2.8,69.0
wrc 5: world rally championship,WRC 5: World Rally Championship,WRC 5: World Rally Championship,WRC: World Rally Championship,wrc-world-rally-championship,0.5,2013.0,,low,,5.0,0.0,0.0,
spy chameleon,Spy Chameleon,Spy Chameleon,Spy Chameleon - RGB Agent,spy-chameleon,0.9,2014.0,2014.0,high,2014-06-11,759.0,69.0,2.62,
abzu,ABZU,ABZU,ABZU,abzu-2,1.0,2016.0,2016.0,high,2016-08-02,5172.0,1097.0,3.91,83.0
port royale 3: pirates and merchants,Port Royale 3: Pirates and Merchants,Port Royale 3: Pirates and Merchants,Port Royale 3,port-royale-3,0.9,2012.0,2012.0,high,2012-02-05,757.0,42.0,2.9,55.0
laser disco defenders,Laser Disco Defenders,Laser Disco Defenders,LASER DISCO DEFENDERS,laser-disco-defenders,1.0,2016.0,2016.0,high,2016-08-02,442.0,59.0,2.34,
type:rider,Type:Rider,Type:Rider,Type: Rider,typerider,1.0,2013.0,2013.0,high,2013-10-10,1541.0,170.0,3.07,
drawn to death,Drawn To Death,Drawn To Death,Drawn To Death,drawn-to-death,1.0,2017.0,2017.0,high,2017-04-04,565.0,115.0,2.01,
alien rage - extended edition,Alien Rage - Extended Edition,Alien Rage - Extended Edition,Anna - Extended Edition,anna-extended-edition,0.833,2013.0,2013.0,low,2013-02-07,1013.0,63.0,2.68,75.0
curses ‘n chaos,Curses ‘N Chaos,Curses ‘N Chaos,Curses 'N Chaos,curses-n-chaos,1.0,2015.0,2015.0,high,2015-08-18,567.0,52.0,2.35,
disc jam,Disc Jam,Disc Jam,Disc Jam,disc-jam,1.0,2017.0,2017.0,high,2017-03-07,1158.0,222.0,2.98,
severed,Severed,Severed,Severed,severed,1.0,2016.0,2016.0,high,2016-04-26,464.0,107.0,3.86,
not a hero,Not a Hero,Not a Hero,Not A Hero,not-a-hero,1.0,2015.0,2015.0,high,2015-05-13,1981.0,243.0,3.24,75.0
ninja senki dx,Ninja Senki DX,Ninja Senki DX,Ninja Senki DX,ninja-senki-dx,1.0,2016.0,2016.0,high,2016-02-23,548.0,66.0,2.48,72.0
titan souls,Titan Souls,Titan Souls,Titan Souls,titan-souls,1.0,2015.0,2015.0,high,2015-04-13,5740.0,528.0,3.33,74.0
stories: the path of destinies,Stories: The Path of Destinies,Stories: The Path of Destinies,Stories: The Path of Destinies,stories-the-path-of-destinies,1.0,2016.0,2016.0,high,2016-04-11,4070.0,506.0,3.22,74.0
"invisible, inc.","Invisible, Inc.","Invisible, Inc.","Invisible, Inc.",invisible-inc,1.0,2015.0,2015.0,high,2015-05-12,2962.0,346.0,3.53,82.0
hyper void,Hyper Void,Hyper Void,Hyper Void,hyper-void,1.0,2014.0,2014.0,high,2014-08-01,418.0,61.0,2.23,
tiny troopers joint ops,Tiny Troopers Joint Ops,Tiny Troopers Joint Ops,Tiny Troopers Joint Ops,tiny-troopers-joint-ops,1.0,2014.0,2014.0,high,2014-07-10,457.0,54.0,2.28,
color guardians,Color Guardians,Color Guardians,Color Guardians,color-guardians,1.0,2015.0,2015.0,high,2015-05-12,472.0,66.0,2.33,
vvvvvv,VVVVVV,VVVVVV,VVVVVV,vvvvvv,1.0,2010.0,2010.0,high,2010-01-09,4100.0,514.0,3.77,81.0
everybody’s gone to the rapture,Everybody’s Gone to the Rapture,Everybody’s Gone to the Rapture,Everybody's Gone to the Rapture,everybodys-gone-to-the-rapture,1.0,2015.0,2015.0,high,2015-08-11,2426.0,513.0,3.35,76.0
the deadly tower of monsters,The Deadly Tower of Monsters,The Deadly Tower of Monsters,The Deadly Tower of Monsters,the-deadly-tower-of-monsters,1.0,2016.0,2016.0,high,2016-01-19,1573.0,203.0,3.17,73.0
letter quest remastered,Letter Quest Remastered,Letter Quest Remastered,Letter Quest: Remastered,letter-quest-remastered-2,1.0,2016.0,2016.0,high,2016-09-08,488.0,81.0,2.8,
transformers: devastation,Transformers: Devastation,Transformers: Devastation,TRANSFORMERS: Devastation,transformers-dev,1.0,2015.0,2015.0,high,2015-10-06,1362.0,223.0,3.16,75.0
mad riders,Mad Riders,Mad Riders,Mad Riders,mad-riders,1.0,2012.0,2012.0,high,2012-05-29,196.0,15.0,3.07,
from dust,From Dust,From Dust,From Dust,from-dust,1.0,2011.0,2011.0,high,2011-07-27,1263.0,167.0,3.44,76.0
code:realize - guardian of rebirth,Code:Realize - Guardian of Rebirth,Code:Realize - Guardian of Rebirth,Code: Realize ~Guardian of Rebirth~,code-realize-guardian-of-rebirth,1.0,2014.0,2014.0,high,2014-11-27,135.0,21.0,3.14,84.0
actual sunlight,Actual Sunlight,Actual Sunlight,Actual Sunlight,actual-sunlight,1.0,2014.0,2014.0,high,2014-04-03,351.0,49.0,2.82,77.0
badland,Badland,Badland,Badland,badland,1.0,2013.0,2013.0,high,2013-04-04,442.0,104.0,3.85,78.0
prince of persia: the forgotten sands,Prince of Persia: The Forgotten Sands,Prince of Persia: The Forgotten Sands,Prince of Persia: The Forgotten Sands,prince-of-persia-the-forgotten-sands,1.0,2010.0,2010.0,high,2010-05-18,2366.0,472.0,3.63,75.0
datura,Datura,Datura,Datura,datura,1.0,2012.0,2012.0,high,2012-05-08,174.0,20.0,2.85,
amnesia: memories,Amnesia: Memories,Amnesia: Memories,Amnesia: Memories,amnesia-memories,1.0,2015.0,2015.0,high,2015-08-24,644.0,74.0,3.34,72.0
saint's row: gat out of hell,Saint's Row: Gat Out of Hell,Saint's Row: Gat Out of Hell,Saints Row: Gat Out of Hell,saints-row-gat-out-of-hell,0.981,2015.0,2015.0,high,2015-01-20,4143.0,697.0,3.18,66.0
oreshika: tainted bloodlines,Oreshika: Tainted Bloodlines,Oreshika: Tainted Bloodlines,Oreshika: Tainted Bloodlines,oreshika-tainted-bloodlines,1.0,2014.0,2014.0,high,2014-07-17,225.0,24.0,3.0,
prince of persia: revelation,Prince of Persia: Revelation,Prince of Persia: Revelation,Prince of Persia: Revelations,prince-of-persia-revelations,0.982,2005.0,2005.0,high,2005-12-06,75.0,17.0,3.76,76.0
fat princess,Fat Princess,Fat Princess,Fat Princess,fat-princess,1.0,2009.0,2009.0,high,2009-07-30,502.0,78.0,3.62,79.0
call of juarez: bound in blood,Call of Juarez: Bound in Blood,Call of Juarez: Bound in Blood,Call of Juarez: Bound in Blood,call-of-juarez-2,1.0,2009.0,2009.0,high,2009-01-29,2059.0,315.0,3.92,78.0
little deviants,Little Deviants,Little Deviants,Little Deviants,little-deviants,1.0,2012.0,2012.0,high,2012-02-14,295.0,24.0,2.58,
switch galaxy ultra,Switch Galaxy Ultra,Switch Galaxy Ultra,Switch Galaxy Ultra,switch-galaxy-ultra,1.0,2014.0,2014.0,high,2014-12-17,634.0,50.0,2.36,
bionic commando rearmed,Bionic Commando Rearmed,Bionic Commando Rearmed,Bionic Commando: Rearmed,bionic-commando-rearmed,1.0,2008.0,2008.0,high,2008-08-14,1970.0,120.0,3.25,86.0
dead star,Dead Star,Dead Star,Dead Star,dead-star,1.0,2015.0,2015.0,high,2015-12-14,346.0,40.0,1.82,
shutshimi,Shutshimi,Shutshimi,Shutshimi,shutshimi,1.0,2015.0,2015.0,high,2015-08-25,907.0,80.0,2.11,
a virus named tom,A Virus named Tom,A Virus named Tom,A Virus Named TOM,virus-named-tom-a,1.0,2012.0,2012.0,high,2012-08-01,1770.0,69.0,2.32,65.0
galak-z,Galak-Z,Galak-Z,GALAK-Z,galak-z,1.0,2015.0,2015.0,high,2015-08-04,1551.0,81.0,2.63,78.0
flame over,Flame Over,Flame Over,Flame Over,flame-over,1.0,2015.0,2015.0,high,2015-03-10,531.0,68.0,2.21,
reality fighters,Reality Fighters,Reality Fighters,Reality Fighters,reality-fighters,1.0,2012.0,2012.0,high,2012-02-22,171.0,17.0,2.29,
helldivers,Helldivers,Helldivers,HELLDIVERS,helldivers,1.0,2015.0,2015.0,high,2015-12-07,3459.0,564.0,3.61,83.0
lemmings touch,Lemmings Touch,Lemmings Touch,Lemmings Touch,lemmings-touch,1.0,2014.0,2014.0,high,2014-05-27,163.0,17.0,2.59,
persona 4 arena ultimax,Persona 4 Arena Ultimax,Persona 4 Arena Ultimax,Persona 4 Arena Ultimax,p4au,1.0,2014.0,2014.0,high,2014-08-28,554.0,75.0,3.67,81.0
hardware: rivals,Hardware: Rivals,Hardware: Rivals,Hardware: Rivals,hardware-rivals,1.0,2016.0,2016.0,high,2016-01-05,964.0,120.0,2.1,
nihilumbra,Nihilumbra,Nihilumbra,Nihilumbra,nihilumbra,1.0,2012.0,2012.0,high,2012-06-27,1165.0,110.0,3.39,75.0
history legends of war: patton,History Legends of War: Patton,History Legends of War: Patton,HISTORY Legends of War: Patton,history-legends-of-war-patton,1.0,2013.0,2013.0,high,2013-07-09,8.0,0.0,0.0,
medal of honor: warfighter,Medal of Honor: Warfighter,Medal of Honor: Warfighter,Medal of Honor: Warfighter,medal-of-honor-warfighter,1.0,2012.0,2012.0,high,2012-10-23,651.0,202.0,3.07,54.0
gauntlet: slayer edition,Gauntlet: Slayer Edition,Gauntlet: Slayer Edition,Gauntlet Slayer Edition,gauntlet-slayer-edition,1.0,2014.0,2014.0,high,2014-09-23,1529.0,143.0,3.47,70.0
king's quest - chapter 1: a knight to remember,King's Quest - Chapter 1: A Knight to Remember,King's Quest - Chapter 1: A Knight to Remember,King's Quest - Chapter 1: A Knight to Remember,kings-quest-chapter-1-a-knight-to-remember,1.0,2015.0,2015.0,high,2015-07-28,5.0,0.0,0.0,
freedom wars,Freedom Wars,Freedom Wars,Freedom Wars,freedom-wars,1.0,2014.0,2014.0,high,2014-06-26,512.0,79.0,3.22,73.0
the walking dead: season 2,The Walking Dead: Season 2,The Walking Dead: Season 2,The Walking Dead: Season 2,the-walking-dead-season-2,1.0,2013.0,2013.0,high,2013-12-16,6307.0,1480.0,4.06,80.0
mass effect 2,Mass Effect 2,Mass Effect 2,Mass Effect 2,mass-effect-2,1.0,2010.0,2010.0,high,2010-01-26,9560.0,3101.0,4.45,94.0
invizimals,Invizimals,Invizimals,inviZimals,invizimals,1.0,2009.0,2009.0,high,2009-11-13,27.0,10.0,3.9,
unmechanical extended,Unmechanical Extended,Unmechanical Extended,Unmechanical: Extended,unmechanical-extended,1.0,2012.0,2012.0,high,2012-08-07,465.0,36.0,3.0,
kickbeat,Kickbeat,Kickbeat,KickBeat,kickbeat,1.0,2013.0,2013.0,high,2013-09-03,931.0,57.0,2.82,
super time force ultra,Super Time Force Ultra,Super Time Force Ultra,Super Time Force Ultra,super-time-force-ultra,1.0,2014.0,2014.0,high,2014-08-24,2099.0,195.0,3.09,80.0
xeodrifter,Xeodrifter,Xeodrifter,Xeodrifter,xeodrifter,1.0,2014.0,2014.0,high,2014-12-11,1133.0,129.0,3.03,
teslagrad,Teslagrad,Teslagrad,Teslagrad,teslagrad,1.0,2013.0,2013.0,high,2013-12-12,2277.0,221.0,3.34,77.0
grow home,Grow Home,Grow Home,Grow Home,grow-home,1.0,2014.0,2014.0,high,2014-02-04,2936.0,381.0,3.48,75.0
la-mulana ex,La-Mulana EX,La-Mulana EX,La-Mulana EX,la-mulana-ex,1.0,2014.0,2014.0,high,2014-12-17,253.0,36.0,2.72,78.0
geometry wars 3: dimensions,Geometry Wars 3: Dimensions,Geometry Wars 3: Dimensions,Geometry Wars 3: Dimensions Evolved,geometry-wars-3-dimensions,0.9,2014.0,2014.0,high,2014-11-25,800.0,66.0,3.77,
super exploding zoo,Super Exploding Zoo,Super Exploding Zoo,Super Exploding Zoo!,super-exploding-zoo,1.0,2015.0,2015.0,high,2015-06-02,584.0,71.0,2.2,
futuridum,Futuridum,Futuridum,Futuridium,futuridium,0.947,2014.0,2016.0,low,2016-03-04,0.0,0.0,0.0,
skulls of the shogun: bone-a-fide edition,Skulls of the Shogun: Bone-A-Fide Edition,Skulls of the Shogun: Bone-A-Fide Edition,Skulls of the Shogun,skulls-of-the-shogun,0.9,2013.0,2013.0,high,2013-01-30,1764.0,139.0,2.83,72.0
call of juarez: gunslinger,Call of Juarez: Gunslinger,Call of Juarez: Gunslinger,Call of Juarez: Gunslinger,call-of-juarez-gunslinger,1.0,2013.0,2013.0,high,2013-05-14,7365.0,849.0,3.81,79.0
cloudberry kingdom,Cloudberry Kingdom,Cloudberry Kingdom,Cloudberry Kingdom,cloudberry-kingdom,1.0,2013.0,2013.0,high,2013-07-30,280.0,42.0,3.24,67.0
ether one,Ether One,Ether One,Ether One,ether-one,1.0,2014.0,2014.0,high,2014-03-25,1387.0,145.0,2.49,82.0
murasaki baby,Murasaki Baby,Murasaki Baby,Murasaki Baby,murasaki-baby,1.0,2014.0,2014.0,high,2014-09-16,304.0,41.0,3.32,
monsterbag,MonsterBag,MonsterBag,MonsterBag,monsterbag,1.0,2015.0,2015.0,high,2015-04-07,230.0,27.0,3.14,
killzone mercenary,Killzone Mercenary,Killzone Mercenary,Killzone: Mercenary,killzone-mercenary,1.0,2013.0,2013.0,high,2013-09-04,131.0,39.0,3.85,78.0
never alone,Never Alone,Never Alone,Never Alone,never-alone,1.0,2014.0,2014.0,high,2014-11-18,4301.0,613.0,3.47,70.0
aaru's awakening,Aaru's Awakening,Aaru's Awakening,Aaru's Awakening,aarus-awakening,1.0,2015.0,2015.0,high,2015-02-23,812.0,80.0,2.1,
mighty flip champs! dx,Mighty Flip Champs! DX,Mighty Flip Champs! DX,Mighty Flip Champs! DX,mighty-flip-champs-dx,1.0,2011.0,2011.0,high,2011-07-12,2.0,0.0,0.0,
counterspy,CounterSpy,CounterSpy,CounterSpy,counterspy,1.0,2014.0,2014.0,high,2014-07-22,1500.0,226.0,3.21,
valiant hearts,Valiant Hearts,Valiant Hearts,Valiant Hearts: The Great War,valiant-hearts-the-great-war,0.9,2014.0,2014.0,high,2014-06-24,4770.0,1365.0,4.36,80.0
kick & fennick,Kick & Fennick,Kick & Fennick,Kick & Fennick,kick-fennick,1.0,2015.0,2015.0,high,2015-02-03,249.0,16.0,2.56,
whoa dave!,Whoa Dave!,Whoa Dave!,Dave.,dave-2,0.615,2020.0,2020.0,low,2020-12-17,0.0,0.0,0.0,
prototype 2,Prototype 2,Prototype 2,Prototype 2,prototype-2,1.0,2012.0,2012.0,high,2012-04-24,2776.0,619.0,3.8,76.0
ducktales remastered,DuckTales Remastered,DuckTales Remastered,DuckTales: Remastered,ducktales-remastered,1.0,2013.0,2013.0,high,2013-08-13,2588.0,372.0,3.78,73.0
duke nukem 3d: megaton edition,Duke Nukem 3D: Megaton Edition,Duke Nukem 3D: Megaton Edition,Duke Nukem 3D: Megaton Edition,duke-nukem-3d-megaton-edition,1.0,2013.0,2013.0,high,2013-03-20,929.0,101.0,3.98,70.0
final horizon,Final Horizon,Final Horizon,Final Horizon,final-horizon,1.0,2014.0,2014.0,high,2014-12-02,242.0,28.0,2.46,
secret ponchos,Secret Ponchos,Secret Ponchos,Secret Ponchos,secret-ponchos,1.0,2014.0,2014.0,high,2014-12-02,1213.0,118.0,2.39,
deadly premonition: the director’s cut,Deadly Premonition: The Director’s Cut,Deadly Premonition: The Director’s Cut,Deadly Premonition: The Director's Cut,deadly-premonition-the-directors-cut,0.9,2013.0,2013.0,high,2013-04-30,2248.0,205.0,3.84,67.0
hitman hd trilogy,Hitman HD Trilogy,Hitman HD Trilogy,Hitman HD Trilogy,hitman-hd-trilogy,1.0,2013.0,2013.0,high,2013-01-29,2.0,1.0,0.0,
the binding of isaac rebirth,The Binding of Isaac Rebirth,The Binding of Isaac Rebirth,The Binding of Isaac: Rebirth,the-binding-of-isaac-rebirth,1.0,2014.0,2014.0,high,2014-11-03,5783.0,1173.0,4.31,86.0
steamworld dig: a fistful of dirt,SteamWorld Dig: A Fistful of Dirt,SteamWorld Dig: A Fistful of Dirt,SteamWorld Dig,steamworld-dig,0.9,2013.0,2013.0,high,2013-08-08,3994.0,622.0,3.83,76.0
frozen synapse prime,Frozen Synapse Prime,Frozen Synapse Prime,Frozen Synapse Prime,frozen-synapse-prime,1.0,2014.0,2014.0,high,2014-09-23,813.0,40.0,2.58,83.0
the hungry horde,The Hungry Horde,The Hungry Horde,The Hungry Horde,the-hungry-horde,1.0,2014.0,2014.0,high,2014-11-04,198.0,22.0,2.14,
pix the cat,Pix the Cat,Pix the Cat,Pix the Cat,pix-the-cat,1.0,2014.0,2014.0,high,2014-10-07,1101.0,92.0,2.63,77.0
sportsfriends,Sportsfriends,Sportsfriends,Sportsfriends,sportsfriends,1.0,2014.0,2014.0,high,2014-05-06,1002.0,114.0,2.9,
playstation all-stars battle royale,Playstation All-Stars Battle Royale,Playstation All-Stars Battle Royale,PlayStation All-Stars Battle Royale,playstation-all-stars-battle-royale,1.0,2012.0,2012.0,high,2012-11-20,1337.0,261.0,3.03,74.0
joe danger,Joe Danger,Joe Danger,Joe Danger,joe-danger,1.0,2010.0,2010.0,high,2010-06-08,582.0,53.0,3.23,
txk,TxK,TxK,TxK,txk,1.0,2014.0,2014.0,high,2014-02-11,248.0,25.0,2.88,
road not taken,Road Not Taken,Road Not Taken,Road Not Taken,road-not-taken,1.0,2014.0,2014.0,high,2014-08-05,1108.0,120.0,2.83,75.0
dragon's crown,Dragon's Crown,Dragon's Crown,Dragon's Crown,dragons-crown,1.0,2013.0,2013.0,high,2013-07-25,1139.0,166.0,3.83,
metrico,Metrico,Metrico,Metrico,metrico-2,1.0,2014.0,2014.0,high,2014-08-05,279.0,38.0,2.76,
muramasa rebirth,Muramasa Rebirth,Muramasa Rebirth,Muramasa Rebirth,muramasa-rebirth,1.0,2013.0,2013.0,high,2013-06-25,705.0,97.0,4.0,
mutant mudds deluxe,Mutant Mudds Deluxe,Mutant Mudds Deluxe,Mutant Mudds Deluxe,mutant-mudds-deluxe,1.0,2013.0,2013.0,high,2013-06-13,629.0,35.0,3.19,
nba 2k14,NBA 2K14,NBA 2K14,NBA 2K14,nba-2k14,1.0,2013.0,2013.0,high,2013-10-01,1031.0,154.0,3.31,80.0
surge deluxe,Surge Deluxe,Surge Deluxe,Surge Deluxe,surge-deluxe,1.0,2014.0,2014.0,high,2014-02-04,253.0,20.0,2.45,
pro evolution soccer 2014,Pro Evolution Soccer 2014,Pro Evolution Soccer 2014,Pro Evolution Soccer 2014,pes-2014,1.0,2013.0,2013.0,high,2013-09-20,407.0,72.0,2.78,77.0
pixeljunk monsters ultimate hd,PixelJunk Monsters Ultimate HD,PixelJunk Monsters Ultimate HD,PixelJunk Monsters Ultimate,pixeljunk-monsters-hd,0.947,2013.0,2013.0,high,2013-07-30,1020.0,36.0,2.78,72.0
castle of illusion starring mickey mouse,Castle of Illusion Starring Mickey Mouse,Castle of Illusion Starring Mickey Mouse,Castle of Illusion Starring Mickey Mouse,castle-of-illusion-starring-mickey-mouse,1.0,2013.0,2013.0,high,2013-09-03,390.0,68.0,3.81,
stealth inc. a clone in the dark,Stealth Inc. A Clone in the Dark,Stealth Inc. A Clone in the Dark,Stealth Inc: A Clone in the Dark,stealth-inc,1.0,2013.0,2013.0,high,2013-07-23,653.0,61.0,3.07,
mercenary kings,Mercenary Kings,Mercenary Kings,Mercenary Kings,mercenary-kings,1.0,2014.0,2014.0,high,2014-03-25,2224.0,175.0,2.93,76.0
monster hunter: freedom unite,Monster Hunter: Freedom Unite,Monster Hunter: Freedom Unite,Monster Hunter Freedom Unite,monster-hunter-freedom-unite-for-ios,1.0,2009.0,2009.0,high,2009-10-02,114.0,39.0,4.23,84.0
unit 13,Unit 13,Unit 13,Unit 13,unit-13,1.0,2012.0,2012.0,high,2012-03-06,537.0,67.0,2.8,
lone survivor: the director’s cut,Lone Survivor: The Director’s Cut,Lone Survivor: The Director’s Cut,Lone Survivor: The Director's Cut,lone-survivor-the-directors-cut,0.9,2012.0,2012.0,high,2012-04-23,1847.0,102.0,3.15,81.0
modnation racers: road trip,ModNation Racers: Road Trip,ModNation Racers: Road Trip,ModNation Racers: Road Trip,modnation-racers-road-trip,1.0,2012.0,2012.0,high,2012-02-07,370.0,40.0,3.23,
remember me,Remember Me,Remember Me,Remember Me,remember-me,1.0,2013.0,2013.0,high,2013-06-04,5213.0,953.0,3.67,65.0
street fighter x tekken,Street Fighter X Tekken,Street Fighter X Tekken,STREET FIGHTER X TEKKEN,street-fighter-x-tekken,1.0,2011.0,2011.0,high,2011-09-05,1407.0,176.0,3.31,81.0
smart as,Smart As,Smart As,Smart as...,smart-as,1.0,2012.0,2012.0,high,2012-10-26,4.0,2.0,0.0,
worms battle islands,Worms Battle Islands,Worms Battle Islands,Worms: Battle Islands,worms-battle-islands,1.0,2010.0,2010.0,high,2010-11-22,8.0,2.0,0.0,
dmc: devil may cry,DmC: Devil May Cry,DmC: Devil May Cry,DmC: Devil May Cry,dmc,1.0,2013.0,2013.0,high,2013-01-15,6879.0,1570.0,4.02,85.0
don’t starve,Don’t Starve,Don’t Starve,Don't Starve,dont-starve,1.0,2013.0,2013.0,high,2013-04-22,6958.0,1133.0,3.85,79.0
dyad,Dyad,Dyad,Dyad,dyad,1.0,2012.0,2012.0,high,2012-03-29,294.0,25.0,2.8,80.0
soul sacrifice,Soul Sacrifice,Soul Sacrifice,Soul Sacrifice,soul-sacrifice,1.0,2013.0,2013.0,high,2013-03-07,623.0,78.0,3.39,77.0
oddworld: stranger's wrath,Oddworld: Stranger's Wrath,Oddworld: Stranger's Wrath,Oddworld: Stranger's Wrath,oddworld-strangers-wrath,1.0,2005.0,2005.0,high,2005-01-25,1767.0,124.0,3.62,
binary domain,Binary Domain,Binary Domain,Binary Domain,binary-domain,1.0,2012.0,2012.0,high,2012-02-16,4674.0,548.0,3.56,68.0
dragon’s dogma: dark arisen,Dragon’s Dogma: Dark Arisen,Dragon’s Dogma: Dark Arisen,Dragon's Dogma: Dark Arisen,dragons-dogma-dark-arisen,1.0,2013.0,2013.0,high,2013-04-23,5202.0,680.0,3.92,81.0
poker night 2,Poker Night 2,Poker Night 2,Poker Night 2,poker-night-2,1.0,2013.0,2013.0,high,2013-04-24,2111.0,219.0,3.6,75.0
kingdoms of amalur: reckoning,Kingdoms of Amalur: Reckoning,Kingdoms of Amalur: Reckoning,Kingdoms of Amalur: Reckoning,kingdoms-of-amalur-reckoning,1.0,2012.0,2012.0,high,2012-02-07,2706.0,480.0,3.61,81.0
grand theft auto: liberty city stories,Grand Theft Auto: Liberty City Stories,Grand Theft Auto: Liberty City Stories,Grand Theft Auto: Liberty City Stories,gta-liberty-city-stories,1.0,2005.0,2005.0,high,2005-10-24,629.0,249.0,3.99,78.0
resident evil chronicles hd collection,Resident Evil Chronicles HD Collection,Resident Evil Chronicles HD Collection,Resident Evil Chronicles HD Collection,resident-evil-chronicles-hd-collection,1.0,2012.0,2012.0,high,2012-06-26,18.0,2.0,0.0,
ico hd,ICO HD,ICO HD,ICO,ico,0.667,2001.0,2001.0,low,2001-09-24,1787.0,403.0,4.35,90.0
darkstalkers chronicle: the chaos tower,Darkstalkers Chronicle: The Chaos Tower,Darkstalkers Chronicle: The Chaos Tower,Darkstalkers Chronicle: The Chaos Tower,darkstalkers-chronicle-the-chaos-tower,1.0,2009.0,2009.0,high,2009-10-29,13.0,2.0,0.0,74.0
zen pinball 2: star wars pinball,Zen Pinball 2: Star Wars Pinball,Zen Pinball 2: Star Wars Pinball,ZEN Pinball 2: Star Wars Pinball,zen-pinball-2-star-wars-pinball,1.0,2013.0,2013.0,high,2013-02-26,2.0,0.0,0.0,
oddworld: munch's oddysey hd,Oddworld: Munch's Oddysey HD,Oddworld: Munch's Oddysey HD,Oddworld: Munch's Oddysee (1997),oddworld-munchs-oddysee,0.902,2001.0,2001.0,high,2001-11-15,968.0,60.0,3.43,
dokuro,Dokuro,Dokuro,Dokuro,dokuro,1.0,2012.0,2012.0,high,2012-07-05,233.0,17.0,2.59,
jet set radio,Jet Set Radio,Jet Set Radio,Jet Set Radio,jet-set-radio-2012,1.0,2000.0,2000.0,high,2000-06-29,5319.0,510.0,3.42,94.0
littlebigplanet karting,LittleBigPlanet Karting,LittleBigPlanet Karting,LittleBigPlanet Karting,littlebigplanet-karting,1.0,2012.0,2012.0,high,2012-11-06,929.0,151.0,3.12,
uncharted 3: drake's deception (single-player),Uncharted 3: Drake's Deception (single-player),Uncharted 3: Drake's Deception (single-player),Uncharted 3: Drake's Deception,uncharted-3-drakes-deception,1.0,2011.0,2011.0,high,2011-11-01,6523.0,1959.0,4.37,92.0
zero escape: virtue's last reward,Zero Escape: Virtue's Last Reward,Zero Escape: Virtue's Last Reward,Zero Escape: Virtue's Last Reward,zero-escape-virtues-last-reward,1.0,2012.0,2012.0,high,2012-02-16,269.0,117.0,4.32,
gods eater burst,Gods Eater Burst,Gods Eater Burst,Gods Eater Burst,gods-eater-burst,1.0,2011.0,2011.0,high,2011-03-15,18.0,2.0,0.0,71.0
germinator,Germinator,Germinator,Germinator,germinator,1.0,2013.0,2013.0,high,2013-03-05,49.0,4.0,0.0,
pinball arcade,Pinball Arcade,Pinball Arcade,Pinball Arcade,pinball-arcade,1.0,2012.0,2012.0,high,2012-02-09,1644.0,125.0,2.49,
blazblue: continuum shift extend,BlazBlue: Continuum Shift Extend,BlazBlue: Continuum Shift Extend,BlazBlue: Continuum Shift Extend,blazblue-continuum-shift-extend,1.0,2011.0,2011.0,high,2011-12-17,786.0,40.0,3.48,66.0
zombie tycoon 2,Zombie Tycoon 2,Zombie Tycoon 2,Zombie Tycoon 2: Brainhov's Revenge,zombie-tycoon-2-brainhovs-revenge,0.9,2013.0,2013.0,high,2013-04-30,352.0,19.0,2.32,
labyrinth legends,Labyrinth Legends,Labyrinth Legends,Labyrinth Legends,labyrinth-legends,1.0,2012.0,2012.0,high,2012-12-16,117.0,9.0,2.11,
malicious,Malicious,Malicious,Malicious,malicious,1.0,2012.0,2012.0,high,2012-02-08,327.0,27.0,2.63,67.0
demon’s souls,Demon’s Souls,Demon’s Souls,Demon's Souls,demons-souls,1.0,2009.0,2009.0,high,2009-02-05,2729.0,547.0,4.27,89.0
tekken vi,Tekken VI,Tekken VI,TEKKEN 6,tekken-6,1.0,2007.0,2007.0,high,2007-10-27,928.0,230.0,3.83,80.0
disgaea 3: absence of detention,Disgaea 3: Absence of Detention,Disgaea 3: Absence of Detention,Disgaea 3: Absence of Detention,disgaea-3-absence-of-detention,1.0,2012.0,2012.0,high,2012-04-17,211.0,22.0,3.5,
mega man maverick hunter x,Mega Man Maverick Hunter X,Mega Man Maverick Hunter X,Mega Man Maverick Hunter X,mega-man-maverick-hunter-x,1.0,2006.0,2006.0,high,2006-02-02,47.0,11.0,4.58,79.0
closure,Closure,Closure,Closure,closure,1.0,2012.0,2012.0,high,2012-03-27,1714.0,75.0,2.92,78.0
guardians of middle earth,Guardians of Middle Earth,Guardians of Middle Earth,Guardians of Middle-earth,guardians-of-middle-earth,1.0,2012.0,2012.0,high,2012-12-05,1762.0,87.0,2.14,56.0
ninja gaiden sigma plus,Ninja Gaiden Sigma Plus,Ninja Gaiden Sigma Plus,NINJA GAIDEN SIGMA PLUS,ninja-gaiden-sigma-plus,1.0,2012.0,2012.0,high,2012-02-21,25.0,5.0,4.0,80.0
foosball 2012,Foosball 2012,Foosball 2012,Foosball 2012,foosball-2012,1.0,2012.0,2012.0,high,2012-07-24,76.0,6.0,2.0,
chronovolt,Chronovolt,Chronovolt,Chronovolt,chronovolt,1.0,2012.0,2012.0,high,2012-11-21,151.0,20.0,2.55,44.0
nba jam: on fire,NBA Jam: On Fire,NBA Jam: On Fire,NBA Jam: On Fire,nba-jam-on-fire,1.0,2011.0,2011.0,high,2011-10-04,11.0,3.0,0.0,
retro city rampage,Retro City Rampage,Retro City Rampage,Retro City Rampage,retro-city-rampage,1.0,2012.0,2012.0,high,2012-10-09,215.0,23.0,3.61,
rochard,Rochard,Rochard,Rochard,rochard,1.0,2011.0,2011.0,high,2011-11-15,1853.0,124.0,3.09,81.0
street fighter iv: arcade edition,Street Fighter IV: Arcade Edition,Street Fighter IV: Arcade Edition,Street Fighter IV,street-fighter-4,0.9,2009.0,2009.0,high,2009-02-12,1176.0,215.0,3.79,91.0
sonic the hedgehog 2,Sonic the Hedgehog 2,Sonic the Hedgehog 2,Sonic the Hedgehog 2,sonic-the-hedgehog-2,1.0,1992.0,1992.0,high,1992-11-21,1393.0,394.0,4.29,78.0
sonic the hedgehog,Sonic the Hedgehog,Sonic the Hedgehog,Sonic The Hedgehog (2006),sonic-the-hedgehog-4,1.0,2006.0,2006.0,high,2006-11-14,494.0,87.0,2.49,44.0
final fantasy tactics: the war of the lions,Final Fantasy Tactics: The War of the Lions,Final Fantasy Tactics: The War of the Lions,Final Fantasy Tactics: The War of the Lions,final-fantasy-tactics-wotl,1.0,2007.0,2007.0,high,2007-05-10,193.0,49.0,4.18,
wipeout 2048,WipEout 2048,WipEout 2048,WipEout 2048,wipeout-2048,1.0,2012.0,2012.0,high,2012-01-19,654.0,99.0,3.84,
uncharted: golden abyss,Uncharted: Golden Abyss,Uncharted: Golden Abyss,Uncharted: Golden Abyss,uncharted-golden-abyss,1.0,2011.0,2011.0,high,2011-12-17,1814.0,417.0,3.81,80.0
gravity rush,Gravity Rush,Gravity Rush,Gravity Rush,gravity-rush,1.0,2012.0,2012.0,high,2012-02-09,1542.0,315.0,3.97,83.0
king of fighters xiii,King of Fighters XIII,King of Fighters XIII,The King of Fighters XIII,the-king-of-fighters-xiii,1.0,2011.0,2011.0,high,2011-11-18,1417.0,90.0,3.64,
payday: the heist,PAYDAY: The Heist,PAYDAY: The Heist,PAYDAY The Heist,payday-the-heist,1.0,2011.0,2011.0,high,2011-10-18,6083.0,781.0,3.35,76.0
nfl blitz,NFL Blitz,NFL Blitz,NFL Blitz,nfl-blitz,1.0,2012.0,2012.0,high,2012-01-03,108.0,11.0,3.91,
ronnie o'sullivan's snooker,Ronnie O'Sullivan's Snooker,Ronnie O'Sullivan's Snooker,Ronnie O'Sullivan's Snooker,ronnie-osullivans-snooker,1.0,2012.0,2012.0,high,2012-08-28,2.0,0.0,0.0,
starhawk (single-player only),Starhawk (single-player ONLY),Starhawk (single-player ONLY),The Ship: Single Player,the-ship-single-player,0.231,2006.0,2006.0,low,2006-11-20,2688.0,173.0,2.67,
scott pilgrim vs. the world,Scott Pilgrim vs. The World,Scott Pilgrim vs. The World,Scott Pilgrim vs. the World: The Game,scott-pilgrim-the-game,0.9,2010.0,2010.0,high,2010-08-10,1064.0,166.0,4.11,75.0
bloodrayne betrayal,Bloodrayne Betrayal,Bloodrayne Betrayal,BloodRayne Betrayal,bloodrayne-betrayal-2,1.0,2011.0,2011.0,high,2011-09-06,721.0,40.0,2.98,68.0
farm frenzy 2,Farm Frenzy 2,Farm Frenzy 2,Farm Frenzy 2,farm-frenzy-2,1.0,2010.0,2010.0,high,2010-02-05,81.0,27.0,3.81,
the walking dead (ep. 1 & 2),The Walking Dead (Ep. 1 & 2),The Walking Dead (Ep. 1 & 2),The Walking Dead: Season 1,the-walking-dead,0.5,2012.0,2012.0,low,2012-04-23,11711.0,2498.0,4.36,92.0
gotham city imposters,Gotham City Imposters,Gotham City Imposters,Gotham City Impostors,gotham-city-impostors,0.952,2012.0,2012.0,high,2012-02-07,1334.0,169.0,2.92,
international track and field,International Track and Field,International Track and Field,International Track & Field 2000,international-track-field,0.5,1996.0,1996.0,low,1996-05-21,17.0,5.0,3.33,72.0
kaleidoscope,Kaleidoscope,Kaleidoscope,Kaleidoscope,kaleidoscope,1.0,2012.0,2012.0,high,2012-06-05,2.0,0.0,0.0,
"warhammer 40,000: space marine","Warhammer 40,000: Space Marine","Warhammer 40,000: Space Marine","Warhammer 40,000: Space Marine",warhammer-40000-space-marine,1.0,2011.0,2011.0,high,2011-09-05,6106.0,760.0,3.48,74.0
little big planet 2,Little Big Planet 2,Little Big Planet 2,LittleBigPlanet 2,littlebigplanet-2,0.944,2011.0,2011.0,high,2011-01-18,1866.0,395.0,4.09,
zombie apocalypse: never die alone,Zombie Apocalypse: Never Die Alone,Zombie Apocalypse: Never Die Alone,Zombie Apocalypse: Never Die Alone,zombie-apocalypse-never-die-alone,1.0,2011.0,2011.0,high,2011-10-25,44.0,6.0,2.17,
sideway: new york,Sideway: New York,Sideway: New York,Sideway New York,sideway-new-york,1.0,2011.0,2011.0,high,2011-11-15,443.0,11.0,2.82,71.0
awesomenauts,Awesomenauts,Awesomenauts,Awesomenauts,awesomenauts,1.0,2012.0,2012.0,high,2012-05-01,4371.0,415.0,3.06,78.0
velocity,Velocity,Velocity,Velocity,velocity,1.0,2012.0,2012.0,high,2012-05-15,6.0,1.0,0.0,
floating cloud god saves the pilgrims,Floating Cloud God Saves The Pilgrims,Floating Cloud God Saves The Pilgrims,Floating Cloud God Saves The Pilgrims,floating-cloud-god-saves-the-pilgrims,1.0,2012.0,2012.0,high,2012-04-18,3.0,0.0,0.0,
trine 2,Trine 2,Trine 2,Trine 2,trine-2,1.0,2011.0,2011.0,high,2011-12-07,1937.0,307.0,3.95,
rock of ages,Rock of Ages,Rock of Ages,Rock of Ages,rock-of-ages,1.0,2011.0,2011.0,high,2011-08-31,1836.0,210.0,3.53,74.0
castlevania: chronicles,Castlevania: Chronicles,Castlevania: Chronicles,Castlevania Chronicles,castlevania-chronicles,1.0,1993.0,1993.0,high,1993-10-08,67.0,17.0,3.83,69.0
defenders of the mystic garden,Defenders of the Mystic Garden,Defenders of the Mystic Garden,Defenders of the Mystic Garden,defenders-of-the-mystic-garden,1.0,2012.0,2012.0,high,2012-04-10,2.0,0.0,0.0,
shank 2,Shank 2,Shank 2,Shank 2,shank-2,1.0,2012.0,2012.0,high,2012-02-07,2822.0,267.0,3.57,72.0
shift 2: unleashed,Shift 2: Unleashed,Shift 2: Unleashed,SHIFT 2 UNLEASHED,shift-2-unleashed,1.0,2011.0,2011.0,high,2011-03-29,1159.0,168.0,3.55,84.0
silent hill,Silent Hill,Silent Hill,Silent Hill,silent-hill,1.0,1999.0,1999.0,high,1999-01-31,1368.0,666.0,4.36,86.0
canabalt,Canabalt,Canabalt,Canabalt,canabalt,1.0,2009.0,2009.0,high,2009-10-02,439.0,36.0,3.61,
bermuda triangle,Bermuda Triangle,Bermuda Triangle,BERMUDA TRIANGLE,bermuda-triangle,1.0,2012.0,2012.0,high,2012-01-24,3.0,0.0,0.0,
um jammer lammy,Um Jammer Lammy,Um Jammer Lammy,Um Jammer Lammy,um-jammer-lammy,1.0,1999.0,1999.0,high,1999-03-18,37.0,14.0,4.21,
the simpsons arcade game,The Simpsons Arcade Game,The Simpsons Arcade Game,The Simpsons Arcade Game,the-simpsons-arcade-game,1.0,1991.0,1991.0,high,1991-01-01,183.0,33.0,3.82,
fatal inertia ex,Fatal Inertia EX,Fatal Inertia EX,Fatal Inertia EX,fatal-inertia-ex,1.0,2008.0,2008.0,high,2008-06-19,6.0,1.0,0.0,
inferno pool,Inferno Pool,Inferno Pool,Inferno Pool,inferno-pool,1.0,2009.0,2009.0,high,2009-05-28,64.0,3.0,0.0,
supersonic acrobatic rocket powered battle cars,Supersonic Acrobatic Rocket Powered Battle Cars,Supersonic Acrobatic Rocket Powered Battle Cars,Supersonic Acrobatic Rocket-Powered Battle-Cars,supersonic-acrobatic-rocket-powered-battle-car,1.0,2008.0,2008.0,high,2008-10-09,172.0,28.0,3.43,
gold medalist,Gold Medalist,Gold Medalist,GOLD MEDALIST,gold-medalist,1.0,2012.0,2012.0,high,2012-01-24,4.0,0.0,0.0,
hungry giraffe,Hungry Giraffe,Hungry Giraffe,Hungry Giraffe,hungry-giraffe,1.0,2012.0,2012.0,high,2012-02-01,40.0,1.0,0.0,
back to the future the game,Back to the Future The Game,Back to the Future The Game,Back to the Future: The Game,back-to-the-future-the-game,1.0,2010.0,2010.0,high,2010-12-21,2529.0,264.0,3.44,74.0
sword & soldiers,Sword & Soldiers,Sword & Soldiers,Swords and Soldiers HD,swords-and-soldiers-hd,0.9,2010.0,2010.0,high,2010-12-02,2247.0,138.0,2.64,
stick man rescue,Stick Man Rescue,Stick Man Rescue,Stick Man Rescue,stick-man-rescue,1.0,2012.0,2012.0,high,2012-01-10,3.0,0.0,0.0,
marvel pinball,Marvel Pinball,Marvel Pinball,Marvel Pinball,marvel-pinball,1.0,2010.0,2010.0,high,2010-12-08,137.0,20.0,3.19,
orbit,Orbit,Orbit,ORBIT,orbit,1.0,2011.0,2011.0,high,2011-12-06,19.0,0.0,0.0,
mad blocker alpha,Mad Blocker Alpha,Mad Blocker Alpha,Mad Blocker Alpha,mad-blocker-alpha,1.0,2011.0,2011.0,high,2011-04-19,2.0,0.0,0.0,
a space shooter for 2 bucks!,A Space Shooter for 2 Bucks!,A Space Shooter for 2 Bucks!,A Space Shooter for 2 Bucks!,a-space-shooter-for-2-bucks,1.0,2010.0,2010.0,high,2010-12-21,4.0,1.0,0.0,81.0
spyro year of the dragon,Spyro Year of the Dragon,Spyro Year of the Dragon,Spyro: Year of the Dragon,spyro-year-of-the-dragon,1.0,2000.0,2000.0,high,2000-10-24,497.0,199.0,4.38,91.0
spyro 2: ripto’s rage,Spyro 2: Ripto’s Rage,Spyro 2: Ripto’s Rage,Spyro 2: Ripto's Rage!,spyro-2-riptos-rage,1.0,1999.0,1999.0,high,1999-10-31,1318.0,349.0,4.15,
spyro the dragon,Spyro the Dragon,Spyro the Dragon,Spyro the Dragon,spyro-the-dragon-2007,1.0,1998.0,1998.0,high,1998-09-09,1535.0,440.0,4.19,
hydrophobia: prophecy,Hydrophobia: Prophecy,Hydrophobia: Prophecy,Hydrophobia: Prophecy,hydrophobia-prophecy,1.0,2011.0,2011.0,high,2011-05-09,1237.0,87.0,2.71,64.0
ctr: crash team racing,CTR: Crash Team Racing,CTR: Crash Team Racing,CTR: Crash Team Racing,ctr-crash-team-racing-2,1.0,2010.0,2010.0,high,2010-08-10,3.0,2.0,0.0,
crash bandicoot3: warped,Crash Bandicoot3: Warped,Crash Bandicoot3: Warped,Crash Bandicoot 3: Warped,crash-bandicoot-warped,0.5,1998.0,1998.0,low,1998-10-31,2541.0,650.0,4.35,91.0
crash bandicoot 2,Crash Bandicoot 2,Crash Bandicoot 2,Crash Bandicoot 2: Cortex Strikes Back,crash-bandicoot-2,0.9,1997.0,1997.0,high,1997-11-01,2492.0,613.0,4.27,
crash bandicoot,Crash Bandicoot,Crash Bandicoot,Crash Bandicoot,crash-bandicoot,1.0,1996.0,1996.0,high,1996-09-09,2853.0,786.0,4.15,
doodle fit,Doodle Fit,Doodle Fit,Doodle Fit,doodle-fit,1.0,2011.0,2011.0,high,2011-09-06,2.0,0.0,0.0,
where is my heart,Where is my Heart,Where is my Heart,Where is my Heart?,where-is-my-heart,1.0,2011.0,2011.0,high,2011-11-08,250.0,12.0,2.92,74.0
rumble trucks,Rumble Trucks,Rumble Trucks,Rumble Trucks,rumble-trucks,1.0,2011.0,2011.0,high,2011-11-01,3.0,0.0,0.0,
elemental monster,Elemental Monster,Elemental Monster,Elemental Monster: Gochuushin no Nazo,elemental-monster,0.9,2007.0,2007.0,low,2007-09-20,0.0,0.0,0.0,
dead nation,Dead Nation,Dead Nation,Dead Nation,dead-nation,1.0,2010.0,2010.0,high,2010-11-30,1127.0,201.0,3.49,
warhawk,Warhawk,Warhawk,WarHawk,warhawk,1.0,2007.0,2007.0,high,2007-08-28,279.0,39.0,3.41,84.0
street smart,Street Smart,Street Smart,Street Smart (1989),street-smart-1989,1.0,1989.0,1989.0,high,1989-08-01,12.0,0.0,0.0,
speedball 2,Speedball 2,Speedball 2,Speedball 2: Tournament,speedball-2-tournament,0.9,2007.0,2007.0,high,2007-11-27,73.0,3.0,0.0,
1000 tiny claws,1000 Tiny Claws,1000 Tiny Claws,1000 Tiny Claws,1000-tiny-claws,1.0,2011.0,2011.0,high,2011-10-04,3.0,0.0,0.0,
burn zombie burn,Burn Zombie Burn,Burn Zombie Burn,Burn Zombie Burn,burn-zombie-burn-2,1.0,2014.0,2014.0,high,2014-12-24,86.0,1.0,0.0,
jelly pops,Jelly Pops,Jelly Pops,Jelly Pops,jelly-pops,1.0,2011.0,2011.0,high,2011-09-13,2.0,0.0,0.0,
astro tripper,Astro Tripper,Astro Tripper,Astro Tripper,astro-tripper,1.0,2008.0,2008.0,high,2008-12-11,316.0,10.0,2.5,
bashi blocks,Bashi Blocks,Bashi Blocks,Bashi Blocks,bashi-blocks,1.0,2011.0,2011.0,high,2011-02-15,2.0,0.0,0.0,
resident evil director’s cut,Resident Evil Director’s Cut,Resident Evil Director’s Cut,Resident Evil Director's Cut,resident-evil-directors-cut,0.9,1997.0,1997.0,high,1997-09-25,141.0,51.0,4.27,
destruction derby,Destruction Derby,Destruction Derby,Destruction Derby,destruction-derby,1.0,1995.0,1995.0,high,1995-01-01,109.0,40.0,3.92,
omg-z!,OMG-Z!,OMG-Z!,OMG-Z,omg-z,1.0,2011.0,2011.0,high,2011-08-02,8.0,0.0,0.0,
dr. maybe and the adventures of scarygirl,Dr. Maybe and the Adventures of Scarygirl,Dr. Maybe and the Adventures of Scarygirl,Dr. Maybee and the Adventures of Scarygirl,dr-maybee-and-the-adventures-of-scarygirl,0.988,2011.0,2011.0,high,2011-07-06,3.0,0.0,0.0,
me monstar: hear me roar,Me Monstar: Hear Me Roar,Me Monstar: Hear Me Roar,Me Monstar: Hear Me Roar!,me-monstar-hear-me-roar,1.0,2011.0,2011.0,high,2011-07-05,3.0,0.0,0.0,
alien zombie death,Alien Zombie Death,Alien Zombie Death,Alien Zombie Death,alien-zombie-death,1.0,2010.0,2010.0,high,2010-02-18,3.0,0.0,0.0,76.0
guerilla war,Guerilla War,Guerilla War,Guerilla War,guerilla-war,1.0,1987.0,1987.0,high,1987-01-01,19.0,4.0,0.0,
streets of rage 2,Streets of Rage 2,Streets of Rage 2,Streets of Rage 2,streets-of-rage-2,1.0,1992.0,1992.0,high,1992-12-20,939.0,237.0,4.12,
magic the gathering: duels of the planeswalkers 2011,Magic the Gathering: Duels of the Planeswalkers 2011,Magic the Gathering: Duels of the Planeswalkers 2011,Magic: The Gathering - Duels of the Planeswalkers 2012,magic-the-gathering-duels-of-the-planeswalkers-2-2,0.5,2011.0,2011.0,low,2011-06-14,439.0,41.0,3.39,77.0
lilo & stitch,Lilo & Stitch,Lilo & Stitch,Lilo & Stitch: Stitch 626,disneys-stitch-experiment-626,0.5,2002.0,2002.0,low,2002-06-19,13.0,2.0,0.0,59.0
the 2d adventures of rotating octopus character,The 2D Adventures of Rotating Octopus Character,The 2D Adventures of Rotating Octopus Character,The 2D Adventures of Rotating Octopus Character,the-2d-adventures-of-rotating-octopus-character,1.0,2011.0,2011.0,high,2011-05-17,4.0,1.0,0.0,
babel the king of blocks,Babel the King of Blocks,Babel the King of Blocks,Babel: The King of the Blocks,babel-the-king-of-the-blocks-2,0.923,2011.0,2011.0,high,2011-06-15,1.0,0.0,0.0,
duael invaders,Duael Invaders,Duael Invaders,Duael Invaders,duael-invaders,1.0,2011.0,2011.0,high,2011-04-05,2.0,0.0,0.0,
vector td,Vector TD,Vector TD,Vector TD,vector-td,1.0,2010.0,2010.0,high,2010-03-04,3.0,0.0,0.0,
comet crash,Comet Crash,Comet Crash,Comet Crash,comet-crash,1.0,2009.0,2009.0,high,2009-04-02,150.0,10.0,2.7,
oddworld: abe’s exoddus,Oddworld: Abe’s Exoddus,Oddworld: Abe’s Exoddus,Oddworld: Abe's Exoddus,oddworld-abes-exoddus,1.0,1998.0,1998.0,high,1998-11-17,1623.0,146.0,4.09,
pix’n love rush,Pix’n Love Rush,Pix’n Love Rush,Pix'n Love Rush,pixn-love-rush,1.0,2010.0,2010.0,high,2010-06-16,5.0,0.0,0.0,
enigmo,Enigmo,Enigmo,Enigmo,enigmo,1.0,2003.0,2003.0,high,2003-05-30,9.0,1.0,0.0,
let’s golf,Let’s Golf,Let’s Golf,Let's Golf,lets-golf,1.0,2009.0,2009.0,high,2009-11-24,3.0,0.0,0.0,
karimogi,Karimogi,Karimogi,Karimogi,karimogi,1.0,2011.0,2011.0,high,2011-01-18,1.0,0.0,0.0,
digger hd,Digger HD,Digger HD,Digger HD,digger-hd,1.0,2009.0,2009.0,high,2009-10-01,59.0,7.0,2.14,
hero of sparta,Hero of Sparta,Hero of Sparta,Hero of Sparta,hero-of-sparta,1.0,2009.0,2009.0,high,2009-10-01,9.0,2.0,0.0,
pipe madness,Pipe Madness,Pipe Madness,Pipe Madness,pipe-madness,1.0,2011.0,2011.0,high,2011-01-04,1.0,0.0,0.0,
lead & gold,Lead & Gold,Lead & Gold,Lead and Gold: Gangs of the Wild West,lead-and-gold-gangs-of-the-wild-west,0.9,2010.0,2010.0,high,2010-04-08,1793.0,121.0,2.53,70.0
sackboy's prehistoric moves,Sackboy's Prehistoric Moves,Sackboy's Prehistoric Moves,LittleBigPlanet Sackboy 's Prehistoric Moves,littlebigplanet-sackboy-s-prehistoric-moves,0.771,2010.0,2010.0,low,2010-12-07,14.0,1.0,0.0,
a space shooter for 2 bucks,A Space Shooter For 2 Bucks,A Space Shooter For 2 Bucks,A Space Shooter for 2 Bucks!,a-space-shooter-for-2-bucks,1.0,2010.0,2010.0,high,2010-12-21,4.0,1.0,0.0,81.0
i must run!,I Must Run!,I Must Run!,I Must Run!,i-must-run,1.0,2010.0,2010.0,high,2010-12-14,4.0,0.0,0.0,
crash team racing,Crash Team Racing,Crash Team Racing,Crash Team Racing,ctr-crash-team-racing,1.0,1999.0,1999.0,high,1999-09-30,613.0,311.0,4.35,88.0
sam & max: the devil’s playhouse (episodes 1-5),Sam & Max: The Devil’s Playhouse (Episodes 1-5),Sam & Max: The Devil’s Playhouse (Episodes 1-5),Sam & Max: The Devil's Playhouse - Episode 1: The Penal Zone,sam-max-301-the-penal-zone,0.5,2010.0,2010.0,low,2010-04-15,2218.0,73.0,2.97,
dynogems,DYNOGEMS,DYNOGEMS,DYNOGEMS,dynogems,1.0,2010.0,2010.0,high,2010-01-14,3.0,0.0,0.0,
breakquest,BreakQuest,BreakQuest,BreakQuest,breakquest,1.0,2004.0,2004.0,high,2004-11-15,12.0,5.0,0.0,58.0
bubble trubble,Bubble Trubble,Bubble Trubble,Bubble Trubble,bubble-trubble,1.0,2009.0,2009.0,high,2009-11-12,1.0,0.0,0.0,
bloons,Bloons,Bloons,BLOONS,bloons,1.0,2009.0,2009.0,high,2009-04-14,16.0,7.0,2.86,
oddworld: abe’s oddysee,Oddworld: Abe’s Oddysee,Oddworld: Abe’s Oddysee,Oddworld: Abe's Oddysee,oddworld-abes-oddysee,1.0,1997.0,1997.0,high,1997-09-19,5766.0,560.0,3.55,85.0
echoes,Echoes,Echoes,Echoes,echoes,1.0,2009.0,2009.0,high,2009-11-19,6.0,0.0,0.0,
zen pinball,Zen Pinball,Zen Pinball,Zen Pinball,zen-pinball,1.0,2009.0,2009.0,high,2009-05-14,112.0,15.0,2.93,
blast off,Blast Off,Blast Off,Blast-off,blast-off-2,1.0,2017.0,2017.0,high,2017-03-01,131.0,3.0,0.0,
vempires,Vempires,Vempires,Vempire,vempire,0.933,2018.0,2009.0,low,2009-10-01,1.0,0.0,0.0,
mushroom wars,Mushroom Wars,Mushroom Wars,Mushroom Wars,mushroom-wars,1.0,2009.0,2009.0,high,2009-10-15,506.0,42.0,3.28,80.0
aero racer,Aero Racer,Aero Racer,RIDGE RACER (2012),ridge-racer,0.667,2009.0,2011.0,low,2011-12-17,149.0,22.0,3.78,44.0
kahoots,Kahoots,Kahoots,Kahoots,kahoots,1.0,2009.0,2009.0,high,2009-11-24,2.0,0.0,0.0,
field runners,Field Runners,Field Runners,Track & Field,track-field,0.357,1983.0,1983.0,low,1983-01-01,217.0,54.0,3.5,
age of zombies,Age of Zombies,Age of Zombies,Age of Zombies,age-of-zombies,1.0,2010.0,2010.0,high,2010-02-25,60.0,14.0,3.86,
wipeout hd,WipEout HD,WipEout HD,WipEout HD,wipeout-hd,1.0,2008.0,2008.0,high,2008-09-25,957.0,128.0,3.69,
ballionaire,Ballionaire,Ballionaire,Ballionaire,ballionaire,1.0,2024.0,2024.0,high,2024-12-10,29.0,5.0,0.0,
guntouchables,Guntouchables,Guntouchables,GUNTOUCHABLES,guntouchables,1.0,2025.0,2025.0,high,2025-08-07,64.0,3.0,0.0,
urban jungle,Urban Jungle,Urban Jungle,Urban Jungle,urban-jungle-2,1.0,2017.0,2025.0,low,2025-03-21,9.0,3.0,0.0,
pocket mirror ~ goldenertraum,Pocket Mirror ~ GoldenerTraum,Pocket Mirror ~ GoldenerTraum,Pocket Mirror ~ GoldenerTraum,pocket-mirror-goldenertraum,1.0,2023.0,2023.0,high,2023-05-18,31.0,3.0,0.0,
dead cells + the bad seed dlc,Dead Cells + The Bad Seed DLC,Dead Cells + The Bad Seed DLC,Dead Cells: The Bad Seed,dead-cells-the-bad-seed,0.92,2020.0,2020.0,high,2020-02-11,3.0,1.0,0.0,
teenage mutant ninja turtles: shredder's revenge - ultimate edition,Teenage Mutant Ninja Turtles: Shredder's Revenge - Ultimate Edition,Teenage Mutant Ninja Turtles: Shredder's Revenge,Teenage Mutant Ninja Turtles: Shredder's Revenge,teenage-mutant-ninja-turtles-shredders-revenge,1.0,2022.0,2022.0,high,2022-06-16,2718.0,442.0,4.08,86.0
decktamer,Decktamer,Decktamer,Decktamer,decktamer,1.0,2025.0,2025.0,high,2025-10-27,6.0,2.0,0.0,
conquest dark,Conquest Dark,Conquest Dark,Conquest Dark,conquest-dark,1.0,2025.0,2025.0,high,2025-04-30,11.0,1.0,0.0,
gatekeeper,Gatekeeper,Gatekeeper,Gatekeeper (2024),gatekeeper-2024,1.0,2017.0,,high,,8.0,2.0,0.0,
pile up!,Pile Up!,Pile Up!,Pile Up!,pile-up-3,1.0,2019.0,2023.0,low,2023-06-02,23.0,1.0,0.0,
dark envoy,Dark Envoy,Dark Envoy,Dark Envoy,dark-envoy,1.0,2023.0,2023.0,high,2023-10-24,135.0,12.0,3.08,
sea of stars: sunset edition,Sea of Stars: Sunset Edition,Sea of Stars: Sunset Edition,Infinite Space III: Sea of Stars,infinite-space-iii-sea-of-stars,0.429,2015.0,2015.0,low,2015-10-28,178.0,3.0,0.0,
drop duchy - complete edition,Drop Duchy - Complete Edition,Drop Duchy,Drop,drop,0.9,2017.0,2018.0,high,2018-08-09,122.0,0.0,0.0,
sledders,Sledders,Sledders,Sledders,sledders,1.0,2023.0,2023.0,high,2023-12-05,8.0,0.0,0.0,
dicefolk,Dicefolk,Dicefolk,Dicefolk,dicefolk,1.0,2024.0,2024.0,high,2024-02-27,12.0,1.0,0.0,
our adventurer guild,Our Adventurer Guild,Our Adventurer Guild,Our Adventurer Guild,our-adventurer-guild,1.0,2023.0,2023.0,high,2023-05-30,10.0,4.0,0.0,
indica,Indica,Indica,Indika,indika,0.833,2005.0,2024.0,low,2024-05-02,469.0,140.0,3.96,
hell clock,Hell Clock,Hell Clock,Hell Clock,hell-clock,1.0,,,high,,21.0,3.0,0.0,
overlooting,Overlooting,Overlooting,Overlooting,overlooting,1.0,,,high,,7.0,3.0,0.0,
shin megami tensei v: vengeance,Shin Megami Tensei V: Vengeance,Shin Megami Tensei V: Vengeance,Shin Megami Tensei V: Vengeance,shin-megami-tensei-v,1.0,2024.0,2024.0,high,2024-06-14,344.0,69.0,4.04,84.0
crysis 3 remastered,Crysis 3 Remastered,Crysis 3 Remastered,Crysis 3 Remastered,crysis-3-remastered,1.0,2021.0,2021.0,high,2021-10-17,717.0,71.0,3.33,
heroes of hammerwatch ii,Heroes of Hammerwatch II,Heroes of Hammerwatch II,Heroes of Hammerwatch II,heroes-of-hammerwatch-ii,1.0,2025.0,2025.0,high,2025-01-14,36.0,4.0,0.0,
nordhold,Nordhold,Nordhold,Nordhold,nordhold,1.0,2025.0,2025.0,high,2025-03-25,10.0,1.0,0.0,
cubic odyssey,Cubic Odyssey,Cubic Odyssey,Cubic Odyssey,cubic-odyssey,1.0,2025.0,2025.0,high,2025-05-13,11.0,2.0,0.0,
mini settlers,Mini Settlers,Mini Settlers,Mini Settlers,mini-settlers,1.0,2024.0,2024.0,high,2024-08-07,8.0,0.0,0.0,
daemon x machina: titanic scion,Daemon X Machina: Titanic Scion,Daemon X Machina: Titanic Scion,Daemon X Machina: Titanic Scion,daemon-x-machina-titanic-scion,1.0,2025.0,2025.0,high,2025-09-05,12.0,2.0,0.0,
until then,Until Then,Until Then,Until Then,until-then,1.0,2024.0,2024.0,high,2024-06-25,89.0,15.0,4.2,
artisan td,Artisan TD,Artisan TD,Artisan TD,artisan-td,1.0,2024.0,2024.0,high,2024-07-22,10.0,3.0,0.0,
buddy simulator 1984,Buddy Simulator 1984,Buddy Simulator 1984,Buddy Simulator 1984,buddy-simulator-1984,1.0,2021.0,2021.0,high,2021-02-17,222.0,13.0,3.69,
tempest rising,Tempest Rising,Tempest Rising,Tempest Rising,tempest-rising,1.0,,2025.0,high,2025-04-17,82.0,12.0,4.08,
etrian odyssey iii hd,Etrian Odyssey III HD,Etrian Odyssey III HD,Etrian Odyssey III HD,etrian-odyssey-iii-hd,1.0,2023.0,2023.0,high,2023-05-31,24.0,2.0,0.0,
bread & fred,Bread & Fred,Bread & Fred,Bread & Fred,bread-fred,1.0,2023.0,2023.0,high,2023-05-23,152.0,12.0,3.54,
smalland: survive the wild,Smalland: Survive the Wild,Smalland: Survive the Wild,SMALLAND,smalland,0.9,,,low,,87.0,7.0,3.14,
hard west 2,Hard West 2,Hard West 2,Hard West 2,hard-west-2,1.0,2022.0,2022.0,high,2022-08-04,549.0,24.0,3.6,
date everything,Date Everything,Date Everything,Date Everything!,date-everything,1.0,2025.0,2025.0,high,2025-06-17,34.0,6.0,3.33,
starvaders,StarVaders,StarVaders,StarVaders,starvaders-2,1.0,2025.0,2025.0,high,2025-04-29,22.0,2.0,0.0,
big helmet heroes,Big Helmet Heroes,Big Helmet Heroes,Big Helmet Heroes,big-helmet-heroes,1.0,2025.0,2025.0,high,2025-02-06,19.0,3.0,0.0,
tomb raider iv-vi remastered,Tomb Raider IV-VI Remastered,Tomb Raider IV-VI Remastered,Tomb Raider IV•V•VI Remastered,tomb-raider-iv-vi-remastered,0.963,2025.0,2025.0,high,2025-02-14,105.0,8.0,3.5,
etrian odyssey ii hd,Etrian Odyssey II HD,Etrian Odyssey II HD,Etrian Odyssey II HD,etrian-odyssey-ii-hd,1.0,2023.0,2023.0,high,2023-05-31,34.0,0.0,0.0,
nice day for fishing,Nice Day for Fishing,Nice Day for Fishing,Nice Day for Fishing,nice-day-for-fishing,1.0,2025.0,2025.0,high,2025-05-28,22.0,4.0,0.0,
metal slug tactics,Metal Slug Tactics,Metal Slug Tactics,Metal Slug Tactics,metal-slug-tactics,1.0,,2024.0,high,2024-11-05,83.0,12.0,3.08,
settlement survival,Settlement Survival,Settlement Survival,Settlement Survival,settlement-survival,1.0,2021.0,2021.0,high,2021-10-11,253.0,18.0,3.84,
lost skies,Lost Skies,Lost Skies,Lost Skies,lost-skies-2,1.0,2022.0,2025.0,medium,2025-04-18,19.0,2.0,0.0,
intravenous ii,Intravenous Ii,Intravenous Ii,Intravenous 2,intravenous-2,1.0,2024.0,2024.0,high,2024-08-15,48.0,9.0,3.2,
dungeon tycoon,Dungeon Tycoon,Dungeon Tycoon,Dungeon Tycoon V1.1,dungeon-tycoon-v11,0.5,2019.0,2019.0,low,2019-07-29,0.0,0.0,0.0,
beholder conductor,Beholder Conductor,Beholder Conductor,Beholder: Conductor,beholder-conductor,1.0,2025.0,2025.0,high,2025-04-23,77.0,17.0,3.61,
no more heroes 3,No More Heroes 3,No More Heroes 3,No More Heroes 3,no-more-heroes-3,1.0,2021.0,2021.0,high,2021-08-27,260.0,28.0,4.17,74.0
etrian odyssey hd,Etrian Odyssey Hd,Etrian Odyssey Hd,Etrian Odyssey HD,etrian-odyssey-hd,1.0,2023.0,2023.0,high,2023-05-31,48.0,0.0,0.0,
pharaoh: a new era,Pharaoh: A New Era,Pharaoh: A New Era,Pharaoh: A New Era,pharaoh-a-new-era,1.0,2023.0,2023.0,high,2023-02-15,99.0,14.0,3.43,
synergy,Synergy,Synergy,Synergy ( Ske),synergy,1.0,2017.0,2017.0,high,2017-07-17,219.0,24.0,2.12,
spin hero,Spin Hero,Spin Hero,Spin Hero,spin-hero,1.0,2024.0,2024.0,high,2024-10-07,26.0,0.0,0.0,
paleo pines,Paleo Pines,Paleo Pines,Paleo Pines,paleo-pines,1.0,2023.0,2023.0,high,2023-09-25,68.0,4.0,0.0,
system shock,System Shock,System Shock,System Shock,system-shock,1.0,2023.0,2023.0,high,2023-05-30,1183.0,131.0,3.89,78.0
story of seasons: pioneers of olive town,Story Of Seasons: Pioneers Of Olive Town,Story Of Seasons: Pioneers Of Olive Town,STORY OF SEASONS: Pioneers of Olive Town,story-of-seasons-pioneers-of-olive-town,1.0,2021.0,2021.0,high,2021-09-15,86.0,12.0,3.58,
cryptmaster,Cryptmaster,Cryptmaster,Cryptmaster,cryptmaster,1.0,2024.0,2024.0,high,2024-05-09,86.0,6.0,3.43,
hotel renovator,Hotel Renovator,Hotel Renovator,Hotel Renovator,hotel-renovator,1.0,2023.0,2023.0,high,2023-03-07,59.0,9.0,3.33,
spellforce: conquest of eo,Spellforce: Conquest Of Eo,Spellforce: Conquest Of Eo,SpellForce: Conquest of Eo,spellforce-conquest-of-eo,1.0,2023.0,2023.0,high,2023-02-02,112.0,12.0,3.33,
"warhammer 40,000: speed freeks","Warhammer 40,000: Speed Freeks","Warhammer 40,000: Speed Freeks","Warhammer 40,000: Speed Freeks",warhammer-40000-speed-freeks,1.0,2024.0,2024.0,high,2024-08-06,130.0,2.0,0.0,
grapple dog,Grapple Dog,Grapple Dog,Grapple Dog,grapple-dog,1.0,2022.0,2022.0,high,2022-02-10,90.0,7.0,4.14,
banishers: ghost of new eden,Banishers: Ghost Of New Eden,Banishers: Ghost Of New Eden,Banishers: Ghosts of New Eden,banishers-ghosts-of-new-eden,0.982,2024.0,2024.0,high,2024-02-11,534.0,104.0,3.74,
let's school!,Let'S School!,Let'S School!,Let's School,lets-school,1.0,2023.0,2023.0,high,2023-07-26,84.0,11.0,4.0,
tiny terry's turbo trip,Tiny Terry'S Turbo Trip,Tiny Terry'S Turbo Trip,Tiny Terry's Turbo Trip,tiny-terrys-turbo-trip,1.0,2024.0,2024.0,high,2024-05-30,54.0,5.0,4.0,
wildmender,Wildmender,Wildmender,Wildmender,wildmender,1.0,2023.0,2023.0,high,2023-09-28,50.0,5.0,0.0,
neo cab,Neo Cab,Neo Cab,Neo cab,neocab,1.0,2019.0,2019.0,high,2019-10-02,738.0,71.0,3.66,
everafter falls,Everafter Falls,Everafter Falls,Everafter Falls,everafter-falls,1.0,,,high,,44.0,1.0,0.0,
blanc,Blanc,Blanc,Blanc,blanc-2,1.0,2023.0,2023.0,high,2023-02-14,157.0,15.0,3.71,
legacy of kain soul reaver 1&2 remastered,Legacy Of Kain Soul Reaver 1&2 Remastered,Legacy Of Kain Soul Reaver 1&2 Remastered,Legacy of Kain™ Soul Reaver 1&2 Remastered,legacy-of-kaintm-soul-reaver-12-remastered,1.0,2024.0,2024.0,high,2024-12-10,97.0,13.0,3.85,
sker ritual,Sker Ritual,Sker Ritual,Sker Ritual,sker-ritual,1.0,2022.0,2022.0,high,2022-10-06,91.0,6.0,2.83,
the thaumaturge - deluxe edition,The Thaumaturge - Deluxe Edition,The Thaumaturge,The Thaumaturge,the-thaumaturge,1.0,2015.0,2024.0,low,2024-03-04,312.0,58.0,3.85,
shadow gambit: the cursed crew,Shadow Gambit: The Cursed Crew,Shadow Gambit: The Cursed Crew,Shadow Gambit: The Cursed Crew,shadow-gambit-the-cursed-crew,1.0,2023.0,2023.0,high,2023-08-17,257.0,32.0,4.21,
corpse keeper,Corpse Keeper,Corpse Keeper,Corpse Keeper,corpse-keeper,1.0,2023.0,2023.0,high,2023-02-14,41.0,4.0,0.0,
tomb raider 1-3 remastered,Tomb Raider 1-3 Remastered,Tomb Raider 1-3 Remastered,Tomb Raider I•II•III Remastered,tomb-raider-i-iii-remastered,0.926,2024.0,2024.0,high,2024-02-13,364.0,37.0,3.16,
aliens dark descent,Aliens Dark Descent,Aliens Dark Descent,Aliens: Dark Descent,aliens-dark-descent,1.0,2023.0,2023.0,high,2023-06-19,253.0,32.0,3.82,
diplomacy is not an option,Diplomacy Is Not An Option,Diplomacy Is Not An Option,Diplomacy is Not an Option,diplomacy-is-not-an-option,1.0,2024.0,2024.0,high,2024-10-04,280.0,34.0,3.57,
distant worlds 2,Distant Worlds 2,Distant Worlds 2,Distant Worlds 2,distant-worlds-2,1.0,2022.0,2022.0,high,2022-03-10,90.0,1.0,0.0,
nomad survival,Nomad Survival,Nomad Survival,Nomad Survival,nomad-survival,1.0,2022.0,2022.0,high,2022-04-28,326.0,5.0,0.0,
homeworld 3,Homeworld 3,Homeworld 3,Homeworld 3,homeworld-3,1.0,,2024.0,high,2024-05-13,135.0,9.0,3.5,
sir whoopass™: immortal death,Sir Whoopass™: Immortal Death,Sir Whoopass: Immortal Death,Sir Whoopass: Immortal Death,sir-whoopass-immortal-death,1.0,2022.0,2022.0,high,2022-08-17,258.0,3.0,0.0,
racine,Racine,Racine,Racine,racine,1.0,2022.0,2022.0,high,2022-01-25,44.0,1.0,0.0,
cavern of dreams,Cavern Of Dreams,Cavern Of Dreams,Cavern of Dreams,cavern-of-dreams,1.0,2023.0,2023.0,high,2023-10-18,63.0,1.0,0.0,
total war: pharaoh dynasties,Total War: Pharaoh Dynasties,Total War: Pharaoh Dynasties,Total War: PHARAOH DYNASTIES,total-war-pharaoh-dynasties,1.0,2024.0,2024.0,high,2024-07-24,73.0,3.0,0.0,
fabledom,Fabledom,Fabledom,Fabledom,fabledom,1.0,2023.0,2023.0,high,2023-04-13,128.0,9.0,3.8,
griftlands,Griftlands,Griftlands,Griftlands,griftlands,1.0,2019.0,2019.0,high,2019-07-11,825.0,73.0,3.91,84.0
tales & tactics,Tales & Tactics,Tales & Tactics,WARMACHINE: Tactics,warmachine-tactics,0.571,2014.0,2014.0,low,2014-11-20,901.0,21.0,2.41,
naheulbeuk's dungeon master,Naheulbeuk'S Dungeon Master,Naheulbeuk'S Dungeon Master,Naheulbeuk's Dungeon Master,naheulbeuks-dungeon-master,1.0,,2023.0,high,2023-11-14,75.0,7.0,3.57,
my little universe,My Little Universe,My Little Universe,My Little Universe,my-little-universe,1.0,2021.0,2021.0,high,2021-09-30,65.0,7.0,3.43,
jagged alliance 3,Jagged Alliance 3,Jagged Alliance 3,Jagged Alliance 3,jagged-alliance-3,1.0,2023.0,2023.0,high,2023-07-13,285.0,34.0,3.86,81.0
beneath oresa,Beneath Oresa,Beneath Oresa,Beneath Oresa,beneath-oresa,1.0,2022.0,2022.0,high,2022-11-03,121.0,4.0,0.0,
fort solis,Fort Solis,Fort Solis,Fort Solis,fort-solis,1.0,2023.0,2023.0,high,2023-08-21,336.0,45.0,3.08,
the pegasus expedition,The Pegasus Expedition,The Pegasus Expedition,The Pegasus Expedition,the-pegasus-expedition,1.0,2022.0,2022.0,high,2022-10-20,69.0,2.0,0.0,
old world,Old World,Old World,Old World,old-world-2,1.0,2021.0,2021.0,high,2021-07-01,307.0,27.0,3.56,80.0
crime boss: rockay city - first month edition,Crime Boss: Rockay City - First Month Edition,Crime Boss: Rockay City - First Month Edition,Crime Boss: Rockay City,crime-boss-rockay-city,0.9,2023.0,2023.0,high,2023-03-28,236.0,25.0,2.54,
moonstone island,Moonstone Island,Moonstone Island,Moonstone Island,moonstone-island,1.0,,2023.0,high,2023-09-19,161.0,5.0,3.67,
inkulinati,Inkulinati,Inkulinati,Inkulinati,inkulinati,1.0,,,high,,198.0,8.0,3.75,
monster prom 3: monster roadtrip,Monster Prom 3: Monster Roadtrip,Monster Prom 3: Monster Roadtrip,Monster Prom 3: Monster Roadtrip,monster-prom-3-monster-roadtrip,1.0,2022.0,2022.0,high,2022-10-21,178.0,8.0,4.38,
"warhammer 40,000 darktide","Warhammer 40,000 Darktide","Warhammer 40,000 Darktide","Warhammer 40,000: Darktide",warhammer-40000-darktide,1.0,2022.0,2022.0,high,2022-11-30,1037.0,80.0,3.7,74.0
persona 4 golden,Persona 4 Golden,Persona 4 Golden,Persona 4 Golden,persona-4-golden,1.0,2012.0,2012.0,high,2012-11-20,3409.0,611.0,4.45,89.0
lamplighters league,Lamplighters League,Lamplighters League,The Lamplighters League,the-lamplighters-league,1.0,2023.0,2023.0,high,2023-10-02,200.0,19.0,3.26,
karmazoo,Karmazoo,Karmazoo,KarmaZoo,karmazoo,1.0,2023.0,2023.0,high,2023-11-14,148.0,5.0,0.0,
hexarchy,Hexarchy,Hexarchy,Hexarchy,hexarchy,1.0,2023.0,2023.0,high,2023-10-19,130.0,4.0,0.0,
garden life,Garden Life,Garden Life,Garden Life: A Cozy Simulator,garden-life-a-cozy-simulator,0.9,2024.0,2024.0,high,2024-02-22,118.0,1.0,0.0,
remnant ii®,Remnant Ii®,Remnant Ii,Remnant 2,remnant-2,1.0,2023.0,2023.0,high,2023-07-21,416.0,100.0,3.74,
jack move,Jack Move,Jack Move,Jack Move,jack-move,1.0,2022.0,2022.0,high,2022-09-08,230.0,9.0,3.22,
station to station,Station To Station,Station To Station,STATION - Rail to tokyo station,station-rail-to-tokyo-station,0.766,2017.0,2016.0,low,2016-03-04,0.0,0.0,0.0,
remnant records,Remnant Records,Remnant Records,Remnant Records,remnant-records,1.0,2022.0,2022.0,high,2022-07-19,113.0,1.0,0.0,
lost eidolons,Lost Eidolons,Lost Eidolons,Lost Eidolons,lost-eidolons,1.0,2022.0,2022.0,high,2022-10-13,189.0,11.0,2.82,
infraspace,Infraspace,Infraspace,InfraSpace,infraspace,1.0,2021.0,2021.0,high,2021-10-14,168.0,7.0,3.29,
you suck at parking - complete edition,You Suck At Parking - Complete Edition,You Suck At Parking,You Suck at Parking,you-suck-at-parking,1.0,2022.0,2022.0,high,2022-09-14,429.0,26.0,3.22,
dc universe infinite 1-month free trial,Dc Universe Infinite 1-Month Free Trial,Dc Universe Infinite 1-Month Free Trial,Ballpoint Universe - Infinite,ballpoint-universe-infinite,0.5,2013.0,2013.0,low,2013-05-10,723.0,41.0,2.63,
blacktail,Blacktail,Blacktail,Blacktail,blacktail,1.0,2022.0,2022.0,high,2022-12-15,423.0,38.0,3.55,
diluvian ultra,Diluvian Ultra,Diluvian Ultra,Diluvian Ultra,diluvian-ultra,1.0,2023.0,2023.0,high,2023-09-28,156.0,2.0,0.0,
this means warp,This Means Warp,This Means Warp,This Means Warp,this-means-warp,1.0,,,high,,148.0,0.0,0.0,
starship troopers: terran command,Starship Troopers: Terran Command,Starship Troopers: Terran Command,Starship Troopers - Terran Command,starship-troopers-terran-command,1.0,2022.0,2022.0,high,2022-06-16,63.0,16.0,3.11,70.0
sticky business,Sticky Business,Sticky Business,Sticky Business,sticky-business,1.0,2023.0,2023.0,high,2023-07-16,179.0,11.0,3.36,
zoeti,Zoeti,Zoeti,Zoeti,zoeti,1.0,2023.0,2023.0,high,2023-04-20,170.0,5.0,0.0,
heretic's fork,Heretic'S Fork,Heretic'S Fork,Heretic's Fork,heretics-fork,1.0,2023.0,2023.0,high,2023-09-13,198.0,13.0,2.64,
hyperviolent,Hyperviolent,Hyperviolent,Hyperviolent,hyperviolent,1.0,,,high,,156.0,1.0,0.0,
knights of honor ii: sovereign,Knights Of Honor Ii: Sovereign,Knights Of Honor Ii: Sovereign,Knights of Honor II – Sovereign,knights-of-honor-ii-sovereign,1.0,2022.0,2022.0,high,2022-12-06,189.0,14.0,3.29,75.0
lego® 2k drive awesome edition,Lego® 2K Drive Awesome Edition,Lego 2K Drive Awesome Edition,LEGO 2K Drive,lego-2k-drive,0.9,2023.0,2023.0,high,2023-05-18,259.0,14.0,2.81,
stray gods: the roleplaying musical,Stray Gods: The Roleplaying Musical,Stray Gods: The Roleplaying Musical,Stray Gods: The Roleplaying Musical,stray-gods-the-roleplaying-musical,1.0,2023.0,2023.0,high,2023-08-10,504.0,25.0,3.85,
a guidebook of babel,A Guidebook Of Babel,A Guidebook Of Babel,A Guidebook of Babel,a-guidebook-of-babel,1.0,2023.0,2023.0,high,2023-08-02,136.0,2.0,0.0,
empyrion - galactic survival,Empyrion - Galactic Survival,Empyrion - Galactic Survival,Empyrion - Galactic Survival,empyrion-galactic-survival,1.0,2015.0,2015.0,high,2015-08-05,785.0,38.0,3.13,
loddlenaut,Loddlenaut,Loddlenaut,Loddlenaut,loddlenaut,1.0,2023.0,2023.0,high,2023-11-16,175.0,9.0,4.11,
king of the castle,King Of The Castle,King Of The Castle,King Of The Castle,king-of-the-castle-2,1.0,2023.0,2023.0,high,2023-03-02,192.0,5.0,0.0,
bravery and greed,Bravery And Greed,Bravery And Greed,Bravery and Greed,bravery-and-greed,1.0,2022.0,2022.0,high,2022-11-15,175.0,7.0,3.29,
amanda the adventurer,Amanda The Adventurer,Amanda The Adventurer,Amanda the Adventurer,amanda-the-adventurer,1.0,2023.0,2023.0,high,2023-04-25,179.0,10.0,3.4,
mediterranea inferno,Mediterranea Inferno,Mediterranea Inferno,Mediterranea Inferno,mediterranea-inferno,1.0,2023.0,2023.0,high,2023-08-23,153.0,3.0,0.0,
victoria 3,Victoria 3,Victoria 3,Victoria 3,victoria-3,1.0,2022.0,2022.0,high,2022-10-25,569.0,55.0,3.79,
humankind definitive edition,Humankind Definitive Edition,Humankind,HUMANKIND - OpenDev,humankind-opendev,0.9,2014.0,,low,,282.0,10.0,3.8,
fashion police squad,Fashion Police Squad,Fashion Police Squad,Fashion Police Squad,fashion-police-squad,1.0,2022.0,2022.0,high,2022-08-15,231.0,15.0,3.73,
terraformers,Terraformers,Terraformers,Terraformers,terraformers-2,1.0,2022.0,2022.0,high,2022-04-21,218.0,10.0,3.3,
symphony of war: the nephilim saga,Symphony Of War: The Nephilim Saga,Symphony Of War: The Nephilim Saga,Symphony of War: The Nephilim Saga,symphony-of-war-the-nephilim-saga,1.0,2022.0,2022.0,high,2022-06-09,346.0,7.0,3.56,
coromon,Coromon,Coromon,Coromon,coromon,1.0,2022.0,2022.0,high,2022-03-30,598.0,20.0,3.76,74.0
the excavation of hob's barrow,The Excavation Of Hob'S Barrow,The Excavation Of Hob'S Barrow,The Excavation of Hob's Barrow,the-excavation-of-hobs-barrow,1.0,2022.0,2022.0,high,2022-09-28,48.0,11.0,3.58,
warhammer age of sigmar: realms of ruin – ultimate edition,Warhammer Age Of Sigmar: Realms Of Ruin – Ultimate Edition,Warhammer Age Of Sigmar: Realms Of Ruin,Warhammer Age of Sigmar: Realms of Ruin,warhammer-age-of-sigmar-realms-of-ruin,1.0,2023.0,2023.0,high,2023-11-17,175.0,1.0,0.0,
nioh 2 - the complete edition,Nioh 2 - The Complete Edition,Nioh 2,Nioh,nioh,0.5,2017.0,2017.0,low,2017-02-07,3678.0,697.0,3.81,88.0
black skylands,Black Skylands,Black Skylands,Black Skylands,black-skylands,1.0,2021.0,2021.0,high,2021-07-09,351.0,14.0,3.65,
afterimage,Afterimage,Afterimage,Afterimage (16BitGenocide),afterimage,1.0,2023.0,2023.0,high,2023-04-24,193.0,5.0,0.0,
destroyer: the u-boat hunter,Destroyer: The U-Boat Hunter,Destroyer: The U-Boat Hunter,Destroyer: The U-Boat Hunter,destroyer-the-u-boat-hunter,1.0,2022.0,2022.0,high,2022-09-27,153.0,2.0,0.0,
destroy all humans 2! reprobed,Destroy All Humans 2! Reprobed,Destroy All Humans 2! Reprobed,Destroy All Humans! 2 - Reprobed,destroy-all-humans-2-reprobed,1.0,2022.0,2022.0,high,2022-08-30,358.0,28.0,3.21,
there is no light: enhanced edition,There Is No Light: Enhanced Edition,There Is No Light,There Is No Light 616,there-is-no-light-616,0.5,2015.0,,low,,168.0,2.0,0.0,
children of silentown,Children Of Silentown,Children Of Silentown,Children of Silentown,children-of-silentown,1.0,2023.0,2023.0,high,2023-01-11,240.0,15.0,3.94,76.0
oaken,Oaken,Oaken,Oaken,oaken-2,1.0,2022.0,2022.0,high,2022-05-03,341.0,4.0,0.0,
snowtopia: ski resort builder,Snowtopia: Ski Resort Builder,Snowtopia: Ski Resort Builder,Snowtopia,snowtopia,0.9,,,low,,199.0,1.0,0.0,
marvel's midnight suns digital+ edition,Marvel'S Midnight Suns Digital+ Edition,Marvel'S Midnight Suns Digital+ Edition,Marvel's Midnight Suns,marvels-midnight-suns,0.9,2022.0,2022.0,high,2022-12-02,989.0,112.0,3.97,
midnight suns - doctor strange defenders skin,Midnight Suns - Doctor Strange Defenders Skin,Midnight Suns - Doctor Strange Defenders Skin,Marvel's Midnight Suns - The Hunger,marvels-midnight-suns-the-hunger,0.526,2022.0,2023.0,low,2023-03-21,2.0,1.0,0.0,
the red lantern,The Red Lantern,The Red Lantern,The Red Lantern,the-red-lantern,1.0,2020.0,2020.0,high,2020-10-22,237.0,2.0,0.0,67.0
hell pie,Hell Pie,Hell Pie,Hell Pie,hell-pie,1.0,2022.0,2022.0,high,2022-07-21,484.0,11.0,3.67,68.0
twin mirror,Twin Mirror,Twin Mirror,Twin Mirror,twin-mirror,1.0,2020.0,2020.0,high,2020-12-01,633.0,90.0,3.37,62.0
the pale beyond,The Pale Beyond,The Pale Beyond,The Pale Beyond,the-pale-beyond,1.0,2023.0,2023.0,high,2023-02-24,273.0,10.0,3.27,
get two months of ign plus,Get Two Months Of Ign Plus,Get Two Months Of Ign Plus,Army of Two: The 40th Day,army-of-two-tfd,0.36,2010.0,2010.0,low,2010-01-08,747.0,159.0,3.59,74.0
wwe 2k23,Wwe 2K23,Wwe 2K23,WWE 2K23,wwe-2k23,1.0,2023.0,2023.0,high,2023-03-16,201.0,21.0,3.71,
friends vs friends,Friends Vs Friends,Friends Vs Friends,Friends vs Friends,friends-vs-friends,1.0,,2023.0,high,2023-05-30,253.0,13.0,3.85,
scp: secret files,Scp: Secret Files,Scp: Secret Files,SCP: Secret Files,scp-secret-files,1.0,2022.0,2022.0,high,2022-09-13,275.0,24.0,3.68,
souldiers,Souldiers,Souldiers,Souldiers,souldiers,1.0,2022.0,2022.0,high,2022-06-02,290.0,14.0,3.79,
the quarry deluxe edition,The Quarry Deluxe Edition,The Quarry,The Quarry,the-quarry-3,1.0,2022.0,2022.0,high,2022-06-09,1949.0,354.0,3.85,
metal hellsinger,Metal Hellsinger,Metal Hellsinger,Metal: Hellsinger,metal-hellsinger,1.0,2022.0,2022.0,high,2022-09-14,1581.0,191.0,3.96,79.0
dark pictures anthology: house of ashes,Dark Pictures Anthology: House Of Ashes,Dark Pictures Anthology: House Of Ashes,The Dark Pictures Anthology: House of Ashes,the-dark-pictures-anthology-house-of-ashes,1.0,2021.0,2021.0,high,2021-10-22,1523.0,365.0,3.9,73.0
rebel inc: escalation,Rebel Inc: Escalation,Rebel Inc: Escalation,Rebel Inc: Escalation,rebel-inc-escalation,1.0,,,high,,394.0,25.0,3.88,
spirit of the island,Spirit Of The Island,Spirit Of The Island,Spirit of the Island,spirit-of-the-island,1.0,2022.0,2022.0,high,2022-03-16,235.0,6.0,3.17,
lords and villeins,Lords And Villeins,Lords And Villeins,Lords & Villeins,lords-villeins-2,1.0,2020.0,,high,,195.0,2.0,0.0,
a juggler's tale,A Juggler'S Tale,A Juggler'S Tale,A Juggler's Tale,a-jugglers-tale,1.0,2021.0,2021.0,high,2021-09-29,409.0,33.0,3.89,73.0
mr. prepper,Mr. Prepper,Mr. Prepper,Mr. Prepper,mr-prepper,1.0,2021.0,2021.0,high,2021-03-17,386.0,37.0,3.21,
tiny tina's wonderlands chaotic great edition,Tiny Tina'S Wonderlands Chaotic Great Edition,Tiny Tina'S Wonderlands Chaotic Great Edition,Tiny Tina's Wonderlands,tiny-tinas-wonderlands,0.9,2022.0,2022.0,high,2022-03-25,1301.0,135.0,3.6,
aces & adventures,Aces & Adventures,Aces & Adventures,Red Wings: Aces of the Sky,red-wings-aces-of-the-sky,0.364,2020.0,2020.0,low,2020-05-21,1316.0,27.0,2.14,65.0
patch quest,Patch Quest,Patch Quest,Patch Quest,patch-quest,1.0,2021.0,2021.0,high,2021-05-07,269.0,8.0,3.67,
who pressed mute on uncle marcus,Who Pressed Mute On Uncle Marcus,Who Pressed Mute On Uncle Marcus,Who Pressed Mute on Uncle Marcus?,who-pressed-mute-on-uncle-marcus,1.0,2022.0,2022.0,high,2022-03-18,279.0,3.0,0.0,
autonauts vs piratebots,Autonauts Vs Piratebots,Autonauts Vs Piratebots,Autonauts vs Piratebots,autonauts-vs-piratebots,1.0,2022.0,2022.0,high,2022-07-28,200.0,0.0,0.0,
disco elysium - the final cut,Disco Elysium - The Final Cut,Disco Elysium - The Final Cut,Disco Elysium: Final Cut,disco-elysium-final-cut,0.92,2021.0,2021.0,high,2021-03-30,2185.0,666.0,4.66,90.0
chivalry 2 - epic edition,Chivalry 2 - Epic Edition,Chivalry 2 - Epic Edition,Chivalry: Medieval Warfare,chivalry-medieval-warfare,0.5,2012.0,2012.0,low,2012-10-16,6890.0,840.0,3.41,79.0
suchart: genius artist simulator,Suchart: Genius Artist Simulator,Suchart: Genius Artist Simulator,SuchArt: Genius Artist Simulator,suchart-creative-space,1.0,2022.0,2022.0,high,2022-10-13,525.0,26.0,3.38,
tin can,Tin Can,Tin Can,Tin Can,tin-can-2,1.0,2022.0,2022.0,high,2022-05-12,234.0,3.0,0.0,
hot brass,Hot Brass,Hot Brass,Hot Brass,hot-brass,1.0,2021.0,2021.0,high,2021-02-25,233.0,7.0,3.43,
yakuza 4 remastered,Yakuza 4 Remastered,Yakuza 4 Remastered,Yakuza 4 Remastered,yakuza-4-remaster,1.0,2019.0,2019.0,high,2019-10-29,970.0,77.0,4.05,78.0
roadwarden,Roadwarden,Roadwarden,Roadwarden,roadwarden,1.0,2022.0,2022.0,high,2022-09-08,487.0,21.0,3.95,
merchant of the skies,Merchant Of The Skies,Merchant Of The Skies,Merchant of the Skies,merchant-of-the-skies,1.0,2019.0,2019.0,high,2019-05-30,328.0,15.0,3.13,
ozymandias: bronze age empire sim,Ozymandias: Bronze Age Empire Sim,Ozymandias: Bronze Age Empire Sim,Ozymandias: Bronze Age Empire Sim,ozymandias-bronze-age-empire-sim,1.0,2022.0,2022.0,high,2022-10-11,296.0,3.0,0.0,
shotgun king: the final checkmate,Shotgun King: The Final Checkmate,Shotgun King: The Final Checkmate,Shotgun King: The Final Checkmate,shotgun-king-the-final-checkmate,1.0,2022.0,2022.0,high,2022-05-11,430.0,41.0,3.83,
ghostwire tokyo,Ghostwire Tokyo,Ghostwire Tokyo,Ghostwire: Tokyo,ghostwire-tokio,1.0,2022.0,2022.0,high,2022-03-24,2139.0,316.0,3.54,78.0
remnant: from the ashes - complete edition,Remnant: From The Ashes - Complete Edition,Remnant: From The Ashes,Remnant: From the Ashes,remnant-from-the-ashes,1.0,2019.0,2019.0,high,2019-08-20,3715.0,655.0,3.61,76.0
honey i joined a cult,Honey I Joined A Cult,Honey I Joined A Cult,"Honey, I Joined a Cult",honey-i-joined-a-cult,1.0,2021.0,2021.0,high,2021-09-14,319.0,8.0,3.62,75.0
turbo golf racing,Turbo Golf Racing,Turbo Golf Racing,Turbo Golf Racing,turbo-golf-racing,1.0,,2022.0,high,2022-08-04,268.0,2.0,0.0,
meeple station,Meeple Station,Meeple Station,Meeple Station,meeple-station,1.0,2019.0,2019.0,high,2019-02-07,313.0,9.0,2.2,
"warhammer 40,000: chaos gate - daemonhunters","Warhammer 40,000: Chaos Gate - Daemonhunters","Warhammer 40,000: Chaos Gate - Daemonhunters","Warhammer 40,000: Chaos Gate - Daemonhunters",warhammer-40000-chaos-gate-daemonhunters,1.0,2022.0,2022.0,high,2022-05-05,427.0,13.0,3.75,
bendy and the dark revival,Bendy And The Dark Revival,Bendy And The Dark Revival,Bendy and the Dark Revival,bendy-and-the-dark-revival,1.0,2022.0,2022.0,high,2022-11-14,390.0,17.0,4.26,
builder simulator,Builder Simulator,Builder Simulator,Builder Simulator,builder-simulator,1.0,2022.0,2022.0,high,2022-06-09,282.0,10.0,3.4,
the invisible hand,The Invisible Hand,The Invisible Hand,The Invisible Hand,the-invisible-hand-2,1.0,,,high,,256.0,2.0,0.0,
death stranding director's cut,Death Stranding Director'S Cut,Death Stranding,Death Stranding Director's Cut,death-stranding-directors-cut,1.0,2021.0,2021.0,high,2021-09-24,2006.0,289.0,4.27,
"those who already own the base game, follow the instructions here.","Those who already own the base game, follow the instructions here.","Those who already own the base game, follow the instructions here.",Follow The Instructions,follow-the-instructions,0.529,2014.0,2020.0,low,2020-08-24,0.0,0.0,0.0,
life is strange 2: complete season,Life Is Strange 2: Complete Season,Life Is Strange 2: Complete Season,Life is Strange 2,life-is-strange-2,0.9,2018.0,2018.0,high,2018-09-27,4807.0,776.0,3.8,75.0
the life and suffering of sir brante,The Life And Suffering Of Sir Brante,The Life And Suffering Of Sir Brante,The Life and Suffering of Sir Brante,the-life-and-suffering-of-sir-brante,1.0,2021.0,2021.0,high,2021-03-04,1144.0,197.0,4.2,82.0
monster prom 2: monster camp,Monster Prom 2: Monster Camp,Monster Prom 2: Monster Camp,Monster Prom 2: Monster Camp,monster-prom-2-monster-camp,1.0,2020.0,2020.0,high,2020-10-22,694.0,19.0,4.05,
revita,Revita,Revita,Revita,revita,1.0,2021.0,2021.0,high,2021-03-03,313.0,5.0,0.0,78.0
founders' fortune,Founders' Fortune,Founders' Fortune,Founders' Fortune,founders-fortune,1.0,2019.0,2019.0,high,2019-07-19,316.0,15.0,3.27,
hero's hour,Hero'S Hour,Hero'S Hour,Hero's Hour,heros-hour,1.0,2022.0,2022.0,high,2022-03-01,680.0,32.0,3.45,
demon turf,Demon Turf,Demon Turf,Demon Turf,demon-turf,1.0,2021.0,2021.0,high,2021-11-04,321.0,10.0,3.27,
monster crown,Monster Crown,Monster Crown,Monster Crown,monster-crown,1.0,2020.0,2020.0,high,2020-07-31,276.0,3.0,0.0,
fallout 76 + fallout 1,Fallout 76 + Fallout 1,Fallout 76 + Fallout 1,Fallout 76,fallout-76,0.5,2018.0,2018.0,low,2018-11-14,4042.0,663.0,2.85,51.0
othercide,Othercide,Othercide,Othercide,othercide,1.0,2020.0,2020.0,high,2020-07-27,600.0,45.0,3.28,74.0
fobia - st. dinfna hotel,Fobia - St. Dinfna Hotel,Fobia - St. Dinfna Hotel,FOBIA - St. Dinfna Hotel,fobia-st-dinfna-hotel,1.0,2022.0,2022.0,high,2022-06-28,349.0,13.0,3.27,73.0
five dates,Five Dates,Five Dates,Five Dates,five-dates,1.0,2020.0,2020.0,high,2020-11-17,396.0,20.0,3.24,66.0
doom® eternal,Doom® Eternal,Doom Eternal,DOOM Eternal,doom-eternal,1.0,2020.0,2020.0,high,2020-03-19,8034.0,1433.0,4.37,86.0
encased: a sci-fi post-apocalyptic rpg,Encased: A Sci-Fi Post-Apocalyptic RPG,Encased: A Sci-Fi Post-Apocalyptic RPG,Encased: a sci-fi post-apocalyptic RPG,encased-a-sci-fi-post-apocalyptic-rpg,1.0,2021.0,2021.0,high,2021-09-07,971.0,34.0,3.41,73.0
olliolli world - rad edition,Olliolli World - Rad Edition,Olliolli World - Rad Edition,OlliOlli World,olliolli-world,0.9,2022.0,2022.0,high,2022-02-07,915.0,64.0,3.73,
grow: song of the evertree,Grow: Song Of The Evertree,Grow: Song Of The Evertree,Grow: Song of the Evertree,grow-song-of-the-evertree,1.0,2021.0,2021.0,high,2021-11-15,515.0,21.0,3.19,
conan chop chop,Conan Chop Chop,Conan Chop Chop,Conan Chop Chop,conan-chop-chop,1.0,2022.0,2022.0,high,2022-03-01,430.0,4.0,0.0,72.0
hokko life,Hokko Life,Hokko Life,Hokko Life,hokko-life,1.0,2021.0,2021.0,high,2021-06-02,514.0,12.0,3.5,
the serpent rogue,The Serpent Rogue,The Serpent Rogue,The Serpent Rogue,the-serpent-rogue,1.0,2022.0,2022.0,high,2022-04-26,446.0,5.0,0.0,
blade assault,Blade Assault,Blade Assault,Blade Assault,blade-assault,1.0,2021.0,2021.0,high,2021-06-07,681.0,6.0,4.0,
super magbot,Super Magbot,Super Magbot,Super Magbot,super-magbot,1.0,2021.0,2021.0,high,2021-06-21,541.0,0.0,0.0,
kingdoms of amalur: re-reckoning - fate edition,Kingdoms Of Amalur: Re-Reckoning - Fate Edition,Kingdoms Of Amalur: Re-Reckoning - Fate Edition,Kingdoms of Amalur: Re-Reckoning,kingdoms-of-amalur-re-reckoning,0.9,2020.0,2020.0,high,2020-09-08,1496.0,105.0,3.41,72.0
shadow tactics: aiko's choice,Shadow Tactics: Aiko'S Choice,Shadow Tactics: Aiko'S Choice,Shadow Tactics: Aiko's Choice,shadow-tactics-aikos-choice,1.0,2021.0,2021.0,high,2021-12-06,254.0,7.0,4.14,
roboquest,Roboquest,Roboquest,Roboquest,roboquest-2,1.0,2020.0,2020.0,high,2020-08-20,861.0,44.0,4.07,
unmetal,Unmetal,Unmetal,UnMetal,unmetal,1.0,2021.0,2021.0,high,2021-09-28,861.0,46.0,3.69,82.0
morbid: the seven acolytes,Morbid: The Seven Acolytes,Morbid: The Seven Acolytes,Morbid: The Seven Acolytes,morbid-the-seven-acolytes,1.0,2020.0,2020.0,high,2020-12-03,839.0,19.0,3.1,
"these keys have expired as of january 2nd, 2024.","These keys have expired as of January 2nd, 2024.","These keys have expired as of January 2nd, 2024.",The Golem - Level of the Day January 2nd 2019,the-golem-level-of-the-day-january-2nd-2019,0.471,2019.0,2019.0,low,2019-01-02,0.0,0.0,0.0,
monster train (first class - collectors edition),Monster Train (First Class - Collectors Edition),Monster Train (First Class,Train Station Renovation - First Job,train-station-renovation-first-job,0.407,2014.0,,low,,167.0,3.0,0.0,
disciples: liberation,Disciples: Liberation,Disciples: Liberation,Disciples: Liberation,disciples-liberation,1.0,2021.0,2021.0,high,2021-10-21,793.0,31.0,3.17,
epic chef,Epic Chef,Epic Chef,Epic Chef,epic-chef,1.0,2021.0,2021.0,high,2021-11-10,652.0,6.0,3.5,
railroad corporation,Railroad Corporation,Railroad Corporation,Railroad Corporation,railroad-corporation,1.0,2019.0,2019.0,high,2019-11-18,638.0,9.0,3.56,55.0
golf gang,Golf Gang,Golf Gang,Golf Gang,golf-gang,1.0,2022.0,2022.0,high,2022-05-19,728.0,7.0,4.0,
just cause 4: complete edition,Just Cause 4: Complete Edition,Just Cause 4,Just Cause 4,just-cause-4,1.0,2018.0,2018.0,high,2018-12-04,3606.0,521.0,3.03,68.0
forgive me father,Forgive Me Father,Forgive Me Father,Forgive Me Father,forgive-me-father,1.0,2022.0,2022.0,high,2022-04-07,999.0,47.0,3.74,
shapez + puzzle dlc,Shapez + Puzzle Dlc,Shapez + Puzzle Dlc,shapez,shapez-2,0.9,2012.0,2020.0,low,2020-06-06,106.0,10.0,4.36,
hot wheels unleashed ™,Hot Wheels Unleashed ™,Hot Wheels Unleashed,Hot Wheels Unleashed,hot-wheels-unleashed,1.0,2021.0,2021.0,high,2021-09-27,1382.0,108.0,3.42,74.0
gas station simulator,Gas Station Simulator,Gas Station Simulator,Gas Station Simulator,gas-station-simulator,1.0,2021.0,2021.0,high,2021-09-14,1028.0,73.0,3.84,72.0
emily is away <3,Emily Is Away <3,Emily Is Away <3,Emily is Away <3,emily-is-away-3,1.0,2021.0,2021.0,high,2021-03-15,810.0,41.0,3.9,
deep rock galactic + 65% off ultimate bundle coupon,Deep Rock Galactic + 65% Off Ultimate Bundle Coupon,Deep Rock Galactic + 65% Off Ultimate Bundle Coupon,Deep Rock Galactic: Survivor,deep-rock-galactic-survivor,0.5,2024.0,2024.0,low,2024-02-14,351.0,62.0,3.98,
necromunda: hired gun,Necromunda: Hired Gun,Necromunda: Hired Gun,Necromunda: Hired Gun,necromunda-hired-gun,1.0,2021.0,2021.0,high,2021-05-31,1071.0,60.0,2.91,
legion td 2 - multiplayer tower defense.,Legion Td 2 - Multiplayer Tower Defense.,Legion Td 2 - Multiplayer Tower Defense.,Legion TD 2,legion-td-2,0.9,2021.0,2021.0,high,2021-10-01,804.0,26.0,3.54,
legend of keepers,Legend Of Keepers,Legend Of Keepers,Legend of Keepers: Career of a Dungeon Manager,legend-of-keepers,0.9,2019.0,2019.0,high,2019-01-08,917.0,28.0,3.52,
banners of ruin,Banners Of Ruin,Banners Of Ruin,Banners of Ruin,banners-of-ruin,1.0,2021.0,2021.0,high,2021-07-29,765.0,19.0,3.0,
atom rpg trudograd,Atom RPG Trudograd,Atom RPG Trudograd,Atom RPG: Trudograd,atom-rpg-trudograd,1.0,2021.0,2021.0,high,2021-09-13,1017.0,51.0,3.85,
phoenix point: year one edition,Phoenix Point: Year One Edition,Phoenix Point: Year One Edition,Phoenix Point: Year One Edition,phoenix-point-year-one-edition,1.0,2020.0,2020.0,high,2020-12-03,464.0,19.0,3.21,
gamedec - definitive edition,Gamedec - Definitive Edition,Gamedec,Gamedec Demo,gamedec-demo,0.9,2014.0,,low,,65.0,4.0,0.0,
pumpkin jack,Pumpkin Jack,Pumpkin Jack,Pumpkin Jack,pumpkin-jack,1.0,2020.0,2020.0,high,2020-10-23,1237.0,57.0,3.68,76.0
siege survival: gloria victis,Siege Survival: Gloria Victis,Siege Survival: Gloria Victis,Siege Survival: Gloria Victis,siege-survival-gloria-victis,1.0,2021.0,2021.0,high,2021-05-18,44.0,10.0,3.45,69.0
command & conquer remastered collection,Command & Conquer Remastered Collection,Command & Conquer Remastered Collection,Command & Conquer Remastered Collection,command-conquer-remastered,1.0,2020.0,2020.0,high,2020-06-05,1017.0,88.0,4.19,82.0
spellcaster university,Spellcaster University,Spellcaster University,Spellcaster University,spellcaster-university,1.0,2021.0,2021.0,high,2021-02-25,705.0,18.0,3.45,
if found...,If Found...,If Found...,If Found...,if-found,1.0,2020.0,2020.0,high,2020-05-18,774.0,28.0,4.1,84.0
killsquad,Killsquad,Killsquad,Killsquad,killsquad,1.0,,,high,,680.0,12.0,3.42,
rogue heroes: ruins of tasos,Rogue Heroes: Ruins Of Tasos,Rogue Heroes: Ruins Of Tasos,Rogue Heroes: Ruins of Tasos,rogue-heroes-ruins-of-tasos,1.0,2021.0,2021.0,high,2021-02-23,40.0,7.0,3.62,
suzerain,Suzerain,Suzerain,Suzerain,suzerain,1.0,2020.0,2020.0,high,2020-12-04,826.0,31.0,3.91,
chicken police,Chicken Police,Chicken Police,Chicken Police – Paint it RED!,chicken-police,0.9,2020.0,2020.0,high,2020-11-05,884.0,34.0,3.83,83.0
mass effect legendary edition,Mass Effect Legendary Edition,Mass Effect,Mass Effect,mass-effect,1.0,2021.0,2007.0,low,2007-11-16,9042.0,2715.0,4.39,89.0
red solstice 2: survivors,Red Solstice 2: Survivors,Red Solstice 2: Survivors,Red Solstice 2: Survivors,red-solstice-2-survivors,1.0,2021.0,2021.0,high,2021-06-17,16.0,2.0,0.0,
nebuchadnezzar,Nebuchadnezzar,Nebuchadnezzar,Nebuchadnezzar,nebuchadnezzar,1.0,2021.0,2021.0,high,2021-02-17,820.0,15.0,3.19,73.0
police stories,Police Stories,Police Stories,Police Stories,police-stories,1.0,2019.0,2019.0,high,2019-09-18,1219.0,75.0,3.54,71.0
evan's remains,Evan'S Remains,Evan'S Remains,Evan's Remains,evans-remains,1.0,2020.0,2020.0,high,2020-06-10,912.0,22.0,3.5,
borderlands 3: director's cut,Borderlands 3: Director'S Cut,Borderlands 3,Borderlands: The Pre-Sequel,borderlands-the-pre-sequel,0.5,2014.0,2014.0,low,2014-10-13,9339.0,1386.0,3.57,75.0
per aspera,Per Aspera,Per Aspera,Per Aspera,per-aspera,1.0,2020.0,2020.0,high,2020-12-03,932.0,32.0,3.62,
paradise lost,Paradise Lost,Paradise Lost,Paradise Lost,paradise-lost,1.0,2021.0,2021.0,high,2021-03-24,1019.0,20.0,3.05,63.0
everhood,Everhood,Everhood,Everhood,everhood,1.0,2021.0,2021.0,high,2021-03-03,1250.0,73.0,4.18,82.0
rebel cops,Rebel Cops,Rebel Cops,Rebel Cops,rebel-cops,1.0,2019.0,2019.0,high,2019-09-17,991.0,52.0,3.69,
the henry stickmin collection,The Henry Stickmin Collection,The Henry Stickmin Collection,The Henry Stickmin Collection,the-henry-stickmin-collection,1.0,2020.0,2020.0,high,2020-12-11,1104.0,64.0,4.19,
farmer's dynasty,Farmer'S Dynasty,Farmer'S Dynasty,Farmer's Dynasty,farmers-dynasty,1.0,2017.0,2017.0,high,2017-12-14,683.0,11.0,2.82,
between the stars,Between The Stars,Between The Stars,Between the Stars,between-the-stars,1.0,2019.0,2019.0,high,2019-05-27,775.0,11.0,2.73,
retrowave,Retrowave,Retrowave,Retrowave,retrowave,1.0,2018.0,2018.0,high,2018-06-26,1084.0,38.0,3.21,
midnight protocol,Midnight Protocol,Midnight Protocol,Midnight Protocol,midnight-protocol,1.0,2021.0,2021.0,high,2021-10-12,718.0,11.0,2.83,79.0
endzone - a world apart,Endzone - A World Apart,Endzone - A World Apart,Endzone - A World Apart,endzone-a-world-apart,1.0,2021.0,2021.0,high,2021-03-18,1157.0,45.0,3.51,
beyond the wire,Beyond The Wire,Beyond The Wire,Beyond The Wire,beyond-the-wire,1.0,,,high,,736.0,8.0,3.25,
partisans 1941,Partisans 1941,Partisans 1941,Partisans 1941,partisans-1941,1.0,2020.0,2020.0,high,2020-10-14,1131.0,54.0,3.47,74.0
the survivalists,The Survivalists,The Survivalists,The Survivalists,the-survivalists,1.0,2020.0,2020.0,high,2020-10-09,1062.0,46.0,3.23,72.0
lacuna - a sci-fi noir adventure,Lacuna - A Sci-Fi Noir Adventure,Lacuna - A Sci-Fi Noir Adventure,Lacuna – A Sci-Fi Noir Adventure,lacuna-a-sci-fi-noir-adventure,1.0,2021.0,2021.0,high,2021-05-20,368.0,28.0,3.55,
8 doors,8 Doors,8 Doors,8 Doors,8-doors,1.0,,2021.0,high,2021-06-26,1.0,0.0,0.0,
greak: memories of azur,Greak: Memories Of Azur,Greak: Memories Of Azur,Greak: Memories of Azur,greak-memories-of-azur,1.0,2021.0,2021.0,high,2021-08-16,1589.0,34.0,3.06,
fling to the finish,Fling To The Finish,Fling To The Finish,Fling to the Finish,fling-to-the-finish,1.0,,,high,,824.0,5.0,0.0,
tohu,Tohu,Tohu,TOHU,tohu,1.0,2021.0,2021.0,high,2021-01-28,780.0,20.0,3.52,70.0
voidigo,Voidigo,Voidigo,Voidigo,voidigo,1.0,2021.0,2021.0,high,2021-02-25,738.0,14.0,3.64,
due process,Due Process,Due Process,Due Process,due-process,1.0,,,high,,779.0,14.0,3.14,
wingspan,Wingspan,Wingspan,Wingspan,wingspan,1.0,2020.0,2020.0,high,2020-09-16,986.0,44.0,3.7,81.0
bpm: bullets per minute,Bpm: Bullets Per Minute,Bpm: Bullets Per Minute,BPM: BULLETS PER MINUTE,bpm-bullets-per-minute,1.0,2020.0,2020.0,high,2020-09-15,1413.0,138.0,3.69,77.0
juno: new origins,Juno: New Origins,Juno: New Origins,Juno,juno,0.9,2019.0,2016.0,low,2016-07-24,0.0,0.0,0.0,
timelie,Timelie,Timelie,Timelie,timelie,1.0,2020.0,2020.0,high,2020-05-20,790.0,12.0,3.83,
wrath: aeon of ruin,Wrath: Aeon Of Ruin,Wrath: Aeon Of Ruin,WRATH: Aeon of Ruin,wrath-aeon-of-ruin,1.0,2019.0,2019.0,high,2019-11-22,897.0,23.0,3.57,
mbius front '83,Mbius Front '83,Mbius Front '83,Möbius Front '83,mobius-front-83,0.966,2020.0,2020.0,high,2020-11-05,689.0,3.0,0.0,
guts and glory,Guts And Glory,Guts And Glory,Guts and Glory,guts-and-glory,1.0,2017.0,2017.0,high,2017-02-15,1192.0,39.0,2.95,
garage: bad trip,Garage: Bad Trip,Garage: Bad Trip,Garage,garage,0.9,2018.0,2018.0,high,2018-05-01,706.0,13.0,3.38,
tools up,Tools Up,Tools Up,Tools Up!,tools-up,1.0,2019.0,2019.0,high,2019-12-03,772.0,39.0,3.74,
hiveswap friendsim,Hiveswap Friendsim,Hiveswap Friendsim,Hiveswap Friendsim,hiveswap-friendsim,1.0,2018.0,2018.0,high,2018-04-12,670.0,10.0,3.0,
black future '88,Black Future '88,Black Future '88,Black Future '88,black-future-88,1.0,2019.0,2019.0,high,2019-11-20,804.0,24.0,3.0,
syberia 3,Syberia 3,Syberia 3,Syberia 3,syberia-3,1.0,2017.0,2017.0,high,2017-04-19,1885.0,161.0,2.96,50.0
not for broadcast,Not For Broadcast,Not For Broadcast,Not For Broadcast,not-for-broadcast,1.0,2022.0,2022.0,high,2022-01-25,1492.0,100.0,3.97,
heaven's vault,Heaven'S Vault,Heaven'S Vault,Heaven's Vault,heavens-vault,1.0,2019.0,2019.0,high,2019-04-15,1101.0,36.0,3.92,75.0
swag and sorcery,Swag And Sorcery,Swag And Sorcery,Swag and Sorcery,swag-and-sorcery,1.0,2019.0,2019.0,high,2019-05-08,877.0,53.0,3.49,
orwell: ignorance is strength,Orwell: Ignorance Is Strength,Orwell: Ignorance Is Strength,Orwell: Ignorance is Strength,orwell-ignorance-is-strength,1.0,2018.0,2018.0,high,2018-02-21,1186.0,83.0,3.89,74.0
framed collection,Framed Collection,Framed Collection,FRAMED Collection,framed-collection,1.0,2018.0,2018.0,high,2018-05-16,1127.0,47.0,3.9,79.0
last oasis,Last Oasis,Last Oasis,Last Oasis,last-oasis,1.0,2019.0,2019.0,high,2019-10-11,806.0,15.0,3.4,
out of space,Out Of Space,Out Of Space,Out of Space,out-of-space-3,1.0,2020.0,2020.0,high,2020-02-26,1001.0,30.0,3.43,
we need to go deeper,We Need To Go Deeper,We Need To Go Deeper,We Need to Go Deeper,we-need-to-go-deeper,1.0,2017.0,2017.0,high,2017-02-08,853.0,17.0,3.06,
as far as the eye,As Far As The Eye,As Far As The Eye,As Far As The Eye,as-far-as-the-eye,1.0,2020.0,2020.0,high,2020-09-09,878.0,23.0,2.88,
cepheus protocol,Cepheus Protocol,Cepheus Protocol,Cepheus Protocol,cepheus-protocol,1.0,2020.0,2020.0,high,2020-05-15,691.0,5.0,0.0,
encodya,Encodya,Encodya,Encodya,encodya,1.0,2021.0,2021.0,high,2021-01-26,443.0,15.0,3.19,67.0
yakuza 3 remastered,Yakuza 3 Remastered,Yakuza 3 Remastered,Yakuza 3 Remastered,yakuza-3-remastered,1.0,2021.0,2021.0,high,2021-01-27,1588.0,109.0,3.65,77.0
hammerting,Hammerting,Hammerting,Hammerting,hammerting,1.0,2020.0,2020.0,high,2020-10-26,1028.0,19.0,1.74,
nimbatus - the space drone constructor,Nimbatus - The Space Drone Constructor,Nimbatus - The Space Drone Constructor,Nimbatus,nimbatus,0.9,2020.0,,low,,877.0,10.0,2.6,
elderborn,Elderborn,Elderborn,ELDERBORN,elderborn,1.0,2020.0,2020.0,high,2020-01-29,1027.0,33.0,3.7,
s.w.i.n.e. hd remaster,S.W.I.N.E. Hd Remaster,S.W.I.N.E. Hd Remaster,S.W.I.N.E. HD Remaster,swine-hd-remaster,1.0,2019.0,2019.0,high,2019-05-22,913.0,12.0,2.92,
deadly days,Deadly Days,Deadly Days,Deadly Days,deadly-days,1.0,2019.0,2019.0,high,2019-09-18,856.0,8.0,2.62,
adom (ancient domains of mystery,Adom (Ancient Domains Of Mystery,Adom (Ancient Domains Of Mystery,Ancient Domains of Mystery,ancient-domains-of-mystery,0.912,1994.0,1994.0,high,1994-11-20,7.0,1.0,0.0,
sid meier’s civilization® vi platinum edition,Sid Meier’S Civilization® Vi Platinum Edition,Sid Meier’S Civilization Vi,Sid Meier’s Civilization VI,civilization-vi,1.0,2016.0,2016.0,high,2016-10-20,7504.0,1437.0,4.16,88.0
worms rumble + legends pack dlc,Worms Rumble + Legends Pack Dlc,Worms Rumble + Legends Pack Dlc,Worms Rumble,worms-rumble,0.9,2020.0,2020.0,high,2020-12-01,1795.0,108.0,2.55,67.0
panzer paladin,Panzer Paladin,Panzer Paladin,Panzer Paladin,panzer-paladin,1.0,2020.0,2020.0,high,2020-07-21,809.0,8.0,3.38,
milky way prince - the vampire star,Milky Way Prince - The Vampire Star,Milky Way Prince - The Vampire Star,Milky Way Prince – The Vampire Star,milky-way-prince-the-vampire-star,1.0,2020.0,2020.0,high,2020-08-12,703.0,9.0,2.56,
desolate,Desolate,Desolate,DESOLATE,desolate,1.0,2019.0,2019.0,high,2019-01-17,1264.0,52.0,2.91,
paw paw paw,Paw Paw Paw,Paw Paw Paw,Paw Paw Paw,paw-paw-paw,1.0,2018.0,2018.0,high,2018-11-17,781.0,8.0,2.62,
effie,Effie,Effie,Effie,effie,1.0,2019.0,2019.0,high,2019-06-04,780.0,18.0,2.67,68.0
disjunction,Disjunction,Disjunction,Disjunction,disjunction,1.0,2021.0,2021.0,high,2021-01-28,363.0,12.0,2.85,71.0
hellpoint,Hellpoint,Hellpoint,Hellpoint,hellpoint,1.0,2020.0,2020.0,high,2020-07-30,2213.0,54.0,2.74,61.0
"cook, serve, delicious! 3","Cook, Serve, Delicious! 3","Cook, Serve, Delicious! 3","Cook, Serve, Delicious! 3?!",cook-serve-delicious-3,1.0,2020.0,2020.0,high,2020-01-28,1159.0,31.0,3.48,
size matters,Size Matters,Size Matters,Size Matters,size-matters-2,1.0,,,high,,834.0,7.0,3.57,
morkredd,Morkredd,Morkredd,Morkredd,morkredd,1.0,2020.0,2020.0,high,2020-12-10,1053.0,41.0,3.02,
retimed,Retimed,Retimed,Retimed,retimed,1.0,2018.0,2018.0,high,2018-09-20,764.0,8.0,2.75,
family man,Family Man,Family Man,Family Man,family-man,1.0,2020.0,2020.0,high,2020-05-22,752.0,7.0,2.57,
vane,Vane,Vane,Vane,vane,1.0,2019.0,2019.0,high,2019-01-15,941.0,32.0,3.25,56.0
f1® 2020,F1® 2020,F1 2020,F1 22,f1-22,0.5,2022.0,2022.0,low,2022-06-30,359.0,43.0,3.21,
main assembly,Main Assembly,Main Assembly,Main Assembly,main-assembly,1.0,2020.0,2020.0,high,2020-04-16,839.0,10.0,3.0,
remothered: broken porcelain,Remothered: Broken Porcelain,Remothered: Broken Porcelain,Remothered: Broken Porcelain,remothered-broken-porcelain,1.0,2020.0,2020.0,high,2020-10-13,869.0,29.0,2.24,44.0
in other waters,In Other Waters,In Other Waters,In Other Waters,in-other-waters,1.0,2020.0,2020.0,high,2020-04-02,1024.0,32.0,3.53,
simulacra + simulacra 2,Simulacra + Simulacra 2,Simulacra + Simulacra 2,SIMULACRA,simulacra,0.5,2017.0,2017.0,low,2017-10-25,1235.0,87.0,3.6,
skully,Skully,Skully,Skully,skully-2,1.0,2020.0,2020.0,high,2020-08-04,701.0,10.0,2.2,
popup dungeon,Popup Dungeon,Popup Dungeon,Popup Dungeon,popup-dungeon,1.0,2020.0,2020.0,high,2020-08-12,1135.0,7.0,2.75,
control standard edition,Control Standard Edition,Control,Control,control,1.0,2022.0,2019.0,medium,2019-08-27,9780.0,2064.0,4.14,84.0
xcom: chimera squad,Xcom: Chimera Squad,Xcom: Chimera Squad,XCOM: Chimera Squad,xcom-chimera-squad,1.0,2020.0,2020.0,high,2020-04-23,2096.0,115.0,3.49,77.0
cyber hook,Cyber Hook,Cyber Hook,Cyber Hook,cyber-hook,1.0,2020.0,2020.0,high,2020-09-23,952.0,18.0,3.63,
pesterquest,Pesterquest,Pesterquest,Pesterquest,pesterquest,1.0,2019.0,2019.0,high,2019-09-03,945.0,12.0,2.17,
wildfire,Wildfire,Wildfire,Wildfire,wildfire,1.0,2020.0,2020.0,high,2020-05-26,1013.0,23.0,3.12,76.0
boreal blade,Boreal Blade,Boreal Blade,Boreal Blade,boreal-blade,1.0,2019.0,2019.0,high,2019-08-28,839.0,6.0,2.17,
ageless,Ageless,Ageless,Ageless,ageless,1.0,2020.0,2020.0,high,2020-07-28,828.0,12.0,2.83,
outward + the soroboreans and outward soundtrack,Outward + The Soroboreans And Outward Soundtrack,Outward + The Soroboreans And Outward Soundtrack,Outward Definitive Edition,outward,0.9,2019.0,2019.0,high,2019-03-25,1850.0,171.0,3.33,65.0
valkyria chronicles 4 complete edition,Valkyria Chronicles 4 Complete Edition,Valkyria Chronicles 4,Valkyria Chronicles,valkyria-chronicles,0.5,2008.0,2008.0,low,2008-04-24,3322.0,414.0,4.07,85.0
endless space® 2 - digital deluxe edition,Endless Space® 2 - Digital Deluxe Edition,Endless Space 2,Endless Space,endless-space,0.5,2012.0,2012.0,low,2012-07-04,670.0,59.0,3.77,
the wild eight,The Wild Eight,The Wild Eight,The Wild Eight,the-wild-eight,1.0,2016.0,2016.0,high,2016-07-12,1279.0,69.0,3.27,
train station renovation,Train Station Renovation,Train Station Renovation,Train Station Renovation,train-station-renovation,1.0,2020.0,2020.0,high,2020-10-01,851.0,28.0,3.34,66.0
valfaris,Valfaris,Valfaris,Valfaris,valfaris,1.0,2019.0,2019.0,high,2019-10-10,1363.0,58.0,3.57,81.0
werewolf: the apocalypse heart of the forest,Werewolf: The Apocalypse Heart Of The Forest,Werewolf: The Apocalypse Heart Of The Forest,Werewolf: The Apocalypse — Heart of the Forest,werewolf-the-apocalypse-heart-of-the-forest,1.0,2020.0,2020.0,high,2020-10-13,895.0,17.0,2.47,72.0
lovecraft's untold stories,Lovecraft'S Untold Stories,Lovecraft'S Untold Stories,Lovecraft's Untold Stories,lovecrafts-untold-stories,1.0,2018.0,2018.0,high,2018-06-21,1604.0,37.0,3.21,
iris and the giant,Iris And The Giant,Iris And The Giant,Iris and the Giant,iris-the-giant,1.0,2018.0,2018.0,high,2018-11-05,1469.0,33.0,3.48,
boomerang fu,Boomerang Fu,Boomerang Fu,Boomerang Fu,boomerang-fu,1.0,2020.0,2020.0,high,2020-08-13,905.0,27.0,3.93,
ancestors: the humankind odyssey,Ancestors: The Humankind Odyssey,Ancestors: The Humankind Odyssey,ANCESTORS: The Humankind Odyssey,ancestors-the-humankind-odyssey,1.0,2019.0,2019.0,high,2019-08-26,1461.0,134.0,3.04,69.0
total tank simulator,Total Tank Simulator,Total Tank Simulator,Total Tank Simulator,total-tank-simulator,1.0,2020.0,2020.0,high,2020-05-20,830.0,20.0,3.24,
song of horror complete edition,Song Of Horror Complete Edition,Song Of Horror,Song of Horror,song-of-horror,1.0,2019.0,2019.0,high,2019-10-30,1209.0,34.0,3.46,73.0
not tonight,Not Tonight,Not Tonight,Not Tonight,not-tonight,1.0,2018.0,2018.0,high,2018-08-16,1022.0,48.0,3.77,
vampire: the masquerade - shadows of new york,Vampire: The Masquerade - Shadows Of New York,Vampire: The Masquerade - Shadows Of New York,Vampire: The Masquerade - Shadows of New York,vampire-the-masquerade-shadows-of-new-york,1.0,2020.0,2020.0,high,2020-09-10,985.0,35.0,3.33,
minoria,Minoria,Minoria,Minoria,minoria,1.0,2019.0,2019.0,high,2019-08-27,974.0,37.0,3.47,73.0
deleveled,Deleveled,Deleveled,Deleveled,deleveled-2,1.0,2019.0,2019.0,high,2019-08-16,721.0,6.0,3.17,
the ambassador: fractured timelines,The Ambassador: Fractured Timelines,The Ambassador: Fractured Timelines,The Ambassador: Fractured Timelines,the-ambassador-fractured-timelines,1.0,2019.0,2019.0,high,2019-03-21,13.0,0.0,0.0,
overcooked! 2 + too many cooks + surf 'n' turf pack,Overcooked! 2 + Too Many Cooks + Surf 'N' Turf Pack,Overcooked! 2 + Too Many Cooks + Surf 'N' Turf Pack,Overcooked,overcooked,0.37,2017.0,2016.0,low,2016-08-01,5983.0,1357.0,4.07,81.0
the beast inside,The Beast Inside,The Beast Inside,The Beast Inside,the-beast-inside,1.0,2019.0,2019.0,high,2019-10-16,1908.0,113.0,3.47,74.0
shining resonance refrain,Shining Resonance Refrain,Shining Resonance Refrain,Shining Resonance Refrain,shining-resonance-refrain,1.0,2018.0,2018.0,high,2018-07-09,1012.0,22.0,2.73,70.0
zwei: the arges adventure,Zwei: The Arges Adventure,Zwei: The Arges Adventure,Zwei: The Arges Adventure,zwei-the-arges-adventure,1.0,2001.0,2001.0,high,2001-12-30,878.0,6.0,3.0,
zwei: the ilvard insurrection,Zwei: The Ilvard Insurrection,Zwei: The Ilvard Insurrection,Zwei: The Ilvard Insurrection,zwei-the-ilvard-insurrection,1.0,2008.0,2008.0,high,2008-09-25,863.0,14.0,3.86,
tabletop playground,Tabletop Playground,Tabletop Playground,Tabletop Playground,tabletop-playground,1.0,,,high,,833.0,7.0,3.14,
"the haunted island, a frog detective game","The Haunted Island, A Frog Detective Game","The Haunted Island, A Frog Detective Game","The Haunted Island, a Frog Detective Game",the-haunted-island-a-frog-detective-game,1.0,2018.0,2018.0,high,2018-11-22,1222.0,78.0,3.75,
frog detective 2: the case of the invisible wizard,Frog Detective 2: The Case Of The Invisible Wizard,Frog Detective 2: The Case Of The Invisible Wizard,Frog Detective 2: The Case of the Invisible Wizard,frog-detective-2-the-case-of-the-invisible-wizard,1.0,2019.0,2019.0,high,2019-12-09,978.0,39.0,3.97,
still there,Still There,Still There,Still There,still-there,1.0,2019.0,2019.0,high,2019-11-19,1006.0,28.0,3.46,
struggling,Struggling,Struggling,Struggling,struggling,1.0,2020.0,2020.0,high,2020-08-27,851.0,16.0,3.06,65.0
path of giants,Path Of Giants,Path Of Giants,Path of Giants,path-of-giants,1.0,2019.0,2019.0,high,2019-08-29,864.0,20.0,3.2,
imperator: rome deluxe edition,Imperator: Rome Deluxe Edition,Imperator: Rome,Imperator: Rome,imperator-rome,1.0,2019.0,2019.0,high,2019-04-24,1287.0,79.0,3.2,76.0
darksburg,Darksburg,Darksburg,Darksburg,darksburg,1.0,2020.0,2020.0,high,2020-09-23,981.0,25.0,2.88,61.0
little misfortune,Little Misfortune,Little Misfortune,Little Misfortune,little-misfortune,1.0,2019.0,2019.0,high,2019-09-17,1466.0,193.0,3.96,57.0
smile for me,Smile For Me,Smile For Me,Smile For Me,smile-for-me,1.0,2019.0,2019.0,high,2019-05-31,1010.0,25.0,3.84,
tsioque,Tsioque,Tsioque,TSIOQUE,tsioque,1.0,2018.0,2018.0,high,2018-11-06,998.0,38.0,3.79,
rover mechanic simulator,Rover Mechanic Simulator,Rover Mechanic Simulator,Rover Mechanic Simulator,rover-mechanic-simulator,1.0,2021.0,2021.0,high,2021-09-22,868.0,16.0,2.5,65.0
youropa,Youropa,Youropa,Youropa,youropa,1.0,2018.0,2018.0,high,2018-06-27,902.0,20.0,3.2,74.0
townsmen - a kingdom rebuilt,Townsmen - A Kingdom Rebuilt,Townsmen - A Kingdom Rebuilt,Townsmen - A Kingdom Rebuilt,townsmen-a-kingdom-rebuilt,1.0,2019.0,2019.0,high,2019-02-25,966.0,23.0,2.87,66.0
tropico 6 - el prez edition,Tropico 6 - El Prez Edition,Tropico 6 - El Prez Edition,Tropico 6,tropico-6,0.9,2019.0,2019.0,high,2019-03-28,1551.0,161.0,3.82,76.0
sunless bundle (sunless skies + sunless sea),Sunless Bundle (Sunless Skies + Sunless Sea),Sunless Bundle (Sunless Skies + Sunless Sea),Sunless Skies,sunless-skies,0.667,2017.0,2017.0,low,2017-08-30,1247.0,50.0,3.69,87.0
iron danger,Iron Danger,Iron Danger,Iron Danger,iron-danger,1.0,2020.0,2020.0,high,2020-03-24,1314.0,31.0,2.73,73.0
fantasy blacksmith,Fantasy Blacksmith,Fantasy Blacksmith,Fantasy Blacksmith,fantasy-blacksmith,1.0,2019.0,2019.0,high,2019-11-15,799.0,15.0,2.4,
the suicide of rachel foster,The Suicide Of Rachel Foster,The Suicide Of Rachel Foster,The Suicide of Rachel Foster,the-suicide-of-rachel-foster,1.0,2020.0,2020.0,high,2020-02-18,1424.0,130.0,3.31,63.0
goat of duty,Goat Of Duty,Goat Of Duty,Goat of Duty,goat-of-duty,1.0,2019.0,2019.0,high,2019-07-10,3344.0,119.0,2.25,
the uncertain: last quiet day,The Uncertain: Last Quiet Day,The Uncertain: Last Quiet Day,The Uncertain: Last Quiet Day,the-uncertain-last-quiet-day,1.0,2016.0,2016.0,high,2016-09-21,61.0,7.0,3.5,
basement,Basement,Basement,Basement,basement,1.0,2015.0,2015.0,high,2015-04-30,876.0,23.0,3.35,
lightmatter,Lightmatter,Lightmatter,Lightmatter,lightmatter,1.0,2020.0,2020.0,high,2020-01-15,1317.0,47.0,3.38,73.0
golf with your friends + caddypack dlc + ost,Golf With Your Friends + Caddypack Dlc + Ost,Golf With Your Friends + Caddypack Dlc + Ost,Golf With Your Friends,golf-with-your-friends,0.9,,2016.0,low,2016-01-29,3614.0,374.0,3.83,69.0
fun with ragdolls: the game,Fun With Ragdolls: The Game,Fun With Ragdolls: The Game,Fun with Ragdolls: The Game,fun-with-ragdolls-the-game,1.0,2019.0,2019.0,high,2019-08-31,857.0,15.0,1.87,
catherine classic,Catherine Classic,Catherine Classic,Catherine,catherine,0.9,2011.0,2011.0,high,2011-02-17,3154.0,513.0,4.14,80.0
the occupation,The Occupation,The Occupation,The Occupation,the-occupation,1.0,2019.0,2019.0,high,2019-03-04,1086.0,35.0,3.0,67.0
the shapeshifting detective,The Shapeshifting Detective,The Shapeshifting Detective,The Shapeshifting Detective,the-shapeshifting-detective,1.0,2018.0,2018.0,high,2018-11-06,1054.0,54.0,3.32,70.0
hello neighbor + hello neighbor hide and seek collection,Hello Neighbor + Hello Neighbor Hide And Seek Collection,Hello Neighbor + Hello Neighbor Hide And Seek Collection,Hello Neighbor Hide and Seek,hello-neighbor-hide-seek,0.683,2018.0,2018.0,low,2018-12-06,699.0,15.0,2.53,55.0
genesis alpha one deluxe edition,Genesis Alpha One Deluxe Edition,Genesis Alpha One,Genesis Alpha One,genesis-alpha-one,1.0,2019.0,2019.0,high,2019-01-29,1076.0,35.0,2.4,67.0
american fugitive,American Fugitive,American Fugitive,American Fugitive,american-fugitive,1.0,2019.0,2019.0,high,2019-05-20,1495.0,79.0,3.06,66.0
the coma 2: vicious sisters,The Coma 2: Vicious Sisters,The Coma 2: Vicious Sisters,The Coma 2: Vicious Sisters,the-coma-2-vicious-sisters,1.0,2020.0,2020.0,high,2020-01-27,1387.0,45.0,3.47,
a case of distrust,A Case Of Distrust,A Case Of Distrust,A Case of Distrust,a-case-of-distrust,1.0,2018.0,2018.0,high,2018-02-08,980.0,17.0,3.06,77.0
age of wonders: planetfall - deluxe edition,Age Of Wonders: Planetfall - Deluxe Edition,Age Of Wonders: Planetfall,Age of Wonders: Planetfall,age-of-wonders-planetfall,1.0,2019.0,2019.0,high,2019-08-05,1590.0,106.0,3.45,81.0
battlestar galactica deadlock,Battlestar Galactica Deadlock,Battlestar Galactica Deadlock,Battlestar Galactica Deadlock,battlestar-galactica-deadlock,1.0,2017.0,2017.0,high,2017-08-30,1491.0,43.0,2.41,
yuppie psycho,Yuppie Psycho,Yuppie Psycho,Yuppie Psycho,yuppie-psycho,1.0,2019.0,2019.0,high,2019-04-25,1237.0,118.0,4.29,78.0
beat hazard 2,Beat Hazard 2,Beat Hazard 2,Beat Hazard 2,beat-hazard-2,1.0,2019.0,2019.0,high,2019-10-15,823.0,37.0,3.78,
sigma theory: global cold war,Sigma Theory: Global Cold War,Sigma Theory: Global Cold War,Sigma Theory: Global Cold War,sigma-theory,1.0,2019.0,2019.0,high,2019-04-17,1167.0,32.0,2.84,
metal unit,Metal Unit,Metal Unit,Metal Unit,metal-unit,1.0,2019.0,2019.0,high,2019-12-19,773.0,19.0,3.11,64.0
don't escape: 4 days to survive,Don'T Escape: 4 Days To Survive,Don'T Escape: 4 Days To Survive,Don't Escape: 4 Days to Survive,dont-escape-4-days-to-survive,1.0,2019.0,2019.0,high,2019-12-10,12.0,0.0,0.0,
verlet swing,Verlet Swing,Verlet Swing,Verlet Swing,verlet-swing,1.0,2018.0,2018.0,high,2018-03-14,593.0,16.0,3.24,
basingstoke,Basingstoke,Basingstoke,Basingstoke,basingstoke,1.0,2018.0,2018.0,high,2018-03-30,616.0,10.0,3.1,
grid™ - ultimate edition,Grid™ - Ultimate Edition,Grid,GRID Autosport,grid-autosport,0.9,2015.0,2014.0,high,2014-06-24,1722.0,215.0,3.69,78.0
barotrauma,Barotrauma,Barotrauma,Barotrauma,barotrauma,1.0,2023.0,2023.0,high,2023-03-13,2241.0,196.0,3.77,81.0
men of war: assault squad 2 - warchest edition,Men Of War: Assault Squad 2 - Warchest Edition,Men Of War: Assault Squad 2 - Warchest Edition,Men of War: Assault Squad 2,men-of-war-assault-squad-2,0.9,,2014.0,low,2014-03-19,1448.0,118.0,3.97,68.0
stygian: reign of the old ones,Stygian: Reign Of The Old Ones,Stygian: Reign Of The Old Ones,Stygian: Reign of the Old Ones,stygian-reign-of-the-old-ones,1.0,2019.0,2019.0,high,2019-09-25,1110.0,63.0,3.74,
remnants of naezith,Remnants Of Naezith,Remnants Of Naezith,Remnants of Naezith,remnants-of-naezith,1.0,2020.0,2020.0,high,2020-06-05,770.0,11.0,3.27,
overload,Overload,Overload,Overload,overload,1.0,2017.0,2017.0,high,2017-03-13,814.0,23.0,3.22,
jurassic world evolution + 1 dlc,Jurassic World Evolution + 1 Dlc,Jurassic World Evolution + 1 Dlc,Jurassic World Evolution,jurassic-world-evolution-2,0.5,2018.0,2018.0,low,2018-06-12,2743.0,345.0,3.63,71.0
xcom® 2 + 2 dlc,Xcom® 2 + 2 Dlc,Xcom 2 + 2 Dlc,XCOM 2,xcom-2,0.9,2016.0,2016.0,high,2016-02-04,7717.0,1317.0,4.1,88.0
niche - a genetics survival game,Niche - A Genetics Survival Game,Niche - A Genetics Survival Game,Niche - a genetics survival game,niche-a-genetics-survival-game,1.0,2016.0,2016.0,high,2016-09-15,1120.0,47.0,3.17,
"warhammer 40,000: gladius - relics of war","Warhammer 40,000: Gladius - Relics Of War","Warhammer 40,000: Gladius - Relics Of War","Warhammer 40,000: Gladius - Relics of War",warhammer-40000-gladius-relics-of-war,1.0,2018.0,2018.0,high,2018-07-11,2476.0,96.0,2.78,71.0
warsaw,Warsaw,Warsaw,WARSAW,warsaw,1.0,2019.0,2019.0,high,2019-10-01,1371.0,32.0,2.94,
mo:astray,Mo:Astray,Mo:Astray,MO:Astray,moastray,1.0,2020.0,2020.0,high,2020-11-12,961.0,33.0,3.85,
molek-syntez,Molek-Syntez,Molek-Syntez,MOLEK-SYNTEZ,molek-syntez,1.0,2019.0,2019.0,high,2019-11-18,796.0,20.0,3.75,
raiden v: director's cut | 雷電 v director's cut | 雷電v:導演剪輯版,Raiden V: Director'S Cut | 雷電 V Director'S Cut | 雷電V:導演剪輯版,Raiden V,Raiden V: Director's Cut,raiden-v-directors-cut,1.0,2017.0,2017.0,high,2017-10-05,734.0,15.0,3.47,75.0
driftland: the magic revival,Driftland: The Magic Revival,Driftland: The Magic Revival,Driftland: The Magic Revival,driftland-the-magic-revival,1.0,2017.0,2017.0,high,2017-11-15,1545.0,32.0,2.81,
turok 2: seeds of evil,Turok 2: Seeds Of Evil,Turok 2: Seeds Of Evil,Turok 2: Seeds of Evil,turok-2-seeds-of-evil,1.0,1998.0,1998.0,high,1998-10-21,1141.0,71.0,4.07,
truberbrook / trüberbrook,Truberbrook / Trüberbrook,Truberbrook / Trüberbrook,Trüberbrook – A Nerd Saves the World,truberbrook,0.386,2019.0,2019.0,low,2019-03-11,1347.0,56.0,3.46,
shoppe keep 2,Shoppe Keep 2,Shoppe Keep 2,Shoppe Keep 2,shoppe-keep-2,1.0,2019.0,2019.0,high,2019-04-25,637.0,25.0,1.92,
capitalism 2,Capitalism 2,Capitalism 2,Capitalism 2,capitalism-2,1.0,2001.0,2001.0,high,2001-12-16,594.0,22.0,4.13,
planet coaster + 1 dlc,Planet Coaster + 1 Dlc,Planet Coaster + 1 Dlc,Planet Coaster,planet-coaster,0.5,2015.0,2016.0,low,2016-11-17,2828.0,294.0,3.78,83.0
f1 2019 anniversary edition,F1 2019 Anniversary Edition,F1 2019,F1 2017,f1-2017,0.5,2017.0,2017.0,low,2017-08-24,505.0,81.0,3.79,89.0
fell seal: arbiter's mark,Fell Seal: Arbiter'S Mark,Fell Seal: Arbiter'S Mark,Fell Seal: Arbiter's Mark,fell-seal-arbiters-mark,1.0,2018.0,2018.0,high,2018-08-16,1157.0,36.0,3.43,
turok,Turok,Turok,Turok (2008),turok-2008,1.0,2008.0,2008.0,high,2008-04-22,261.0,99.0,3.26,67.0
198x,198X,198X,198X,198x,1.0,2019.0,2019.0,high,2019-06-19,919.0,47.0,3.51,67.0
niffelheim,Niffelheim,Niffelheim,Niffelheim,niffelheim,1.0,2018.0,2018.0,high,2018-09-25,1094.0,44.0,3.04,
ai war 2,Ai War 2,Ai War 2,AI War 2,ai-war-2,1.0,2019.0,2019.0,high,2019-10-21,680.0,8.0,2.88,
etherborn,Etherborn,Etherborn,Etherborn,etherborn,1.0,2019.0,2019.0,high,2019-07-17,799.0,19.0,3.35,69.0
frostpunk + 1 dlc,Frostpunk + 1 Dlc,Frostpunk + 1 Dlc,Frostpunk,frostpunk,0.5,2018.0,2018.0,low,2018-04-24,6163.0,1071.0,4.19,85.0
pathfinder: kingmaker - enhanced plus edition,Pathfinder: Kingmaker - Enhanced Plus Edition,Pathfinder: Kingmaker - Enhanced Plus Edition,Pathfinder: Kingmaker,pathfinder-kingmaker,0.9,2018.0,2018.0,high,2018-09-25,2823.0,328.0,3.92,73.0
cryofall,Cryofall,Cryofall,CryoFall,cryofall,1.0,2019.0,2019.0,high,2019-04-03,940.0,26.0,2.88,
okami hd,Okami Hd,Okami Hd,OKAMI HD,okami-hd-da-shen-jue-jing-ban,1.0,2017.0,2017.0,high,2017-12-12,3159.0,355.0,4.18,92.0
eliza,Eliza,Eliza,Eliza,eliza,1.0,2019.0,2019.0,high,2019-08-11,977.0,46.0,3.98,84.0
project warlock,Project Warlock,Project Warlock,Project Warlock,project-warlock,1.0,2018.0,2018.0,high,2018-10-17,1566.0,96.0,3.76,
the hex,The Hex,The Hex,The Hex,the-hex,1.0,2018.0,2018.0,high,2018-10-16,1244.0,89.0,4.08,
warstone td,Warstone Td,Warstone Td,Warstone TD,warstone-td,1.0,2017.0,2017.0,high,2017-03-29,729.0,22.0,2.91,
underhero,Underhero,Underhero,Underhero,underhero,1.0,2018.0,2018.0,high,2018-09-18,847.0,26.0,3.63,
middle-earth™: shadow of war™,Middle-Earth™: Shadow Of War™,Middle-Earth: Shadow Of War,Middle-earth: Shadow of War,middle-earth-shadow-of-war,1.0,2017.0,2017.0,high,2017-09-27,8791.0,1392.0,3.86,82.0
dirt rally 2.0 + 3 dlcs,Dirt Rally 2.0 + 3 Dlcs,Dirt Rally 2.0 + 3 Dlcs,DiRT Rally 2.0,dirt-rally-20,0.5,2019.0,2019.0,low,2019-02-26,3541.0,334.0,3.58,83.0
whispers of a machine,Whispers Of A Machine,Whispers Of A Machine,Whispers of a Machine,whispers-of-a-machine,1.0,,2019.0,high,2019-04-16,1031.0,36.0,3.69,77.0
grip + 1 dlc,Grip + 1 Dlc,Grip + 1 Dlc,GRIP: Combat Racing,grip,0.5,2018.0,2018.0,low,2018-11-05,1912.0,149.0,3.0,68.0
ancestors legacy,Ancestors Legacy,Ancestors Legacy,Ancestors Legacy,ancestors-legacy,1.0,2018.0,2018.0,high,2018-05-22,139.0,34.0,3.76,73.0
phantom doctrine,Phantom Doctrine,Phantom Doctrine,Phantom Doctrine,phantom-doctrine,1.0,2018.0,2018.0,high,2018-08-13,1789.0,104.0,3.27,71.0
dead in vinland,Dead In Vinland,Dead In Vinland,Dead In Vinland,dead-in-vinland,1.0,2018.0,2018.0,high,2018-04-12,1189.0,42.0,3.88,74.0
dark future: blood red states,Dark Future: Blood Red States,Dark Future: Blood Red States,Dark Future: Blood Red States,dark-future-blood-red-states,1.0,2019.0,2019.0,high,2019-05-15,969.0,13.0,1.46,
x-morph: defense,X-Morph: Defense,X-Morph: Defense,X-Morph: Defense,x-morph-defense,1.0,2017.0,2017.0,high,2017-08-30,1672.0,47.0,3.1,
aegis defenders,Aegis Defenders,Aegis Defenders,Aegis Defenders,aegis-defenders,1.0,2018.0,2018.0,high,2018-02-07,3532.0,108.0,2.53,76.0
fluffy horde,Fluffy Horde,Fluffy Horde,Fluffy Horde,fluffy-horde,1.0,2018.0,2018.0,high,2018-11-07,1080.0,29.0,2.24,
chasm,Chasm,Chasm,Chasm,chasm,1.0,2018.0,2018.0,high,2018-07-30,1437.0,82.0,3.57,
regular human basketball,Regular Human Basketball,Regular Human Basketball,Regular Human Basketball,regular-human-basketball,1.0,2015.0,2015.0,high,2015-05-30,1288.0,27.0,2.81,
sword legacy omen,Sword Legacy Omen,Sword Legacy Omen,Sword Legacy Omen,sword-legacy-omen,1.0,2018.0,2018.0,high,2018-08-12,1173.0,28.0,2.45,
balconing simulator 2020,Balconing Simulator 2020,Balconing Simulator 2020,Balconing Simulator 2020,balconing-simulator-2020,1.0,2019.0,2019.0,high,2019-12-13,13.0,1.0,0.0,
humble trove,Humble Trove,Humble Trove,Trove,trove,0.588,2015.0,2015.0,low,2015-07-09,4484.0,475.0,2.66,65.0
about the charity,About the Charity,About the Charity,A Story About My Uncle,a-story-about-my-uncle,0.359,2014.0,2014.0,low,2014-05-28,6168.0,644.0,3.15,73.0
call of duty(r): wwii,Call of Duty(r): WWII,Call of Duty(r): WWII,Call of Duty: WWII,call-of-duty-wwii,1.0,2017.0,2017.0,high,2017-11-03,6514.0,1189.0,3.55,77.0
crash bandicoot™ n. sane trilogy,Crash Bandicoot™ N. Sane Trilogy,Crash Bandicoot N. Sane Trilogy,Crash Bandicoot N. Sane Trilogy,crash-bandicoot-n-sane-trilogy,1.0,2017.0,2017.0,high,2017-06-30,4891.0,645.0,4.12,81.0
spyro™ reignited trilogy,Spyro™ Reignited Trilogy,Spyro Reignited Trilogy,Spyro Reignited Trilogy,spyro-reignited-trilogy,1.0,2018.0,2018.0,high,2018-11-13,4324.0,543.0,4.12,80.0
shenmue i & ii,Shenmue I & II,Shenmue I & II,Shenmue,shenmue,0.5,1999.0,1999.0,low,1999-12-29,337.0,105.0,4.31,
synthetik: legion rising,SYNTHETIK: Legion Rising,SYNTHETIK: Legion Rising,SYNTHETIK: Legion Rising,synthetik-legion-rising,1.0,2018.0,2018.0,high,2018-03-15,54.0,18.0,4.06,
evergarden,Evergarden,Evergarden,Evergarden,evergarden,1.0,2018.0,2018.0,high,2018-08-16,1401.0,29.0,2.62,
operator,Operator,Operator,Operator please.,operator-please,0.9,2018.0,2018.0,low,2018-05-22,0.0,0.0,0.0,
battletech - flashpoint,BATTLETECH - Flashpoint,BATTLETECH - Flashpoint,BATTLETECH Flashpoint,battletech-flashpoint,1.0,2018.0,2018.0,high,2018-11-27,7.0,0.0,0.0,
battletech - shadow hawk pack,BATTLETECH - Shadow Hawk Pack,BATTLETECH - Shadow Hawk Pack,BATTLETECH,battletech,0.9,2014.0,2018.0,low,2018-04-23,1795.0,160.0,3.58,78.0
the spiral scouts,The Spiral Scouts,The Spiral Scouts,The Spiral Scouts,the-spiral-scouts,1.0,2018.0,2018.0,high,2018-07-12,721.0,15.0,2.73,
puss!,Puss!,Puss!,PUSS!,puss,1.0,2018.0,2018.0,high,2018-06-06,833.0,37.0,3.54,70.0
avernum 3: ruined world,Avernum 3: Ruined World,Avernum 3: Ruined World,Avernum 3: Ruined World,avernum-3-ruined-world,1.0,2018.0,2018.0,high,2018-01-30,746.0,14.0,2.43,
roman sands,Roman Sands,Roman Sands,Roman Sands,roman-sands,1.0,2019.0,2019.0,high,2019-10-04,11.0,0.0,0.0,
squad (early access),Squad (Early Access),Squad,Squad,squad,1.0,2017.0,2020.0,medium,2020-09-23,1642.0,114.0,3.89,
distance,Distance,Distance,Distance,distance,1.0,2014.0,2014.0,high,2014-12-09,1253.0,108.0,4.05,
god's trigger,God's Trigger,God's Trigger,God’s Trigger,gods-trigger,1.0,2019.0,2019.0,high,2019-04-18,1252.0,56.0,3.04,75.0
shady knight,Shady Knight,Shady Knight,Hollow Knight,hollow-knight,0.64,2018.0,2017.0,low,2017-02-23,11957.0,2776.0,4.4,88.0
rising storm 2: vietnam + 2 dlcs,Rising Storm 2: Vietnam + 2 DLCs,Rising Storm 2: Vietnam + 2 DLCs,Rising Storm 2: VIETNAM,rising-storm-2-vietnam,0.9,2017.0,2017.0,high,2017-05-30,1734.0,132.0,3.77,81.0
the adventure pals,The Adventure Pals,The Adventure Pals,The Adventure Pals,the-adventure-pals,1.0,2018.0,2018.0,high,2018-04-02,1149.0,45.0,3.43,77.0
almost there: the platformer,Almost There: The Platformer,Almost There: The Platformer,Almost There: The Platformer,almost-there-the-platformer,1.0,2018.0,2018.0,high,2018-05-09,780.0,21.0,1.76,
swords and soldiers 2 shawarmageddon,Swords and Soldiers 2 Shawarmageddon,Swords and Soldiers 2 Shawarmageddon,Swords and Soldiers 2 Shawarmageddon,swords-and-soldiers-2-shawarmageddon,1.0,2018.0,2018.0,high,2018-11-13,822.0,15.0,2.4,
don't give up,DON'T GIVE UP,DON'T GIVE UP,Don't Give Up Puppo! puzzles- games,dont-give-up-puppo-puzzles-games,0.9,2015.0,2017.0,low,2017-03-06,0.0,0.0,0.0,
love is dead,Love is Dead,Love is Dead,Love Is Dead,love-is-dead,1.0,2018.0,2018.0,high,2018-02-18,5.0,0.0,0.0,
60 parsecs,60 Parsecs,60 Parsecs,60 Parsecs!,60-parsecs,1.0,2018.0,2018.0,high,2018-09-17,1051.0,57.0,3.38,68.0
nairi: tower of shirin,NAIRI: Tower of Shirin,NAIRI: Tower of Shirin,NAIRI: Tower of Shirin,nairi-tower-of-shirin,1.0,2018.0,2018.0,high,2018-11-29,827.0,15.0,2.4,
kind words,Kind Words,Kind Words,Kind Words (lo fi chill beats to write to),kind-words-lo-fi-chill-beats-to-write-to,1.0,2019.0,2019.0,high,2019-09-12,865.0,69.0,4.26,
call of duty: black ops 4 standard edition,Call of Duty: Black Ops 4 Standard Edition,Call of Duty: Black Ops 4,Call of Duty: Black Ops,call-of-duty-black-ops,0.5,2010.0,2010.0,low,2010-11-09,7009.0,1875.0,4.06,81.0
911 operator + special resources dlc,911 Operator + Special Resources DLC,911 Operator + Special Resources DLC,911 Operator + Special Resources,911-operator-special-resources,0.938,2017.0,2017.0,high,2017-11-28,1.0,0.0,0.0,
red faction guerrilla re-mars-tered,Red Faction Guerrilla Re-Mars-tered,Red Faction Guerrilla Re-Mars-tered,Red Faction Guerrilla Re-Mars-tered,red-faction-guerilla-re-mars-tered,1.0,2018.0,2018.0,high,2018-07-02,3478.0,290.0,3.47,70.0
paratopic,Paratopic,Paratopic,Paratopic,paratopic,1.0,2018.0,2018.0,high,2018-03-15,982.0,82.0,3.52,
pool panic,Pool Panic,Pool Panic,Pool Panic,pool-panic,1.0,2018.0,2018.0,high,2018-07-19,819.0,31.0,2.9,
macdows 95,Macdows 95,Macdows 95,macdows 95,macdows-95,1.0,2019.0,2019.0,high,2019-09-05,255.0,17.0,3.89,
finding paradise,Finding Paradise,Finding Paradise,Finding Paradise,finding-paradise,1.0,2017.0,2017.0,high,2017-12-14,2285.0,248.0,4.33,
monster prom,Monster Prom,Monster Prom,Monster Prom,monster-prom,1.0,2018.0,2018.0,high,2018-04-26,1473.0,143.0,3.87,73.0
the journey down: chapter three,The Journey Down: Chapter Three,The Journey Down: Chapter Three,The Journey Down: Chapter Three,the-journey-down-chapter-three,1.0,2017.0,2017.0,high,2017-08-25,913.0,23.0,2.7,81.0
do not feed the monkeys,Do Not Feed the Monkeys,Do Not Feed the Monkeys,Do Not Feed the Monkeys,do-not-feed-the-monkeys,1.0,2018.0,2018.0,high,2018-10-22,1988.0,232.0,3.89,77.0
i am not a monster,I am not a Monster,I am not a Monster,I’m not a Monster,im-not-a-monster,0.971,2018.0,2018.0,high,2018-09-27,2145.0,146.0,2.62,
once upon a crime in the west,Once Upon A Crime In The West,Once Upon A Crime In The West,Once Upon A Crime in the West,once-upon-a-crime-in-the-west,1.0,2019.0,2019.0,high,2019-08-03,14.0,0.0,0.0,
northgard,Northgard,Northgard,Northgard,northgard,1.0,2018.0,2018.0,high,2018-03-06,3239.0,502.0,3.77,79.0
she remembered caterpillars,She Remembered Caterpillars,She Remembered Caterpillars,She Remembered Caterpillars,she-remembered-caterpillars,1.0,2017.0,2017.0,high,2017-01-17,941.0,31.0,3.23,82.0
steel rats,Steel Rats,Steel Rats,Steel Rats,steel-rats,1.0,2018.0,2018.0,high,2018-11-06,2697.0,97.0,2.63,66.0
warhammer: vermintide 2 - collector's edition,Warhammer: Vermintide 2 - Collector's Edition,Warhammer: Vermintide 2,Warhammer: Vermintide 2,warhammer-vermintide-2,1.0,2018.0,2018.0,high,2018-03-08,8550.0,779.0,3.61,82.0
earth defense force 4.1 the shadow of new despair + all dlc,EARTH DEFENSE FORCE 4.1 The Shadow of New Despair + all DLC,EARTH DEFENSE FORCE 4.1 The Shadow of New Despair + all DLC,EARTH DEFENSE FORCE 4.1 The Shadow of New Despair,earth-defense-force-41-the-shadow-of-new-despair-2,0.925,2015.0,2015.0,high,2015-04-02,1276.0,99.0,3.56,79.0
cultist simulator,Cultist Simulator,Cultist Simulator,Cultist Simulator,cultist-simulator,1.0,2018.0,2018.0,high,2018-05-31,1665.0,179.0,3.46,68.0
tower unite,Tower Unite,Tower Unite,Tower Unite,tower-unite,1.0,2016.0,2016.0,high,2016-04-08,1084.0,60.0,3.59,
fight'n rage,Fight'N Rage,Fight'N Rage,Fight'N Rage,fightn-rage,1.0,2017.0,2017.0,high,2017-09-18,1039.0,54.0,3.15,
slipstream,Slipstream,Slipstream,Slipstream,slipstream,1.0,2018.0,2018.0,high,2018-05-20,914.0,53.0,3.23,74.0
20 minute metropolis,20 Minute Metropolis,20 Minute Metropolis,20 Minute Metropolis - The Action City Builder,20-minute-metropolis,0.9,2019.0,2019.0,high,2019-03-01,21.0,2.0,0.0,
sniper elite 3,Sniper Elite 3,Sniper Elite 3,Sniper Elite 3,sniper-elite-3,1.0,2014.0,2014.0,high,2014-06-26,4067.0,519.0,3.53,67.0
rock of ages 2: bigger & boulder(tm),Rock of Ages 2: Bigger & Boulder(tm),Rock of Ages 2: Bigger & Boulder(tm),Rock of Ages 2: Bigger & Boulder,rock-of-ages-2-bigger-boulder,1.0,2017.0,2017.0,high,2017-08-28,1246.0,99.0,3.6,77.0
tom clancy's the division(tm),Tom Clancy's The Division(tm),Tom Clancy's The Division(tm),Tom Clancy’s The Division,tom-clancys-the-division,1.0,2016.0,2016.0,high,2016-03-07,6140.0,1348.0,3.7,80.0
tom clancy's the division(tm) - survival,Tom Clancy's The Division(tm) - Survival,Tom Clancy's The Division(tm) - Survival,Tom Clancy’s The Division - Survival,tom-clancys-the-division-survival,1.0,2016.0,2016.0,high,2016-11-22,15.0,6.0,2.5,
super daryl deluxe,Super Daryl Deluxe,Super Daryl Deluxe,Super Daryl Deluxe,super-daryl-deluxe,1.0,2018.0,2018.0,high,2018-04-10,838.0,23.0,2.09,
rapture rejects,Rapture Rejects,Rapture Rejects,Rapture Rejects,rapture-rejects,1.0,2018.0,2018.0,high,2018-11-29,931.0,36.0,2.06,
after hours,after HOURS,after HOURS,After Hours...,after-hours-2,1.0,2021.0,2021.0,high,2021-08-24,7.0,1.0,0.0,
sundered®: eldritch edition,Sundered®: Eldritch Edition,Sundered: Eldritch Edition,Sundered: Eldritch Edition,sundered-eldritch-edition,1.0,2020.0,2020.0,high,2020-06-07,113.0,20.0,3.55,
just cause 3 xxl edition,Just Cause 3 XXL Edition,Just Cause 3 XXL Edition,Just Cause 3,just-cause-3,0.9,2017.0,2015.0,low,2015-11-30,9400.0,1591.0,3.4,74.0
regions of ruin,Regions of Ruin,Regions of Ruin,Regions Of Ruin,regions-of-ruin,1.0,2018.0,2018.0,high,2018-02-04,3140.0,136.0,2.46,
darkside detective,Darkside Detective,Darkside Detective,The Darkside Detective,the-darkside-detective,1.0,2017.0,2017.0,high,2017-07-26,1305.0,64.0,3.62,73.0
roombo: first blood,Roombo: First Blood,Roombo: First Blood,Roombo: First Blood,roombo-first-blood,1.0,2019.0,2019.0,high,2019-08-09,296.0,13.0,2.62,
metal gear solid v: the definitive experience,METAL GEAR SOLID V: The Definitive Experience,METAL GEAR SOLID V: The Definitive Experience,METAL GEAR SOLID V: THE DEFINITIVE EXPERIENCE,metal-gear-solid-the-definitive-experience,1.0,2016.0,2016.0,high,2016-10-11,608.0,92.0,4.47,
cities: skylines + after dark dlc,Cities: Skylines + After Dark DLC,Cities: Skylines + After Dark DLC,Cities: Skylines - After Dark,cities-skylines-after-dark,0.929,2015.0,2015.0,high,2015-09-24,12.0,3.0,0.0,
immortal redneck,Immortal Redneck,Immortal Redneck,Immortal Redneck,immortal-redneck,1.0,2017.0,2017.0,high,2017-04-24,1962.0,97.0,3.56,69.0
purrfect date - visual novel/dating simulator,Purrfect Date - Visual Novel/Dating Simulator,Purrfect Date - Visual Novel/Dating Simulator,Purrfect Date,purrfect-date,0.9,2018.0,2018.0,high,2018-02-12,884.0,20.0,2.1,
seven: enhanced edition,Seven: Enhanced Edition,Seven,Seven: Enhanced Edition,seven-enhanced-edition,1.0,2017.0,2017.0,high,2017-12-01,729.0,6.0,2.83,
forager sneak peek,Forager Sneak Peek,Forager Sneak Peek,Forager,forager,0.9,2016.0,2016.0,high,2016-12-14,2186.0,229.0,4.04,78.0
cut & run,Cut & Run,Cut & Run,Q.U.B.E: Director's Cut,qube-directors-cut,0.333,2014.0,2014.0,low,2014-05-21,2460.0,231.0,3.23,
dead island definitive edition,Dead Island Definitive Edition,Dead Island,Dead Island Definitive Edition,dead-island-definitive-edition,1.0,2016.0,2016.0,high,2016-05-31,2687.0,305.0,3.54,67.0
sniper elite,Sniper Elite,Sniper Elite,Sniper Elite,sniper-elite,1.0,2005.0,2005.0,high,2005-10-18,2045.0,179.0,3.36,76.0
hitman™: the complete first season,HITMAN™: The Complete First Season,HITMAN: The Complete First Season,Hitman,hitman,0.9,2016.0,2016.0,high,2016-03-11,10913.0,2037.0,3.93,83.0
hollow knight,Hollow Knight,Hollow Knight,Hollow Knight,hollow-knight,1.0,2017.0,2017.0,high,2017-02-23,11957.0,2776.0,4.4,88.0
7 days to die,7 Days to Die,7 Days to Die,7 Days to Die,7-days-to-die,1.0,2013.0,2013.0,high,2013-12-13,4331.0,500.0,3.36,
hard reset redux,Hard Reset Redux,Hard Reset Redux,Hard Reset Redux,hard-reset-redux,1.0,2016.0,2016.0,high,2016-06-02,1834.0,134.0,3.21,73.0
vape escape,vApe Escape,vApe Escape,vApe Escape,vape-escape,1.0,,,high,,8.0,0.0,0.0,
american truck simulator,American Truck Simulator,American Truck Simulator,American Truck Simulator,american-truck-simulator,1.0,2016.0,2016.0,high,2016-02-02,2561.0,256.0,3.99,76.0
overwatch,Overwatch,Overwatch,Overwatch,overwatch,1.0,2016.0,2016.0,high,2016-05-24,3559.0,1154.0,4.13,91.0
"gremlins, inc.","Gremlins, Inc.","Gremlins, Inc.","Gremlins, Inc.",gremlins-inc,1.0,2016.0,2016.0,high,2016-03-10,1733.0,139.0,3.65,75.0
we were here too,We Were Here Too,We Were Here Too,We Were Here Too,we-were-here-too,1.0,2018.0,2018.0,high,2018-02-02,1902.0,224.0,3.85,70.0
ollie & bollie's outdoor estate,Ollie & Bollie's Outdoor Estate,Ollie & Bollie's Outdoor Estate,Ollie & Bollie: Outdoor Estate,ollie-bollie-outdoor-estate,0.969,2018.0,2018.0,high,2018-10-01,37.0,0.0,0.0,
tales of berseria(tm),Tales of Berseria(tm),Tales of Berseria(tm),Tales of Berseria,tales-of-berseria,1.0,2016.0,2016.0,high,2016-08-18,2907.0,337.0,3.98,80.0
staxel,Staxel,Staxel,Staxel,staxel,1.0,2019.0,2019.0,high,2019-04-11,950.0,45.0,2.82,
zombie night terror,Zombie Night Terror,Zombie Night Terror,Zombie Night Terror,zombie-night-terror,1.0,2016.0,2016.0,high,2016-07-19,1270.0,75.0,3.4,81.0
ethereal,ETHEREAL,ETHEREAL,Ethereal,ethereal,1.0,,,high,,57.0,2.0,0.0,
sudden strike 4,Sudden Strike 4,Sudden Strike 4,Sudden Strike 4,sudden-strike-4,1.0,2017.0,2017.0,high,2017-08-10,1112.0,48.0,3.12,77.0
forged battalion,Forged Battalion,Forged Battalion,Forged Battalion,forged-battalion,1.0,2018.0,2018.0,high,2018-01-16,863.0,20.0,1.95,
pathologic classic hd,Pathologic Classic HD,Pathologic Classic HD,Pathologic Classic HD,pathologic-classic-hd,1.0,2015.0,2015.0,high,2015-10-28,2705.0,264.0,3.87,76.0
woten,Woten,Woten,Woten,woten,1.0,2018.0,2018.0,high,2018-08-03,8.0,0.0,0.0,
forts,Forts,Forts,Forts,forts,1.0,2017.0,2017.0,high,2017-04-19,913.0,47.0,3.25,74.0
titan quest: anniversary edition + titan quest: ragnarok dlc,Titan Quest: Anniversary Edition + Titan Quest: Ragnarok DLC,Titan Quest,Titan Quest: Ragnarök,titan-quest-ragnarok,0.9,2017.0,2017.0,high,2017-11-01,36.0,17.0,3.29,
hearts of iron iv,Hearts of Iron IV,Hearts of Iron IV,Hearts of Iron IV,hearts-of-iron-iv,1.0,2016.0,2016.0,high,2016-06-06,2753.0,383.0,4.05,83.0
blackwake,Blackwake,Blackwake,Blackwake,blackwake,1.0,2017.0,2017.0,high,2017-02-24,1911.0,98.0,3.27,
interplanetary: enhanced edition,Interplanetary: Enhanced Edition,Interplanetary,Interplanetary: Enhanced Edition,interplanetary-enhanced-edition,1.0,2017.0,2017.0,high,2017-08-02,1088.0,31.0,2.68,
serial cleaner,Serial Cleaner,Serial Cleaner,Serial Cleaner,serial-cleaner,1.0,2016.0,2016.0,high,2016-09-28,3121.0,170.0,3.2,72.0
stumblehill,Stumblehill,Stumblehill,Stumblehill,stumblehill,1.0,2018.0,2018.0,high,2018-07-06,12.0,0.0,0.0,
"cook, serve, delicious! 2!!","Cook, Serve, Delicious! 2!!","Cook, Serve, Delicious! 2!!","Cook, Serve, Delicious! 2!!",cook-serve-delicious-2,1.0,2017.0,2017.0,high,2017-09-13,1517.0,105.0,3.47,74.0
ken follett's the pillars of the earth,Ken Follett's The Pillars of the Earth,Ken Follett's The Pillars of the Earth,Ken Follett's The Pillars of the Earth,the-pillars-of-the-earth,1.0,2017.0,2017.0,high,2017-08-15,2280.0,138.0,3.54,79.0
bear with me - collector's edition,Bear With Me - Collector's Edition,Bear With Me,Bear With Me: The Complete Collection,bear-with-me-collectors-edition,0.9,2018.0,2018.0,high,2018-02-08,971.0,39.0,2.62,
acceleration of suguri 2,Acceleration of SUGURI 2,Acceleration of SUGURI 2,Acceleration of SUGURI 2,acceleration-of-suguri-2,1.0,2018.0,2018.0,high,2018-03-07,2294.0,64.0,2.08,
subserial network,Subserial Network,Subserial Network,Subserial Network,subserial-network,1.0,2018.0,2018.0,high,2018-09-05,20.0,2.0,0.0,
running with rifles,Running with Rifles,Running with Rifles,RUNNING WITH RIFLES,running-with-rifles,1.0,2015.0,2015.0,high,2015-04-02,1324.0,72.0,3.28,78.0
moon hunters,Moon Hunters,Moon Hunters,Moon Hunters,moon-hunters,1.0,2016.0,2016.0,high,2016-03-09,2384.0,153.0,3.42,62.0
crazy machines 3,Crazy Machines 3,Crazy Machines 3,Crazy Machines 3,crazy-machines-3,1.0,2016.0,2016.0,high,2016-10-18,1629.0,71.0,3.18,71.0
jalopy,Jalopy,Jalopy,Jalopy,jalopy,1.0,2016.0,2016.0,high,2016-04-21,1391.0,86.0,3.05,
knight club,Knight Club,Knight Club,Knight Club,knight-club,1.0,2018.0,2018.0,high,2018-08-22,10.0,1.0,0.0,
lara croft go,Lara Croft GO,Lara Croft GO,Lara Croft GO,lara-croft-go,1.0,2015.0,2015.0,high,2015-08-27,2418.0,276.0,3.7,84.0
deus ex: mankind divided™,Deus Ex: Mankind Divided™,Deus Ex: Mankind Divided,Deus Ex: Mankind Divided,deus-ex-mankind-divided,1.0,2016.0,2016.0,high,2016-08-22,10824.0,2022.0,3.96,83.0
subterrain,Subterrain,Subterrain,Subterrain,subterrain,1.0,2016.0,2016.0,high,2016-01-20,1093.0,37.0,3.11,
lyric sonata,Lyric Sonata,Lyric Sonata,Lyric Sonata,lyric-sonata,1.0,2018.0,2018.0,high,2018-04-06,13.0,1.0,0.0,
overgrowth,Overgrowth,Overgrowth,Overgrowth,overgrowth,1.0,2017.0,2017.0,high,2017-10-16,1957.0,103.0,3.1,
dark souls™ iii,DARK SOULS™ III,DARK SOULS III,Dark Fall 3: Lost Souls,dark-fall-3-lost-souls,0.588,2009.0,2009.0,low,2009-12-03,376.0,15.0,2.47,75.0
splasher,Splasher,Splasher,Splasher,splasher,1.0,2017.0,2017.0,high,2017-02-07,1262.0,46.0,3.24,79.0
aviary attorney,Aviary Attorney,Aviary Attorney,Aviary Attorney,aviary-attorney,1.0,2015.0,2015.0,high,2015-12-21,1242.0,43.0,3.43,77.0
holy potatoes! we're in space?!,Holy Potatoes! We're in Space?!,Holy Potatoes! We're in Space?!,Holy Potatoes! We’re in Space?!,holy-potatoes-were-in-space,1.0,2017.0,2017.0,high,2017-02-13,1315.0,46.0,3.06,
drawkanoid,Drawkanoid,Drawkanoid,Drawkanoid,drawkanoid,1.0,2018.0,2018.0,high,2018-03-03,35.0,4.0,0.0,
life is strange complete season (episodes 1-5),Life is Strange Complete Season (Episodes 1-5),Life is Strange Complete Season (Episodes 1-5),Life is Strange,life-is-strange-episode-1-2,0.9,2015.0,2015.0,high,2015-01-29,15954.0,3783.0,4.12,83.0
sid meier’s civilization® vi,Sid Meier’s Civilization® VI,Sid Meier’s Civilization VI,Sid Meier’s Civilization VI,civilization-vi,1.0,2016.0,2016.0,high,2016-10-20,7504.0,1437.0,4.16,88.0
owlboy,Owlboy,Owlboy,Owlboy,owlboy,1.0,2016.0,2016.0,high,2016-10-31,2464.0,306.0,3.83,88.0
black the fall,Black the Fall,Black the Fall,Black The Fall,black-the-fall,1.0,2014.0,2014.0,high,2014-07-04,1387.0,89.0,3.1,73.0
the norwood suite,The Norwood Suite,The Norwood Suite,The Norwood Suite,the-norwood-suite,1.0,2017.0,2017.0,high,2017-05-06,1076.0,48.0,2.81,
fortune-499,Fortune-499,Fortune-499,Fortune-499,fortune-499,1.0,2018.0,2018.0,high,2018-04-21,480.0,21.0,2.81,
"warhammer 40,000: dawn of war iii","Warhammer 40,000: Dawn of War III","Warhammer 40,000: Dawn of War III","Warhammer 40,000: Dawn of War III",warhammer-40k-dow-iii,1.0,2017.0,2017.0,high,2017-04-27,1731.0,159.0,3.03,77.0
mr. shifty,Mr. Shifty,Mr. Shifty,Mr. Shifty,mr-shifty,1.0,2017.0,2017.0,high,2017-04-13,1244.0,61.0,3.19,
cursed castilla (maldita castilla ex),Cursed Castilla (Maldita Castilla EX),Cursed Castilla (Maldita Castilla EX),Cursed Castilla,cursed-castilla,1.0,2016.0,2017.0,high,2017-07-13,6.0,1.0,0.0,
h1z1 + 2 in-game crates,H1Z1 + 2 in-game crates,H1Z1 + 2 in-game crates,,,,2017.0,,not_a_game,,,,,
blazblue: chronophantasma extend,BlazBlue: Chronophantasma Extend,BlazBlue: Chronophantasma Extend,BlazBlue: Chrono Phantasma EXTEND,blazblue-chrono-phantasma-extend,0.984,2015.0,2015.0,high,2015-04-23,1115.0,51.0,3.76,82.0
strafe: millennium edition,STRAFE: Millennium Edition,STRAFE: Millennium Edition,STRAFE,strafe,0.9,2014.0,2016.0,low,2016-07-06,948.0,71.0,3.01,66.0
passpartout: the starving artist,Passpartout: The Starving Artist,Passpartout: The Starving Artist,Passpartout: The Starving Artist,passpartout-the-starving-artist,1.0,2017.0,2017.0,high,2017-06-05,739.0,43.0,3.07,
way of the passive fist,Way of the Passive Fist,Way of the Passive Fist,Way of the Passive Fist,way-of-the-passive-fist,1.0,2018.0,2018.0,high,2018-03-06,123.0,9.0,4.0,
thor.n,THOR.N,THOR.N,THOR.N,thorn,1.0,2017.0,2017.0,high,2017-12-01,16.0,5.0,0.0,
crescent bay,Crescent Bay,Crescent Bay,Crescent Bay,crescent-bay,1.0,2017.0,2017.0,high,2017-12-01,16.0,2.0,0.0,
resident evil™ 5 gold edition,Resident Evil™ 5 Gold Edition,Resident Evil 5,Resident Evil 5,resident-evil-5-biohazard-5,1.0,2009.0,2009.0,high,2009-03-05,7726.0,1653.0,3.82,86.0
quake champions,Quake Champions,Quake Champions,Quake Champions,quake-champions,1.0,2017.0,2017.0,high,2017-08-22,7186.0,1020.0,3.26,
the elder scrolls: legends,The Elder Scrolls: Legends,The Elder Scrolls: Legends,The Elder Scrolls: Legends,the-elder-scrolls-legends,1.0,2017.0,2017.0,high,2017-03-22,2278.0,283.0,3.2,82.0
dead rising® 2,Dead Rising® 2,Dead Rising 2,Dead Rising 2,dead-rising-2,1.0,2010.0,2010.0,high,2010-08-31,3867.0,561.0,3.54,78.0
silence,Silence,Silence,Silence,silence,1.0,2016.0,2016.0,high,2016-11-15,1495.0,79.0,3.29,75.0
emily is away too,Emily is Away Too,Emily is Away Too,Emily is Away Too,emily-is-away-too,1.0,2017.0,2017.0,high,2017-05-26,1163.0,124.0,3.83,81.0
rise of the tomb raider™,Rise of the Tomb Raider™,Rise of the Tomb Raider,Rise of the Tomb Raider,rise-of-the-tomb-raider,1.0,2015.0,2015.0,high,2015-11-10,12456.0,2822.0,4.04,86.0
the shrouded isle,The Shrouded Isle,The Shrouded Isle,The Shrouded Isle,the-shrouded-isle,1.0,2017.0,2017.0,high,2017-08-04,1005.0,57.0,2.88,
scanner sombre,Scanner Sombre,Scanner Sombre,Scanner Sombre,scanner-sombre,1.0,2017.0,2017.0,high,2017-04-25,1285.0,60.0,2.95,67.0
getting over it with bennett foddy,Getting Over It with Bennett Foddy,Getting Over It with Bennett Foddy,Getting Over It with Bennett Foddy,getting-over-it-with-bennett-foddy,1.0,2017.0,2017.0,high,2017-12-06,2040.0,288.0,3.61,
banner saga 2,Banner Saga 2,Banner Saga 2,The Banner Saga 2,banner-saga-2,1.0,2016.0,2016.0,high,2016-04-18,2496.0,356.0,4.21,82.0
hackyzack,HackyZack,HackyZack,HackyZack,hackyzack,1.0,2017.0,2017.0,high,2017-03-28,838.0,13.0,1.69,
eterium,Eterium,Eterium,Eterium,eterium,1.0,2014.0,2014.0,high,2014-04-15,574.0,11.0,1.36,
no longer available,No Longer Available,No Longer Available,A Game That's No Longer Relevant,a-game-thats-no-longer-relevant,0.471,2020.0,2021.0,low,2021-11-09,0.0,0.0,0.0,
volantia: kingdom in the sky,Volantia: Kingdom in the Sky,Volantia: Kingdom in the Sky,The Legend of Heroes: Trails in the Sky,the-legend-of-heroes-trails-in-the-sky,0.426,2006.0,2006.0,low,2006-10-28,1362.0,143.0,4.26,85.0
one piece burning blood,ONE PIECE BURNING BLOOD,ONE PIECE BURNING BLOOD,One Piece: Burning Blood,one-piece-burning-blood,1.0,2016.0,2016.0,high,2016-04-21,1013.0,66.0,3.16,
pillars of eternity,Pillars of Eternity,Pillars of Eternity,Pillars of Eternity,pillars-of-eternity,1.0,2015.0,2015.0,high,2015-03-26,4736.0,728.0,3.96,89.0
war for the overworld,War for the Overworld,War for the Overworld,War for the Overworld,war-for-the-overworld,1.0,2015.0,2015.0,high,2015-04-01,1171.0,70.0,3.03,65.0
nongünz,Nongünz,Nongünz,Nongünz,nongunz,1.0,2017.0,2017.0,high,2017-05-19,647.0,22.0,2.26,
kevin eastman's underwhere issues 1-4,Kevin Eastman's Underwhere Issues 1-4,Kevin Eastman's Underwhere Issues 1-4,Kevin.,kevin-3,0.238,2018.0,2021.0,low,2021-02-16,0.0,0.0,0.0,
quiet city,Quiet City,Quiet City,Quiet City,quiet-city,1.0,2017.0,2017.0,high,2017-11-10,16.0,2.0,0.0,
galactic civilizations® iii - core edition,Galactic Civilizations® III - Core Edition,Galactic Civilizations III - Core Edition,Galactic Civilizations II: Ultimate Edition,galactic-civilizations-ii-ultimate-edition,0.5,2011.0,2011.0,low,2011-12-02,4124.0,218.0,2.65,92.0
dark souls™ ii: scholar of the first sin,DARK SOULS™ II: Scholar of the First Sin,DARK SOULS II: Scholar of the First Sin,Dark Souls II: Scholar of the First Sin,dark-souls-ii-scholar-of-the-first-sin,1.0,2015.0,2015.0,high,2015-04-01,6234.0,1230.0,4.14,79.0
simpleplanes,SimplePlanes,SimplePlanes,SimplePlanes,simpleplanes,1.0,2014.0,2014.0,high,2014-12-10,1016.0,31.0,2.97,67.0
kero blaster,Kero Blaster,Kero Blaster,Kero Blaster,kero-blaster,1.0,2014.0,2014.0,high,2014-05-11,805.0,30.0,3.53,82.0
kevin eastman's underwhere issues 1-3,Kevin Eastman's Underwhere Issues 1-3,Kevin Eastman's Underwhere Issues 1-3,Kevin.,kevin-3,0.238,2021.0,2021.0,low,2021-02-16,0.0,0.0,0.0,
2000:1: a space felony,2000:1: A Space Felony,2000:1: A Space Felony,2000:1: A Space Felony,20001-a-space-felony,1.0,2017.0,2017.0,high,2017-06-23,23.0,3.0,0.0,
plague inc: evolved,Plague Inc: Evolved,Plague Inc: Evolved,Plague Inc: Evolved,plague-inc-evolved,1.0,2015.0,2015.0,high,2015-09-18,3888.0,672.0,3.98,80.0
brigador: up-armored edition,Brigador: Up-Armored Edition,Brigador: Up-Armored Edition,Brigador: Up-Armored Edition,brigador-up-armored-edition,1.0,2016.0,2016.0,high,2016-06-02,1302.0,37.0,2.14,70.0
shoppe keep,Shoppe Keep,Shoppe Keep,Shoppe Keep,shoppe-keep,1.0,2016.0,2016.0,high,2016-05-20,1023.0,53.0,2.43,
maize,Maize,Maize,Maize,maize,1.0,2016.0,2016.0,high,2016-11-30,832.0,31.0,2.71,65.0
kevin eastman's underwhere issues 1-2,Kevin Eastman's Underwhere Issues 1-2,Kevin Eastman's Underwhere Issues 1-2,Kevin.,kevin-3,0.238,2017.0,2021.0,low,2021-02-16,0.0,0.0,0.0,
tiny echo,Tiny Echo,Tiny Echo,Tiny Echo,tiny-echo,1.0,2017.0,2017.0,high,2017-08-31,573.0,31.0,3.19,
metrico+,Metrico+,Metrico+,Metrico+,metrico,1.0,2016.0,2016.0,high,2016-08-23,613.0,25.0,2.28,66.0
gonner - press jump to die edition,GoNNER - Press Jump To Die Edition,GoNNER - Press Jump To Die Edition,Dark Souls: Prepare To Die Edition,dark-souls-prepare-to-die-edition,0.646,2012.0,2012.0,low,2012-08-23,5860.0,1266.0,4.37,85.0
kevin eastman's underwhere #1,Kevin Eastman's Underwhere #1,Kevin Eastman's Underwhere #1,Kevin.,kevin-3,0.303,2018.0,2021.0,low,2021-02-16,0.0,0.0,0.0,
super rude bear resurrection,Super Rude Bear Resurrection,Super Rude Bear Resurrection,Super Rude Bear Resurrection,super-rude-bear-resurrection,1.0,2017.0,2017.0,high,2017-05-02,565.0,17.0,2.24,78.0
a2be - a science fiction narrative,A2Be - A Science Fiction Narrative,A2Be - A Science Fiction Narrative,A2Be - A Science-Fiction Narrative,a2be,1.0,2017.0,2017.0,high,2017-05-07,16.0,1.0,0.0,
layers of fear: masterpiece edition,Layers of Fear: Masterpiece Edition,Layers of Fear: Masterpiece Edition,Layers of Fear,layers-of-fear,0.9,2016.0,2016.0,high,2016-02-16,7774.0,1121.0,3.54,72.0
black mesa,Black Mesa,Black Mesa,Black Mesa,black-mesa,1.0,2020.0,2020.0,high,2020-03-06,6117.0,1076.0,4.35,86.0
kingdom: new lands royal edition,Kingdom: New Lands Royal Edition,Kingdom: New Lands Royal Edition,Kingdom: New Lands,kingdom-new-lands,0.9,2015.0,2015.0,high,2015-10-21,3102.0,377.0,3.89,80.0
event[0],Event[0],Event[0],Event[0],event0,1.0,2016.0,2016.0,high,2016-09-13,902.0,74.0,3.64,75.0
slime-san,Slime-san,Slime-san,Slime-san,slime-san,1.0,2017.0,2017.0,high,2017-04-07,755.0,33.0,2.88,78.0
jawns,Jawns,Jawns,Jawns,jawns,1.0,,,high,,8.0,0.0,0.0,
poly bridge,Poly Bridge,Poly Bridge,Poly Bridge,poly-bridge,1.0,2016.0,2016.0,high,2016-07-12,2157.0,198.0,3.49,73.0
space run galaxy,Space Run Galaxy,Space Run Galaxy,Space Run Galaxy,space-run-galaxy,1.0,2016.0,2016.0,high,2016-06-17,677.0,21.0,2.19,75.0
total war™: warhammer®,Total War™: WARHAMMER®,Total War: WARHAMMER,Total War: WARHAMMER,total-war-warhammer,1.0,2016.0,2016.0,high,2016-05-24,2412.0,324.0,4.06,86.0
one piece pirate warriors 3,ONE PIECE PIRATE WARRIORS 3,ONE PIECE PIRATE WARRIORS 3,One Piece Pirate Warriors 3,one-piece-pirate-warriors-3-2,1.0,2015.0,2015.0,high,2015-03-26,1280.0,127.0,3.48,
flat heroes,Flat Heroes,Flat Heroes,Flat Heroes,flat-heroes,1.0,2016.0,2016.0,high,2016-09-08,738.0,46.0,3.3,82.0
"rive: wreck, hack, die, retry","RIVE: Wreck, Hack, Die, Retry","RIVE: Wreck, Hack, Die, Retry","RIVE: Wreck, Hack, Die, Retry!",rive,1.0,2016.0,2016.0,high,2016-09-13,1162.0,54.0,2.87,
morphblade,Morphblade,Morphblade,Morphblade,morphblade,1.0,2017.0,2017.0,high,2017-03-03,750.0,28.0,2.46,
uurnog,Uurnog,Uurnog,Uurnog Uurnlimited,uurnog-uurnlimited,0.9,2017.0,2017.0,high,2017-11-16,522.0,13.0,1.46,74.0
xcom® 2,XCOM® 2,XCOM 2,XCOM 2,xcom-2,1.0,2012.0,2016.0,low,2016-02-04,7717.0,1317.0,4.1,88.0
steamworld heist,SteamWorld Heist,SteamWorld Heist,SteamWorld Heist,steamworld-heist,1.0,2015.0,2015.0,high,2015-12-10,2598.0,327.0,3.94,81.0
okhlos,Okhlos,Okhlos,Okhlos: Omega,okhlos-omega,0.9,2016.0,2016.0,high,2016-08-17,807.0,37.0,3.05,69.0
project highrise,Project Highrise,Project Highrise,Project Highrise,project-highrise,1.0,2016.0,2016.0,high,2016-09-07,1210.0,101.0,3.6,73.0
husk,Husk,Husk,Husk,husk,1.0,2017.0,2017.0,high,2017-02-03,617.0,23.0,2.26,44.0
"oh, deer!","Oh, Deer!","Oh, Deer!","Oh, Deer!",oh-deer,1.0,2015.0,2015.0,high,2015-12-12,4.0,0.0,0.0,
the legend of heroes: trails in the sky,The Legend of Heroes: Trails in the Sky,The Legend of Heroes: Trails in the Sky,The Legend of Heroes: Trails in the Sky,the-legend-of-heroes-trails-in-the-sky,1.0,2006.0,2006.0,high,2006-10-28,1362.0,143.0,4.26,85.0
warhammer: end times - vermintide + dlc,Warhammer: End Times - Vermintide + DLC,Warhammer: End Times - Vermintide + DLC,Warhammer: End Times - Vermintide,warhammer-end-times-vermintide,0.938,2015.0,2015.0,high,2015-10-23,4075.0,443.0,3.47,79.0
jotun,Jotun,Jotun,Jotun: Valhalla Edition,jotun,0.9,2015.0,2015.0,high,2015-09-29,5520.0,507.0,3.06,79.0
hopiko,Hopiko,Hopiko,HoPiKo,hopiko,1.0,2015.0,2015.0,high,2015-09-24,499.0,16.0,2.5,82.0
kimmy,Kimmy,Kimmy,Kimmy,kimmy,1.0,2017.0,2017.0,high,2017-04-18,289.0,7.0,2.0,
the escapists: supermax edition,The Escapists: Supermax Edition,The Escapists: Supermax Edition,The Escapists,the-escapists,0.9,2015.0,2015.0,high,2015-02-12,2546.0,305.0,3.44,71.0
mordheim: city of the damned,Mordheim: City of the Damned,Mordheim: City of the Damned,Mordheim: City of the Damned,mordheim-city-of-the-damned,1.0,2015.0,2015.0,high,2015-11-18,1308.0,51.0,3.02,74.0
hacknet,Hacknet,Hacknet,Hacknet,hacknet,1.0,2015.0,2015.0,high,2015-08-11,5647.0,489.0,3.19,82.0
western press,Western Press,Western Press,Western Press,western-press,1.0,2016.0,2016.0,high,2016-04-21,539.0,12.0,2.46,
minion masters,Minion Masters,Minion Masters,Minion Masters,minion-masters,1.0,2019.0,2019.0,high,2019-05-24,5579.0,390.0,2.3,
yojimbrawl,Yojimbrawl,Yojimbrawl,Yojimbrawl,yojimbrawl,1.0,2014.0,2014.0,high,2014-04-28,14.0,0.0,0.0,
beyond eyes,Beyond Eyes,Beyond Eyes,Beyond Eyes,beyond-eyes,1.0,2015.0,2015.0,high,2015-08-04,948.0,64.0,2.91,60.0
pirate pop plus,Pirate Pop Plus,Pirate Pop Plus,Pirate Pop Plus,pirate-pop-plus,1.0,2016.0,2016.0,high,2016-10-20,415.0,11.0,1.91,65.0
keyboard sports - the final tribute,Keyboard Sports - the final tribute,Keyboard Sports - the final tribute,Keyboard Sports - Saving QWERTY,keyboard-sports-saving-qwerty,0.645,,,low,,16.0,3.0,0.0,
slime rancher (early access),Slime Rancher (Early Access),Slime Rancher,Slime Rancher,slime-rancher,1.0,2017.0,2016.0,high,2016-01-14,3457.0,585.0,3.87,81.0
deponia doomsday,Deponia Doomsday,Deponia Doomsday,Deponia Doomsday,deponia-doomsday,1.0,2016.0,2016.0,high,2016-03-01,2027.0,214.0,4.08,76.0
train valley,Train Valley,Train Valley,Train Valley,train-valley,1.0,2015.0,2015.0,high,2015-09-15,1088.0,68.0,3.43,69.0
action henk,Action Henk,Action Henk,Action Henk,action-henk,1.0,2015.0,2015.0,high,2015-05-11,902.0,36.0,2.72,74.0
grim dawn,Grim Dawn,Grim Dawn,Grim Dawn,grim-dawn,1.0,2016.0,2016.0,high,2016-02-25,3953.0,578.0,3.96,83.0
thoth,THOTH,THOTH,THOTH,thoth,1.0,2016.0,2016.0,high,2016-10-07,680.0,28.0,3.11,
fidel - dungeon rescue,Fidel - Dungeon Rescue,Fidel - Dungeon Rescue,Fidel: Dungeon Rescue,fidel-dungeon-rescue,1.0,2017.0,2017.0,high,2017-08-01,307.0,18.0,3.44,
epistory - typing chronicles,Epistory - Typing Chronicles,Epistory - Typing Chronicles,Epistory - Typing Chronicles,epistory,1.0,2016.0,2016.0,high,2016-03-29,1706.0,132.0,3.6,74.0
town of salem,Town of Salem,Town of Salem,Town of Salem,town-of-salem,1.0,2014.0,2014.0,high,2014-12-15,1225.0,120.0,3.54,
the uncertain,The Uncertain,The Uncertain,The Uncertain: Light At The End,the-uncertain,0.9,2020.0,2020.0,high,2020-10-08,215.0,16.0,2.71,44.0
spoolside,Spoolside,Spoolside,Spoolside,spoolside,1.0,2016.0,2016.0,high,2016-09-02,11.0,0.0,0.0,
the incredible adventures of van helsing: final cut,The Incredible Adventures of Van Helsing: Final Cut,The Incredible Adventures of Van Helsing: Final Cut,The Incredible Adventures of Van Helsing: Final Cut,the-incredible-adventures-of-van-helsing-final-cut,1.0,2015.0,2015.0,high,2015-11-05,1831.0,136.0,3.56,79.0
poi (early access),Poi (Early Access),Poi,Poi,poi,1.0,2017.0,2017.0,high,2017-02-01,452.0,23.0,3.22,
planet of the eyes,Planet of the Eyes,Planet of the Eyes,Planet of the Eyes,planet-of-the-eyes,1.0,2015.0,2015.0,high,2015-08-24,638.0,21.0,2.81,66.0
starward rogue,Starward Rogue,Starward Rogue,Starward Rogue,starward-rogue,1.0,2016.0,2016.0,high,2016-01-22,486.0,9.0,2.11,
call of duty®: black ops iii - multiplayer starter pack,Call of Duty®: Black Ops III - Multiplayer Starter Pack,Call of Duty: Black Ops III - Multiplayer Starter Pack,,,,2015.0,,not_a_game,,,,,
random access murder,Random Access Murder,Random Access Murder,Random Access Murder,random-access-murder,1.0,2016.0,2016.0,high,2016-08-05,331.0,5.0,0.0,
disc room,Disc Room,Disc Room,Disc Room,disc-room-2,1.0,2020.0,2020.0,high,2020-10-22,487.0,58.0,3.69,82.0
satellite reign,Satellite Reign,Satellite Reign,Satellite Reign,satellite-reign,1.0,2015.0,2015.0,high,2015-08-27,4456.0,290.0,2.66,75.0
tis-100,TIS-100,TIS-100,TIS-100,tis-100,1.0,2015.0,2015.0,high,2015-07-19,1746.0,124.0,3.6,
the red solstice,The Red Solstice,The Red Solstice,The Red Solstice,the-red-solstice,1.0,2015.0,2015.0,high,2015-07-09,3604.0,169.0,2.28,74.0
avernum 2: crystal souls,Avernum 2: Crystal Souls,Avernum 2: Crystal Souls,Avernum 2: Crystal Souls,avernum-2-crystal-souls,1.0,2015.0,2015.0,high,2015-01-13,494.0,13.0,2.43,78.0
hurtworld,Hurtworld,Hurtworld,Hurtworld,hurtworld,1.0,2015.0,2015.0,high,2015-12-03,1048.0,64.0,2.89,
cthulhu realms - full version,Cthulhu Realms - Full Version,Cthulhu Realms - Full Version,Cthulhu Realms,cthulhu-realms,0.9,2016.0,2016.0,high,2016-06-13,466.0,9.0,2.56,
copoka,Copoka,Copoka,Copoka,copoka,1.0,2017.0,2017.0,high,2017-02-15,279.0,12.0,3.25,
the forest,The Forest,The Forest,The Forest,the-forest,1.0,2018.0,2018.0,high,2018-04-30,6400.0,941.0,3.74,
planetary annihilation: titans,Planetary Annihilation: TITANS,Planetary Annihilation: TITANS,Planetary Annihilation: TITANS,planetary-annihilation-titans,1.0,2015.0,2015.0,high,2015-08-18,1662.0,96.0,3.3,
keep talking and nobody explodes,Keep Talking and Nobody Explodes,Keep Talking and Nobody Explodes,Keep Talking and Nobody Explodes,keep-talking-and-nobody-explodes,1.0,2015.0,2015.0,high,2015-10-08,3033.0,421.0,4.19,67.0
dungeon of the endless - crystal edition,Dungeon of the Endless - Crystal Edition,Dungeon of the Endless - Crystal Edition,Dungeon of the Endless,dungeon-of-the-endless,0.9,,2014.0,low,2014-10-27,3601.0,268.0,3.61,79.0
rocket league®,Rocket League®,Rocket League,Rocket League,rocket-league,1.0,2015.0,2015.0,high,2015-07-07,12875.0,2869.0,3.93,86.0
wasted,WASTED,WASTED,WASTED,wasted,1.0,2016.0,2016.0,high,2016-06-07,735.0,25.0,2.36,68.0
cat girl without salad,Cat Girl Without Salad,Cat Girl Without Salad,Cat Girl Without Salad: Amuse-Bouche,cat-girl-without-salad-amuse-bouche,0.9,2020.0,2020.0,high,2020-04-01,2.0,0.0,0.0,
crawl,Crawl,Crawl,Crawl,crawl,1.0,2014.0,2014.0,high,2014-08-06,1602.0,132.0,3.8,
fran bow,Fran Bow,Fran Bow,Fran Bow,fran-bow,1.0,2015.0,2015.0,high,2015-08-15,1448.0,252.0,4.29,70.0
1993 space machine,1993 Space Machine,1993 Space Machine,1993 Space Machine,1993-space-machine,1.0,2016.0,2016.0,high,2016-03-28,463.0,7.0,1.86,
gunmetal arcadia zero,Gunmetal Arcadia Zero,Gunmetal Arcadia Zero,Gunmetal Arcadia Zero,gunmetal-arcadia-zero,1.0,2016.0,2016.0,high,2016-11-15,414.0,9.0,2.44,
the magic circle,The Magic Circle,The Magic Circle,The Magic Circle,the-magic-circle,1.0,2015.0,2015.0,high,2015-07-09,659.0,47.0,3.35,79.0
super avalanche,Super Avalanche,Super Avalanche,Avalanche 2: Super Avalanche,avalanche-2-super-avalanche,0.5,2015.0,2015.0,low,2015-06-11,429.0,9.0,2.22,
south park™: the stick of truth™,South Park™: The Stick of Truth™,South Park: The Stick of Truth,South Park: The Stick of Truth,south-park-the-stick-of-truth,1.0,2014.0,2014.0,high,2014-03-04,7139.0,1724.0,4.22,84.0
tailwind: prologue,Tailwind: Prologue,Tailwind: Prologue,Tailwind,tailwind,0.9,2017.0,2017.0,high,2017-07-28,37.0,0.0,0.0,
grav,GRAV,GRAV,GRAV,grav,1.0,2015.0,2015.0,high,2015-01-08,1218.0,49.0,2.35,
sentinels of the multiverse,Sentinels of the Multiverse,Sentinels of the Multiverse,Sentinels of the Multiverse,sentinels-of-the-multiverse,1.0,2014.0,2014.0,high,2014-10-15,627.0,20.0,2.8,
battlesloths,BATTLESLOTHS,BATTLESLOTHS,BATTLESLOTHS,battlesloths,1.0,2020.0,2020.0,high,2020-02-24,1.0,0.0,0.0,
switchcars,Switchcars,Switchcars,Switchcars,switchcars,1.0,2016.0,2016.0,high,2016-03-04,406.0,15.0,2.07,
penarium,Penarium,Penarium,Penarium,penarium,1.0,2015.0,2015.0,high,2015-09-22,602.0,21.0,2.78,80.0
alien: isolation™,Alien: Isolation™,Alien: Isolation,Alien: Isolation,alien-isolation,1.0,2014.0,2014.0,high,2014-10-05,8231.0,1476.0,4.21,81.0
elephant in the room,Elephant in the Room,Elephant in the Room,Elephant In The Room,elephant-in-the-room,1.0,2016.0,2016.0,high,2016-04-11,10.0,0.0,0.0,
planetoid pioneers,Planetoid Pioneers,Planetoid Pioneers,Planetoid Pioneers,planetoid-pioneers,1.0,2016.0,2016.0,high,2016-04-15,58.0,2.0,0.0,
the masterplan,The Masterplan,The Masterplan,The Masterplan,the-masterplan,1.0,2015.0,2015.0,high,2015-06-03,466.0,15.0,2.94,68.0
mushroom 11,Mushroom 11,Mushroom 11,Mushroom 11,mushroom-11,1.0,2015.0,2015.0,high,2015-10-14,881.0,33.0,3.21,78.0
a fistful of gun,A Fistful of Gun,A Fistful of Gun,A Fistful of Gun,a-fistful-of-gun,1.0,2015.0,2015.0,high,2015-09-23,772.0,26.0,2.5,60.0
banished,Banished,Banished,Banished,banished,1.0,2014.0,2014.0,high,2014-02-17,2481.0,310.0,3.88,73.0
rust,Rust,Rust,Rust,rust,1.0,2018.0,2018.0,high,2018-02-09,5962.0,865.0,3.37,66.0
neon struct deluxe edition,NEON STRUCT Deluxe Edition,NEON STRUCT,NEON STRUCT,neon-struct,1.0,2015.0,2015.0,high,2015-05-20,346.0,14.0,3.14,62.0
chroma squad,Chroma Squad,Chroma Squad,Chroma Squad,chroma-squad,1.0,2015.0,2015.0,high,2015-04-29,1698.0,96.0,3.56,75.0
company of heroes 2,Company of Heroes 2,Company of Heroes 2,Company of Heroes 2,company-of-heroes-2,1.0,2013.0,2013.0,high,2013-06-25,9883.0,875.0,3.1,80.0
valkyria chronicles™,Valkyria Chronicles™,Valkyria Chronicles,Valkyria Chronicles,valkyria-chronicles,1.0,2008.0,2008.0,high,2008-04-24,3322.0,414.0,4.07,85.0
lethal league,Lethal League,Lethal League,Lethal League,lethal-league,1.0,2014.0,2014.0,high,2014-08-27,2272.0,190.0,3.61,82.0
sanctuaryrpg: black edition,SanctuaryRPG: Black Edition,SanctuaryRPG: Black Edition,SanctuaryRPG: Black Edition,sanctuaryrpg-black-edition,1.0,2015.0,2015.0,high,2015-02-13,801.0,30.0,3.57,
legend of grimrock,Legend of Grimrock,Legend of Grimrock,Legend of Grimrock,legend-of-grimrock,1.0,2012.0,2012.0,high,2012-04-10,2945.0,297.0,3.8,82.0
