 Complete NA Playstation Plus Master List by u/ABattleVet,989,"PS4 games no longer priority after 2025, starting in 2026 fewer will be added",,,,,,Game Pass,,Need to check <0 age,,Leaving,,PC / Portal,
Game,System,Tier,Status,Added,Removed,Months,Release,Age,Metacritic,User,Completion,Genre,Notes / Original System,Streaming,Local Multiplayer
Ninja Gaiden: Ragebound,PS5/PS4,Extra,Coming Soon,09/29/2026,,-0.1333333333,07/31/2025,1.163888889,84,7.9,6,Platformer,,,
Dungeons of Hinterberg,PS5/PS4,Extra,Coming Soon,09/29/2026,,-0.1333333333,07/18/2024,2.197222222,80,7.7,15.5,Action-Adventure,,,
Sniper Elite: Resistance,PS5/PS4,Extra,Coming Soon,09/29/2026,,-0.1333333333,01/30/2025,1.663888889,75,5.9,9,Shooter,,,
Ball x Pit,PS5,Extra,Active,09/22/2026,,0.1,10/15/2025,0.9361111111,84,8.2,19,Shooter,,No,
Slitterhead,PS5/PS4,Extra,Active,09/22/2026,,0.1,11/08/2024,1.872222222,62,7.5,13.5,Survival,,,
RuneScape: Dragonwilds,PS5,Extra,Active,09/15/2026,,0.3333333333,09/15/2026,0,,,20,Action-Adventure,,No,
WWE 2K26,PS5,Extra,Active,09/15/2026,,0.3333333333,03/13/2026,0.5055555556,78,3.5,14.5,Wrestling,,No,
Mega Man X Command Mission,PS5/PS4,Premium (Classics),Active,09/15/2026,,0.3333333333,09/21/2004,21.98333333,69,7,22,RPG,PS2,,
Metro Redux,PS4,Premium (Remasters),Active,09/15/2026,,0.3333333333,08/26/2014,12.05277778,83,8.1,17,Shooter,"PS3, remasters of Metro 2033 and Metro: Last Light",,
Date Everything!,PS5,Extra,Active,09/10/2026,,0.5,06/17/2025,1.230555556,78,6.7,19.5,Action-Adventure,,No,
Hell is Us,PS5,Extra,Active,08/25/2026,,1,09/04/2025,0.975,77,7.8,21,Action-Adventure,,No,
Umamusume Pretty Derby - Party Dash,PS4,Extra,Active,08/25/2026,,1,08/30/2024,1.986111111,68,6.7,9,Party,,,
Two Point Museum,PS5,Extra,Active,08/25/2026,,1,03/04/2025,1.475,84,8.1,47,Tycoon,,No,
Metro Exodus,PS5/PS4,Extra,Active,08/25/2026,,1,02/15/2019,7.527777778,82,7.4,16,Shooter,,,
Dying Light 2,PS5/PS4,Extra,Active,08/25/2026,,1,02/04/2022,4.558333333,76,7.2,24,Survival,,,
Kingdom Come: Deliverance II,PS5,Extra,Active,08/18/2026,,1.233333333,02/04/2025,1.538888889,89,8.7,55,RPG,,No,
Vampire Survivors,PS5/PS4,Extra,Active,08/18/2026,,1.233333333,10/20/2022,3.827777778,86,8.1,15,Shoot-'Em-Up,,,
Onimusha: Dawn of Dreams,PS5/PS4,Premium (Classics),Active,08/18/2026,,1.233333333,03/07/2006,20.44722222,81,8.5,20,Action-Adventure,PS2,,
Disney's Atlantis: The Lost Empire,PS5/PS4,Premium (Classics),Active,08/18/2026,,1.233333333,09/19/2001,24.91388889,73,7.3,6,Platformer,PS1,,
Helldivers 2,PS5,Extra,Active,08/12/2026,,1.433333333,02/08/2024,2.511111111,82,7.5,32,Shooter,,No,
Mighty Morphin Power Rangers: Rita’s Rewind,PS5/PS4,Extra,Active,07/28/2026,,1.9,12/10/2024,1.633333333,70,5.9,3,Action,,,
Dying Light,PS4,Extra,Active,07/28/2026,,1.9,01/27/2015,11.50277778,74,8.1,17.5,Shooter,,,
Citizen Sleeper 2: Starward Vector,PS5,Extra,Active,07/28/2026,,1.9,01/31/2025,1.494444444,86,8.3,12,RPG,,No,
Snow Bros. Wonderland,PS5,Extra,Active,07/28/2026,,1.9,11/28/2024,1.666666667,84,7.8,4,Action,,No,
Avatar: Frontiers of Pandora,PS5,Extra,Active,07/21/2026,,2.133333333,12/07/2023,2.622222222,72,7.1,21,Action-Adventure,,No,
Firefighting Simulator: Ignite,PS5,Extra,Active,07/21/2026,,2.133333333,09/09/2025,0.8666666667,78,7.6,15,Simulation,,No,
Indigo Prophecy,PS5/PS4,Premium (Classics),Active,07/21/2026,,2.133333333,09/20/2005,20.83611111,85,8.5,9,Action-Adventure,PS2,,
Psi-Ops: The Mindgate Conspiracy,PS5/PS4,Premium (Classics),Active,07/21/2026,,2.133333333,06/14/2004,22.10277778,84,6.9,10,Shooter,PS2,,
Rise of the Ronin,PS5,Extra,Active,07/16/2026,,2.3,03/22/2024,2.316666667,76,7.9,25,RPG,,No,
Final Fantasy XVI,PS5,Extra,Active,06/16/2026,,3.3,06/22/2023,2.983333333,87,8.4,34,RPG,,No,
Sonic X Shadow Generations,PS5/PS4,Extra,Active,06/16/2026,,3.3,10/25/2024,1.641666667,80,8.9,7,Action-Adventure,,,
Kingdom Come: Deliverance,PS5/PS4,Extra,Active,06/16/2026,,3.3,02/13/2018,8.341666667,76,8,41,RPG,,,
Life is Strange: Double Exposure,PS5,Extra,Active,06/16/2026,,3.3,10/29/2024,1.630555556,73,4.7,13,Action-Adventure,,No,
Farming Simulator 25,PS5,Extra,Active,06/16/2026,,3.3,11/12/2024,1.594444444,75,5.3,37,Simulation,,No,
Blades of Fire,PS5,Extra,Active,06/16/2026,,3.3,05/22/2025,1.066666667,79,8.2,19,RPG,,No,
Black Desert,PS5,Extra,Active,06/16/2026,,3.3,03/04/2019,7.283333333,75,6.2,34,RPG,,No,
Gitaroo Man,PS5/PS4,Premium (Classics),Active,06/16/2026,,3.3,06/24/2002,23.97777778,91,8.8,4,Rhythm,PS2,,
Destiny 2: Legacy Collection (2025),PS5/PS4,Extra,Active,06/09/2026,,3.533333333,07/15/2025,0.9,79,5.6,43,Shooter,"The Final Shape, Lightfall, The Witch Queen, Beyond Light, and Shadowkeep",,
Star Wars Outlaws,PS5,Extra,Active,05/19/2026,,4.2,08/27/2024,1.727777778,75,5.6,18.5,Action-Adventure,,No,
Red Dead Redemption 2,PS4,Extra,Active,05/19/2026,,4.2,10/26/2018,7.563888889,97,9,50.5,Action-Adventure,,,
Bramble: The Mountain King,PS5/PS4,Extra,Active,05/19/2026,,4.2,04/27/2023,3.061111111,80,7.8,4,Action-Adventure,,,
The Thaumaturge,PS5,Extra,Active,05/19/2026,,4.2,03/04/2024,2.208333333,74,7.1,21,RPG,,No,
Flintlock: The Siege of Dawn,PS5,Extra,Active,05/19/2026,,4.2,07/17/2024,1.838888889,71,5.8,10,RPG,,No,
Broken Sword - Shadows of the Templar: Reforged,PS5/PS4,Extra,Active,05/19/2026,,4.2,09/19/2024,1.666666667,84,8.8,10,Point-and-Click,,,
Enotria: The Last Song Standard Edition,PS5,Extra,Active,05/19/2026,,4.2,09/16/2024,1.675,69,6.1,29,RPG,,,
Time Crisis,PS5/PS4,Premium (Classics),Active,05/19/2026,,4.2,10/01/1995,30.63333333,70,7.5,1,Shooter,PS1,No,
The Crew: Motorfest,PS5/PS4,Extra,Active,04/21/2026,,5.133333333,09/14/2023,2.602777778,74,6.3,20,Racing,,,
Horizon Zero Dawn: Remastered,PS5/PS4,Extra,Active,04/21/2026,,5.133333333,10/31/2024,1.475,85,7.2,23,Action-Adventure,"Remastered for PS5, Complete for PS4",,
Football Manager 26,PS5,Extra,Active,04/21/2026,,5.133333333,11/04/2025,0.4638888889,68,2.8,87,Simulation,,No,
Warriors: Abyss,PS5/PS4,Extra,Active,04/21/2026,,5.133333333,02/12/2025,1.191666667,68,7.6,6,Action,,,
Squirrel with a Gun,PS5,Extra,Active,04/21/2026,,5.133333333,08/29/2024,1.644444444,63,6.4,6,Shooter,,No,
The Casting of Frank Stone,PS5,Extra,Active,04/21/2026,,5.133333333,09/03/2024,1.633333333,71,6.7,7,Action-Adventure,,No,
Monster Train,PS5,Extra,Active,04/21/2026,,5.133333333,05/21/2020,5.916666667,86,7.8,12,Strategy,,No,
Wild Arms 4,PS5/PS4,Premium (Classics),Active,04/21/2026,,5.133333333,11/15/2005,20.43333333,70,7.7,33,RPG,PS2,,
"Warhammer 40,000: Space Marine II",PS5,Extra,Active,03/17/2026,,6.266666667,09/05/2024,1.533333333,82,8,9,Shooter,,No,
Persona 5 Royal,PS5/PS4,Extra,Active,03/17/2026,,6.266666667,03/31/2020,5.963888889,95,8.7,103,RPG,"Royal for PS5, Ultimate Edition for PS4",,
Blasphemous 2,PS5/PS4,Extra,Active,03/17/2026,,6.266666667,08/24/2023,2.563888889,87,8.6,15,Action-Adventure,,,
Metal Eden,PS5,Extra,Active,03/17/2026,,6.266666667,05/06/2025,0.8638888889,73,7.4,6,Shooter,,No,
Lord of the Rings: Return to Moria,PS5,Extra,Active,03/17/2026,,6.266666667,10/24/2023,2.397222222,74,6.7,25,Action-Adventure,,No,
Astroneer,PS5/PS4,Extra,Active,03/17/2026,,6.266666667,02/06/2019,7.113888889,75,7,18,Adventure,,,
Tekken: Dark Resurrection,PS5/PS4,Premium (Classics),Active,03/17/2026,,6.266666667,07/25/2006,19.64444444,88,8.5,2,Fighting,PSP,,
Marvel’s Spider-Man 2,PS5,Extra,Active,02/17/2026,,7.266666667,10/20/2023,2.325,90,8.7,17,Action-Adventure,,No,
Test Drive Unlimited: Solar Crown,PS5,Extra,Active,02/17/2026,,7.266666667,09/12/2024,1.430555556,53,4,27,Racing,,No,
Neva,PS5/PS4,Extra,Active,02/17/2026,,7.266666667,10/15/2024,1.338888889,87,8.3,4,Action-Adventure,,,
Season: A Letter to the Future,PS5/PS4,Extra,Active,02/17/2026,,7.266666667,01/31/2023,3.047222222,84,8.3,10,Action-Adventure,,,
Monster Hunter Stories 2: Wings of Ruin,PS4,Extra,Active,02/17/2026,,7.266666667,07/09/2021,4.605555556,81,8.6,41,RPG,,,
Monster Hunter Stories,PS4,Extra,Active,02/17/2026,,7.266666667,09/08/2017,8.441666667,79,7.9,35,RPG,,,
Venba,PS5,Extra,Active,02/17/2026,,7.266666667,07/31/2023,2.547222222,81,7.7,2,Adventure,,No,
Echoes of the End: Enhanced Edition,PS5,Extra,Active,02/17/2026,,7.266666667,08/12/2025,0.5138888889,66,6.9,11,Action-Adventure,,No,
Rugby 25,PS5/PS4,Extra,Active,02/17/2026,,7.266666667,02/13/2025,1.011111111,90,7.4,16,Sports,,,
Disney Pixar Wall-E,PS5/PS4,Premium (Classics),Active,02/17/2026,,7.266666667,06/24/2008,17.64722222,50,6.8,8,Action-Adventure,PS2,,
Resident Evil: Village,PS5/PS4,Extra,Active,01/20/2026,,8.166666667,05/07/2021,4.702777778,84,8.5,10,Action-Adventure,,,
Like a Dragon: Infinite Wealth,PS5/PS4,Extra,Active,01/20/2026,,8.166666667,01/26/2024,1.983333333,83,8.2,44,Action-Adventure,,,
Expeditions: A MudRunner Game,PS5/PS4,Extra,Active,01/20/2026,,8.166666667,03/05/2024,1.875,77,5.4,50,Racing,,,
A Quiet Place: The Road Ahead,PS5,Extra,Active,01/20/2026,,8.166666667,10/17/2024,1.258333333,67,6.9,7,Action-Adventure,,No,
Darkest Dungeon II,PS5/PS4,Extra,Active,01/20/2026,,8.166666667,05/08/2023,2.7,81,6.1,27,Roguelike,,,
The Exit 8,PS5/PS4,Extra,Active,01/20/2026,,8.166666667,04/17/2024,1.758333333,81.66666667,7.3,1,Adventure,,,
Art of Rally,PS5/PS4,Extra,Active,01/20/2026,,8.166666667,09/23/2020,5.325,79,6.9,16,Racing,,,
A Little to the Left,PS5/PS4,Extra,Active,01/20/2026,,8.166666667,11/08/2022,3.2,75,7.1,4,Puzzle,,,
Ridge Racer,PS5/PS4,Premium (Classics),Active,01/20/2026,,8.166666667,03/22/2005,20.82777778,88,8.1,9,Racing,PSP,,
Assassin’s Creed Mirage,PS5/PS4,Extra,Active,12/16/2025,,9.3,10/05/2023,2.197222222,76,7,29,Action-Adventure,,,
Wo Long: Fallen Dynasty,PS5/PS4,Extra,Active,12/16/2025,,9.3,03/03/2023,2.786111111,80,6.7,30,Action-Adventure,,,
Granblue Fantasy: Relink,PS5/PS4,Extra,Active,12/16/2025,,9.3,02/01/2024,1.875,80,8.3,20,Action-Adventure,,,
Planet Coaster 2,PS5,Extra,Active,12/16/2025,,9.3,11/06/2024,1.111111111,76,5.8,58,Simulation,,No,
Cat Quest III,PS5/PS4,Extra,Active,12/16/2025,,9.3,08/08/2024,1.355555556,80,8,10,RPG,,,
Lego Horizon Adventures,PS5,Extra,Active,12/16/2025,,9.3,11/14/2024,1.088888889,70,5.8,7,Action-Adventure,,No,
Paw Patrol: Grand Prix,PS5/PS4,Extra,Active,12/16/2025,,9.3,09/29/2023,2.213888889,79,5.1,2,Racing,,,
Paw Patrol World,PS5/PS4,Extra,Active,12/16/2025,,9.3,09/29/2023,2.213888889,79,5.1,4,Action-Adventure,,,
Soulcalibur III,PS5/PS4,Premium (Classics),Active,12/16/2025,,9.3,10/25/2005,20.14166667,86,8.5,3,Fighting,PS2,,
Skate Story,PS5/PS4,Extra,Active,12/08/2025,,9.566666667,12/08/2025,0,85,7.1,6,Sports,,,
Grand Theft Auto V,PS5/PS4,Extra,Active,11/18/2025,,10.23333333,11/18/2014,11,97,8.4,32,Action-Adventure,,Yes,
Pacific Drive,PS5,Extra,Active,11/18/2025,,10.23333333,02/21/2024,1.741666667,80,6.2,30,Survival,,No,
Still Wakes the Deep,PS5,Extra,Active,11/18/2025,,10.23333333,06/18/2024,1.416666667,83,7.5,4 ,Survival (horror),,No,
Insurgency: Sandstorm,PS5/PS4,Extra,Active,11/18/2025,,10.23333333,12/12/2018,6.933333333,78,8,15,Shooter,,,
Thank Goodness You’re Here!,PS5/PS4,Extra,Active,11/18/2025,,10.23333333,08/01/2024,1.297222222,100,7.8,2,Action-Adventure,,,
The Talos Principle 2,PS5,Extra,Active,11/18/2025,,10.23333333,11/02/2023,2.044444444,88,8.5,27,Action-Adventure,,No,
Monster Jam Showdown,PS5/PS4,Extra,Active,11/18/2025,,10.23333333,08/29/2024,1.219444444,70,8,21,Racing,,,
Tomb Raider: Anniversary,PS5/PS4,Premium (Classics),Active,11/18/2025,,10.23333333,10/23/2007,18.06944444,77,7.9,13,Action-Adventure,PS2,No,
Until Dawn (2024),PS5,Extra,Active,10/21/2025,,11.13333333,10/04/2024,1.047222222,70,6.6,8,Action-Adventure,,No,
V Rising,PS5,Extra,Active,10/21/2025,,11.13333333,05/08/2024,1.452777778,83,7,47,Action-Adventure,,No,
Poppy Playtime: Chapter 1,PS5/PS4,Extra,Active,10/21/2025,,11.13333333,07/12/2024,1.275,75,6.8,1,Survival,,,
As Dusk Falls,PS5/PS4,Extra,Active,10/21/2025,,11.13333333,07/19/2022,3.255555556,77,7.7,7,Action-Adventure,,,
Wizard with a Gun,PS5,Extra,Active,10/21/2025,,11.13333333,10/16/2023,2.013888889,72,5.3,14,Sandbox,,No,
Tekken 3,PS5/PS4,Premium (Classics),Active,10/21/2025,,11.13333333,04/29/1998,2,96,8.8,2,Fighting,PS1,,
The Last of Us: Part 2 Remastered,PS5,Extra,Active,09/26/2025,,11.96666667,01/19/2024,1.686111111,90,7.5,23,Survival,,No,
Green Hell,PS5/PS4,Extra,Active,09/16/2025,,12.3,09/05/2019,6.030555556,78,7.5,17,Survival,,,
Fate/Samurai Remnant,PS5/PS4,Extra,Active,09/16/2025,,12.3,09/29/2023,1.963888889,81,8,29,RPG,,,
Crow Country,PS5/PS4,Extra,Active,09/16/2025,,12.3,05/09/2024,1.352777778,84,8,6,Survival,,,
The Invincible,PS5,Extra,Active,09/16/2025,,12.3,11/06/2023,1.861111111,72,7.9,7,Action-Adventure,,No,
Conscript,PS5,Extra,Active,09/16/2025,,12.3,07/23/2024,1.147222222,80,8.3,12,Survival,,No,
Legacy of Kain: Defiance,PS5/PS4,Premium (Classics),Active,09/16/2025,,12.3,11/11/2003,21.84722222,75,8.7,12,Survival,PS2,,
The Rogue Prince of Persia,PS5/PS4,Extra,Active,08/20/2025,,13.16666667,08/20/2025,0,80,7.4,10,Platformer,,,
Mortal Kombat 1,PS5,Extra,Active,08/19/2025,,13.2,09/19/2023,1.916666667,83,6.5,7,Fighting,,No,
Marvel's Spider-Man,PS5/PS4,Extra,Active,08/19/2025,,13.2,09/07/2018,6.95,87,8.7,17,Action-Adventure,Remasteref for PS5 and GOTy for PS4,,
Sword of the Sea,PS5,Extra,Active,08/19/2025,,13.2,08/19/2025,0,87,8.7,3,Action-Adventure,,No,
Atelier Ryza 3: Alchemist of the End & the Secret Key,PS5/PS4,Extra,Active,08/19/2025,,13.2,03/24/2023,2.402777778,81,7.5,34,RPG,,,
INDIKA,PS5,Extra,Active,08/19/2025,,13.2,05/02/2024,1.297222222,80,7.1,4,Action-Adventure,,No,
Coral Island,PS5,Extra,Active,08/19/2025,,13.2,11/14/2023,1.763888889,82,6.5,57,Virtual Life,,No,
Resident Evil 2,PS5/PS4,Premium (Classics),Active,08/19/2025,,13.2,01/29/1998,27.55555556,91,8.9,9,Survival,PS1,,
Resident Evil 3: Nemesis,PS5/PS4,Premium (Classics),Active,08/19/2025,,13.2,11/11/1999,25.77222222,79,6.7,6,Survival,PS1,,
Abiotic Factor,PS5,Extra,Active,07/22/2025,,14.1,07/22/2025,0,88,8.4,33,Survival,,No,
Banishers: Ghosts of New Eden,PS5,Extra,Active,07/15/2025,,14.33333333,02/13/2024,1.422222222,78,7.8,22,Action-Adventure,,No,
Bluey: The Videogame,PS5/PS4,Extra,Active,07/15/2025,,14.33333333,11/17/2023,1.661111111,56,4.8,2,Action-Adventure,,,
Planet Zoo,PS5,Extra,Active,07/15/2025,,14.33333333,11/05/2019,5.694444444,81,7.9,34,Tycoon,,No,
Twisted Metal III,PS5/PS4,Premium (Classics),Active,07/15/2025,,14.33333333,11/10/1998,26.68055556,,6.1,4,Driving,PS1,,
Twisted Metal 4,PS5/PS4,Premium (Classics),Active,07/15/2025,,14.33333333,11/15/1999,25.66666667,8,7.1,4,Simulation,PS1,,
Cyberpunk 2077,PS5/PS4,Extra,Active,07/09/2025,,14.53333333,12/10/2020,4.580555556,86,7.3,26,RPG,,,
FBC: Firebreak,PS5,Extra,Active,06/17/2025,,15.26666667,06/17/2025,0,65,5.1,6,Shooter,,No,
Five Nights at Freddy's: Help Wanted 2,PS5,Extra,Active,06/17/2025,,15.26666667,05/28/2019,6.052777778,80,8.2,9,Survival,,No,
theHunter: Call of the Wild,PS4,Extra,Active,06/17/2025,,15.26666667,02/16/2017,8.336111111,64,6.4,28,Hunting,,,
Eiyuden Chronicle: Hundred Heroes,PS5/PS4,Extra,Active,06/17/2025,,15.26666667,04/23/2024,1.15,79,7.1,47,RPG,,,
Train Sim World 5,PS5/PS4,Extra,Active,06/17/2025,,15.26666667,09/17/2024,0.75,73,5.5,112,Simulation,,,
Endless Dungeon,PS5/PS4,Extra,Active,06/17/2025,,15.26666667,10/19/2023,1.661111111,75,7.6,15,Strategy,,,
Deus Ex: The Conspiracy,PS5/PS4,Premium (Classics),Active,06/17/2025,,15.26666667,06/23/2000,24.98333333,90,9,23,Action-Adventure,PS2,,
Myst,PS5/PS4,Premium (Classics),Active,06/05/2025,,15.66666667,09/24/1993,31.69722222,75,8.6,6,Point-and-Click,PS1,,
Riven,PS5/PS4,Premium (Classics),Active,06/05/2025,,15.66666667,10/31/1997,27.59722222,83,7.6,10,Puzzle,PS1,,
Skull and Bones,PS5,Extra (Ubisoft+ Classics),Active,06/02/2025,,15.76666667,02/16/2024,1.294444444,59,3.3,32,Action-Adventure,,No,
Another Crab's Treasure,PS5,Extra,Active,05/29/2025,,15.86666667,04/25/2024,1.094444444,78,7.6,14,Action-Adventure,,No,
Five Nights at Freddy's: Help Wanted - Full Time Edition,PS5/PS4,Extra,Active,05/20/2025,,16.16666667,05/28/2019,5.977777778,80,8.2,12,Survival,,,
S.T.A.L.K.E.R.: Legends of the Zone Trilogy,PS5/PS4,Extra,Active,05/20/2025,,16.16666667,10/31/2024,0.5555555556,83,7.3,23,Shooter,,,
Granblue Fantasy Versus: Rising,PS5/PS4,Extra,Active,05/20/2025,,16.16666667,12/14/2023,1.433333333,81,7,13,Fighting,,,
Humankind,PS5/PS4,Extra,Active,05/20/2025,,16.16666667,08/17/2021,3.758333333,77,6.7,16,Strategy,,,
Story of Seasons: A Wonderful Life,PS5,Extra,Active,05/20/2025,,16.16666667,06/27/2023,1.897222222,72,7.5,24,Virtual Life,,No,
Battle Engine Aquila,PS5/PS4,Premium (Classics),Active,05/20/2025,,16.16666667,01/20/2003,22.33333333,76,3,5,Shooter,PS2,,
Hogwarts Legacy,PS5/PS4,Extra,Active,04/15/2025,,17.33333333,02/07/2023,2.188888889,84,8.2,27,RPG,,,
PlateUp!,PS5/PS4,Extra,Active,04/15/2025,,17.33333333,08/04/2022,2.697222222,78.33333333,6.9,16,Arcade,,,
Alone in the Dark 2,PS5/PS4,Premium (Classics),Active,04/15/2025,,17.33333333,10/01/1993,31.53888889,72,7.2,4,Survival,PS1,,
War of the Monsters,PS5/PS4,Premium (Classics),Active,04/15/2025,,17.33333333,01/14/2003,22.25277778,80,8,3,Fighting,PS2,,
Blue Prince,PS5,Extra,Active,04/10/2025,,17.5,04/10/2025,0,92,7.8,18,Action-Adventure,,No,
Prince of Persia: The Lost Crown,PS5/PS4,Extra,Active,03/18/2025,,18.23333333,01/18/2024,1.166666667,86,8.5,17,Metroidvania,,No,
Captain Tsubasa: Rise of New Champions,PS4,Extra,Active,03/18/2025,,18.23333333,08/28/2020,4.555555556,69,7.2,12,Soccer,,Yes,
Arcade Paradise,PS5/PS4,Extra,Active,03/18/2025,,18.23333333,08/11/2022,2.602777778,73,6.7,25,Virtual Career ,,Yes,
Bang-On Balls: Chronicles,PS5/PS4,Extra,Active,03/18/2025,,18.23333333,10/05/2023,1.452777778,86,7.8,3,Platformer,,Yes,
You Suck at Parking,PS5/PS4,Extra,Active,03/18/2025,,18.23333333,09/14/2022,2.511111111,74,5.3,8,Racing ,,No,
Syberia: The World Before,PS5/PS4,Extra,Active,03/18/2025,,18.23333333,03/18/2022,3,81,8.5,14,Point-and-Click ,,No,
Armored Core,PS5/PS4,Premium (Classics),Active,03/18/2025,,18.23333333,07/10/1997,27.68888889,74,7.9,8,RPG,PS1,Yes,
Armored Core: Project Phantasma,PS5/PS4,Premium (Classics),Active,03/18/2025,,18.23333333,09/04/1998,26.53888889,78,8.1,4,RPG,PS1,Yes,
Armored Core: Master of Arena,PS5/PS4,Premium (Classics),Active,03/18/2025,,18.23333333,02/03/2000,25.125,75,8.2,4,RPG,PS1,Yes,
MORDHAU,PS5/PS4,Extra,Active,02/17/2025,,19.26666667,04/29/2019,5.8,81,7.4,101,Action-Adventure,,Yes,
Somerville,PS5/PS4,Extra,Active,02/17/2025,,19.26666667,11/15/2022,2.255555556,71,5.5,4.21,Action-Adventure,,No,
Tin Hearts,PS5/PSVR2,Extra,Active,02/17/2025,,19.26666667,05/16/2023,1.752777778,66,8.3,16,Puzzle,,No,
Patapon 3,PS5/PS4,Premium (Classics),Active,02/17/2025,,19.26666667,04/12/2011,13.84722222,74,7.3,26,Action-Adventure,PSP,Yes,
Dropship: United Peace Force,PS5/PS4,Premium (Classics),Active,02/17/2025,,19.26666667,05/29/2002,22.71666667,78,8.8,12,Simulation,PS2,Yes,
God of War: Ragnarök,PS5/PS4,Extra,Active,01/21/2025,,20.13333333,11/09/2022,2.2,94,8.2,27,Action-Adventure,,Yes,
Atlas Fallen: Reign Of Sand,PS5,Extra,Active,01/21/2025,,20.13333333,08/06/2024,0.4583333333,80,7.1,11,RPG,,No,
ANNO: Mutationem,PS5/PS4,Extra,Active,01/21/2025,,20.13333333,03/17/2022,2.844444444,71,6.8,11,Metroidvania ,,Yes,
Orcs Must Die! 3,PS5/PS4,Extra,Active,01/21/2025,,20.13333333,07/23/2021,3.494444444,77,7.2,10,Defense,,Yes,
Citizen Sleeper,PS5/PS4,Extra,Active,01/21/2025,,20.13333333,05/05/2022,2.711111111,82,7.4,7,RPG,,Yes,
Poker Club,PS4,Extra,Active,01/21/2025,,20.13333333,11/24/2021,3.158333333,50,5.3,1.5,Gambling,,No,
Indiana Jones and the Staff of Kings,PS5/PS4,Premium (Classics),Active,01/21/2025,,20.13333333,06/09/2009,15.61666667,55,7.3,8,Action-Adventure,PS2,Yes,
MediEvil II,PS5/PS4,Premium (Classics),Active,01/21/2025,,20.13333333,04/30/2000,24.725,74,8.2,7,Action-Adventure,PS1,Yes,
WRC Generations,PS5/PS4,Extra,Active,12/17/2024,,21.26666667,11/03/2022,2.122222222,74,7.2,15,Racing,,No,
Coffee Talk,PS5/PS4,Extra,Active,12/17/2024,,21.26666667,01/29/2020,4.883333333,76,7.5,5,Visual Novel ,,Yes,
Coffee Talk Episode 2: Hibiscus & Butterfly,PS5/PS4,Extra,Active,12/17/2024,,21.26666667,04/20/2023,1.658333333,79,7.5,7,Visual Novel ,,Yes,
A Space for the Unbound,PS5/PS4,Extra,Active,12/17/2024,,21.26666667,01/19/2023,1.911111111,85,7.8,10,Action-Adventure,,Yes,
Biped,PS4,Extra,Active,12/17/2024,,21.26666667,04/08/2020,4.691666667,70,7.7,3,Platformer,,Yes,
PHOGS!,PS5/PS4,Extra,Active,12/17/2024,,21.26666667,12/03/2020,4.038888889,78,7.5,8,Action-Adventure,,No,
Rabbids: Party of Legends,PS4,Extra (Ubisoft+ Classics),Active,12/17/2024,,21.26666667,06/30/2022,2.463888889,69,5.8,3,Party,,No,
Sly 2: Band of Thieves,PS5/PS4,Premium (Classics),Active,12/17/2024,,21.26666667,09/14/2004,20.25833333,88,8.9,15,Platformer,PS2,Yes,
Sly 3: Honor Among Thieves,PS5/PS4,Premium (Classics),Active,12/17/2024,,21.26666667,09/26/2005,19.225,83,8.9,13,Platformer,PS2,Yes,
Jak and Daxter: The Precursor Legacy,PS5/PS4,Premium (Classics),Active,12/17/2024,,21.26666667,12/04/2001,23.03611111,90,8.7,10,Platformer,PS2,Yes,
Overcooked! All You Can Eat,PS5/PS4,Extra,Active,11/19/2024,,22.2,11/12/2020,4.019444444,84,7.2,24,Arcade,,Yes,
Stick Fight: The Game,PS4,Extra,Active,11/19/2024,,22.2,04/01/2021,3.633333333,83,7.8,8,Platformer,,No,
Killer Frequency,PS5/PS4,Extra,Active,11/19/2024,,22.2,06/01/2023,1.466666667,78,7.8,5,Action-Adventure,,Yes,
Hungry Shark World,PS4,Extra,Active,11/19/2024,,22.2,07/17/2018,6.338888889,58,8.2,25,Action-Adventure,,Yes,
Chivalry 2,PS5/PS4,Extra,Active,11/19/2024,,22.2,06/08/2021,3.447222222,82,5.5,21,Beat-'Em-Up,,Yes,
Blood Omen: Legacy of Kain,PS5/PS4,Premium (Classics),Active,11/19/2024,,22.2,11/01/1996,28.05,91,8.8,18,Action-Adventure,PS1,Yes,
Blood Omen 2,PS5/PS4,Premium (Classics),Active,11/19/2024,,22.2,03/21/2002,22.66111111,76,7.4,13,Survival,PS2,Yes,
Two Point Campus,PS5/PS4,Extra,Active,10/15/2024,,23.33333333,08/09/2022,2.183333333,83,7.2,25,Tycoon,,Portal (PS5 + Premium),
GRIS,PS5/PS4,Extra,Active,10/15/2024,,23.33333333,12/13/2018,5.838888889,83,8.2,4,Platformer,,Yes,
Return to Monkey Island,PS5,Extra,Active,10/15/2024,,23.33333333,08/01/2022,2.205555556,87,7.6,10,Point-and-Click ,,Portal (PS5 + Premium),
OVERPASS 2,PS5,Extra,Active,10/15/2024,,23.33333333,10/17/2023,0.9944444444,60,4,8,Racing,,Portal (PS5 + Premium),
Tom Clancy's Ghost Recon: Wildlands,PS4,Extra (Ubisoft+ Classics),Active,10/15/2024,,23.33333333,03/07/2017,7.605555556,70,6.5,27,Shooter,,Yes,
Dino Crisis,PS5/PS4,Premium (Classics),Active,10/15/2024,,23.33333333,11/14/2000,23.91944444,74,8.8,7,Survival,PS1,Yes,
R-Type Dimensions EX,PS4,Premium (Classics),Active,10/15/2024,,23.33333333,02/04/2009,15.69722222,76,7.5,1,Compilation,Arcade,No,
The Last of Us: Part I,PS5,Extra,Active,09/26/2024,,23.96666667,01/19/2024,0.6861111111,90,7.8,15,Survival,,Portal (PS5 + Premium),
Ben 10,PS4,Extra,Active,09/17/2024,,24.26666667,11/14/2017,6.841666667,41,5.1,3,Beat-'Em-Up,,Yes,
Under The Waves,PS5/PS4,Extra,Active,09/17/2024,,24.26666667,08/29/2023,1.05,70,6.4,8,Action-Adventure,,Portal (PS5 + Premium),
Chernobylite,PS5/PS4,Extra,Active,09/17/2024,,24.26666667,07/28/2021,3.136111111,75,7.8,15,Survival,,Yes,
Wild Card Football,PS5/PS4,Extra,Active,09/17/2024,,24.26666667,10/10/2023,0.9361111111,72,8.3,12,Sports,,No,
Space Engineers,PS5/PS4,Extra,Active,09/17/2024,,24.26666667,04/15/2020,4.422222222,68,4.7,20,Sandbox,,No,
Far Cry 5,PS4,Extra (Ubisoft+ Classics),Active,09/17/2024,,24.26666667,03/27/2018,6.472222222,81,6.9,18,Shooter,Returning game,Yes,
Secret Agent Clank,PS5/PS4,Premium (Classics),Active,09/17/2024,,24.26666667,06/17/2008,16.25,72,7.4,8,Platformer,PSP,Yes,
SkyGunner,PS5/PS4,Premium (Classics),Active,09/17/2024,,24.26666667,06/24/2002,22.23055556,75,8.1,3,Shooter,PS2,Yes,
Mister Mosquito,PS5/PS4,Premium (Classics),Active,09/17/2024,,24.26666667,03/12/2002,22.51388889,65,6.2,3,Action-Adventure,PS2,Yes,
DOOM + DOOM II: Enhanced,PS4,Premium (Remasters),Active,09/03/2024,,24.73333333,08/08/2024,0.06944444444,82,9.5,12,Shooter,MS-DOS,No,
Watch Dogs 2,PS4,Extra (Ubisoft+ Classics),Active,08/20/2024,,25.16666667,11/15/2016,7.763888889,82,7.7,20,Action-Adventure,,Yes,
TimeSplitters,PS5/PS4,Premium (Classics),Active,08/20/2024,,25.16666667,10/23/2000,23.825,81,7.8,2,Shooter,PS2,Yes,
TimeSplitters 2,PS5/PS4,Premium (Classics),Active,08/20/2024,,25.16666667,10/08/2002,21.86666667,90,8.6,9,Shooter,PS2,Yes,
TimeSplitters: Future Perfect,PS5/PS4,Premium (Classics),Active,08/20/2024,,25.16666667,03/21/2005,19.41388889,83,8.4,7,Shooter,PS2,Yes,
No More Heroes III,PS5/PS4,Extra,Active,07/16/2024,,26.3,08/27/2021,2.886111111,75,8.1,12,Action-Adventure,,Yes,
Pathfinder: Wrath of the Righteous,PS5/PS4,Extra,Active,07/16/2024,,26.3,09/02/2021,2.872222222,83,7.7,55,RPG,,Portal (PS5 + Premium),
DEADCRAFT,PS4,Extra,Active,07/16/2024,,26.3,05/19/2022,2.158333333,77,7.4,36,Survival,,Yes,
Steep,PS4,Extra,Active,07/16/2024,,26.3,11/29/2016,7.630555556,71,6.4,12,Sports,Returning game,Yes,
Jeanne d'Arc,PS5/PS4,Premium (Classics),Active,07/16/2024,,26.3,08/21/2007,16.90277778,87,8.8,32,Strategy,PSP,Yes,
Ratchet and Clank: Size Matters,PS5/PS4,Premium (Classics),Active,07/16/2024,,26.3,02/13/2007,17.425,85,7.9,7,Platformer,PSP,Yes,
Summoner,PS5/PS4,Premium (Classics),Active,07/16/2024,,26.3,10/24/2000,23.72777778,74,7.6,27,RPG,PS2,Yes,
Crusader Kings III,PS5,Extra,Active,06/18/2024,,27.23333333,09/01/2020,3.797222222,91,8.3,71,Strategy,,Portal (PS5 + Premium),
Police Simulator: Patrol Officers,PS5/PS4,Extra,Active,06/18/2024,,27.23333333,11/10/2022,1.605555556,58,6.3,28,Simulation,,Yes,
Far Cry 4,PS4,Extra,Active,06/18/2024,,27.23333333,11/18/2014,9.583333333,85,7.7,18,Shooter,,No,
LEGO The Hobbit,PS4,Extra,Active,06/18/2024,,27.23333333,04/08/2014,10.19444444,72,6.7,9,Action-Adventure,,Yes,
Anno 1800,PS5,Extra (Ubisoft+ Classics),Active,06/18/2024,,27.23333333,04/16/2019,5.172222222,83,7.1,14,Management,,Portal (PS5 + Premium),
Daxter,PS5/PS4,Premium (Classics),Active,06/18/2024,,27.23333333,03/14/2006,18.26111111,85,8.4,8,Platformer,PSP,Yes,
Ghosthunter,PS5/PS4,Premium (Classics),Active,06/18/2024,,27.23333333,08/17/2004,19.83611111,69,8.4,10,Survival,PS2,Yes,
LEGO Star Wars II: The Original Trilogy,PS5/PS4,Premium (Classics),Active,06/18/2024,,27.23333333,09/12/2006,17.76666667,81,8,11,Action-Adventure,PS2 / PSP,Yes,
Tomb Raider: Legend,PS5/PS4,Premium (Classics),Active,06/11/2024,,27.46666667,04/11/2006,18.16666667,80,7.9,7,Action-Adventure,PS2,Yes,
Star Wars: The Clone Wars,PS4,Premium (Classics),Active,06/11/2024,,27.46666667,10/28/2002,21.61944444,73,6.8,6,Shooter,PS2,No,
Sly Cooper and the Thievius Raccoonus,PS5/PS4,Premium (Classics),Active,06/11/2024,,27.46666667,09/23/2002,21.71666667,86,8.7,7,Platformer,PS2,Yes,
Cricket 24,PS5/PS4,Extra,Active,06/05/2024,,27.66666667,10/05/2023,0.6666666667,57,5.1,12,Sports,,Yes,
DREDGE,PS5,Extra,Active,05/29/2024,,27.86666667,03/30/2023,1.163888889,80,8,10,Action-Adventure,,Portal (PS5 + Premium),
Crime Boss: Rockay City,PS5,Extra,Active,05/21/2024,,28.13333333,03/28/2023,1.147222222,43,5.5,6,Shooter,,Portal (PS5 + Premium),
Deceive Inc.,PS5,Extra,Active,05/21/2024,,28.13333333,03/21/2023,1.166666667,75,6.4,17,Shooter,,Portal (PS5 + Premium),
Cat Quest,PS4,Extra,Active,05/21/2024,,28.13333333,11/10/2017,6.530555556,74,7.6,6,RPG,,Yes,
Cat Quest II: The Lupus Empire,PS4,Extra,Active,05/21/2024,,28.13333333,09/24/2019,4.658333333,76,7.8,8,RPG,,Yes,
Watch Dogs,PS4,Extra (Ubisoft+ Classics),Active,05/21/2024,,28.13333333,05/27/2014,9.983333333,80,6.8,20,Action-Adventure,,Yes,
The Settlers: New Allies,PS4,Extra (Ubisoft+ Classics),Active,05/21/2024,,28.13333333,02/17/2023,1.261111111,54,3.3,35,Management,,No,
2Xtreme,PS5/PS4,Premium (Classics),Active,05/21/2024,,28.13333333,11/01/1996,27.55555556,67,7.5,1,Racing,PS1,Yes,
G-Police,PS5/PS4,Premium (Classics),Active,05/21/2024,,28.13333333,09/30/1997,26.64166667,72,7.8,15,Action-Adventure,PS1,Yes,
Worms Pinball,PS5/PS4,Premium (Classics),Active,05/21/2024,,28.13333333,10/31/1999,24.55833333,68,7.6,1,Simulation,PS1,Yes,
Construction Simulator,PS5/PS4,Extra,Active,04/16/2024,,29.3,09/20/2022,1.572222222,78,6.4,45,Simulation,,Yes,
Raji: An Ancient Epic,PS5/PS4,Extra,Active,04/16/2024,,29.3,08/18/2020,3.661111111,69,7.6,5,Action-Adventure,,Portal (PS5 + Premium),
Lego Marvel's Avengers,PS4,Extra,Active,04/16/2024,,29.3,01/26/2016,8.222222222,71,7.2,9,Action-Adventure,,Yes,
Lego Ninjago Movie Videogame,PS4,Extra,Active,04/16/2024,,29.3,09/22/2017,6.566666667,67,5.9,7,Action-Adventure,,No,
Oddballers,PS4,Extra,Active,04/16/2024,,29.3,01/26/2023,1.222222222,71,5.8,3,Party,,No,
The Crew 2,PS4,Extra,Active,04/16/2024,,29.3,06/26/2018,5.805555556,64,5.8,20,Racing,,No,
Alone in the Dark: The New Nightmare,PS5/PS4,Premium (Classics),Active,04/16/2024,,29.3,06/25/2001,22.80833333,66,7.9,8,Survival,PS1,Yes,
Star Wars Rebel Assault II: The Hidden Empire,PS5/PS4,Premium (Classics),Active,04/16/2024,,29.3,11/07/1995,28.44166667,65,7.7,6,Shooter,PS1,Yes,
MediEvil,PS5/PS4,Premium (Classics),Active,04/16/2024,,29.3,10/01/1998,25.54166667,67,8,7,Action-Adventure,PS1,Yes,
Mystic Pillars: Remastered,PS5,Extra,Active,03/19/2024,,30.2,06/03/2021,2.794444444,74,2,2,Puzzle,,Portal (PS5 + Premium),
Blood Bowl III,PS5/PS4,Extra,Active,03/19/2024,,30.2,02/23/2023,1.072222222,60,1.6,15,Sports,,Yes,
LEGO DC Super-Villains,PS4,Extra,Active,03/19/2024,,30.2,06/19/2012,11.75,79,7,10,Action-Adventure,,Yes,
Cool Boarders,PS5/PS4,Premium (Classics),Active,03/19/2024,,30.2,08/30/1996,27.55277778,78,5.3,6,Sports,PS1,Yes,
Gods Eater: Burst,PS5/PS4,Premium (Classics),Active,03/19/2024,,30.2,03/15/2011,13.01111111,71,8,38,RPG,PSP,Yes,
Jak and Daxter: The Lost Frontier,PS5/PS4,Premium (Classics),Active,03/19/2024,,30.2,11/03/2009,14.37777778,71,7.2,8,Platformer,PSP,Yes,
Roguebook,PS5/PS4,Extra,Active,02/20/2024,,31.16666667,06/17/2021,2.675,78,6.5,9,Card Battle,,Yes,
LEGO Jurassic World,PS4,Extra,Active,02/20/2024,,31.16666667,06/09/2015,8.697222222,70,7.3,11,Action-Adventure,,Yes,
LEGO Worlds,PS4,Extra,Active,02/20/2024,,31.16666667,03/07/2017,6.952777778,66,6.3,10,Sandbox,,Yes,
Assassin's Creed Valhalla,PS5/PS4,Extra (Ubisoft+ Classics),Active,02/20/2024,,31.16666667,11/10/2020,3.277777778,80,7.2,61,RPG,,Yes,
Resistance: Retribution,PS5/PS4,Premium (Classics),Active,02/20/2024,,31.16666667,03/17/2009,14.925,81,7.9,11,Shooter,PSP,Yes,
Jet Moto 2,PS5/PS4,Premium (Classics),Active,02/20/2024,,31.16666667,10/31/1997,26.30555556,77,7.8,6,Racing,PS1,Yes,
Session: Skate Sim,PS5/PS4,Extra,Active,01/16/2024,,32.3,09/22/2022,1.316666667,67,6.1,3,Sports,,Yes,
LEGO City Undercover,PS4,Extra,Active,01/16/2024,,32.3,03/18/2013,10.82777778,80,8.3,16,Action-Adventure,,Yes,
Shadow Tactics: Blades of the Shogun,PS4,Extra,Active,01/16/2024,,32.3,12/06/2016,7.111111111,85,8.5,25,Strategy,,Yes,
Surviving the Aftermath,PS4,Extra,Active,01/16/2024,,32.3,11/16/2021,2.166666667,69,6.2,18,Simulation,,Yes,
Rally Cross,PS5/PS4,Premium (Classics),Active,01/16/2024,,32.3,10/31/1997,26.21111111,79,7.9,7,Racing,PS1,Yes,
Star Wars Episode I: The Phantom Menace,PS5/PS4,Premium (Classics),Active,01/16/2024,,32.3,05/31/1999,24.62777778,62,7.4,8,Action-Adventure,PS1,Yes,
Salt and Sacrifice,PS5/PS4,Extra,Active,12/19/2023,,33.2,05/10/2022,1.608333333,73,4.4,16,Metroidvania,,Yes,
Disney/Pixar Buzz Lightyear of Star Command,PS5/PS4,Premium (Classics),Active,12/19/2023,,33.2,09/26/2000,23.23055556,54,8.3,7,Action-Adventure,PS1,Portal (PS5 + Premium),
Thrillville,PS5/PS4,Premium (Classics),Active,12/19/2023,,33.2,11/21/2006,17.07777778,69,2.3,6,Strategy,PS2,Portal (PS5 + Premium),
Thrillville: Off the Rails,PS5/PS4,Premium (Classics),Active,12/19/2023,,33.2,10/09/2007,16.19444444,70,2.9,7,Strategy,PS2,No,
Nobunaga's Ambition: Taishi,PS4,Extra,Active,11/21/2023,,34.13333333,06/05/2018,5.461111111,70,7.3,23,Strategy,,Yes,
Grandia,PS5/PS4,Premium (Classics),Active,11/21/2023,,34.13333333,09/30/1999,24.14166667,89,7.7,43,RPG,PS1,Yes,
Jet Moto,PS5/PS4,Premium (Classics),Active,11/21/2023,,34.13333333,11/30/1997,25.975,,7.6,6,Racing,PS1,Yes,
Disney/PIXAR Up,PS5/PS4,Premium (Classics),Active,11/21/2023,,34.13333333,05/26/2009,14.48611111,65,6.8,5,Action-Adventure,PSP,Yes,
PaRappa the Rapper 2,PS4,Premium (Classics),Active,11/21/2023,,34.13333333,01/23/2002,21.82777778,67,8,2,Rhythm,PS2,Yes,
A-Train Express,PS4,Extra,Active,10/19/2023,,35.2,05/22/2019,4.408333333,60,,,Simulation,,Yes,
Elite: Dangerous,PS4,Extra,Active,10/17/2023,,35.26666667,12/16/2014,8.836111111,77,6.7,91,Simulation,,Yes,
Outlast 2,PS4,Extra,Active,10/17/2023,,35.26666667,04/24/2017,6.480555556,68,7,8,Survival,,Yes,
Eldest Souls,PS5/PS4,Extra,Active,10/17/2023,,35.26666667,07/29/2021,2.216666667,79,6.8,5,RPG,,Yes,
FAR: Changing Tides,PS5/PS4,Extra,Active,10/17/2023,,35.26666667,03/01/2022,1.627777778,81,6.9,6,Action-Adventure,,Yes,
Ape Escape Academy,PS5/PS4,Premium (Classics),Active,10/17/2023,,35.26666667,01/17/2006,17.75,51,5.7,3,Party,PSP,Yes,
IQ Final,PS5/PS4,Premium (Classics),Active,10/17/2023,,35.26666667,12/23/1998,24.81666667,,,2,Puzzle,PSP,No,
Soulcalibur: Broken Destiny,PS5/PS4,Premium (Classics),Active,10/17/2023,,35.26666667,09/01/2009,14.12777778,80,7,4,Fighting,PSP,Yes,
Tekken 6,PS5/PS4,Premium (Classics),Active,10/17/2023,,35.26666667,10/27/2009,13.97222222,82,7.5,8,Fighting,PSP,Yes,
This War of Mine: Final Cut,PS5,Extra,Active,09/19/2023,,36.2,05/10/2022,1.358333333,82,6.3,11,Survival,,Portal (PS5 + Premium),
Contra: Rogue Corps,PS4,Extra,Active,09/19/2023,,36.2,09/24/2019,3.986111111,52,4,16,Action-Adventure,,Yes,
West of Dead,PS4,Extra,Active,09/19/2023,,36.2,06/18/2020,3.252777778,63,6.1,9,Action-Adventure,,Yes,
Call of the Sea,PS5/PS4,Extra,Active,09/19/2023,,36.2,12/08/2020,2.780555556,73,7.3,6,Action-Adventure,,Yes,
PAW Patrol The Movie: Adventure City Calls,PS5/PS4,Extra,Active,09/19/2023,,36.2,08/13/2021,2.1,65,4,2,Action-Adventure,,Yes,
Tails Noir,PS5/PS4,Extra,Active,09/19/2023,,36.2,03/08/2021,2.530555556,70,7,6,Adventure,,Yes,
Destiny 2: The Witch Queen,PS5/PS4,Extra,Active,08/15/2023,,37.33333333,02/22/2022,1.480555556,87,7.9,12,Shooter,,No,
Hotel Transylvania: Scary-Tale Adventures,PS5/PS4,Extra,Active,08/15/2023,,37.33333333,03/11/2022,1.427777778,63,1,5,Platformer,,Yes,
PJ Masks: Heroes of the Night,PS5/PS4,Extra,Active,08/15/2023,,37.33333333,10/29/2021,1.794444444,60,5,3,Platformer,,Yes,
Dreams,PS4/PSVR,Extra,Active,08/15/2023,,37.33333333,02/14/2020,3.502777778,89,8.7,3,Action-Adventure,,Yes,
Two Point Hospital: Jumbo Edition,PS4,Extra,Active,08/15/2023,,37.33333333,02/25/2020,3.472222222,82,7.3,39,Simulation,,Yes,
Ape Escape: On the Loose,PS5/PS4,Premium (Classics),Active,08/15/2023,,37.33333333,03/22/2005,18.39722222,66,7,7,Platformer,PSP,Yes,
MediEvil: Resurrection,PS5/PS4,Premium (Classics),Active,08/15/2023,,37.33333333,09/13/2005,17.92222222,66,8.5,10,Action-Adventure,PSP,Yes,
Pursuit Force: Extreme Justice,PS5/PS4,Premium (Classics),Active,08/15/2023,,37.33333333,01/29/2008,15.54444444,73,7.7,8,Simulation,PSP,Yes,
Sniper Elite 5,PS5/PS4,Extra,Active,07/18/2023,,38.23333333,03/26/2022,1.311111111,77,6.1,10,Shooter,,Portal (PS5 + Premium),
World War Z,PS5/PS4,Extra,Active,07/18/2023,,38.23333333,04/16/2019,4.255555556,67,6.3,8,Shooter,,Portal (PS5 + Premium),
Dynasty Warriors 9,PS4,Extra,Active,07/18/2023,,38.23333333,02/13/2018,5.430555556,65,8.4,28,Action-Adventure,,Yes,
Melty Blood: Type Lumina,PS4,Extra,Active,07/18/2023,,38.23333333,09/30/2021,1.8,90,6.9,6,Action-Adventure,,Yes,
Samurai Warriors 5,PS4,Extra,Active,07/18/2023,,38.23333333,07/27/2021,1.975,75,8,18,Action-Adventure,,Yes,
Undertale,PS4,Extra,Active,07/18/2023,,38.23333333,08/15/2017,5.925,92,7.3,7,RPG,,Yes,
Gravity Crash Portable,PS5/PS4,Premium (Classics),Active,07/18/2023,,38.23333333,07/20/2010,12.99444444,69,7,8,Action-Adventure,PSP,Yes,
Twisted Metal,PS5/PS4,Premium (Classics),Active,07/18/2023,,38.23333333,11/05/1995,27.70277778,76,8.4,5,Driving,PS1,Yes,
Twisted Metal 2,PS5/PS4,Premium (Classics),Active,07/18/2023,,38.23333333,10/31/1996,26.71666667,78,8.8,5,Driving,PS1,Yes,
My Friend Peppa Pig,PS5/PS4,Extra,Active,06/20/2023,,39.16666667,10/22/2021,1.661111111,80,8.7,1,Action-Adventure,,Yes,
PAW Patrol Mighty Pups Save Adventure Bay,PS5/PS4,Extra,Active,06/20/2023,,39.16666667,11/06/2020,2.622222222,60,7,3,Action-Adventure,,Yes,
A Hat in Time,PS4,Extra,Active,06/20/2023,,39.16666667,12/05/2017,5.541666667,79,8.2,10,Action-Adventure,,Yes,
Carto,PS4,Extra,Active,06/20/2023,,39.16666667,10/27/2020,2.647222222,75,6.9,6,Action-Adventure,,Yes,
Deus Ex: Mankind Divided,PS4,Extra,Active,06/20/2023,,39.16666667,08/23/2016,6.825,84,7.9,26,Action-Adventure,,Yes,
Forager,PS4,Extra,Active,06/20/2023,,39.16666667,07/30/2019,3.888888889,72,5.8,15,Action-Adventure,,Yes,
Killing Floor 2,PS4,Extra,Active,06/20/2023,,39.16666667,11/16/2016,6.594444444,75,7.1,14,Shooter,,Yes,
Lonely Mountains: Downhill,PS4,Extra,Active,06/20/2023,,39.16666667,10/23/2019,3.658333333,80,5.5,6,Sports,,Yes,
Thief (2014),PS4,Extra,Active,06/20/2023,,39.16666667,02/25/2014,9.319444444,67,6.4,11,Action-Adventure,,Yes,
Far Cry 6,PS5/PS4,Extra (Ubisoft+ Classics),Active,06/20/2023,,39.16666667,10/07/2021,1.702777778,73,4.9,23,Shooter,,Yes,
Killzone: Liberation,PS5/PS4,Premium (Classics),Active,06/20/2023,,39.16666667,10/31/2006,16.63888889,77,7.9,8,Shooter,PSP,Yes,
Herc's Adventures,PS5/PS4,Premium (Classics),Active,06/20/2023,,39.16666667,07/31/1997,25.88888889,78,7.8,13,Action-Adventure,PS1,Yes,
Worms,PS5/PS4,Premium (Classics),Active,06/20/2023,,39.16666667,10/31/1995,27.63888889,76,8.2,4,Strategy,PS1,Yes,
Crysis: Remastered,PS4,Premium (Remasters),Active,06/20/2023,,39.16666667,09/01/2020,2.802777778,59,7.5,10,Shooter,Windows,Yes,
Ratchet and Clank: Rift Apart,PS5,Extra,Active,05/16/2023,,40.3,06/11/2021,1.930555556,88,8.5,11,Platformer,,Portal (PS5 + Premium),
Thymesia,PS5,Extra,Active,05/16/2023,,40.3,08/18/2022,0.7444444444,68,7.5,7,RPG,,Portal (PS5 + Premium),
Bus Simulator 21: Next Stop,PS5/PS4,Extra,Active,05/16/2023,,40.3,09/07/2021,1.691666667,60,4.5,26,Simulation,,Yes,
Humanity,PS5/PS4,Extra,Active,05/16/2023,,40.3,05/16/2023,0,86,8.9,12,Action-Adventure,,Yes,
Conan Exiles,PS4,Extra,Active,05/16/2023,,40.3,05/08/2018,5.022222222,68,5.2,33,Action-Adventure,,Yes,
Dishonored 2,PS4,Extra,Active,05/16/2023,,40.3,11/10/2016,6.516666667,88,8.5,13,Shooter,,Yes,
Dishonored: Death of the Outsider,PS4,Extra,Active,05/16/2023,,40.3,09/15/2017,5.669444444,82,8,7,Shooter,,Yes,
Rain World,PS4,Extra,Active,05/16/2023,,40.3,03/28/2017,6.133333333,59,7.2,22,Platformer,,Yes,
Rise of the Tomb Raider: 20 Year Celebration,PS4/PSVR,Extra,Active,05/16/2023,,40.3,10/11/2016,6.597222222,88,8,15,Action-Adventure,,Yes,
Rune Factory 4: Special,PS4,Extra,Active,05/16/2023,,40.3,12/07/2021,1.441666667,74,8.3,39,RPG,,Yes,
Sakuna: Of Rice and Ruin,PS4,Extra,Active,05/16/2023,,40.3,11/10/2020,2.516666667,77,7.7,30,RPG,,Yes,
Shadow of the Tomb Raider,PS4,Extra,Active,05/16/2023,,40.3,11/10/2016,6.516666667,75,7.5,13,Action-Adventure,,Yes,
Story of Seasons: Friends of Mineral Town,PS4,Extra,Active,05/16/2023,,40.3,09/15/2017,5.669444444,72,7.4,30,Strategy,,Yes,
The Evil Within 2,PS4,Extra,Active,05/16/2023,,40.3,03/28/2017,6.133333333,76,8.5,14,Shooter,,Yes,
Tomb Raider: Definitive Edition,PS4,Extra,Active,05/16/2023,,40.3,01/28/2014,9.3,85,8.1,12,Action-Adventure,,Yes,
Wolfenstein: Youngblood,PS4,Extra,Active,05/16/2023,,40.3,07/26/2019,3.805555556,63,3,9,Shooter,,Yes,
Watch Dogs: Legion,PS5/PS4,Extra (Ubisoft+ Classics),Active,05/16/2023,,40.3,10/29/2020,2.547222222,70,5.5,18,Action-Adventure,,Yes,
Blade Dancer: Lineage of Light,PS5/PS4,Premium (Classics),Active,05/16/2023,,40.3,07/01/2006,16.875,60,6.5,28,RPG,PSP,Yes,
Syphon Filter: Logan's Shadow,PS5/PS4,Premium (Classics),Active,05/16/2023,,40.3,10/02/2007,15.62222222,85,8,10,Shooter,PSP,Yes,
Pursuit Force,PS5/PS4,Premium (Classics),Active,05/16/2023,,40.3,03/07/2006,17.19166667,75,7.3,9,Racing,PSP,Yes,
Ghostbusters: The Video Game - Remastered,PS4,Premium (Remasters),Active,05/16/2023,,40.3,10/04/2019,3.616666667,66,7.1,8,Action-Adventure,PS2,Yes,
Bassmaster Fishing,PS5/PS4,Extra,Active,04/18/2023,,41.23333333,02/27/1996,27.14166667,,4,,Sports,,No,
DOOM: Eternal,PS5/PS4,Extra,Active,04/18/2023,,41.23333333,03/20/2020,3.077777778,87,8.9,15,Shooter,,Portal (PS5 + Premium),
Monster Boy and the Cursed Kingdom,PS5/PS4,Extra,Active,04/18/2023,,41.23333333,12/04/2018,4.372222222,87,8,19,Platformer,,Yes,
Sackboy: A Big Adventure,PS5/PS4,Extra,Active,04/18/2023,,41.23333333,11/12/2020,2.433333333,83,7.8,11,Platformer,,Yes,
Wolfenstein II: The New Colossus,PS4,Extra,Active,04/18/2023,,41.23333333,10/27/2017,5.475,87,7.5,11,Shooter,,Yes,
Wolfenstein: The Old Blood,PS4,Extra,Active,04/18/2023,,41.23333333,05/05/2015,7.952777778,76,8.1,6,Shooter,,Yes,
Riders Republic,PS5/PS4,Extra (Ubisoft+ Classics),Active,04/18/2023,,41.23333333,10/28/2021,1.472222222,76,5.9,19,Sports,,Yes,
Dishonored: Definitive Edition,PS4,Premium (Remasters),Active,04/18/2023,,41.23333333,08/25/2015,7.647222222,80,8.3,13,Shooter,PS3,Yes,
DOOM,PS4,Premium (Classics),Active,04/18/2023,,41.23333333,12/10/1993,29.35555556,83,8.1,5,Shooter,PS1,Yes,
DOOM II: Hell on Earth,PS4,Premium (Classics),Active,04/18/2023,,41.23333333,09/30/1994,28.55,83,8.9,7,Shooter,PS1,Yes,
DOOM 64,PS4,Premium (Classics),Active,04/18/2023,,41.23333333,03/31/1997,26.05,75,7.1,7,Shooter,N64,Yes,
DOOM 3,PS4,Premium (Classics),Active,04/18/2023,,41.23333333,08/03/2004,18.70833333,87,7.7,11,Shooter,Windows,Yes,
Anodyne,PS4,Extra,Active,04/08/2023,,41.56666667,05/04/2012,10.92777778,66,7.5,6,Action-Adventure,,Yes,
UNCHARTED: Legacy of Thieves Collection,PS5,Extra,Active,03/21/2023,,42.13333333,01/28/2022,1.147222222,87,8.7,21,Action-Adventure,,Portal (PS5 + Premium),
Immortals Fenyx Rising,PS5/PS4,Extra,Active,03/21/2023,,42.13333333,12/03/2020,2.3,77,7.6,25,Action-Adventure,,Yes,
RAGE 2,PS5/PS4,Extra,Active,03/21/2023,,42.13333333,05/14/2019,3.852777778,67,6.1,11,Shooter,,Yes,
Tom Clancy's Rainbow Six: Extraction,PS5/PS4,Extra,Active,03/21/2023,,42.13333333,01/20/2022,1.169444444,73,5.2,10,Shooter,,Yes,
Untitled Goose Game,PS5/PS4,Extra,Active,03/21/2023,,42.13333333,09/01/2019,3.555555556,80,7.1,3,Action-Adventure,,Yes,
R4: Ridge Racer Type 4,PS5/PS4,Premium (Classics),Active,03/21/2023,,42.13333333,05/01/1999,23.88888889,88,8.7,2,Racing,PS1,Yes,
Ape Academy 2,PS5/PS4,Premium (Classics),Active,03/21/2023,,42.13333333,09/13/2006,16.52222222,69,7.7,4,Party,PSP,Yes,
Syphon Filter: Dark Mirror,PS5/PS4,Premium (Classics),Active,03/21/2023,,42.13333333,03/14/2006,17.01944444,87,8.5,7,Shooter,PSP,Yes,
The Forgotten City,PS5/PS4,Extra,Active,02/21/2023,,43.13333333,07/28/2021,1.563888889,85,8.2,6,Action-Adventure,,Yes,
Earth Defense Force 5,PS4,Extra,Active,02/21/2023,,43.13333333,12/11/2018,4.194444444,72,7.5,28,Shooter,,Yes,
Harvest Moon: Back to Nature,PS5/PS4,Premium (Classics),Active,02/21/2023,,43.13333333,11/22/2000,22.24722222,82,8.8,86,Strategy,PS1,Yes,
The Legend of Dragoon,PS5/PS4,Premium (Classics),Active,02/21/2023,,43.13333333,06/11/2000,22.69444444,74,8.8,49,RPG,PS1,Yes,
Erica,PS4,Extra,Active,01/17/2023,,44.26666667,08/19/2019,3.411111111,69,6.8,2,Action-Adventure,,Yes,
Hot Shots Golf 2,PS5/PS4,Premium (Classics),Active,01/17/2023,,44.26666667,04/28/2000,22.71944444,81,8.7,17,Sports,PS1,Yes,
Star Wars Demolition,PS5/PS4,Premium (Classics),Active,01/17/2023,,44.26666667,11/12/2000,22.18055556,63,7.1,20,Action-Adventure,PS1,Yes,
Syphon Filter 3,PS5/PS4,Premium (Classics),Active,01/17/2023,,44.26666667,11/05/2001,21.2,73,8.6,8,Shooter,PS1,Yes,
Ben 10: Power Trip,PS5/PS4,Extra,Active,12/20/2022,,45.16666667,10/09/2020,2.197222222,70,5.2,4,Action-Adventure,,Yes,
The Pedestrian,PS5/PS4,Extra,Active,12/20/2022,,45.16666667,01/29/2021,1.891666667,80,7.5,4,Puzzle,,Yes,
Adventure Time: Pirates of the Enchiridion,PS4,Extra,Active,12/20/2022,,45.16666667,07/17/2018,4.425,62,6.3,6,RPG,,Yes,
Gigantosaurus: The Game,PS4,Extra,Active,12/20/2022,,45.16666667,03/27/2020,2.730555556,70,10,6,Action-Adventure,,Yes,
Worms W.M.D,PS4,Extra,Active,12/20/2022,,45.16666667,08/23/2016,6.325,78,7.1,14,Strategy,,Yes,
Far Cry: New Dawn,PS4,Extra (Ubisoft+ Classics),Active,12/20/2022,,45.16666667,02/15/2019,3.847222222,71,4.6,11,Shooter,,Yes,
Far Cry: Primal,PS4,Extra (Ubisoft+ Classics),Active,12/20/2022,,45.16666667,02/23/2016,6.825,76,6.7,15,Shooter,,Yes,
Oddworld: Abe's Exoddus,PS5/PS4,Premium (Classics),Active,12/20/2022,,45.16666667,10/31/1998,24.13888889,88,8.6,15,Action-Adventure,PS1,Yes,
Pinball Heroes,PS5/PS4,Premium (Classics),Active,12/20/2022,,45.16666667,11/20/2007,15.08333333,75,7.8,1.5,Sports,PSP,Yes,
Ridge Racer 2,PS5/PS4,Premium (Classics),Active,12/20/2022,,45.16666667,09/14/2006,16.26666667,81,7.8,11,Racing,PSP,Yes,
Heavenly Sword,PS5/PS4,Premium (Streaming Only),Active,12/20/2022,,45.16666667,09/12/2007,15.27222222,79,8.1,7,Action-Adventure,PS3,Yes,
Ys VIII: Lacrimosa of DANA,PS5/PS4,Extra,Active,11/15/2022,,46.33333333,07/21/2016,6.316666667,85,8.6,37,RPG,,No,
Oddworld: Soulstorm: Enhanced Edition,PS5/PS4,Extra,Active,11/15/2022,,46.33333333,04/06/2021,1.608333333,80,5.5,18.5,Platformer,,Yes,
The Elder Scrolls V: Skyrim - Special Edition,PS5/PS4,Extra,Active,11/15/2022,,46.33333333,11/11/2021,1.011111111,81,7.6,25.5,RPG,,Yes,
The Gardens Between,PS5/PS4,Extra,Active,11/15/2022,,46.33333333,09/20/2018,4.152777778,75,6.1,2.5,Action-Adventure,,Yes,
Earth Defense Force: Iron Rain,PS4,Extra,Active,11/15/2022,,46.33333333,04/11/2019,3.594444444,69,5.2,9.5,Shooter,,Yes,
Earth Defense Force: World Brothers,PS4,Extra,Active,11/15/2022,,46.33333333,09/24/2020,2.141666667,75,5,12.5,Shooter,,Yes,
Tom Clancy's Rainbow Six Siege,PS5/PS4,Extra (Ubisoft+ Classics),Active,11/15/2022,,46.33333333,12/01/2015,6.955555556,73,7.2,10.5,Shooter,,Yes,
Tom Clancy's The Division 2,PS4,Extra (Ubisoft+ Classics),Active,11/15/2022,,46.33333333,03/15/2019,3.666666667,82,6.2,26.5,Shooter,,Yes,
Tom Clancy's Ghost Recon: Breakpoint,PS4,Extra (Ubisoft+ Classics),Active,11/15/2022,,46.33333333,10/04/2019,3.113888889,56,3,23.5,Shooter,,Yes,
Ratchet and Clank,PS5/PS4,Premium (Streaming Only),Active,11/15/2022,,46.33333333,11/05/2002,20.02777778,88,8.8,12,Platformer,PS3,Yes,
Ratchet: Deadlocked,PS5/PS4,Premium (Streaming Only),Active,11/15/2022,,46.33333333,10/25/2005,17.05555556,81,8.8,7.5,Platformer,PS3,Yes,
Ratchet and Clank: Going Commando,PS5/PS4,Premium (Streaming Only),Active,11/15/2022,,46.33333333,11/11/2003,19.01111111,90,9,13.5,Platformer,PS3,Yes,
Ratchet and Clank: Tools of Destruction,PS5/PS4,Premium (Streaming Only),Active,11/15/2022,,46.33333333,10/23/2007,15.06111111,89,8.8,12.5,Platformer,PS3,Yes,
Ratchet and Clank: Up Your Arsenal,PS5/PS4,Premium (Streaming Only),Active,11/15/2022,,46.33333333,11/03/2004,18.03333333,91,9,11.5,Platformer,PS3,Yes,
Hohokum,PS4,Extra,Active,10/18/2022,,47.23333333,08/12/2014,8.183333333,75,6.5,4,Action-Adventure,,Yes,
Assassin's Creed Chronicles: China,PS4,Extra (Ubisoft+ Classics),Active,10/18/2022,,47.23333333,04/21/2015,7.491666667,69,6.1,6,Platformer,,Yes,
Assassin's Creed Chronicles: India,PS4,Extra (Ubisoft+ Classics),Active,10/18/2022,,47.23333333,01/12/2016,6.766666667,63,4.3,6,Platformer,,Yes,
Assassin's Creed Chronicles: Russia,PS4,Extra (Ubisoft+ Classics),Active,10/18/2022,,47.23333333,02/09/2016,6.691666667,60,4.6,6.5,Platformer,,Yes,
Assassin's Creed III: Remastered,PS4,Extra (Ubisoft+ Classics),Active,10/18/2022,,47.23333333,03/29/2019,3.552777778,72,4.8,14.5,RPG,,Yes,
Assassin's Creed Odyssey,PS4,Extra (Ubisoft+ Classics),Active,10/18/2022,,47.23333333,10/02/2018,4.044444444,83,6.5,44.5,RPG,,Yes,
Assassin's Creed Syndicate,PS4,Extra (Ubisoft+ Classics),Active,10/18/2022,,47.23333333,10/23/2015,6.986111111,76,6.9,18.5,RPG,,Yes,
Castlevania: Lords of Shadow,PS5/PS4,Premium (Streaming Only),Active,10/18/2022,,47.23333333,10/05/2010,12.03611111,85,8,18,Action-Adventure,PS3,Yes,
Everyday Shooter,PS5/PS4,Premium (Streaming Only),Active,10/18/2022,,47.23333333,03/29/2006,16.55277778,83,7.3,7,Shooter,PS3,Yes,
Alex Kidd in Miracle World DX,PS5/PS4,Extra,Active,09/20/2022,,48.16666667,06/22/2021,1.244444444,60,6.5,2.5,Platformer,,Yes,
Rabbids Invasion: The Interactive TV Show,PS4,Extra,Active,09/20/2022,,48.16666667,11/18/2014,7.838888889,53,4.3,10,Action-Adventure,,No,
Assassin's Creed Origins,PS4,Extra (Ubisoft+ Classics),Active,09/20/2022,,48.16666667,10/27/2017,4.897222222,81,7.2,30,RPG,,Yes,
Rayman Legends,PS4,Extra (Ubisoft+ Classics),Active,09/20/2022,,48.16666667,08/29/2013,9.058333333,90,8.3,10,Platformer,,Yes,
Syphon Filter 2,PS5/PS4,Premium (Classics),Active,09/20/2022,,48.16666667,03/14/2000,22.51666667,81,8.7,10,Shooter,PS1,Yes,
Kingdom of Paradise,PS5/PS4,Premium (Classics),Active,09/20/2022,,48.16666667,11/15/2005,16.84722222,72,7.5,22,Action-Adventure,PSP,Yes,
Bentley's Hackpack,PS5/PS4,Premium (Streaming Only),Active,09/20/2022,,48.16666667,02/05/2013,9.625,73,7.8,6,Compilation,PS3,Yes,
The Sly Collection,PS5/PS4,Premium (Streaming Only),Active,09/20/2022,,48.16666667,11/09/2010,11.86388889,85,8.7,31.5,Platformer,PS3,Yes,
Sly Cooper: Thieves in Time,PS5/PS4,Premium (Streaming Only),Active,09/20/2022,,48.16666667,02/05/2013,9.625,75,8.2,13,Platformer,PS3,Yes,
Dead by Daylight,PS5/PS4,Extra,Active,08/16/2022,,49.3,06/14/2016,6.172222222,64,5.1,398,Action-Adventure,,Yes,
Wheel of Fortune (2017),PS4,Extra,Active,08/16/2022,,49.3,11/07/2017,4.775,80,7,0.5,Puzzle,,Yes,
UNO,PS5/PS4,Extra (Ubisoft+ Classics),Active,08/16/2022,,49.3,08/16/2016,6,71,6.3,5,Card Battle,,Yes,
Monopoly Madness,PS4,Extra (Ubisoft+ Classics),Active,08/16/2022,,49.3,12/09/2021,0.6861111111,65,4.9,6,Party,,Yes,
Final Fantasy VII: Remake Intergrade,PS5/PS4,Extra,Active,07/19/2022,,50.2,06/10/2021,1.108333333,89,8.4,33,RPG,PS4 gets the base version,Yes,
Spirit of the North: Enhanced Edition,PS5,Extra,Active,07/19/2022,,50.2,11/01/2019,2.716666667,64,6,5.5,Action-Adventure,,Portal (PS5 + Premium),
Ice Age: Scrat's Nutty Adventure,PS4,Extra,Active,07/19/2022,,50.2,10/18/2019,2.752777778,55,5.2,4,Action-Adventure,,Yes,
JUMANJI: The Video Game,PS4,Extra,Active,07/19/2022,,50.2,11/08/2019,2.697222222,25,1.3,1.5,Shooter,,Yes,
Paw Patrol: On a Roll!,PS4,Extra,Active,07/19/2022,,50.2,09/26/2018,3.813888889,60,5.9,5,Action-Adventure,,Yes,
ReadySet Heroes,PS4,Extra,Active,07/19/2022,,50.2,10/01/2019,2.8,57,6.8,3,Action-Adventure,,Yes,
Assassin's Creed: The Ezio Collection,PS4,Extra (Ubisoft+ Classics),Active,07/19/2022,,50.2,11/15/2016,5.677777778,72,8.2,68.5,RPG,,Yes,
Assassin's Creed IV: Black Flag,PS4,Extra (Ubisoft+ Classics),Active,07/19/2022,,50.2,10/29/2013,8.722222222,83,8,23,RPG,,Yes,
Assassin's Creed Freedom Cry,PS4,Extra (Ubisoft+ Classics),Active,07/19/2022,,50.2,12/17/2013,8.588888889,71,6.3,4.5,RPG,,Yes,
Assassin's Creed Unity,PS4,Extra (Ubisoft+ Classics),Active,07/19/2022,,50.2,11/11/2014,7.688888889,70,6,17,RPG,,Yes,
Assassin's Creed Rogue: Remastered,PS4,Extra (Ubisoft+ Classics),Active,07/19/2022,,50.2,03/20/2018,4.330555556,71,6.8,10.5,RPG,,Yes,
No Heroes Allowed: No Puzzles Either!,PS5,Premium (Classics),Active,07/19/2022,,50.2,04/22/2010,12.24166667,71,6.7,6,Puzzle,PSP,No,
LocoRoco Midnight Carnival,PS5,Premium (Classics),Active,07/19/2022,,50.2,10/29/2009,12.72222222,73,7.7,3.5,Puzzle,PSP,No,
Demon's Souls,PS5,Extra,Active,06/13/2022,,51.4,11/12/2020,1.586111111,92,8,23.5,RPG,,Portal (PS5 + Premium),
Returnal,PS5,Extra,Active,06/13/2022,,51.4,04/30/2021,1.119444444,86,7.3,20.5,Shooter,,No,
Death Stranding: Director's Cut,PS5/PS4,Extra,Active,06/13/2022,,51.4,09/24/2021,0.7194444444,82,8.1,32.5,Action-Adventure,PS4 gets the base version,Yes,
Ghost of Tsushima: Director's Cut,PS5/PS4,Extra,Active,06/13/2022,,51.4,08/20/2021,0.8138888889,85,8.4,25,Action-Adventure,,Yes,
Human: Fall Flat,PS5/PS4,Extra,Active,06/13/2022,,51.4,07/22/2016,5.891666667,68,7.2,6,Platformer,,Yes,Yes
Marvel's Guardians Of The Galaxy,PS5/PS4,Extra,Active,06/13/2022,,51.4,10/26/2021,0.6305555556,82,8.4,17.5,Action-Adventure,,Yes,
Marvel's Spider-Man: Miles Morales,PS5/PS4,Extra,Active,06/13/2022,,51.4,11/12/2020,1.586111111,86,7.6,7.5,Action-Adventure,,Yes,
Monster Truck Championship,PS5/PS4,Extra,Active,06/13/2022,,51.4,10/15/2020,1.661111111,70,3.8,9,Racing,,Yes,
Observer: System Redux,PS5/PS4,Extra,Active,06/13/2022,,51.4,11/10/2020,1.591666667,81,7.2,7,Horror,,Yes,
Tennis World Tour 2,PS5/PS4,Extra,Active,06/13/2022,,51.4,05/22/2018,4.058333333,59,3,10,Sports,,Yes,Yes
Warhammer: Chaosbane - Slayer Edition,PS5/PS4,Extra,Active,06/13/2022,,51.4,05/31/2019,3.036111111,68,6.4,10,RPG,,Portal (PS5 + Premium),Yes
Skate,PS4/PSVR,Extra,Active,06/13/2022,,51.4,08/01/2016,5.866666667,72,8,2,Platformer,,No,
Chess Ultra,PS4/PSVR,Extra,Active,06/13/2022,,51.4,06/01/2017,5.033333333,83,7.1,2,Simulation,,Yes,Yes
Tetris Effect: Connected,PS4/PSVR,Extra,Active,06/13/2022,,51.4,11/10/2020,1.591666667,90,7.4,3,Puzzle,,No,Yes
Age of Wonders: Planetfall,PS4,Extra,Active,06/13/2022,,51.4,08/06/2019,2.852777778,82,7.4,56.5,Strategy,,Yes,Yes
Bad North,PS4,Extra,Active,06/13/2022,,51.4,08/01/2018,3.866666667,73,7,6,Action-Adventure,,Yes,
Bee Simulator,PS4,Extra,Active,06/13/2022,,51.4,11/12/2019,2.586111111,60,5.6,2.5,Simulation,,Yes,Yes
Call of Cthulhu,PS4,Extra,Active,06/13/2022,,51.4,10/30/2018,3.619444444,68,6.9,13.5,RPG,,Yes,
Cartoon Network: Battle Crashers,PS4,Extra,Active,06/13/2022,,51.4,11/08/2016,5.597222222,29,5.5,5,Arcade,,Yes,Yes
Celeste,PS4,Extra,Active,06/13/2022,,51.4,01/25/2018,4.383333333,93,8.7,8,Platformer,,Yes,
Children of Morta,PS4,Extra,Active,06/13/2022,,51.4,09/03/2019,2.777777778,83,7.9,14.5,RPG,,Yes,Yes
Dark Rose Valkyrie,PS4,Extra,Active,06/13/2022,,51.4,06/01/2017,5.033333333,59,5.7,33.5,RPG,,Yes,
Dead or Alive 5: Last Round,PS4,Extra,Active,06/13/2022,,51.4,02/01/2015,7.366666667,72,7.4,3.5,Fighting,,Yes,Yes
Death end re;Quest,PS4,Extra,Active,06/13/2022,,51.4,04/12/2018,4.169444444,71,7.4,24.5,RPG,,No,
Deliver Us the Moon,PS5/PS4,Extra,Active,06/13/2022,,51.4,10/10/2019,2.675,75,7.3,5,Interactive Story,,Yes,
Desperados III,PS4,Extra,Active,06/13/2022,,51.4,06/16/2020,1.991666667,86,7.9,26.5,Strategy,,Yes,
Disgaea 5: Alliance of Vengeance,PS4,Extra,Active,06/13/2022,,51.4,10/01/2015,6.7,82,8.2,40.5,RPG,,Yes,
DOOM (2016),PS4,Extra,Active,06/13/2022,,51.4,05/01/2016,6.116666667,86,8.5,11.5,Shooter,,Yes,
Dragon Star Varnir,PS4,Extra,Active,06/13/2022,,51.4,10/11/2018,3.672222222,75,7.1,16.5,RPG,,No,
Dynasty Warriors 8: Empires,PS4,Extra,Active,06/13/2022,,51.4,11/20/2014,7.563888889,68,6.9,12.5,Action-Adventure,,No,Yes
Earth Defense Force 4.1: The Shadow of New Despair,PS4,Extra,Active,06/13/2022,,51.4,04/01/2015,7.2,65,8,22.5,Action-Adventure,,Yes,Yes
Embr,PS4,Extra,Active,06/13/2022,,51.4,05/21/2020,2.061111111,67,6.1,7,Action-Adventure,,Yes,Yes
Empire of Sin,PS4,Extra,Active,06/13/2022,,51.4,12/01/2020,1.533333333,63,6.2,13,Strategy,,Yes,
Entwined,PS4,Extra,Active,06/13/2022,,51.4,06/01/2014,8.033333333,68,6.9,1.5,Music,,Yes,Yes
Fade to Silence,PS4,Extra,Active,06/13/2022,,51.4,12/14/2017,4.497222222,56,5.7,37.5,RPG,,Yes,Yes
Fallout 76,PS4,Extra,Active,06/13/2022,,51.4,11/14/2018,3.580555556,54,5,30,RPG,,Yes,
FIA European Truck Racing Championship,PS4,Extra,Active,06/13/2022,,51.4,07/18/2019,2.902777778,62,5.7,11,Racing,,Yes,Yes
For The King,PS4,Extra,Active,06/13/2022,,51.4,02/27/2018,4.294444444,75,7.3,9.5,Strategy,,Yes,Yes
Frostpunk,PS4,Extra,Active,06/13/2022,,51.4,04/01/2018,4.2,85,8,10.5,Strategy,,Yes,
Fury Unleashed,PS4,Extra,Active,06/13/2022,,51.4,02/24/2017,5.302777778,77,7.3,8.5,Platformer,,Yes,Yes
Golf with Your Friends,PS4,Extra,Active,06/13/2022,,51.4,05/19/2020,2.066666667,67,7.1,13,Sports,,Yes,Yes
Grand Ages: Medieval,PS4,Extra,Active,06/13/2022,,51.4,10/01/2015,6.7,67,6,9,Strategy,,Yes,
Gravity Rush 2,PS4,Extra,Active,06/13/2022,,51.4,01/01/2017,5.45,81,8,9,Action-Adventure,,Yes,
Harvest Moon: Mad Dash,PS4,Extra,Active,06/13/2022,,51.4,10/29/2019,2.622222222,37,6.2,9,Puzzle,,No,Yes
Hello Neighbor,PS4,Extra,Active,06/13/2022,,51.4,12/01/2017,4.533333333,45,4.7,6.5,Horror,,Yes,Yes
Hotline Miami 2: Wrong Number,PS5/PS4,Extra,Active,06/13/2022,,51.4,03/10/2015,7.258333333,74,7.7,8.5,Action-Adventure,,No,
Hotshot Racing,PS4,Extra,Active,06/13/2022,,51.4,09/10/2020,1.758333333,77,6.8,1.5,Racing,,Yes,Yes
I Am Bread,PS4,Extra,Active,06/13/2022,,51.4,08/01/2015,6.866666667,61,6.7,3,Puzzle,,Yes,Yes
inFAMOUS: First Light,PS4,Extra,Active,06/13/2022,,51.4,08/01/2014,7.866666667,76,7.6,4,Action-Adventure,,Yes,
LEGO Batman 3: Beyond Gotham,PS4,Extra,Active,06/13/2022,,51.4,11/11/2014,7.588888889,73,7.1,10,Action-Adventure,,Yes,Yes
Little Big Workshop,PS4,Extra,Active,06/13/2022,,51.4,10/17/2019,2.655555556,75,6.5,18.5,Strategy,,Yes,
Little Nightmares,PS4,Extra,Active,06/13/2022,,51.4,04/28/2017,5.125,79,8,3.5,Action-Adventure,,Yes,
Magicka 2,PS4,Extra,Active,06/13/2022,,51.4,05/01/2015,7.116666667,69,7.2,6,RPG,,Yes,Yes
Mahjong,PS4,Extra,Active,06/13/2022,,51.4,02/20/2017,5.313888889,85,,6,Puzzle,,Yes,
Malicious Fallen,PS4,Extra,Active,06/13/2022,,51.4,02/01/2017,5.366666667,67,6.2,3.5,Action-Adventure,,Yes,
MediEvil,PS4,Extra,Active,06/13/2022,,51.4,10/01/2019,2.7,69,8,9,Action-Adventure,,Yes,
Megadimension Neptunia VII,PS4,Extra,Active,06/13/2022,,51.4,02/02/2016,6.363888889,73,7.9,36,RPG,,No,
Moonlighter,PS4,Extra,Active,06/13/2022,,51.4,05/29/2018,4.038888889,74,7.4,19,RPG,,Yes,
Mudrunner,PS4,Extra,Active,06/13/2022,,51.4,10/31/2017,4.619444444,67,7,13,Racing,,Yes,Yes
NASCAR Heat 5,PS4,Extra,Active,06/13/2022,,51.4,07/10/2020,1.925,69,5.7,,Racing,,Yes,Yes
Oddworld: New 'n' Tasty,PS4,Extra,Active,06/13/2022,,51.4,07/22/2014,7.891666667,84,7.7,9,Platformer,,Yes,
Omega Quintet,PS4,Extra,Active,06/13/2022,,51.4,04/28/2015,7.125,59,7.2,35,RPG,,Yes,
Overpass,PS4,Extra,Active,06/13/2022,,51.4,03/17/2020,2.238888889,63,5.9,8,Racing,,Yes,Yes
Pile Up! Box by Box,PS4,Extra,Active,06/13/2022,,51.4,04/15/2021,1.161111111,70,7,4,Platformer,,Yes,Yes
Prey,PS4,Extra,Active,06/13/2022,,51.4,05/05/2017,5.105555556,84,8.1,16,Shooter,,Yes,
Prison Architect,PS4,Extra,Active,06/13/2022,,51.4,10/06/2015,6.686111111,80,7.6,17,Strategy,,Yes,
Pure Hold'em World Poker Championship,PS4,Extra,Active,06/13/2022,,51.4,08/20/2015,6.813888889,69,6.7,,Card & Board,,Yes,
Pure Pool,PS4,Extra,Active,06/13/2022,,51.4,08/29/2014,7.788888889,75,7.2,,Sports,,Yes,
Rapala Fishing: Pro Series,PS4,Extra,Active,06/13/2022,,51.4,10/24/2017,4.636111111,48,5.2,,Sports,,Yes,
Rock of Ages 3: Make & Break,PS4,Extra,Active,06/13/2022,,51.4,07/21/2020,1.894444444,71,6.9,8,Strategy,,No,Yes
Secret Neighbor,PS4,Extra,Active,06/13/2022,,51.4,10/24/2019,2.636111111,54,5.7,,Horror,,No,Yes
Shadow of the Colossus,PS4,Extra,Active,06/13/2022,,51.4,02/06/2018,4.352777778,91,8.8,8,Action-Adventure,,Yes,
Shadow Warrior 2,PS4,Extra,Active,06/13/2022,,51.4,10/13/2016,5.666666667,78,7.7,13,Shooter,,Yes,
Space Hulk: Deathwing - Enhanced Edition,PS4,Extra,Active,06/13/2022,,51.4,05/22/2018,4.058333333,65,6.8,10,Shooter,,Yes,
Stellaris,PS4,Extra,Active,06/13/2022,,51.4,05/09/2016,6.094444444,78,7.8,,Strategy,,Yes,
Terraria,PS4,Extra,Active,06/13/2022,,51.4,03/26/2013,9.213888889,83,8.2,50,Action-Adventure,,Yes,Yes
The Fisherman: Fishing Planet,PS4,Extra,Active,06/13/2022,,51.4,10/17/2019,2.655555556,68,6.1,,Sports,,Yes,
The Last Guardian,PS4,Extra,Active,06/13/2022,,51.4,12/06/2016,5.519444444,82,7.9,12,Action-Adventure,,Yes,
The Technomancer,PS4,Extra,Active,06/13/2022,,51.4,06/28/2016,5.958333333,56,6.5,23,RPG,,Yes,
Townsmen: A Kingdom Rebuilt,PS4,Extra,Active,06/13/2022,,51.4,05/26/2020,2.047222222,66,6.8,5,Strategy,,Yes,
Tricky Towers,PS4,Extra,Active,06/13/2022,,51.4,08/02/2016,5.863888889,80,7.2,10,Puzzle,,Yes,Yes
Valiant Hearts: The Great War,PS4,Extra,Active,06/13/2022,,51.4,06/25/2014,7.966666667,77,8,7,Adventure,,Yes,
"Warhammer 40,000: Inquisitor - Martyr",PS4,Extra,Active,06/13/2022,,51.4,06/05/2018,4.022222222,62,6.7,40,RPG,,Yes,Yes
Ys IX: Monstrum Nox,PS4,Extra,Active,06/13/2022,,51.4,02/02/2021,1.363888889,75,7.8,40,RPG,,No,
Ys VIII: Lacrimosa of DANA,PS4,Extra,Active,06/13/2022,,51.4,09/12/2017,4.752777778,85,8.4,37,RPG,,No,
Matterfall,PS4,Extra,Active,06/13/2022,,51.4,08/15/2017,4.827777778,74,6.7,4,Platformer,,No,
Space Junkies,PS4/PSVR,Extra (Ubisoft+ Classics),Active,06/13/2022,,51.4,04/02/2019,3.197222222,66,6.5,,Shooter,,No,
Transference,PS4/PSVR,Extra (Ubisoft+ Classics),Active,06/13/2022,,51.4,09/18/2018,3.736111111,69,7,4,Horror,,No,
Eagle Flight,PS4/PSVR,Extra (Ubisoft+ Classics),Active,06/13/2022,,51.4,11/08/2016,5.597222222,69,6.6,3,Simulation,,No,Yes
Werewolves Within,PS4/PSVR,Extra (Ubisoft+ Classics),Active,06/13/2022,,51.4,12/06/2016,5.519444444,66,7.1,2,Party,,No,
Far Cry 3: Blood Dragon - Classic Edition,PS4,Extra (Ubisoft+ Classics),Active,06/13/2022,,51.4,06/16/2020,1.991666667,82,8.2,6,Shooter,,Yes,
Far Cry 3: Classic Edition,PS4,Extra (Ubisoft+ Classics),Active,06/13/2022,,51.4,05/29/2018,4.038888889,78,7.6,15,Shooter,,Yes,
Legendary Fishing,PS4,Extra (Ubisoft+ Classics),Active,06/13/2022,,51.4,09/18/2018,3.736111111,67,6.6,4,Sports,,Yes,Yes
Risk: Urban Assault,PS4,Extra (Ubisoft+ Classics),Active,06/13/2022,,51.4,09/20/2016,5.730555556,63,6.4,,Strategy,,Yes,Yes
South Park: The Fractured But Whole,PS4,Extra (Ubisoft+ Classics),Active,06/13/2022,,51.4,10/17/2017,4.655555556,78,7.7,18,RPG,,Yes,
South Park: The Stick of Truth,PS4,Extra (Ubisoft+ Classics),Active,06/13/2022,,51.4,03/04/2014,8.275,85,8.6,11,RPG,,Yes,
Starlink: Battle For Atlas,PS4,Extra (Ubisoft+ Classics),Active,06/13/2022,,51.4,10/16/2018,3.658333333,74,6.9,13,Action-Adventure,,Yes,Yes
Tom Clancy's The Division,PS4,Extra (Ubisoft+ Classics),Active,06/13/2022,,51.4,03/08/2016,6.263888889,80,6.7,40,Shooter,,Yes,
Trackmania Turbo,PS4/PSVR,Extra (Ubisoft+ Classics),Active,06/13/2022,,51.4,03/22/2016,6.225,81,7.5,14,Racing,,Yes,Yes
Trials of The Blood Dragon,PS4,Extra (Ubisoft+ Classics),Active,06/13/2022,,51.4,06/14/2016,5.997222222,66,6.1,6,Racing,,No,
Trials Rising,PS4,Extra (Ubisoft+ Classics),Active,06/13/2022,,51.4,02/26/2019,3.297222222,79,6.5,13,Racing,,Yes,Yes
ZOMBI,PS4,Extra (Ubisoft+ Classics),Active,06/13/2022,,51.4,08/18/2015,6.819444444,77,6.4,9,Horror,,Yes,
Super Stardust Portable,PS5/PS4,Premium (Classics),Active,06/13/2022,,51.4,06/28/2007,14.95833333,69,5.6,3,Shooter,"PSP, PS4 version added 1/24 after PS5 version came 6/23/22",No,
Ape Escape,PS5/PS4,Premium (Classics),Active,06/13/2022,,51.4,05/01/1999,23.11666667,90,8.2,12,Platformer,PS1,Yes,
Hot Shots Golf,PS5/PS4,Premium (Classics),Active,06/13/2022,,51.4,07/31/1998,23.86944444,82,8.6,,Sports,PS1,Yes,
I.Q Intelligent Qube,PS5/PS4,Premium (Classics),Active,06/13/2022,,51.4,11/30/1997,24.53611111,84,8.5,,Puzzle,PS1,Yes,
Jumping Flash!,PS5/PS4,Premium (Classics),Active,06/13/2022,,51.4,11/01/1995,26.61666667,70,7.9,4,Platformer,PS1,No,
Mr. Driller,PS5/PS4,Premium (Classics),Active,06/13/2022,,51.4,06/22/2000,21.975,80,8.1,,Puzzle,PS1,No,
Oddworld: Abe's Oddysee,PS5/PS4,Premium (Classics),Active,06/13/2022,,51.4,09/01/1997,24.78333333,85,8.7,7,Platformer,PS1,No,
Resident Evil: Director's Cut,PS5/PS4,Premium (Classics),Active,06/13/2022,,51.4,03/01/1996,26.28333333,80,8,10,Survival,PS1,No,
Syphon Filter,PS5/PS4,Premium (Classics),Active,06/13/2022,,51.4,01/01/1999,23.45,90,8.4,8,Shooter,PS1,Yes,
Tekken 2,PS5/PS4,Premium (Classics),Active,06/13/2022,,51.4,08/01/1995,26.86666667,89,7.8,,Fighting,PS1,No,
Wild Arms,PS5/PS4,Premium (Classics),Active,06/13/2022,,51.4,04/30/1997,25.11944444,78,8.7,28,RPG,PS1,No,
Worms Armageddon,PS5/PS4,Premium (Classics),Active,06/13/2022,,51.4,05/31/1999,23.03611111,86,8.8,,Strategy,PS1,No,
Worms World Party,PS5/PS4,Premium (Classics),Active,06/13/2022,,51.4,08/31/2001,20.78611111,81,8.4,9,Strategy,PS1,No,
echochrome,PS5/PS4,Premium (Classics),Active,06/13/2022,,51.4,05/01/2008,14.11666667,79,7.4,4,Puzzle,PSP,No,
Ape Escape 2,PS4,Premium (Classics),Active,06/13/2022,,51.4,07/01/2003,18.95,82,8.2,10,Platformer,PS2,Yes,
Arc The Lad: Twilight of the Spirits,PS4,Premium (Classics),Active,06/13/2022,,51.4,06/01/2003,19.03333333,72,8,60,Turn-Based Tactics,PS2,Yes,
Dark Cloud,PS4,Premium (Classics),Active,06/13/2022,,51.4,05/01/2001,21.11666667,80,8.6,40,RPG,PS2,Yes,
Dark Cloud 2,PS4,Premium (Classics),Active,06/13/2022,,51.4,02/01/2003,19.36666667,87,8.5,50,RPG,PS2,Yes,
FantaVision,PS4,Premium (Classics),Active,06/13/2022,,51.4,10/01/2000,21.7,72,7.3,4,Puzzle,PS2,Yes,
Hot Shots Tennis,PS4,Premium (Classics),Active,06/13/2022,,51.4,07/01/2007,14.95,70,7.7,6.5,Sports,PS2,Yes,
Jak 3,PS4,Premium (Classics),Active,06/13/2022,,51.4,11/01/2004,17.61666667,84,8.5,18,Platformer,PS2,Yes,
Jak and Daxter: The Precursor Legacy,PS4,Premium (Classics),Active,06/13/2022,,51.4,12/01/2001,20.53333333,90,8.8,12,Platformer,PS2,No,
Jak II,PS4,Premium (Classics),Active,06/13/2022,,51.4,10/01/2003,18.7,87,8.3,18,Platformer,PS2,No,
Jak X: Combat Racing,PS4,Premium (Classics),Active,06/13/2022,,51.4,10/01/2005,16.7,76,8,12,Racing,PS2,No,
Kinetica,PS4,Premium (Classics),Active,06/13/2022,,51.4,10/01/2001,20.7,77,7.8,4,Racing,PS2,Yes,
OKAGE: Shadow King,PS4,Premium (Classics),Active,06/13/2022,,51.4,03/01/2001,21.28333333,70,8.1,30,RPG,PS2,Yes,
Primal,PS4,Premium (Classics),Active,06/13/2022,,51.4,03/01/2003,19.28333333,73,7.5,15,Action-Adventure,PS2,Yes,
Rise of the Kasai,PS4,Premium (Classics),Active,06/13/2022,,51.4,04/01/2005,17.2,68,7.5,12,Action-Adventure,PS2,No,
Rogue Galaxy,PS4,Premium (Classics),Active,06/13/2022,,51.4,12/01/2005,16.53333333,83,8.2,40,RPG,PS2,Yes,
SIREN,PS5/PS4,Premium (Classics),Active,06/13/2022,,51.4,04/01/2004,18.2,72,8.1,20,Survival,PS2,Yes,
Star Wars: Bounty Hunter,PS4,Premium (Classics),Active,06/13/2022,,51.4,11/01/2002,19.61666667,65,7.6,10,Action-Adventure,PS2,Yes,
Star Wars: Jedi Starfighter,PS4,Premium (Classics),Active,06/13/2022,,51.4,03/01/2002,20.28333333,81,7.4,8,Shooter,PS2,Yes,
Star Wars: Racer Revenge,PS4,Premium (Classics),Active,06/13/2022,,51.4,02/01/2002,20.36666667,73,6.9,6,Racing,PS2,Yes,
The Mark of Kri,PS4,Premium (Classics),Active,06/13/2022,,51.4,07/01/2002,19.95,80,6.6,9,Action-Adventure,PS2,No,
War of the Monsters,PS4,Premium (Classics),Active,06/13/2022,,51.4,01/01/2003,19.45,80,8.2,6,Fighting,PS2,No,
Wild Arms 3,PS4,Premium (Classics),Active,06/13/2022,,51.4,10/01/2002,19.7,78,8.5,45,RPG,PS2,Yes,
LocoRoco 2: Remastered,PS4,Premium (Remasters),Active,06/13/2022,,51.4,12/01/2017,4.533333333,79,7.5,7,Platformer,PSP,No,
Lumines: Remastered,PS4,Premium (Remasters),Active,06/13/2022,,51.4,06/01/2018,4.033333333,80,7.6,5,Puzzle,PSP,No,Yes
Outcast: Second Contact,PS4,Premium (Remasters),Active,06/13/2022,,51.4,11/01/2017,4.616666667,61,6.6,15,Action-Adventure,Windows,Yes,
Patapon: Remastered,PS4,Premium (Remasters),Active,06/13/2022,,51.4,08/01/2017,4.866666667,72,7.9,7,Rhythm,PSP,No,
Patapon 2: Remastered,PS4,Premium (Remasters),Active,06/13/2022,,51.4,01/01/2020,2.45,75,8,9,Rhythm,PSP,Yes,Yes
Serious Sam Collection,PS4,Premium (Remasters),Active,06/13/2022,,51.4,11/17/2020,1.572222222,75,7.4,14,Shooter,Windows,Yes,Yes
UNCHARTED: The Nathan Drake Collection,PS4,Premium (Remasters),Active,06/13/2022,,51.4,10/01/2015,6.7,86,8.6,34,Action-Adventure,PS3,No,
MX vs. ATV: Alive,PS5/PS4,Premium (Streaming Only),Active,06/13/2022,,51.4,05/01/2011,11.11666667,61,6.8,10,Racing,PS3,Yes,
MX vs. ATV: Untamed,PS5/PS4,Premium (Streaming Only),Active,06/13/2022,,51.4,12/01/2007,14.53333333,67,7.3,10,Racing,PS3,Yes,
Raiden IV: OverKill,PS5/PS4,Premium (Streaming Only),Active,06/13/2022,,51.4,04/01/2014,8.2,78,7.5,4,Shooter,PS3,Yes,
Retro City Rampage DX,PS5/PS4,Premium (Streaming Only),Active,06/13/2022,,51.4,02/01/2014,8.366666667,80,7.4,5,Action-Adventure,PS3,Yes,
Rune Factory: Tides of Destiny,PS5/PS4,Premium (Streaming Only),Active,06/13/2022,,51.4,10/01/2011,10.7,55,8.1,35,RPG,PS3,Yes,
Split/Second: Velocity,PS5/PS4,Premium (Streaming Only),Active,06/13/2022,,51.4,05/01/2010,12.11666667,84,8,7,Racing,PS3,Yes,
Star Raiders,PS5/PS4,Premium (Streaming Only),Active,06/13/2022,,51.4,05/01/2011,11.11666667,35,5.7,5,Shooter,PS3,Yes,
STARWHAL,PS5/PS4,Premium (Streaming Only),Active,06/13/2022,,51.4,02/01/2015,7.366666667,78,7.3,,Party,PS3,Yes,
The Awakened Fate: Ultimatum,PS5/PS4,Premium (Streaming Only),Active,06/13/2022,,51.4,03/01/2015,7.283333333,65,7.4,30,RPG,PS3,Yes,
Urban Trial Freestyle,PS5/PS4,Premium (Streaming Only),Active,06/13/2022,,51.4,02/01/2013,9.366666667,64,6.4,3,Racing,PS3,Yes,
Velocity Ultra,PS5/PS4,Premium (Streaming Only),Active,06/13/2022,,51.4,07/01/2013,8.95,87,7.6,4,Shooter,PS3,Yes,
Way of the Samurai 4: Plus,PS5/PS4,Premium (Streaming Only),Active,06/13/2022,,51.4,08/01/2012,9.866666667,58,6.8,15,Action-Adventure,PS3,Yes,
XBlaze Lost: Memories,PS5/PS4,Premium (Streaming Only),Active,06/13/2022,,51.4,04/01/2015,7.2,63,7,10,Visual Novel,PS3,Yes,
Werewolf: The Apocalypse - Earthblood,PS5/PS4,Extra,Active,04/05/2022,,53.66666667,02/04/2021,1.169444444,56,5.5,8.5,Action-Adventure,,Portal (PS5 + Premium),
Totally Reliable Delivery Service,PS4,Extra,Active,11/02/2021,,58.76666667,04/01/2020,1.586111111,62,6,4,Platformer,,No,Yes
Yet Another Zombie Defense,PS4,Extra,Active,10/05/2021,,59.66666667,07/10/2019,2.236111111,55,6.2,2,Shooter,,Yes,Yes
Car Mechanic Simulator,PS5/PS4,Extra,Active,06/01/2021,,63.8,02/15/2019,2.294444444,55,6.4,25,Simulation,,Yes,
Nioh,PS4,Extra,Active,05/04/2021,,64.7,02/07/2017,4.241666667,88,8.5,35,RPG,,Yes,
The Long Dark,PS4,Extra,Active,04/06/2021,,65.63333333,09/01/2014,6.597222222,77,7.5,20,Survival,,Yes,
Zombie Army 4: Dead War,PS4,Extra,Active,04/06/2021,,65.63333333,02/04/2020,1.172222222,72,7.4,20,Shooter,,Yes,
Destruction AllStars,PS5,Extra,Active,02/02/2021,,67.76666667,02/02/2021,0,62,4.9,3.5,Action-Adventure,,Portal (PS5 + Premium),
Concrete Genie: Digital Deluxe Edition,PS4/PSVR,Extra,Active,02/02/2021,,67.76666667,10/08/2019,1.316666667,78,7.9,5,Action-Adventure,,Yes,
Assetto Corsa Competizione,PS5/PS4,Extra,Active,01/05/2021,,68.66666667,09/12/2018,2.313888889,69,7.4,12,Racing,,Yes,
Maneater,PS5/PS4,Extra,Active,01/05/2021,,68.66666667,05/22/2020,0.6194444444,73,7.3,8,RPG,,Yes,
Surviving Mars,PS4,Extra,Active,01/05/2021,,68.66666667,03/15/2018,2.805555556,75,7.3,22,Strategy,,Yes,
Stranded Deep,PS4,Extra,Active,12/01/2020,,69.8,04/21/2020,0.6111111111,64,6.3,23,Survival,,Yes,
The Surge 2,PS4,Extra,Active,12/01/2020,,69.8,09/24/2019,1.186111111,77,7.1,18,RPG,,Yes,
Bloodborne,PS4,Extra,Active,11/12/2020,,70.43333333,09/01/2015,5.197222222,91,8.9,33.5,RPG,,Yes,
Days Gone,PS4,Extra,Active,11/12/2020,,70.43333333,04/01/2019,1.613888889,71,8.4,36.5,Horror,,Yes,
Detroit: Become Human,PS4,Extra,Active,11/12/2020,,70.43333333,05/01/2018,2.530555556,80,8.4,12,Interactive Story,,Yes,
Fallout 4,PS4,Extra,Active,11/12/2020,,70.43333333,11/10/2015,5.005555556,87,6.5,27,RPG,,Yes,
Hollow Knight: Voidheart Edition,PS4,Extra,Active,11/03/2020,,70.73333333,02/24/2017,3.691666667,91,8.7,26.5,Platformer,,Yes,
Warhammer Vermintide 2,PS4,Extra,Active,11/03/2020,,70.73333333,03/08/2018,2.652777778,79,7.7,24,Action-Adventure,,Yes,
Trine 4: The Nightmare Prince,PS4,Extra,Active,10/06/2020,,71.63333333,10/08/2019,0.9944444444,81,7.7,10,Platformer,,Yes,Yes
AO Tennis 2,PS4,Extra,Active,08/04/2020,,73.7,02/01/2020,0.5083333333,70,6.2,20,Sports,,Yes,Yes
Dead Cells,PS5/PS4,Extra,Active,08/04/2020,,73.7,05/10/2017,3.233333333,89,8.5,14,Platformer,,Yes,
Power Rangers: Battle For The Grid,PS4,Extra,Active,08/04/2020,,73.7,03/26/2019,1.355555556,61,7.2,3,Fighting,,Yes,Yes
Uncharted 4: A Thief's End,PS4,Extra,Active,04/07/2020,,77.6,05/10/2016,3.908333333,93,8.5,15,Action-Adventure,,Yes,
UNCHARTED: The Lost Legacy,PS4,Extra,Active,04/07/2020,,77.6,08/22/2017,2.625,84,7.8,8,Action-Adventure,,No,
Cities: Skylines,PS4,Extra,Active,02/04/2020,,79.7,03/10/2015,4.9,83,8.6,27,Simulation,,Yes,
The Surge,PS4,Extra,Active,09/03/2019,,84.73333333,05/16/2017,2.297222222,73,7.2,19,RPG,,Yes,
Vampyr,PS4,Extra,Active,09/03/2019,,84.73333333,06/05/2018,1.244444444,70,7.1,17,RPG,,Yes,
Wolfenstein: The New Order,PS4,Extra,Active,08/06/2019,,85.63333333,05/20/2014,5.211111111,79,8.3,11,Shooter,,Yes,
The Raven: Remastered,PS4,Premium (Remasters),Active,08/06/2019,,85.63333333,03/01/2018,1.430555556,72,7.3,10,Point-and-Click,PS3,Yes,
WipEout: Omega Collection,PS4/PSVR,Premium (Remasters),Active,08/06/2019,,85.63333333,04/01/2013,6.347222222,85,8.2,8,Racing,PS3,No,Yes
Castlevania: Lords of Shadow - Mirror of Fate,PS5/PS4,Premium (Streaming Only),Active,08/06/2019,,85.63333333,10/01/2013,5.847222222,70,7.2,10,Action-Adventure,PS3,Yes,
Castlevania: Lords of Shadow 2,PS5/PS4,Premium (Streaming Only),Active,08/06/2019,,85.63333333,03/01/2014,5.430555556,63,6.4,16,Action-Adventure,PS3,Yes,
Nightmares From the Deep 2: The Siren's Call,PS5/PS4,Extra,Active,07/02/2019,,86.76666667,08/26/2016,2.85,69,8.3,4,Hidden Object,,No,
Surgeon Simulator: Anniversary Edition,PS4,Extra,Active,06/04/2019,,87.7,08/14/2014,4.805555556,71,6.6,5,Simulation,,Yes,Yes
Brawlout,PS4,Extra,Active,05/07/2019,,88.6,08/01/2018,0.7666666667,64,5.5,1.5,Fighting,,Yes,Yes
Black Knight Sword,PS5/PS4,Premium (Streaming Only),Active,03/05/2019,,90.66666667,12/01/2012,6.261111111,66,6.8,3,Platformer,PS3,Yes,
Rebel Galaxy,PS4,Extra,Active,02/07/2019,,91.6,10/13/2015,3.316666667,76,7.4,20,RPG,,Yes,
Lock's Quest,PS4,Extra,Active,01/08/2019,,92.56666667,05/01/2017,1.686111111,50,7.7,12,Strategy,,Yes,Yes
Bubsy: The Woolies Strike Back,PS4,Extra,Active,12/04/2018,,93.7,10/01/2017,1.175,39,5.5,1.5,Action-Adventure,,Yes,
Kingdom: New Lands,PS4,Extra,Active,12/04/2018,,93.7,10/01/2015,3.175,78,7.5,9.5,Platformer,,Yes,
TRON RUN/r,PS4,Extra,Active,12/04/2018,,93.7,02/16/2016,2.8,57,5.7,5,Racing,,Yes,
For Honor,PS4,Extra (Ubisoft+ Classics),Active,12/04/2018,,93.7,02/14/2017,1.805555556,76,7,7,Fighting,Removed from streaming,No,Yes
GAROU: Mark of the Wolves,PS4,Premium (Classics),Active,12/04/2018,,93.7,11/26/1999,19.02222222,79,8.5,1,Fighting,PS2,Yes,
Mount & Blade: Warband,PS4,Extra,Active,12/04/2018,,93.7,09/01/2016,2.258333333,67,8.5,40,RPG,,Yes,Yes
Super Star Wars,PS4,Premium (Classics),Active,12/04/2018,,93.7,11/01/1992,26.09166667,79,8.1,6,Shooter,SNES,Yes,
Battle Chasers: Nightwar,PS4,Extra,Active,11/07/2018,,94.6,10/03/2017,1.094444444,80,7,29,RPG,,Yes,
Vikings: Wolves of Midgard,PS4,Extra,Active,11/06/2018,,94.63333333,03/28/2017,1.605555556,64,6.9,17,RPG,,Yes,Yes
Steep,PS4,Extra (Ubisoft+ Classics),Active,11/06/2018,,94.63333333,12/02/2016,1.927777778,72,7,12,Sports,,Yes,
LocoRoco: Remastered,PS4,Premium (Remasters),Active,11/06/2018,,94.63333333,09/01/2017,1.180555556,79,7.4,6,Platformer,PSP,Yes,
Sniper Elite 4,PS4,Extra,Active,10/05/2018,,95.66666667,02/14/2017,1.641666667,79,7.7,13,Shooter,,Yes,Yes
The Elder Scrolls Online: Tamriel Unlimited,PS4,Extra,Active,10/05/2018,,95.66666667,06/09/2015,3.322222222,74,6.7,,RPG,,Yes,
Carmageddon: Max Damage,PS5/PS4,Premium (Streaming Only),Active,10/05/2018,,95.66666667,07/01/2016,2.261111111,51,5.3,,Racing,PS3,Yes,
XCOM 2,PS4,Extra,Active,06/05/2018,,99.66666667,02/05/2016,2.333333333,88,8.1,32,Strategy,,Yes,
Trials Fusion,PS4,Extra (Ubisoft+ Classics),Active,06/05/2018,,99.66666667,04/15/2014,4.138888889,80,7.3,12,Racing,,Yes,Yes
The Last Blade 2,PS4,Premium (Classics),Active,05/01/2018,,100.8,08/25/1998,19.68333333,76,8,,Fighting,Arcade,Yes,
Atari Flashback Classics Vol. 1,PS4,Premium (Remasters),Active,03/06/2018,,102.6333333,10/01/2016,1.430555556,70,6.8,,Arcade,Atari 2600 and Arcade,Yes,
Atari Flashback Classics Vol. 2,PS4,Premium (Remasters),Active,03/06/2018,,102.6333333,10/01/2016,1.430555556,68,7,,Arcade,Atari 2600 and Arcade,Yes,
Alienation,PS4,Extra,Active,01/09/2018,,104.5333333,04/01/2016,1.772222222,79,7.7,8,Shooter,,Yes,Yes
Aragami,PS4,Extra,Active,01/09/2018,,104.5333333,10/04/2016,1.263888889,74,6.6,7,Action-Adventure,,Yes,
Everybody's Golf,PS4,Extra,Active,01/09/2018,,104.5333333,08/29/2017,0.3611111111,79,7.8,16,Sports,,No,Yes
Knack,PS4,Extra,Active,01/09/2018,,104.5333333,11/01/2013,4.188888889,58,6.8,10.5,Platformer,,Yes,Yes
Gravity Rush: Remastered,PS4,Premium (Remasters),Active,01/09/2018,,104.5333333,02/01/2016,1.938888889,80,8.1,20,Action-Adventure,PS Vita,Yes,
High Stakes on the Vegas Strip: Poker Edition,PS5/PS4,Premium (Streaming Only),Active,12/05/2017,,105.6666667,10/23/2008,9.116666667,74,7.1,,Card & Board,PS3,Yes,
The Witch and the Hundred Knight: Revival Edition,PS4,Extra,Active,10/03/2017,,107.7333333,03/01/2016,1.588888889,62,7.1,45,RPG,,Yes,
FALLOUT 3,PS5/PS4,Premium (Streaming Only),Active,09/05/2017,,108.6666667,10/01/2008,8.927777778,90,8.3,23,RPG,PS3,Yes,
Fallout: New Vegas,PS5/PS4,Premium (Streaming Only),Active,09/05/2017,,108.6666667,10/01/2010,6.927777778,82,8,27,RPG,PS3,Yes,
HUNTED: THE DEMON'S FORGE,PS5/PS4,Premium (Streaming Only),Active,09/05/2017,,108.6666667,05/01/2011,6.344444444,57,6.4,10,Action-Adventure,PS3,Yes,
Killzone Shadow Fall,PS4,Extra,Active,07/06/2017,,110.6333333,11/01/2013,3.680555556,73,6.8,10,Shooter,,Yes,Yes
Shadow of the Beast,PS4,Extra,Active,07/06/2017,,110.6333333,05/17/2016,1.136111111,59,6,5,Action-Adventure,,Yes,
Tearaway Unfolded,PS4,Extra,Active,07/06/2017,,110.6333333,09/08/2015,1.827777778,81,7.8,8,Platformer,,Yes,
Tropico 5,PS4,Extra,Active,07/06/2017,,110.6333333,05/23/2014,3.119444444,75,7.3,20,Strategy,,Yes,
Resogun,PS4,Extra,Active,07/06/2017,,110.6333333,11/15/2013,3.641666667,84,8.1,4,Shooter,,Yes,
Air Conflicts: Pacific Carriers,PS4,Extra,Active,07/06/2017,,110.6333333,11/01/2015,1.680555556,65,6.1,8,Shooter,,Yes,
God of War III: Remastered,PS4,Premium (Remasters),Active,07/06/2017,,110.6333333,07/01/2015,2.013888889,81,8.4,9,Action-Adventure,PS3,Yes,
Q*Bert: Rebooted,PS4,Premium (Remasters),Active,07/06/2017,,110.6333333,07/01/2014,3.013888889,44,4.7,,Arcade,Arcade,Yes,Yes
Until Dawn,PS4,Extra,Active,07/04/2017,,110.7,08/25/2015,1.858333333,79,8.3,9,Horror,,Yes,
Bolt,PS5/PS4,Premium (Streaming Only),Active,06/09/2017,,111.5333333,11/01/2008,8.605555556,59,6,7,Action-Adventure,PS3,Yes,
Cars Mater-National Championship,PS5/PS4,Premium (Streaming Only),Active,06/09/2017,,111.5333333,10/01/2007,9.688888889,63,7.1,7,Racing,PS3,Yes,
Cars Race-O-Rama,PS5/PS4,Premium (Streaming Only),Active,06/09/2017,,111.5333333,10/01/2009,7.688888889,61,6.8,7,Racing,PS3,Yes,
Disney Epic Mickey 2: The Power of Two,PS5/PS4,Premium (Streaming Only),Active,06/09/2017,,111.5333333,11/18/2012,4.558333333,59,6.5,9,Platformer,PS3,Yes,
Disney Universe,PS5/PS4,Premium (Streaming Only),Active,06/09/2017,,111.5333333,10/01/2011,5.688888889,70,7.5,10,Action-Adventure,PS3,Yes,
Disney/PIXAR Brave,PS5/PS4,Premium (Streaming Only),Active,06/09/2017,,111.5333333,06/01/2012,5.022222222,71,6,6,Action-Adventure,PS3,Yes,
Disney/PIXAR Cars 2: The Video Game,PS5/PS4,Premium (Streaming Only),Active,06/09/2017,,111.5333333,06/01/2011,6.022222222,74,7.2,7,Racing,PS3,Yes,
Disney/PIXAR Toy Story Mania!,PS5/PS4,Premium (Streaming Only),Active,06/09/2017,,111.5333333,10/01/2014,2.688888889,33,6.7,3,Party,PS3,Yes,
Disney G-Force,PS5/PS4,Premium (Streaming Only),Active,06/09/2017,,111.5333333,07/01/2009,7.938888889,68,6.7,6,Action-Adventure,PS3,Yes,
Phineas and Ferb: Across the 2nd Dimension,PS5/PS4,Premium (Streaming Only),Active,06/09/2017,,111.5333333,08/01/2011,5.855555556,63,6.8,6,Action-Adventure,PS3,Yes,
Pirates of the Caribbean: At World's End,PS5/PS4,Premium (Streaming Only),Active,06/09/2017,,111.5333333,03/01/2007,10.27222222,55,7,9,Action-Adventure,PS3,Yes,
Disney/PIXAR Ratatouille,PS5/PS4,Premium (Streaming Only),Active,06/09/2017,,111.5333333,10/01/2007,9.688888889,55,6.5,7,Action-Adventure,PS3,Yes,
Tron: Evolution,PS5/PS4,Premium (Streaming Only),Active,06/09/2017,,111.5333333,12/01/2010,6.522222222,58,5.7,8,Action-Adventure,PS3,Yes,
Dynasty Warriors 8: Xtreme Legends,PS5/PS4,Premium (Streaming Only),Active,05/02/2017,,112.7666667,05/01/2014,3.002777778,68,7.8,25,Action-Adventure,PS3,Yes,
LEGO Indiana Jones 2: The Adventure Continues,PS5/PS4,Premium (Streaming Only),Active,04/04/2017,,113.7,11/01/2009,7.425,70,7.5,12,Action-Adventure,PS3,Yes,
LEGO Indiana Jones: The Original Adventures,PS5/PS4,Premium (Streaming Only),Active,04/04/2017,,113.7,06/03/2008,8.836111111,77,7.9,10,Action-Adventure,PS3,Yes,
LEGO Star Wars III: The Clone Wars,PS5/PS4,Premium (Streaming Only),Active,04/04/2017,,113.7,03/22/2011,6.033333333,75,7.5,9,Action-Adventure,PS3,Yes,
LEGO Star Wars: The Complete Saga,PS5/PS4,Premium (Streaming Only),Active,04/04/2017,,113.7,11/06/2007,9.411111111,80,8.4,14,Action-Adventure,PS3,Yes,
Dynasty Warriors 6: Empires,PS5/PS4,Premium (Streaming Only),Active,02/07/2017,,115.6,06/01/2009,7.683333333,62,7.2,25,Action-Adventure,PS3,Yes,
NINJA GAIDEN 3,PS5/PS4,Premium (Streaming Only),Active,02/07/2017,,115.6,03/01/2012,4.933333333,58,6.1,11,Action-Adventure,PS3,Yes,
NINJA GAIDEN 3: Razor's Edge,PS5/PS4,Premium (Streaming Only),Active,02/07/2017,,115.6,04/01/2013,3.85,67,6.8,13,Action-Adventure,PS3,Yes,
NOBUNAGA'S AMBITION: Sphere of Influence,PS5/PS4,Premium (Streaming Only),Active,02/07/2017,,115.6,09/01/2015,1.433333333,80,8.1,50,Strategy,PS3,Yes,
QUANTUM THEORY,PS5/PS4,Premium (Streaming Only),Active,02/07/2017,,115.6,09/01/2010,6.433333333,43,5.5,7,Shooter,PS3,Yes,
SAMURAI WARRIORS 2: Empires - HD Version,PS5/PS4,Premium (Streaming Only),Active,02/07/2017,,115.6,02/24/2015,1.952777778,,,20,Action-Adventure,PS3,Yes,
SAMURAI WARRIORS 3: Empires,PS5/PS4,Premium (Streaming Only),Active,02/07/2017,,115.6,02/10/2015,1.991666667,,,25,Action-Adventure,PS3,Yes,
SAMURAI WARRIORS 4,PS5/PS4,Premium (Streaming Only),Active,02/07/2017,,115.6,03/01/2014,2.933333333,76,8,25,Action-Adventure,PS3,Yes,
WARRIORS OROCHI 3,PS5/PS4,Premium (Streaming Only),Active,02/07/2017,,115.6,03/01/2012,4.933333333,70,8.1,30,Action-Adventure,PS3,Yes,
Warriors: Legends of Troy,PS5/PS4,Premium (Streaming Only),Active,02/07/2017,,115.6,03/01/2011,5.933333333,44,6.5,12,Action-Adventure,PS3,Yes,
YAIBA: NINJA GAIDEN Z,PS5/PS4,Premium (Streaming Only),Active,02/07/2017,,115.6,03/01/2014,2.933333333,43,6.1,8,Action-Adventure,PS3,Yes,
Alien Rage,PS5/PS4,Premium (Streaming Only),Active,11/08/2016,,118.5666667,10/01/2013,3.102777778,46,5.4,5,Shooter,PS3,Yes,
Enemy Front,PS5/PS4,Premium (Streaming Only),Active,11/08/2016,,118.5666667,06/01/2014,2.436111111,43,5.7,7,Shooter,PS3,Yes,
Go! Sports Ski,PS5/PS4,Premium (Streaming Only),Active,11/08/2016,,118.5666667,10/01/2007,9.102777778,25,6.7,3,Sports,PS3,Yes,
Greg Hastings Paintball 2,PS5/PS4,Premium (Streaming Only),Active,11/08/2016,,118.5666667,06/01/2011,5.436111111,46,6.8,7,Shooter,PS3,Yes,
AKIBA'S TRIP: Undead & Undressed,PS5/PS4,Premium (Streaming Only),Active,10/04/2016,,119.7,11/01/2014,1.925,57,7.1,12,Action-Adventure,PS3,Yes,
All Zombies Must Die!,PS5/PS4,Premium (Streaming Only),Active,10/04/2016,,119.7,12/01/2011,4.841666667,67,6.4,7,Action-Adventure,PS3,Yes,Yes
Bladestorm: Nightmare,PS5/PS4,Premium (Streaming Only),Active,10/04/2016,,119.7,03/01/2015,1.591666667,58,6.4,25,RPG,PS3,Yes,
BloodRayne: Betrayal,PS5/PS4,Premium (Streaming Only),Active,10/04/2016,,119.7,09/01/2011,5.091666667,69,6.4,4,Platformer,PS3,Yes,
Burn Zombie Burn!,PS5/PS4,Premium (Streaming Only),Active,10/04/2016,,119.7,03/01/2009,7.591666667,76,7.6,6,Shooter,PS3,Yes,Yes
Castlevania: Harmony of Despair,PS5/PS4,Premium (Streaming Only),Active,10/04/2016,,119.7,09/01/2011,5.091666667,68,7.7,12,Action-Adventure,PS3,Yes,Yes
Deception IV: The Nightmare Princess,PS5/PS4,Premium (Streaming Only),Active,10/04/2016,,119.7,07/01/2015,1.258333333,69,7.8,25,Strategy,PS3,Yes,
Child of Light,PS4,Extra (Ubisoft+ Classics),Active,08/02/2016,,121.7666667,04/30/2014,2.255555556,89,8,12,RPG,,Yes,Yes
Battle Princess of Arcadias,PS5/PS4,Premium (Streaming Only),Active,08/02/2016,,121.7666667,06/01/2014,2.169444444,69,6.6,10,RPG,PS3,Yes,
DISGAEA 3: Absence of Justice,PS5/PS4,Premium (Streaming Only),Active,08/02/2016,,121.7666667,08/01/2008,8.002777778,78,8,48,RPG,PS3,Yes,
DISGAEA 4: A Promise Unforgotten,PS5/PS4,Premium (Streaming Only),Active,08/02/2016,,121.7666667,09/01/2011,4.919444444,80,8.1,50,RPG,PS3,Yes,
Disgaea D2: A Brighter Darkness,PS5/PS4,Premium (Streaming Only),Active,08/02/2016,,121.7666667,10/01/2013,2.836111111,74,7.9,50,RPG,PS3,Yes,
Dragon Fin Soup,PS5/PS4,Premium (Streaming Only),Active,08/02/2016,,121.7666667,11/03/2015,0.7472222222,68,5.9,15,RPG,PS3,Yes,
BEYOND: Two Souls (2016),PS4,Premium (Remasters),Active,07/05/2016,,122.6666667,11/01/2015,0.6777777778,72,8,11,Action-Adventure,PS3,Yes,
Heavy Rain (2016),PS4,Premium (Remasters),Active,07/05/2016,,122.6666667,03/01/2016,0.3444444444,78,8.4,10,Action-Adventure,PS3,Yes,
The Last of Us: Left Behind,PS4,Extra,Active,07/05/2016,,122.6666667,02/01/2014,2.427777778,88,8.1,2.5,Action-Adventure,,Yes,
Arcana Heart 3: LOVE MAX!!!!!,PS5/PS4,Extra,Active,07/05/2016,,122.6666667,09/01/2014,1.844444444,68,7.7,,Fighting,PS3,Yes,
Bellator MMA Onslaught,PS5/PS4,Premium (Streaming Only),Active,07/05/2016,,122.6666667,06/19/2012,4.044444444,44,5.4,,Fighting,PS3,Yes,
Deadliest Warrior: Legends,PS5/PS4,Premium (Streaming Only),Active,07/05/2016,,122.6666667,06/01/2011,5.094444444,56,7.3,,Fighting,PS3,Yes,
Deadliest Warrior: The Game,PS5/PS4,Premium (Streaming Only),Active,07/05/2016,,122.6666667,07/01/2010,6.011111111,56,7.4,,Fighting,PS3,Yes,
Genji: Days of the Blade,PS5/PS4,Premium (Streaming Only),Active,07/05/2016,,122.6666667,11/01/2006,9.677777778,55,6.7,10,Action-Adventure,PS3,Yes,
MotorStorm RC: Complete Edition,PS5/PS4,Premium (Streaming Only),Active,07/05/2016,,122.6666667,03/01/2012,4.344444444,83,7.5,5,Racing,PS3,Yes,
Air Conflicts: Secret Wars,PS5/PS4,Premium (Streaming Only),Active,06/07/2016,,123.6,06/30/2011,4.936111111,51,4.8,7,Shooter,PS3,Yes,
Air Conflicts: Vietnam,PS5/PS4,Premium (Streaming Only),Active,06/07/2016,,123.6,10/02/2013,2.680555556,30,4.8,7,Shooter,PS3,Yes,
BATTLE OF TILES EX,PS5/PS4,Premium (Streaming Only),Active,06/07/2016,,123.6,07/31/2013,2.852777778,,6.7,,Strategy,PS3,Yes,
Dogfight 1942,PS5/PS4,Premium (Streaming Only),Active,06/07/2016,,123.6,09/01/2012,3.766666667,59,5.8,4,Shooter,PS3,Yes,
Duke Nukem: Forever,PS5/PS4,Premium (Streaming Only),Active,06/07/2016,,123.6,06/01/2011,5.016666667,51,3.2,10,Shooter,PS3,Yes,
HOARD,PS5/PS4,Premium (Streaming Only),Active,06/07/2016,,123.6,11/01/2010,5.6,75,6.9,4,Strategy,PS3,Yes,
Doc Clock: The Toasted Sandwich of Time,PS5/PS4,Premium (Streaming Only),Active,05/03/2016,,124.7333333,05/01/2012,4.005555556,54,6.4,5,Puzzle,PS3,Yes,
Hamsterball,PS5/PS4,Premium (Streaming Only),Active,05/03/2016,,124.7333333,03/01/2010,6.172222222,61,7.1,3,Arcade,PS3,Yes,
Jetpack Joyride Deluxe,PS5/PS4,Premium (Streaming Only),Active,05/03/2016,,124.7333333,11/25/2014,1.438888889,90,7.3,3,Action-Adventure,PS3,Yes,
Kung Fu Rabbit,PS5/PS4,Premium (Streaming Only),Active,05/03/2016,,124.7333333,05/01/2013,3.005555556,72,5.9,3,Platformer,PS3,Yes,
LEGO Batman: The Videogame,PS5/PS4,Premium (Streaming Only),Active,05/03/2016,,124.7333333,09/23/2008,7.611111111,76,7.8,10,Action-Adventure,PS3,Yes,
Magic Orbz,PS5/PS4,Premium (Streaming Only),Active,05/03/2016,,124.7333333,01/01/2009,7.338888889,66,6.9,3,Arcade,PS3,Yes,
Resident Evil 4,PS5/PS4,Premium (Streaming Only),Active,04/12/2016,,125.4333333,01/11/2005,11.25277778,76,9,16,Shooter,PS3,Yes,
Resident Evil Operation Raccoon City,PS5/PS4,Premium (Streaming Only),Active,04/12/2016,,125.4333333,05/01/2012,3.947222222,52,5.5,6,Shooter,PS3,Yes,
Resident Evil Revelations,PS5/PS4,Premium (Streaming Only),Active,04/12/2016,,125.4333333,05/01/2013,2.947222222,78,8,9,Action-Adventure,PS3,Yes,
Resident Evil Revelations 2: Complete Edition,PS5/PS4,Premium (Streaming Only),Active,04/12/2016,,125.4333333,05/01/2013,2.947222222,75,7.5,10,Action-Adventure,PS3,Yes,
Dark Void,PS5/PS4,Premium (Streaming Only),Active,04/06/2016,,125.6333333,01/15/2010,6.225,59,6,7.5,Shooter,PS3,Yes,
Darkstalkers: Resurrection,PS5/PS4,Premium (Streaming Only),Active,04/06/2016,,125.6333333,05/01/2013,2.930555556,80,7.6,,Fighting,PS3,Yes,
Devil May Cry 4,PS5/PS4,Premium (Streaming Only),Active,04/06/2016,,125.6333333,02/01/2008,8.180555556,84,8.1,12,Action-Adventure,PS3,Yes,
Devil May Cry: HD Collection,PS5/PS4,Premium (Streaming Only),Active,04/06/2016,,125.6333333,03/01/2012,4.097222222,74,8,30,Action-Adventure,PS3,Yes,
The Lego Movie Videogame,PS4,Extra,Active,02/17/2016,,127.2666667,02/07/2014,2.027777778,74,7.4,8,Action-Adventure,,Yes,Yes
F.E.A.R. FIRST ENCOUNTER ASSAULT RECON,PS5/PS4,Premium (Streaming Only),Active,02/17/2016,,127.2666667,04/01/2007,8.877777778,72,8.6,8,Shooter,PS3,Yes,
Injustice: Gods Among Us - Ultimate Edition,PS5/PS4,Premium (Streaming Only),Active,02/17/2016,,127.2666667,12/01/2013,2.211111111,70,7.7,5,Fighting,PS3,Yes,
Escape Dead Island,PS5/PS4,Premium (Streaming Only),Active,02/02/2016,,127.7666667,11/01/2014,1.252777778,40,4.9,8,Action-Adventure,PS3,Yes,
Narco Terror,PS5/PS4,Premium (Streaming Only),Active,02/02/2016,,127.7666667,07/01/2013,2.586111111,55,6,3,Shooter,PS3,Yes,
Sacred 3: Gold Edition,PS5/PS4,Premium (Streaming Only),Active,02/02/2016,,127.7666667,08/01/2014,1.502777778,56,5.1,10,Action-Adventure,PS3,Yes,
Sacred Citadel,PS5/PS4,Premium (Streaming Only),Active,02/02/2016,,127.7666667,04/17/2013,2.791666667,63,6.3,5,Action-Adventure,PS3,Yes,
.detuned,PS5/PS4,Premium (Streaming Only),Active,01/05/2016,,128.6666667,10/01/2009,6.261111111,46,3.5,,Rhythm,PS3,Yes,
Anarchy: Rush Hour,PS5/PS4,Premium (Streaming Only),Active,01/05/2016,,128.6666667,09/15/2010,5.305555556,59,,,Racing,PS3,Yes,
Armageddon Riders,PS5/PS4,Premium (Streaming Only),Active,01/05/2016,,128.6666667,09/22/2009,6.286111111,62,,,Racing,PS3,Yes,Yes
Big Sky Infinity,PS5/PS4,Premium (Streaming Only),Active,01/05/2016,,128.6666667,12/01/2012,3.094444444,71,7.1,,Shooter,PS3,Yes,Yes
Class of Heroes 2G,PS5/PS4,Premium (Streaming Only),Active,01/05/2016,,128.6666667,12/01/2014,1.094444444,40,7.2,45,RPG,PS3,Yes,Yes
CRASH COMMANDO,PS5/PS4,Premium (Streaming Only),Active,01/05/2016,,128.6666667,12/01/2008,7.094444444,78,7.2,3,Shooter,PS3,Yes,Yes
Hot Shots Golf: Out of Bounds,PS5/PS4,Premium (Streaming Only),Active,01/05/2016,,128.6666667,03/01/2008,7.844444444,81,8.4,15,Golf,PS3,Yes,
Hot Shots Golf: World Invitational,PS5/PS4,Premium (Streaming Only),Active,01/05/2016,,128.6666667,02/01/2012,3.927777778,80,7.7,14,Golf,PS3,Yes,
Invizimals: The Lost Kingdom,PS5/PS4,Premium (Streaming Only),Active,01/05/2016,,128.6666667,09/01/2014,1.344444444,50,6.2,8,Action-Adventure,PS3,Yes,
Linger in Shadows,PS5/PS4,Premium (Streaming Only),Active,01/05/2016,,128.6666667,10/01/2008,7.261111111,59,6.4,1,Interactive,PS3,Yes,
LocoRoco Cocoreccho!,PS5/PS4,Premium (Streaming Only),Active,01/05/2016,,128.6666667,09/01/2007,8.344444444,72,7.3,2,Platformer,PS3,Yes,
Magus,PS5/PS4,Premium (Streaming Only),Active,01/05/2016,,128.6666667,02/01/2014,1.927777778,32,4,10,RPG,PS3,Yes,
Mamorukun Curse!,PS5/PS4,Premium (Streaming Only),Active,01/05/2016,,128.6666667,07/01/2013,2.511111111,71,7.2,4,Shooter,PS3,Yes,
MotorStorm Apocalypse,PS5/PS4,Premium (Streaming Only),Active,01/05/2016,,128.6666667,05/01/2011,4.677777778,77,7.8,10,Racing,PS3,Yes,
NINJA GAIDEN SIGMA 2,PS5/PS4,Premium (Streaming Only),Active,01/05/2016,,128.6666667,09/01/2009,6.344444444,83,8.4,15,Action-Adventure,PS3,Yes,
Numblast,PS5/PS4,Premium (Streaming Only),Active,01/05/2016,,128.6666667,11/01/2009,6.177777778,70,7.1,5,Puzzle,PS3,Yes,
OKABU,PS5/PS4,Premium (Streaming Only),Active,01/05/2016,,128.6666667,10/18/2011,4.213888889,59,,3,Action-Adventure,PS3,Yes,
PixelJunk Eden Encore,PS5/PS4,Premium (Streaming Only),Active,01/05/2016,,128.6666667,04/01/2009,6.761111111,86,7.3,5,Platformer,PS3,Yes,
PixelJunk Monsters,PS5/PS4,Premium (Streaming Only),Active,01/05/2016,,128.6666667,01/01/2008,8.011111111,83,7.8,8,Strategy,PS3,Yes,
PixelJunk Racers 2nd Lap,PS5/PS4,Premium (Streaming Only),Active,01/05/2016,,128.6666667,08/01/2010,5.427777778,66,6.8,2,Racing,PS3,Yes,
Prismatic Solid,PS5/PS4,Premium (Streaming Only),Active,01/05/2016,,128.6666667,12/14/2011,4.058333333,,4.8,1,Shooter,PS3,Yes,
Puppeteer,PS5/PS4,Premium (Streaming Only),Active,01/05/2016,,128.6666667,09/01/2013,2.344444444,80,8,12,Platformer,PS3,Yes,
Ragnarok Odyssey ACE,PS5/PS4,Premium (Streaming Only),Active,01/05/2016,,128.6666667,04/01/2014,1.761111111,61,7.2,30,RPG,PS3,Yes,
rain,PS5/PS4,Premium (Streaming Only),Active,01/05/2016,,128.6666667,10/01/2013,2.261111111,72,7.1,3,Action-Adventure,PS3,Yes,
Ratchet and Clank: All 4 One,PS5/PS4,Premium (Streaming Only),Active,01/05/2016,,128.6666667,10/01/2011,4.261111111,70,7.1,9,Action-Adventure,PS3,Yes,
Ratchet and Clank: Quest for Booty,PS5/PS4,Premium (Streaming Only),Active,01/05/2016,,128.6666667,08/01/2008,7.427777778,76,7.5,3,Action-Adventure,PS3,Yes,
Red Faction: Battlegrounds,PS5/PS4,Premium (Streaming Only),Active,01/05/2016,,128.6666667,04/01/2011,4.761111111,49,5.9,3,Shooter,PS3,Yes,
Resistance 3,PS5/PS4,Premium (Streaming Only),Active,01/05/2016,,128.6666667,09/01/2011,4.344444444,83,7.9,8,Shooter,PS3,Yes,
Ricochet HD,PS5/PS4,Premium (Streaming Only),Active,01/05/2016,,128.6666667,01/01/2011,5.011111111,45,6.6,3,Arcade,PS3,Yes,
Savage Moon,PS5/PS4,Premium (Streaming Only),Active,01/05/2016,,128.6666667,01/01/2009,7.011111111,73,7.5,6,Strategy,PS3,Yes,
Sky Fighter,PS5/PS4,Premium (Streaming Only),Active,01/05/2016,,128.6666667,02/01/2011,4.927777778,73,,3,Shooter,PS3,Yes,
Slender: The Arrival,PS5/PS4,Premium (Streaming Only),Active,01/05/2016,,128.6666667,03/01/2015,0.8444444444,48,6.4,3,Horror,PS3,Yes,
Smash Cars,PS5/PS4,Premium (Streaming Only),Active,01/05/2016,,128.6666667,08/01/2009,6.427777778,61,6.8,4,Racing,PS3,Yes,
Snakeball,PS5/PS4,Premium (Streaming Only),Active,01/05/2016,,128.6666667,12/01/2007,8.094444444,65,6.8,3,Arcade,PS3,Yes,
Soldner-X 2: Final Prototype,PS5/PS4,Premium (Streaming Only),Active,01/05/2016,,128.6666667,03/01/2015,0.8444444444,77,7.3,6,Shooter,PS3,Yes,
Spelunker Collection,PS5/PS4,Premium (Streaming Only),Active,01/05/2016,,128.6666667,07/30/2013,2.430555556,,,5,Platformer,PS3,Yes,
Spelunker HD,PS5/PS4,Premium (Streaming Only),Active,01/05/2016,,128.6666667,11/01/2010,5.177777778,56,6.8,5,Platformer,PS3,Yes,
Tales from Space: Mutant Blobs Attack,PS5/PS4,Premium (Streaming Only),Active,01/05/2016,,128.6666667,06/01/2014,1.594444444,81,7.9,5,Platformer,PS3,Yes,
The Guided Fate Paradox,PS5/PS4,Premium (Streaming Only),Active,01/05/2016,,128.6666667,11/01/2013,2.177777778,74,7.6,35,RPG,PS3,Yes,
The Last Guy,PS5/PS4,Premium (Streaming Only),Active,01/05/2016,,128.6666667,08/01/2008,7.427777778,77,7.6,6,Puzzle,PS3,Yes,
TOKYO JUNGLE,PS5/PS4,Premium (Streaming Only),Active,01/05/2016,,128.6666667,09/01/2012,3.344444444,74,7.7,10,Action-Adventure,PS3,Yes,
Toy Home,PS5/PS4,Premium (Streaming Only),Active,01/05/2016,,128.6666667,12/01/2007,8.094444444,57,6.9,3,Racing,PS3,Yes,
Trash Panic,PS5/PS4,Premium (Streaming Only),Active,01/05/2016,,128.6666667,06/01/2009,6.594444444,72,7.2,3,Puzzle,PS3,Yes,
TRINITY: Souls of Zill O'll,PS5/PS4,Premium (Streaming Only),Active,01/05/2016,,128.6666667,02/01/2011,4.927777778,55,6.5,40,RPG,PS3,Yes,
Wakeboarding HD,PS5/PS4,Premium (Streaming Only),Active,01/05/2016,,128.6666667,08/20/2013,2.375,63,,3,Sports,PS3,Yes,
When Vikings Attack!,PS5/PS4,Premium (Streaming Only),Active,01/05/2016,,128.6666667,11/01/2012,3.177777778,73,7.1,4,Action-Adventure,PS3,Yes,
White Knight Chronicles: International Edition,PS5/PS4,Premium (Streaming Only),Active,01/05/2016,,128.6666667,02/01/2010,5.927777778,64,6.5,45,RPG,PS3,Yes,
XBLAZE Code: Embryo,PS5/PS4,Premium (Streaming Only),Active,01/05/2016,,128.6666667,06/01/2014,1.594444444,43,6.7,15,Visual Novel,PS3,Yes,
XCOM: Enemy Within,PS5/PS4,Premium (Streaming Only),Active,01/05/2016,,128.6666667,11/12/2013,2.147222222,88,8.4,27.5,Strategy,PS3,Yes,
Zack Zero,PS5/PS4,Premium (Streaming Only),Active,01/05/2016,,128.6666667,01/01/2012,4.011111111,60,6.9,4,Platformer,PS3,Yes,
Zombie Tycoon 2: Brainhov's Revenge,PS5/PS4,Premium (Streaming Only),Active,01/05/2016,,128.6666667,04/01/2013,2.761111111,63,7.2,5,Strategy,PS3,Yes,
STRIDER (2014),PS4,Premium (Remasters),Active,11/03/2015,,130.7333333,02/01/2014,1.755555556,77,7.8,7,Action-Adventure,Arcade,Yes,
Alien Spidy,PS5/PS4,Premium (Streaming Only),Active,11/03/2015,,130.7333333,07/01/2013,2.338888889,55,5.5,3,Platformer,PS3,Yes,
Anna: Extended Edition,PS5/PS4,Premium (Streaming Only),Active,11/03/2015,,130.7333333,07/01/2012,3.338888889,75,5.6,4,Horror,PS3,Yes,
Asura's Wrath,PS5/PS4,Premium (Streaming Only),Active,11/03/2015,,130.7333333,02/01/2012,3.755555556,71,8,10,Action-Adventure,PS3,Yes,
Atelier Escha & Logy ~Alchemists of the Dusk Sky~,PS5/PS4,Premium (Streaming Only),Active,11/03/2015,,130.7333333,07/01/2014,1.338888889,79,7.7,50,RPG,PS3,Yes,
Atelier Rorona Plus: The Alchemist of Arland,PS5/PS4,Premium (Streaming Only),Active,11/03/2015,,130.7333333,06/01/2009,6.422222222,80,7.8,40,RPG,PS3,Yes,
Battle Fantasia,PS5/PS4,Premium (Streaming Only),Active,11/03/2015,,130.7333333,12/01/2009,5.922222222,67,7.3,,Fighting,PS3,Yes,
Resident Evil: The Darkside Chronicles,PS5/PS4,Premium (Streaming Only),Active,11/03/2015,,130.7333333,11/01/2009,6.005555556,75,8.1,7,Shooter,PS3,Yes,
Bionic Commando: Rearmed,PS5/PS4,Premium (Streaming Only),Active,11/03/2015,,130.7333333,08/01/2008,7.255555556,87,8.3,5,Platformer,PS3,Yes,Yes
Bionic Commando: Rearmed 2,PS5/PS4,Premium (Streaming Only),Active,11/03/2015,,130.7333333,02/01/2011,4.755555556,63,5.7,5,Platformer,PS3,Yes,Yes
CAPCOM ARCADE CABINET: ALL-IN-ONE PACK,PS5/PS4,Premium (Streaming Only),Active,11/03/2015,,130.7333333,02/19/2013,2.705555556,,,,Compilation,PS3,Yes,
Cel Damage HD,PS5/PS4,Premium (Streaming Only),Active,11/03/2015,,130.7333333,04/01/2014,1.588888889,58,6.7,,Racing,PS3,Yes,
Comet Crash: Bionic Bundle,PS5/PS4,Premium (Streaming Only),Active,11/03/2015,,130.7333333,08/06/2013,2.241666667,,,,Strategy,PS3,Yes,Yes
Death Track: Resurrection,PS5/PS4,Premium (Streaming Only),Active,11/03/2015,,130.7333333,02/01/2008,7.755555556,53,5.8,,Racing,PS3,Yes,
Divekick,PS5/PS4,Premium (Streaming Only),Active,11/03/2015,,130.7333333,08/01/2013,2.255555556,65,7.1,,Fighting,PS3,Yes,
Double Dragon Neon,PS5/PS4,Premium (Streaming Only),Active,11/03/2015,,130.7333333,09/11/2012,3.144444444,66,7.4,3.5,Action-Adventure,PS3,Yes,
Dragon's Lair,PS5/PS4,Premium (Streaming Only),Active,11/03/2015,,130.7333333,05/01/2012,3.505555556,47,6.2,1,Action-Adventure,PS3,Yes,
Dragon's Lair II: Time Warp,PS5/PS4,Premium (Streaming Only),Active,11/03/2015,,130.7333333,06/01/2011,4.422222222,69,6.2,1,Action-Adventure,PS3,Yes,
Ethan: Meteor Hunter,PS5/PS4,Premium (Streaming Only),Active,11/03/2015,,130.7333333,10/01/2013,2.088888889,44,6.6,5,Platformer,PS3,Yes,
Frogger Returns,PS5/PS4,Premium (Streaming Only),Active,11/03/2015,,130.7333333,12/01/2009,5.922222222,44,4.4,2,Arcade,PS3,Yes,
Fuel Overdose,PS5/PS4,Premium (Streaming Only),Active,11/03/2015,,130.7333333,03/01/2013,2.672222222,51,5.2,,Racing,PS3,Yes,
Hamilton's Great Adventure,PS5/PS4,Premium (Streaming Only),Active,11/03/2015,,130.7333333,08/01/2011,4.255555556,74,5.8,5,Adventure,PS3,Yes,
ibb & obb,PS5/PS4,Premium (Streaming Only),Active,11/03/2015,,130.7333333,08/01/2013,2.255555556,78,7.7,4,Action-Adventure,PS3,Yes,
Joe Danger 2: The Movie,PS5/PS4,Premium (Streaming Only),Active,11/03/2015,,130.7333333,10/09/2012,3.066666667,82,7.8,2,Racing,PS3,Yes,
Karateka,PS5/PS4,Premium (Streaming Only),Active,11/03/2015,,130.7333333,12/01/2012,2.922222222,73,5.8,2,Action-Adventure,PS3,Yes,
Knytt Underground,PS5/PS4,Premium (Streaming Only),Active,11/03/2015,,130.7333333,12/01/2012,2.922222222,73,7.5,12,Platformer,PS3,Yes,
Lost Planet: Extreme Condition,PS5/PS4,Premium (Streaming Only),Active,11/03/2015,,130.7333333,02/01/2008,7.755555556,67,7.5,8,Shooter,PS3,Yes,
Lost Planet 2,PS5/PS4,Premium (Streaming Only),Active,11/03/2015,,130.7333333,05/01/2010,5.505555556,68,7.1,10,Shooter,PS3,Yes,
Lost Planet 3,PS5/PS4,Premium (Streaming Only),Active,11/03/2015,,130.7333333,08/01/2013,2.255555556,61,6.5,11,Shooter,PS3,Yes,
Matt Hazard: Blood Bath and Beyond,PS5/PS4,Premium (Streaming Only),Active,11/03/2015,,130.7333333,01/01/2010,5.838888889,65,6.3,4,Shooter,PS3,Yes,
MEGA MAN 10,PS5/PS4,Premium (Streaming Only),Active,11/03/2015,,130.7333333,03/01/2010,5.672222222,79,7.8,2,Platformer,PS3,Yes,
MEGA MAN 9,PS5/PS4,Premium (Streaming Only),Active,11/03/2015,,130.7333333,09/22/2008,7.113888889,82,8.2,3.5,Platformer,PS3,Yes,
Pid,PS5/PS4,Premium (Streaming Only),Active,11/03/2015,,130.7333333,11/01/2012,3.005555556,70,6.2,5,Platformer,PS3,Yes,
Proteus,PS5/PS4,Premium (Streaming Only),Active,11/03/2015,,130.7333333,10/01/2013,2.088888889,72,6.2,1,Adventure,PS3,Yes,
Rocket Knight,PS5/PS4,Premium (Streaming Only),Active,11/03/2015,,130.7333333,05/01/2010,5.505555556,70,7.2,4,Platformer,PS3,Yes,
Rogue Warrior,PS5/PS4,Premium (Streaming Only),Active,11/03/2015,,130.7333333,12/01/2009,5.922222222,27,4,3,Shooter,PS3,Yes,
Rotastic,PS5/PS4,Premium (Streaming Only),Active,11/03/2015,,130.7333333,09/01/2011,4.172222222,66,7,4,Action-Adventure,PS3,Yes,
Sam & Max Beyond Time and Space: Episode 1 - Ice Station Santa,PS5/PS4,Premium (Streaming Only),Active,11/03/2015,,130.7333333,10/01/2009,6.088888889,75,7.6,2,Adventure,PS3,Yes,
Sam & Max Beyond Time and Space: Episode 2 - Moai Better Blues,PS5/PS4,Premium (Streaming Only),Active,11/03/2015,,130.7333333,10/01/2009,6.088888889,75,7.7,2,Adventure,PS3,Yes,
Sam & Max Beyond Time and Space: Episode 3 - Night of the Raving Dead,PS5/PS4,Premium (Streaming Only),Active,11/03/2015,,130.7333333,10/01/2009,6.088888889,75,7.8,2,Adventure,PS3,Yes,
Sam & Max Beyond Time and Space: Episode 4 - Chariots of the Dogs,PS5/PS4,Premium (Streaming Only),Active,11/03/2015,,130.7333333,10/01/2009,6.088888889,75,7.9,2,Adventure,PS3,Yes,
Sam & Max Beyond Time and Space: Episode 5 - What's New Beelzebub?,PS5/PS4,Premium (Streaming Only),Active,11/03/2015,,130.7333333,10/01/2009,6.088888889,75,8.1,2,Adventure,PS3,Yes,
Sam & Max The Devil's Playhouse: Episode 1 - The Penal Zone,PS5/PS4,Premium (Streaming Only),Active,11/03/2015,,130.7333333,08/01/2010,5.255555556,81,7.5,3,Adventure,PS3,Yes,
Sam & Max The Devil's Playhouse: Episode 2 - The Tomb of Sammun-Mak,PS5/PS4,Premium (Streaming Only),Active,11/03/2015,,130.7333333,08/01/2010,5.255555556,85,7.7,3,Adventure,PS3,Yes,
Sam & Max The Devil's Playhouse: Episode 3 - They Stole Max's Brain,PS5/PS4,Premium (Streaming Only),Active,11/03/2015,,130.7333333,08/01/2010,5.255555556,73,7.9,3,Adventure,PS3,Yes,
Sam & Max The Devil's Playhouse: Episode 4 - Beyond Alley of Dolls,PS5/PS4,Premium (Streaming Only),Active,11/03/2015,,130.7333333,08/01/2010,5.255555556,76,7.6,3,Adventure,PS3,Yes,
Sam & Max The Devil's Playhouse: Episode 5 - The City That Dares Not Sleep,PS5/PS4,Premium (Streaming Only),Active,11/03/2015,,130.7333333,08/01/2010,5.255555556,80,7.8,3,Adventure,PS3,Yes,
Space Ace,PS5/PS4,Premium (Streaming Only),Active,11/03/2015,,130.7333333,11/01/2013,2.005555556,33,,1,Adventure,PS3,Yes,
STRONG BAD'S COOL GAME FOR ATTRACTIVE PEOPLE - EPISODE 1: HOMESTAR RUINER,PS5/PS4,Premium (Streaming Only),Active,11/03/2015,,130.7333333,04/01/2008,7.588888889,76,7.9,2,Adventure,PS3,Yes,
STRONG BAD'S COOL GAME FOR ATTRACTIVE PEOPLE - EPISODE 2: STRONG BADIA THE FREE,PS5/PS4,Premium (Streaming Only),Active,11/03/2015,,130.7333333,04/01/2008,7.588888889,82,7.8,2,Adventure,PS3,Yes,
STRONG BAD'S COOL GAME FOR ATTRACTIVE PEOPLE - EPISODE 3: BADDEST OF THE BANDS,PS5/PS4,Premium (Streaming Only),Active,11/03/2015,,130.7333333,04/01/2008,7.588888889,79,7.7,2,Adventure,PS3,Yes,
STRONG BAD'S COOL GAME FOR ATTRACTIVE PEOPLE - EPISODE 4: DANGERESQUE 3: THE CRIMINAL PROJECTIVE,PS5/PS4,Premium (Streaming Only),Active,11/03/2015,,130.7333333,04/01/2008,7.588888889,81,7.8,2,Adventure,PS3,Yes,
STRONG BAD'S COOL GAME FOR ATTRACTIVE PEOPLE - EPISODE 5: 8-BIT IS ENOUGH,PS5/PS4,Premium (Streaming Only),Active,11/03/2015,,130.7333333,04/01/2008,7.588888889,82,7.9,2,Adventure,PS3,Yes,
Thunder Wolves,PS5/PS4,Premium (Streaming Only),Active,11/03/2015,,130.7333333,08/01/2013,2.255555556,62,6,4,Shooter,PS3,Yes,
Truck Racer,PS5/PS4,Premium (Streaming Only),Active,11/03/2015,,130.7333333,02/01/2014,1.755555556,78,4.2,5,Racing,PS3,Yes,
Voodoo Chronicles: The First Sign,PS5/PS4,Premium (Streaming Only),Active,11/03/2015,,130.7333333,12/11/2012,2.894444444,57,,8,Adventure,PS3,Yes,
Warlords,PS5/PS4,Premium (Streaming Only),Active,11/03/2015,,130.7333333,10/01/2012,3.088888889,72,7,,Strategy,PS3,Yes,
Champion Jockey: G1 Jockey & Gallop Racer,PS5/PS4,Premium (Streaming Only),Active,07/05/2015,,134.6666667,09/22/2011,3.786111111,48,,,Sports,PS3,Yes,
Dynasty Warriors 6,PS5/PS4,Premium (Streaming Only),Active,06/23/2015,,135.0666667,02/01/2008,7.394444444,59,7.2,20,Action-Adventure,PS3,Yes,
NINJA GAIDEN SIGMA,PS5/PS4,Premium (Streaming Only),Active,04/07/2015,,137.6,07/01/2007,7.766666667,88,8.7,17,Action-Adventure,PS3,Yes,
Super Stardust HD,PS5/PS4,Premium (Streaming Only),Active,04/07/2015,,137.6,06/01/2007,7.85,85,8,4,Shooter,PS3,Yes,
Alone in the Dark: Inferno,PS5/PS4,Premium (Streaming Only),Active,03/03/2015,,138.7333333,11/01/2008,6.338888889,69,5.9,12,Action-Adventure,PS3,Yes,
Rainbow Moon,PS4,Extra,Active,01/13/2015,,140.4,06/04/2012,2.608333333,70,8,40,RPG,,Yes,
Hotline Miami,PS5/PS4,Extra,Active,01/13/2015,,140.4,10/23/2012,2.222222222,87,8.4,5,Action-Adventure,,No,
AFRIKA,PS5/PS4,Premium (Streaming Only),Active,01/13/2015,,140.4,08/01/2008,6.45,63,6.2,10,Simulation,PS3,Yes,
Anomaly: Warzone Earth,PS5/PS4,Premium (Streaming Only),Active,01/13/2015,,140.4,09/01/2012,2.366666667,78,7.2,5,Strategy,PS3,Yes,Yes
Aqua Panic!,PS5/PS4,Premium (Streaming Only),Active,01/13/2015,,140.4,10/01/2010,4.283333333,68,6.8,4,Puzzle,PS3,Yes,
Ar nosurge: Ode to an Unborn Star,PS5/PS4,Premium (Streaming Only),Active,01/13/2015,,140.4,03/01/2014,0.8666666667,67,7.5,40,RPG,PS3,Yes,
Arcana Heart 3,PS5/PS4,Premium (Streaming Only),Active,01/13/2015,,140.4,04/01/2011,3.783333333,73,7.2,,Fighting,PS3,Yes,
Atelier Ayesha: The Alchemist of Dusk,PS5/PS4,Premium (Streaming Only),Active,01/13/2015,,140.4,06/01/2012,2.616666667,70,7.9,45,RPG,PS3,Yes,
Atelier Meruru: The Alchemist of Arland,PS5/PS4,Premium (Streaming Only),Active,01/13/2015,,140.4,06/01/2011,3.616666667,66,8,45,RPG,PS3,Yes,
Atelier Shallie ~Alchemists of the Dusk Sea~,PS5/PS4,Premium (Streaming Only),Active,01/13/2015,,140.4,07/01/2014,0.5333333333,76,7.8,45,RPG,PS3,Yes,
Bang Bang Racing,PS5/PS4,Premium (Streaming Only),Active,01/13/2015,,140.4,06/01/2012,2.616666667,58,6.5,,Racing,PS3,Yes,Yes
Batman: Arkham Origins,PS5/PS4,Premium (Streaming Only),Active,01/13/2015,,140.4,10/01/2013,1.283333333,76,7.4,12,Action-Adventure,PS3,Yes,
BIT.TRIP Presents...Runner2: Future Legend of Rhythm Alien,PS5/PS4,Premium (Streaming Only),Active,01/13/2015,,140.4,02/01/2013,1.95,86,7.8,5,Platformer,PS3,Yes,
Bladestorm: The Hundred Years' War,PS5/PS4,Premium (Streaming Only),Active,01/13/2015,,140.4,11/01/2007,7.2,58,7.3,25,RPG,PS3,Yes,
BlazBlue: Calamity Trigger,PS5/PS4,Premium (Streaming Only),Active,01/13/2015,,140.4,06/01/2009,5.616666667,87,8,,Fighting,PS3,Yes,
Blood Knights,PS5/PS4,Premium (Streaming Only),Active,01/13/2015,,140.4,11/01/2013,1.2,43,5.6,5,Action-Adventure,PS3,Yes,Yes
Brink,PS5/PS4,Premium (Streaming Only),Active,01/13/2015,,140.4,05/01/2011,3.7,72,6.3,7,Shooter,PS3,Yes,
Chime Super Deluxe,PS5/PS4,Premium (Streaming Only),Active,01/13/2015,,140.4,03/01/2011,3.866666667,78,7.1,,Puzzle,PS3,Yes,Yes
Critter Crunch,PS5/PS4,Premium (Streaming Only),Active,01/13/2015,,140.4,10/01/2009,5.283333333,87,7.7,3,Puzzle,PS3,Yes,Yes
Dark Sector,PS5/PS4,Premium (Streaming Only),Active,01/13/2015,,140.4,03/01/2008,6.866666667,72,7.4,10,Action-Adventure,PS3,Yes,
DEAD OR ALIVE 5,PS5/PS4,Premium (Streaming Only),Active,01/13/2015,,140.4,09/01/2012,2.366666667,74,7.7,,Fighting,PS3,Yes,Yes
Deception IV: Blood Ties,PS5/PS4,Premium (Streaming Only),Active,01/13/2015,,140.4,02/01/2014,0.95,70,7.4,25,Strategy,PS3,Yes,
Derrick the Deathfin,PS5/PS4,Premium (Streaming Only),Active,01/13/2015,,140.4,10/01/2012,2.283333333,72,6.7,3,Action-Adventure,PS3,Yes,
Dynasty Warriors 7,PS5/PS4,Premium (Streaming Only),Active,01/13/2015,,140.4,03/01/2011,3.866666667,57,7.6,20,Action-Adventure,PS3,Yes,
Dynasty Warriors 7: Empires,PS5/PS4,Premium (Streaming Only),Active,01/13/2015,,140.4,02/01/2013,1.95,63,7.5,25,Action-Adventure,PS3,Yes,
Dynasty Warriors 7: Xtreme Legends,PS5/PS4,Premium (Streaming Only),Active,01/13/2015,,140.4,11/01/2011,3.2,68,7.6,25,Action-Adventure,PS3,Yes,
Dynasty Warriors 8,PS5/PS4,Premium (Streaming Only),Active,01/13/2015,,140.4,07/01/2013,1.533333333,68,8,25,Action-Adventure,PS3,Yes,
Dynasty Warriors Strikeforce,PS5/PS4,Premium (Streaming Only),Active,01/13/2015,,140.4,02/01/2010,4.95,64,7.4,20,Action-Adventure,PS3,Yes,
Earth Defense Force 2025,PS5/PS4,Premium (Streaming Only),Active,01/13/2015,,140.4,02/01/2014,0.95,69,7.8,15,Shooter,PS3,Yes,
Earth Defense Force: Insect Armageddon,PS5/PS4,Premium (Streaming Only),Active,01/13/2015,,140.4,07/01/2011,3.533333333,63,7.7,7,Shooter,PS3,Yes,
Eat Lead: The Return of Matt Hazard,PS5/PS4,Premium (Streaming Only),Active,01/13/2015,,140.4,02/01/2009,5.95,51,5.6,7,Shooter,PS3,Yes,
Eat Them!,PS5/PS4,Premium (Streaming Only),Active,01/13/2015,,140.4,12/01/2010,4.116666667,65,7.2,6,Action-Adventure,PS3,Yes,
echochrome,PS5/PS4,Premium (Streaming Only),Active,01/13/2015,,140.4,05/01/2008,6.7,81,7.4,4,Puzzle,PS3,No,
Elefunk,PS5/PS4,Premium (Streaming Only),Active,01/13/2015,,140.4,07/01/2008,6.533333333,70,7.3,4,Puzzle,PS3,Yes,
ENSLAVED: Odyssey to the West,PS5/PS4,Premium (Streaming Only),Active,01/13/2015,,140.4,10/01/2010,4.283333333,80,7.8,9,Action-Adventure,PS3,Yes,
Eufloria,PS5/PS4,Premium (Streaming Only),Active,01/13/2015,,140.4,10/01/2011,3.283333333,73,7.4,7,Strategy,PS3,Yes,
Faery: Legends of Avalon,PS5/PS4,Premium (Streaming Only),Active,01/13/2015,,140.4,01/01/2011,4.033333333,57,6.8,10,RPG,PS3,Yes,
Final Exam,PS5/PS4,Premium (Streaming Only),Active,01/13/2015,,140.4,11/01/2013,1.2,60,5.8,5,Action-Adventure,PS3,Yes,
Final Fight: Double Impact,PS5/PS4,Premium (Streaming Only),Active,01/13/2015,,140.4,04/14/2010,4.747222222,77,7.5,1,Brawler,PS3,Yes,
Ghostbusters: Sanctum of Slime,PS5/PS4,Premium (Streaming Only),Active,01/13/2015,,140.4,03/01/2011,3.866666667,42,3.6,4,Action-Adventure,PS3,Yes,
God of War HD,PS5/PS4,Premium (Streaming Only),Active,01/13/2015,,140.4,03/01/2005,9.866666667,88,8.9,9,Action-Adventure,PS3,Yes,
God of War II HD,PS5/PS4,Premium (Streaming Only),Active,01/13/2015,,140.4,03/01/2007,7.866666667,81,9.1,12,Action-Adventure,PS3,Yes,
God of War: Ascension,PS5/PS4,Premium (Streaming Only),Active,01/13/2015,,140.4,03/01/2013,1.866666667,80,7.8,12,Action-Adventure,PS3,Yes,
Hakuoki: Stories of the Shinsengumi,PS5/PS4,Premium (Streaming Only),Active,01/13/2015,,140.4,09/19/2013,1.316666667,68,7.4,50,Adventure,PS3,Yes,
Heavy Fire: Afghanistan,PS5/PS4,Premium (Streaming Only),Active,01/13/2015,,140.4,11/01/2011,3.2,39,3.8,3,Shooter,PS3,Yes,
Heavy Fire: Shattered Spear,PS5/PS4,Premium (Streaming Only),Active,01/13/2015,,140.4,01/29/2013,1.955555556,38,4.8,3,Shooter,PS3,Yes,
Hustle Kings,PS5/PS4,Premium (Streaming Only),Active,01/13/2015,,140.4,01/01/2010,5.033333333,81,7.8,,Billiards,PS3,Yes,
ICO,PS5/PS4,Premium (Streaming Only),Active,01/13/2015,,140.4,09/01/2001,13.36666667,90,8.6,8,Action-Adventure,PS3,Yes,
inFAMOUS,PS5/PS4,Premium (Streaming Only),Active,01/13/2015,,140.4,05/01/2009,5.7,85,8.5,15,Action-Adventure,PS3,Yes,
inFAMOUS 2,PS5/PS4,Premium (Streaming Only),Active,01/13/2015,,140.4,06/01/2011,3.616666667,83,8.3,12,Action-Adventure,PS3,Yes,
inFAMOUS: Festival of Blood,PS5/PS4,Premium (Streaming Only),Active,01/13/2015,,140.4,10/01/2011,3.283333333,78,7.7,3,Action-Adventure,PS3,Yes,
Interpol: The Trail of Dr. Chaos,PS5/PS4,Premium (Streaming Only),Active,01/13/2015,,140.4,01/01/2009,6.033333333,48,7.2,3,Puzzle,PS3,Yes,
Jimmie Johnson's Anything With An Engine,PS5/PS4,Premium (Streaming Only),Active,01/13/2015,,140.4,11/01/2011,3.2,67,5.4,4,Racing,PS3,Yes,
Judge Dee: The City God Case,PS5/PS4,Premium (Streaming Only),Active,01/13/2015,,140.4,10/16/2014,0.2416666667,63,6.5,5,Adventure,PS3,Yes,
Last Rebellion,PS5/PS4,Premium (Streaming Only),Active,01/13/2015,,140.4,01/01/2010,5.033333333,44,5.7,17,RPG,PS3,Yes,
Lead and Gold: Gangs of the Wild West,PS5/PS4,Premium (Streaming Only),Active,01/13/2015,,140.4,05/01/2010,4.7,68,7,,Shooter,PS3,Yes,
Legasista,PS5/PS4,Premium (Streaming Only),Active,01/13/2015,,140.4,08/01/2012,2.45,68,7,35,RPG,PS3,Yes,
LEGO Batman 2: DC Super Heroes,PS5/PS4,Premium (Streaming Only),Active,01/13/2015,,140.4,06/19/2012,2.566666667,79,7.9,9,Action-Adventure,PS3,Yes,
LEGO Pirates of the Caribbean: The Video Game,PS5/PS4,Premium (Streaming Only),Active,01/13/2015,,140.4,05/01/2011,3.7,73,7.7,9,Action-Adventure,PS3,Yes,
Machinarium,PS5/PS4,Premium (Streaming Only),Active,01/13/2015,,140.4,10/01/2012,2.283333333,78,8.5,5,Adventure,PS3,Yes,
Mars: War Logs,PS5/PS4,Premium (Streaming Only),Active,01/13/2015,,140.4,07/01/2013,1.533333333,59,6.5,18,RPG,PS3,Yes,
METAL SLUG 3,PS5/PS4,Premium (Streaming Only),Active,01/13/2015,,140.4,06/01/2000,14.61666667,76,8,1.5,Platformer,PS3,Yes,
Monkey Island 2 Special Edition: LeChuck's Revenge,PS5/PS4,Premium (Streaming Only),Active,01/13/2015,,140.4,06/01/2010,4.616666667,87,8.7,7,Adventure,PS3,Yes,
MX vs. ATV: Reflex,PS5/PS4,Premium (Streaming Only),Active,01/13/2015,,140.4,12/01/2009,5.116666667,74,7.4,10,Racing,PS3,Yes,
Papo & Yo,PS5/PS4,Premium (Streaming Only),Active,01/13/2015,,140.4,08/01/2012,2.45,72,7.4,3,Action-Adventure,PS3,Yes,
Penny Arcade Adventures: On the Rain-Slick Precipice of Darkness - Episode One,PS5/PS4,Premium (Streaming Only),Active,01/13/2015,,140.4,05/01/2008,6.7,77,7.8,6,RPG,PS3,Yes,
Penny Arcade Adventures: On the Rain-Slick Precipice of Darkness - Episode Two,PS5/PS4,Premium (Streaming Only),Active,01/13/2015,,140.4,05/01/2008,6.7,75,8,6,RPG,PS3,Yes,
Piyotama,PS5/PS4,Premium (Streaming Only),Active,01/13/2015,,140.4,08/01/2007,7.45,70,7.4,3,Puzzle,PS3,Yes,
Planet Minigolf,PS5/PS4,Premium (Streaming Only),Active,01/13/2015,,140.4,06/01/2010,4.616666667,66,6.8,,Sports,PS3,Yes,
Planets Under Attack,PS5/PS4,Premium (Streaming Only),Active,01/13/2015,,140.4,11/01/2012,2.2,68,6.8,5,Strategy,PS3,Yes,
Pool Nation,PS5/PS4,Premium (Streaming Only),Active,01/13/2015,,140.4,06/01/2013,1.616666667,81,7.3,,Billiards,PS3,Yes,
Port Royale 3: Pirates & Merchants - Gold Edition,PS5/PS4,Premium (Streaming Only),Active,01/13/2015,,140.4,09/01/2013,1.366666667,54,6.8,30,Strategy,PS3,Yes,
Puzzle Agent,PS5/PS4,Premium (Streaming Only),Active,01/13/2015,,140.4,06/01/2010,4.616666667,66,7.5,3,Puzzle,PS3,Yes,
Rag Doll Kung Fu: Fists of Plastic,PS5/PS4,Premium (Streaming Only),Active,01/13/2015,,140.4,04/01/2009,5.783333333,68,6.6,3,Fighting,PS3,Yes,
RAGE,PS5/PS4,Premium (Streaming Only),Active,01/13/2015,,140.4,10/04/2011,3.275,81,7.2,11,Shooter,PS3,Yes,
Ratchet and Clank: A Crack In Time,PS5/PS4,Premium (Streaming Only),Active,01/13/2015,,140.4,10/01/2009,5.283333333,87,8.5,11,Action-Adventure,PS3,Yes,
Ratchet and Clank: Full Frontal Assault,PS5/PS4,Premium (Streaming Only),Active,01/13/2015,,140.4,11/01/2012,2.2,64,6.6,4,Action-Adventure,PS3,Yes,
Realms Of Ancient War,PS5/PS4,Premium (Streaming Only),Active,01/13/2015,,140.4,09/01/2012,2.366666667,52,6.9,15,RPG,PS3,Yes,
Record of Agarest War,PS5/PS4,Premium (Streaming Only),Active,01/13/2015,,140.4,04/01/2010,4.783333333,67,7,55,RPG,PS3,Yes,
Record of Agarest War 2,PS5/PS4,Premium (Streaming Only),Active,01/13/2015,,140.4,06/01/2012,2.616666667,56,6.7,55,RPG,PS3,Yes,
Record of Agarest War Zero,PS5/PS4,Premium (Streaming Only),Active,01/13/2015,,140.4,06/01/2011,3.616666667,50,6.9,55,RPG,PS3,Yes,
Red Johnson's Chronicles,PS5/PS4,Premium (Streaming Only),Active,01/13/2015,,140.4,05/01/2011,3.7,67,6.2,4,Adventure,PS3,Yes,
Red Johnson's Chronicles: One Against All,PS5/PS4,Premium (Streaming Only),Active,01/13/2015,,140.4,09/01/2012,2.366666667,56,6.3,5,Adventure,PS3,Yes,
Resident Evil 5: Gold Edition,PS5/PS4,Premium (Streaming Only),Active,01/13/2015,,140.4,03/01/2009,5.866666667,84,8.2,13,Action-Adventure,PS3,Yes,
Resident Evil 6,PS5/PS4,Premium (Streaming Only),Active,01/13/2015,,140.4,10/02/2012,2.280555556,63,6.1,21.5,Shooter,PS3,Yes,
Resident Evil Code: Veronica X,PS5/PS4,Premium (Streaming Only),Active,01/13/2015,,140.4,09/01/2011,3.366666667,65,8.4,11,Action-Adventure,PS3,Yes,
Resident Evil: The Umbrella Chronicles,PS5/PS4,Premium (Streaming Only),Active,01/13/2015,,140.4,11/01/2007,7.2,75,8,8,Shooter,PS3,Yes,
Retro/Grade,PS5/PS4,Premium (Streaming Only),Active,01/13/2015,,140.4,08/01/2012,2.45,78,7,4,Shooter,PS3,Yes,
Rocketbirds: Hardboiled Chicken,PS5/PS4,Premium (Streaming Only),Active,01/13/2015,,140.4,10/01/2011,3.283333333,74,7.1,5,Action-Adventure,PS3,Yes,
Saints Row 2,PS5/PS4,Premium (Streaming Only),Active,01/13/2015,,140.4,10/01/2008,6.283333333,82,8.1,19,Action-Adventure,PS3,Yes,
Sanctum 2,PS5/PS4,Premium (Streaming Only),Active,01/13/2015,,140.4,05/01/2013,1.7,77,7.4,8,Shooter,PS3,Yes,
Shatter,PS5/PS4,Premium (Streaming Only),Active,01/13/2015,,140.4,07/01/2009,5.533333333,86,8.2,5,Shooter,PS3,Yes,
Sid Meier's Civilization Revolution,PS5/PS4,Premium (Streaming Only),Active,01/13/2015,,140.4,07/01/2008,6.533333333,85,8.2,15,Strategy,PS3,Yes,
Siren: Blood Curse,PS5/PS4,Premium (Streaming Only),Active,01/13/2015,,140.4,07/01/2008,6.533333333,78,7.7,16,Horror,PS3,Yes,
Skullgirls Encore,PS5/PS4,Premium (Streaming Only),Active,01/13/2015,,140.4,02/01/2014,0.95,80,8.1,3,Fighting,PS3,Yes,
Skydive: Proximity Flight,PS5/PS4,Premium (Streaming Only),Active,01/13/2015,,140.4,10/01/2013,1.283333333,62,6.4,3,Sports,PS3,Yes,
SkyDrift,PS5/PS4,Premium (Streaming Only),Active,01/13/2015,,140.4,09/01/2011,3.366666667,76,7,5,Racing,PS3,Yes,
Sniper Elite V2,PS5/PS4,Premium (Streaming Only),Active,01/13/2015,,140.4,05/01/2012,2.7,70,7.7,10,Shooter,PS3,Yes,
Soldner-X: Himmelssturmer,PS5/PS4,Premium (Streaming Only),Active,01/13/2015,,140.4,12/01/2008,6.116666667,63,7.4,5,Shooter,PS3,Yes,
Star Wars: The Force Unleashed II,PS5/PS4,Premium (Streaming Only),Active,01/13/2015,,140.4,10/01/2010,4.283333333,63,5.4,5,Action-Adventure,PS3,Yes,
Star Wars: The Force Unleashed - Ultimate Sith Edition,PS5/PS4,Premium (Streaming Only),Active,01/13/2015,,140.4,09/01/2008,6.366666667,65,7,8,Action-Adventure,PS3,Yes,
StarDrone,PS5/PS4,Premium (Streaming Only),Active,01/13/2015,,140.4,03/29/2011,3.788888889,64,6.8,6,Arcade,PS3,Yes,
Street Fighter III: Third Strike - Online Edition,PS5/PS4,Premium (Streaming Only),Active,01/13/2015,,140.4,08/01/2011,3.45,86,8.5,,Fighting,PS3,Yes,
Super Puzzle Fighter II Turbo HD Remix,PS5/PS4,Premium (Streaming Only),Active,01/13/2015,,140.4,08/01/2007,7.45,82,8.3,1,Action-Adventure,PS3,Yes,
Super Street Fighter II Turbo HD Remix,PS5/PS4,Premium (Streaming Only),Active,01/13/2015,,140.4,11/01/2008,6.2,87,8.3,1.2,Fighting,PS3,Yes,
Tales from Space: About a Blob,PS5/PS4,Premium (Streaming Only),Active,01/13/2015,,140.4,02/01/2011,3.95,76,7.5,4,Platformer,PS3,Yes,
The Darkness,PS5/PS4,Premium (Streaming Only),Active,01/13/2015,,140.4,06/01/2007,7.616666667,80,8.1,8,Shooter,PS3,Yes,
The Darkness II,PS5/PS4,Premium (Streaming Only),Active,01/13/2015,,140.4,02/01/2012,2.95,79,7.5,6,Shooter,PS3,Yes,
THE ELDER SCROLLS IV: OBLIVION,PS5/PS4,Premium (Streaming Only),Active,01/13/2015,,140.4,03/20/2006,8.813888889,94,8.3,27.5,RPG,PS3,Yes,
The King of Fighters XIII,PS5/PS4,Premium (Streaming Only),Active,01/13/2015,,140.4,11/01/2011,3.2,77,8.1,,Fighting,PS3,Yes,
The Secret of Monkey Island: Special Edition,PS5/PS4,Premium (Streaming Only),Active,01/13/2015,,140.4,04/01/2010,4.783333333,87,8.4,7,Adventure,PS3,Yes,
The UnderGarden,PS5/PS4,Premium (Streaming Only),Active,01/13/2015,,140.4,02/01/2011,3.95,63,7,4,Puzzle,PS3,Yes,
Vessel,PS5/PS4,Premium (Streaming Only),Active,01/13/2015,,140.4,02/01/2012,2.95,84,7.3,5,Puzzle,PS3,Yes,
Way of the Samurai 3: Plus,PS5/PS4,Premium (Streaming Only),Active,01/13/2015,,140.4,10/01/2009,5.283333333,58,7,15,Action-Adventure,PS3,Yes,
Wizardry: Labyrinth of Lost Souls,PS5/PS4,Premium (Streaming Only),Active,01/13/2015,,140.4,05/01/2011,3.7,57,7.4,30,RPG,PS3,Yes,
Zen Pinball 2,PS5/PS4,Premium (Streaming Only),Active,01/13/2015,,140.4,12/01/2013,1.116666667,86,7.7,,Pinball,PS3,Yes,
Ratchet and Clank: Into the Nexus,PS5/PS4,Premium (Streaming Only),Active,10/14/2014,,143.3666667,10/01/2011,3.036111111,76,7.8,4,Action-Adventure,PS3,Yes,
Silent Hill 2 (2024),PS5,Extra,Leaving Soon,10/21/2025,10/19/2026,11.93333333,10/08/2024,1.036111111,86,9.1,16,Survival,,No,
Yakuza: Like a Dragon,PS5/PS4,Extra,Leaving Soon,10/21/2025,10/19/2026,11.93333333,11/10/2020,4.947222222,84,8.2,46,RPG,,,
Gloomhaven: Mercenaries Edition,PS5/PS4,Extra,Leaving Soon,05/20/2025,10/19/2026,16.96666667,07/17/2019,5.841666667,82,6.6,100,Board,,,
Jurassic World Evolution 2,PS5/PS4,Extra,Leaving Soon,12/17/2024,10/19/2026,22.06666667,11/09/2021,3.105555556,78,7.2,6,Tycoon,,Yes,
Rogue Lords,PS4,Extra,Leaving Soon,02/20/2024,10/19/2026,31.96666667,09/30/2021,2.388888889,72,4.2,35,Roguelike,,Yes,
Lake,PS5/PS4,Extra,Leaving Soon,05/16/2023,10/19/2026,41.1,04/08/2022,1.105555556,77,7.5,6,Action-Adventure,,Yes,
Death Squared,PS4,Extra,Leaving Soon,06/13/2022,10/19/2026,52.2,03/14/2017,5.247222222,75,7.6,6,Puzzle,,Yes,Yes
Harvest Moon: Light of Hope - Special Edition,PS4,Extra,Leaving Soon,06/13/2022,10/19/2026,52.2,11/14/2017,4.580555556,80,6.2,18.5,Strategy,,No,
Harvest Moon: One World,PS4,Extra,Leaving Soon,06/13/2022,10/19/2026,52.2,03/03/2021,1.277777778,51,5.1,19.5,Simulation,,No,
Sniper Elite: Resistance,PS5/PS4,Essential,Leaving Soon,09/01/2026,10/05/2026,1.133333333,01/30/2025,1.586111111,75,5.9,9,Shooter,,No,
MLB The Show 26,PS5,Essential,Leaving Soon,09/01/2026,10/05/2026,1.133333333,03/17/2026,0.4555555556,73,2.3,,Baseball Sim,,No,
Wobbly Life,PS5/PS4,Essential,Leaving Soon,09/01/2026,10/05/2026,1.133333333,05/29/2025,1.255555556,,7.4,17,Action-Adventure,,No,
Chained Echoes,PS4,Essential,Leaving Soon,09/01/2026,10/05/2026,1.133333333,12/08/2022,3.730555556,90,8.4,35,RPG,,No,
Madden NFL 26,PS5,Extra,Removed,03/17/2026,09/14/2026,5.9,08/15/2025,0.5888888889,77,4,8,Sports,,No,
Persona 5 Tactica,PS5/PS4,Extra,Removed,09/16/2025,09/14/2026,11.93333333,11/17/2023,1.830555556,74,7.1,24,Strategy,,,
Shadowrun Returns,PS5/PS4,Extra,Removed,12/19/2023,09/14/2026,32.83333333,07/25/2013,10.4,76,7.5,12,Strategy,,Yes,
Shadowrun: Dragonfall - Director's Cut,PS5/PS4,Extra,Removed,12/19/2023,09/14/2026,32.83333333,09/18/2014,9.252777778,87,8.3,21,Strategy,,Yes,
Shadowrun: Hong Kong - Extended Edition,PS5/PS4,Extra,Removed,12/19/2023,09/14/2026,32.83333333,08/20/2015,8.330555556,81,7.7,21,Strategy,,Yes,
Disney/PIXAR Toy Story 3,PS5/PS4,Premium (Classics),Removed,09/20/2022,09/14/2026,47.8,06/15/2010,12.26388889,78,8,4.5,Platformer,PSP,Yes,
Disney/PIXAR Toy Story 2: Buzz Lightyear to the Rescue!,PS5/PS4,Premium (Classics),Removed,06/13/2022,09/14/2026,51.03333333,11/16/1999,22.575,69,7.9,5,Action-Adventure,PS1,No,
Bubsy: The Woolies Strike Back,PS5/PS4,Premium (Streaming Only),Removed,06/13/2022,09/14/2026,51.03333333,10/01/2017,4.7,45,5.2,3,Platformer,PS3,Yes,
Romance of the Three Kingdoms XIII,PS4,Extra,Removed,03/03/2020,09/14/2026,78.36666667,01/27/2016,4.1,70,6.8,,Strategy,,Yes,
Toukiden 2,PS4,Extra,Removed,03/03/2020,09/14/2026,78.36666667,07/01/2016,3.672222222,76,7.7,37,Action-Adventure,,Yes,
Dying Light 2: Reloaded Edition,PS5/PS4,Essential,Removed,08/04/2026,08/31/2026,0.8666666667,02/04/2022,4.5,76,7.2,25,Survival,,No,
Big Walk,PS5,Essential,Removed,08/04/2026,08/31/2026,0.8666666667,08/04/2026,0,91,8.2,11,Action-Adventure,,,
Signalis,PS4,Essential,Removed,08/04/2026,08/31/2026,0.8666666667,10/27/2022,3.769444444,81,8.4,9,Survival,,,
Earth Defense Force 6,PS5/PS4,Extra,Removed,08/19/2025,08/17/2026,11.93333333,07/25/2024,1.066666667,73,5.8,44,Shooter,,,
Harold Halibut,PS5,Extra,Removed,08/19/2025,08/17/2026,11.93333333,04/16/2024,1.341666667,69,6.7,11,Action-Adventure,,No,
Unicorn Overlord,PS5/PS4,Extra,Removed,08/19/2025,08/17/2026,11.93333333,03/08/2024,1.447222222,86,8.4,47,Strategy,,,
Clash: Artifacts of Chaos,PS5/PS4,Extra,Removed,11/19/2024,08/17/2026,20.93333333,03/09/2023,1.694444444,69,7.1,12,Action-Adventure,,Yes,
Dead Island 2,PS5/PS4,Extra,Removed,10/15/2024,08/17/2026,22.06666667,04/21/2023,1.483333333,73,7.4,16,Shooter,,Yes,
Röki,PS5/PS4,Extra,Removed,10/17/2023,08/17/2026,34,07/23/2020,3.233333333,82,8,10,Action-Adventure,,Yes,
Onee Chanbara Origin,PS4,Extra,Removed,11/15/2022,08/17/2026,45.06666667,12/05/2019,2.944444444,69,7.8,5,Action-Adventure,,Yes,
Space Crew: Legendary Edition,PS4,Extra,Removed,06/13/2022,08/17/2026,50.13333333,10/15/2020,1.661111111,68,6.8,12,Strategy,,Yes,
Bomber Crew,PS4,Extra,Removed,02/04/2020,08/17/2026,78.43333333,10/19/2017,2.291666667,78,7,15,Strategy,,Yes,
Call of Duty: Modern Warfare III,PS5/PS4,Essential,Removed,07/07/2026,08/03/2026,0.8666666667,11/10/2023,2.658333333,56,2.5,5,Shooter,,No,
For the King II,PS5/PS4,Essential,Removed,07/07/2026,08/03/2026,0.8666666667,11/02/2023,2.680555556,79,7.5,18,Roguelike,,No,
CrossCode,PS5/PS4,Essential,Removed,07/07/2026,08/03/2026,0.8666666667,07/09/2020,5.994444444,86,8.3,30,RPG,,No,
Risk of Rain 2,PS5/PS4,Extra,Removed,07/15/2025,07/20/2026,12.16666667,08/11/2020,4.927777778,85,8.3,11,Shooter,,,
Tropico 6,PS5/PS4,Extra,Removed,07/15/2025,07/20/2026,12.16666667,03/29/2019,6.294444444,78,6.8,36,Management ,,,
The Jackbox Party Pack 9,PS5/PS4,Extra,Removed,07/16/2024,07/20/2026,24.13333333,10/02/2022,1.788888889,81,9,3,Party,,Portal (PS5 + Premium),
Cursed to Golf,PS5/PS4,Extra,Removed,08/15/2023,07/20/2026,35.16666667,08/18/2022,0.9916666667,74,5.3,8,Sports,,Yes,
Source of Madness,PS5/PS4,Extra,Removed,08/15/2023,07/20/2026,35.16666667,05/11/2022,1.261111111,67,6,3,Action-Adventure,,Yes,
Hundred Days: Winemaking Simulator,PS5/PS4,Extra,Removed,06/20/2023,07/20/2026,37,05/13/2021,2.102777778,74,6.3,3,Strategy,,Yes,
Infinite Minigolf,PS4,Extra,Removed,06/13/2022,07/20/2026,49.23333333,07/18/2017,4.902777778,74,6.6,2,Sports,,Yes,Yes
Get Even,PS4,Extra,Removed,08/06/2019,07/20/2026,83.46666667,06/01/2017,2.180555556,72,7,7.5,Action-Adventure,,Yes,
Grounded: Fully Yoked Edition,PS5/PS4,Essential,Removed,06/02/2026,07/06/2026,1.133333333,04/16/2024,2.127777778,83,7.9,23,Action-Adventure,,No,
Nickelodeon All-Star Brawl 2,PS5/PS4,Essential,Removed,06/02/2026,07/06/2026,1.133333333,11/07/2023,2.569444444,77,6.8,8,Fighting,,No,
"Warhammer 40,000: Darktide",PS5,Essential,Removed,06/02/2026,07/06/2026,1.133333333,11/30/2022,3.505555556,75,4.9,31,Shooter,,No,
EA Sports FC 26,PS5/PS4,Essential,Removed,05/05/2026,06/16/2026,1.366666667,09/26/2025,0.6083333333,77,2.9,32,Sports,,No,
Red Dead Redemption,PS5/PS4,Premium (Streaming Only),Removed,12/02/2025,06/15/2026,6.433333333,05/18/2010,15.53888889,95,8.8,18,Action-Adventure,PS3,,
Red Dead Redemption: Undead Nightmare,PS5/PS4,Premium (Streaming Only),Removed,12/02/2025,06/15/2026,6.433333333,10/26/2010,15.1,87,8.4,7,Action-Adventure,PS3,Yes,
We Love Katamari Reroll + Royal Reverie,PS5/PS4,Extra,Removed,06/17/2025,06/15/2026,11.93333333,06/02/2023,2.041666667,81,7.1,5,Action-Adventure,,,
LEGO The Incredibles,PS4,Extra,Removed,06/18/2024,06/15/2026,23.9,06/15/2018,6.008333333,69,5.6,7,Action-Adventure,,Yes,
Lawn Mowing Simulator: Landmark Edition,PS5/PS4,Extra,Removed,08/28/2023,06/15/2026,33.56666667,03/31/2022,1.411111111,70,3.3,21,Simulation,,Yes,
Scott Pilgrim vs. The World: The Game - Complete Edition,PS4,Extra (Ubisoft+ Classics),Removed,09/20/2022,06/15/2026,44.83333333,11/09/2010,11.86388889,75,6.4,5,Fighting,,Yes,
Lawn Mowing Simulator,PS5/PS4,Extra,Removed,09/06/2022,06/15/2026,45.3,08/10/2021,1.072222222,71,6.8,70,Simulation,,No,
Destiny 2: Legacy Collection (2024),PS5/PS4,Extra,Removed,06/04/2025,06/08/2026,12.13333333,06/04/2024,1,76,5.1,32,Shooter,"Lightfall, The Witch Queen, Beyond Light, and Shadowkeep",,
WUCHANG: Fallen Feathers,PS5,Essential,Removed,05/05/2026,06/01/2026,0.8666666667,07/24/2025,0.7805555556,74,6.8,31,RPG,,No,
Nine Sols,PS5/PS4,Essential,Removed,05/05/2026,06/01/2026,0.8666666667,05/28/2024,1.936111111,84,8.4,22,Metroidvania,,No,
MotoGP 25,PS5/PS4,Extra,Removed,11/18/2025,05/18/2026,6,04/30/2025,0.55,78,6.5,27,Racing,,,
SAND LAND,PS5/PS4,Extra,Removed,05/20/2025,05/18/2026,11.93333333,04/26/2024,1.066666667,71,8,20,RPG,,,
Soul Hackers 2,PS5,Extra,Removed,05/20/2025,05/18/2026,11.93333333,08/24/2022,2.738888889,74,6.9,31,RPG,,No,
The Dark Pictures Anthology: Little Hope,PS4,Extra,Removed,06/13/2022,05/18/2026,47.16666667,10/30/2020,1.619444444,73,6.1,6,Horror,,Yes,
The Dark Pictures Anthology: Man of Medan,PS4,Extra,Removed,06/13/2022,05/18/2026,47.16666667,08/30/2019,2.786111111,69,6.6,4.5,Horror,,Yes,
Control: Ultimate Edition,PS5/PS4,Extra,Removed,06/13/2022,05/18/2026,47.16666667,08/27/2020,1.794444444,85,7.7,12.5,Action-Adventure,,Yes,
Mortal Shell,PS4,Extra,Removed,12/07/2021,05/18/2026,53.36666667,08/18/2020,1.302777778,76,6.2,11,Action-Adventure,,Yes,
Lords of the Fallen (2023),PS5,Essential,Removed,04/07/2026,05/04/2026,0.9,10/13/2023,2.483333333,75,6.8,29,RPG,,No,
Sword Art Online: Fractured Daydream,PS5,Essential,Removed,04/07/2026,05/04/2026,0.9,10/04/2024,1.508333333,68,7.1,18,RPG,,No,
Tomb Raider I-III Remastered,PS5/PS4,Essential,Removed,04/07/2026,05/04/2026,0.9,02/14/2024,2.147222222,75,7.7,66,Action-Adventure,,No,
Lost Records: Bloom & Rage - Tape 2: Rage,PS5,Extra,Removed,04/15/2025,04/20/2026,12.16666667,04/15/2025,0,69,6.8,5,Action-Adventure,,No,
EA Sports PGA Tour,PS5,Extra,Removed,04/01/2025,04/20/2026,12.63333333,04/04/2023,1.991666667,76,9.2,,Sports,,No,
Lost Records: Bloom & Rage - Tape 1: Bloom,PS5,Extra,Removed,02/18/2025,04/20/2026,14.06666667,02/18/2025,0,75,6.2,7,Action-Adventure,Tape 2 day one launch 4/15/25,No,
Dave the Diver,PS5/PS4,Extra,Removed,04/16/2024,04/20/2026,24.13333333,06/28/2023,0.8,90,8.3,24,Action-Adventure,,Yes,
Disaster Report 4 Plus: Summer Memories,PS4/PSVR,Extra,Removed,06/13/2022,04/20/2026,46.23333333,11/22/2018,3.558333333,56,7.1,11,Action-Adventure,,No,
Towerfall Ascension,PS4,Extra,Removed,06/13/2022,04/20/2026,46.23333333,06/25/2013,8.966666667,83,8,4,Action-Adventure,,Yes,Yes
Spitlings,PS4,Extra,Removed,12/07/2021,04/20/2026,52.43333333,02/25/2020,1.783333333,71,6.4,,Arcade,,Yes,Yes
Mobile Suit Gundam Battle Operation Code Fairy,PS5/PS4,Extra,Removed,03/18/2025,03/16/2026,11.93333333,11/05/2021,3.369444444,66,5.4,18,Vehicle Combat Sim,,No,
Circus Electrique,PS4,Extra,Removed,07/18/2023,03/16/2026,31.93333333,09/06/2022,0.8666666667,71,3,11,Strategy,,Yes,
Teenage Mutant Ninja Turtles: Shredder's Revenge,PS5/PS4,Extra,Removed,06/20/2023,03/16/2026,32.86666667,06/16/2022,1.011111111,85,8.5,3,Action-Adventure,,Yes,
Redout II,PS5/PS4,Extra,Removed,06/20/2023,03/16/2026,32.86666667,06/16/2022,1.011111111,66,5,33,Racing,,Yes,
Paradise Killer,PS5/PS4,Extra,Removed,04/18/2023,03/16/2026,34.93333333,03/16/2022,1.088888889,89,7,12,Action-Adventure,,Yes,
Cris Tales,PS5/PS4,Extra,Removed,06/13/2022,03/16/2026,45.1,07/20/2021,0.8972222222,74,6.7,21,RPG,,Yes,Yes
Undisputed,PS5,Essential,Removed,02/03/2026,03/02/2026,0.9666666667,10/11/2024,1.311111111,70,4.9,16,Sports,,,
Subnautica: Below Zero,PS5/PS4,Essential,Removed,02/03/2026,03/02/2026,0.9666666667,05/14/2021,4.719444444,82,7.1,20,Action-Adventure,,,
Ultros,PS5/PS4,Essential,Removed,02/03/2026,03/02/2026,0.9666666667,02/13/2024,1.972222222,79,7.9,12,Metroidvania,,,
Ace Combat 7: Skies Unknown,PS4,Essential,Removed,02/03/2026,03/02/2026,0.9666666667,01/18/2019,7.041666667,80,7.9,12,Action-Adventure,,,
Need For Speed: Unbound,PS5,Essential,Removed,01/06/2026,02/02/2026,0.8666666667,12/02/2022,3.094444444,77,5.9,23,Racing,,No,
Core Keeper,PS5/PS4,Essential,Removed,01/06/2026,02/02/2026,0.8666666667,08/27/2024,1.358333333,85,7.5,36,Action-Adventure,,No,
Disney Epic Mickey: Rebrushed,PS5/PS4,Essential,Removed,01/06/2026,02/02/2026,0.8666666667,09/24/2024,1.283333333,76,7.6,9,Action-Adventure,,No,
WWE 2K25,PS5/PS4,Extra,Removed,09/16/2025,02/02/2026,4.533333333,03/14/2025,0.5055555556,80,6.1,10,Fighting,,,
SaGa Frontier: Remastered,PS4,Extra,Removed,02/17/2025,02/02/2026,11.5,04/15/2021,3.838888889,77,6.7,14,RPG,,Yes,
Cult of the Lamb,PS5/PS4,Extra,Removed,08/20/2024,02/02/2026,17.4,08/11/2022,2.025,82,7.8,15,Action-Adventure,,Yes,
Super Neptunia RPG,PS4,Extra,Removed,03/19/2024,02/02/2026,22.43333333,06/25/2019,4.733333333,60,3.9,16,RPG,,No,
The Ascent,PS5/PS4,Extra,Removed,07/18/2023,02/02/2026,30.46666667,03/24/2022,1.316666667,77,6.3,12,Action-Adventure,,Yes,
Rez Infinite,PS4/PSVR,Extra,Removed,11/07/2017,02/02/2026,98.83333333,10/13/2016,1.066666667,89,8.6,2,Music,,No,
Like a Dragon Gaiden: The Man Who Erased His Name,PS5/PS4,Extra,Removed,01/21/2025,01/19/2026,11.93333333,11/09/2023,1.2,78,8.4,13,Action-Adventure,,Yes,
SD Gundam Battle Alliance,PS5/PS4,Extra,Removed,01/21/2025,01/19/2026,11.93333333,08/25/2022,2.405555556,74,7.7,18,RPG,,No,
Sayonara Wild Hearts,PS4,Extra,Removed,01/21/2025,01/19/2026,11.93333333,09/19/2019,5.338888889,84,8.3,2,Rhythym,,Yes,
Monopoly Plus,PS4,Extra (Ubisoft+ Classics),Removed,08/16/2022,01/19/2026,41.1,12/01/2014,7.708333333,70,6.2,3,Board/Card Game,,Yes,
New World: Aeternum,PS5,Extra,Removed,07/15/2025,01/15/2026,6,10/15/2024,0.75,75,6.9,87,RPG,"Shuts down 1/30/27, delisted1/15/26",No,
LEGO Horizon Adventures,PS5,Essential,Removed,12/02/2025,01/05/2026,1.1,11/14/2024,1.05,70,5.8,7,Action-Adventure,,No,
Killing Floor 3,PS5,Essential,Removed,12/02/2025,01/05/2026,1.1,07/24/2025,0.3555555556,68,6.5,9,Shooter,,No,
The Outlast Trials,PS5/PS4,Essential,Removed,12/02/2025,01/05/2026,1.1,03/05/2024,1.741666667,75,7.7,19,Survival horror,,No,
Synduality Echo of Ada,PS5,Essential,Removed,12/02/2025,01/05/2026,1.1,01/23/2025,0.8583333333,65,4,,Shooter,,No,
Neon White,PS5/PS4,Essential,Removed,12/02/2025,01/05/2026,1.1,06/16/2022,3.461111111,89,8.3,11,Shooter,,No,
Battlefield 2042,PS5/PS4,Extra,Removed,06/17/2025,12/15/2025,5.933333333,11/19/2021,3.577777778,68,2.3,0.5,Shooter,,,
Grand Theft Auto III,PS5/PS4,Extra,Removed,06/10/2025,12/15/2025,6.166666667,10/27/2001,23.61944444,97,8,15,Action-Adventure,PS2,,
Arcade Paradise VR,PS5/PSVR2,Premium (VR),Removed,03/18/2025,12/15/2025,8.9,08/08/2024,0.6111111111,75,5.8,25,Virtual Career ,PSVR2,No,
Sonic Frontiers,PS5/PS4,Extra,Removed,12/17/2024,12/15/2025,11.93333333,11/08/2022,2.108333333,70,8.2,17,Platformer,,No,
Forspoken,PS5,Extra,Removed,12/17/2024,12/15/2025,11.93333333,01/24/2023,1.897222222,64,4.1,14,RPG,,No,
Star Wars: Tales from the Galaxy's Edge,PS5/PSVR2,Premium (VR),Removed,12/17/2024,12/15/2025,11.93333333,07/22/2023,1.402777778,73,6.9,3,Action-Adventure,PSVR2,No,
Firefighting Simulator: The Squad,PS5/PS4,Extra,Removed,10/15/2024,12/15/2025,14,12/06/2022,1.858333333,60,5.9,11,Simulation,,Yes,
River City Melee Mach!!,PS4,Extra,Removed,11/21/2023,12/15/2025,24.8,10/10/2019,4.113888889,70,10,,Action-Adventure,,Yes,
Touhou Genso Rondo: Bullet Ballet,PS4,Extra,Removed,06/13/2022,12/15/2025,42.06666667,09/01/2016,5.783333333,63,6.3,,Action-Adventure,,Yes,Yes
11-11 Memories Retold,PS4,Extra,Removed,06/13/2022,12/15/2025,42.06666667,11/01/2018,3.616666667,78,7,5,Interactive Story,,Yes,
Star Trek: Bridge Crew,PS4/PSVR,Extra (Ubisoft+ Classics),Removed,06/13/2022,12/15/2025,42.06666667,05/30/2017,5.036111111,76,6.6,24,Simulation,,No,Yes
Stray,PS5/PS4,Essential,Removed,11/04/2025,12/01/2025,0.9,07/19/2022,3.291666667,83,8.3,5,Action-Adventure,,,
EA Sports WRC 24,PS5,Essential,Removed,11/04/2025,12/01/2025,0.9,10/08/2024,1.072222222,70,6.7,15,Racing,,No,
Totally Accurate Battle Simulator,PS5/PS4,Essential,Removed,11/04/2025,12/01/2025,0.9,12/17/2019,5.880555556,55,7.8,9,Strategy,,,
Battlefield V,PS4,Extra,Removed,05/20/2025,11/17/2025,5.9,11/20/2018,6.5,81,3.5,6,Shooter,,,
Like a Dragon: Ishin!,PS5/PS4,Extra,Removed,11/19/2024,11/17/2025,11.93333333,02/21/2023,1.744444444,81,7.5,24,Action-Adventure,,Yes,
Digimon Survive,PS4,Extra,Removed,11/19/2024,11/17/2025,11.93333333,07/29/2022,2.305555556,70,8.3,32,Strategy,,Yes,
Synapse,PS5/PSVR2,Premium (VR),Removed,11/19/2024,11/17/2025,11.93333333,07/04/2023,1.375,77,8.9,5,Shooter,PSVR2,No,
Travis Strikes Again: No More Heroes - Complete Edition,PS4,Extra,Removed,07/16/2024,11/17/2025,16.03333333,01/18/2019,5.494444444,67,7.8,10,Beat-'Em-Up,,No,
Football Manager 2024,PS5,Extra,Removed,06/18/2024,11/17/2025,16.96666667,11/06/2023,0.6166666667,84,7,66,Management,,Portal (PS5 + Premium),
Goat Simulator 3,PS5/PS4,Essential,Removed,10/07/2025,11/03/2025,0.8666666667,11/17/2022,2.888888889,68,7.3,8,Action-Adventure,,No,
Alan Wake II,PS5/PS4,Essential,Removed,10/07/2025,11/03/2025,0.8666666667,10/27/2023,1.944444444,89,8.5,19,Survival,,No,
Cocoon,PS5/PS4,Essential,Removed,10/07/2025,11/03/2025,0.8666666667,09/29/2023,2.022222222,88,8,5,Action-Adventure,,No,
Battlefield 1,PS4,Extra,Removed,04/15/2025,10/20/2025,6.166666667,10/21/2016,8.483333333,88,7.4,7,Shooter,,Yes,
The Dark Pictures Anthology: The Devil in Me,PS5/PS4,Extra,Removed,10/15/2024,10/20/2025,12.16666667,11/18/2022,1.908333333,69,6.2,7,Action-Adventure,,No,
Ghostbusters: Spirits Unleashed,PS5/PS4,Extra,Removed,10/15/2024,10/20/2025,12.16666667,10/18/2022,1.991666667,68,8,8,Action-Adventure,,Yes,
Tour de France 2023,PS5/PS4,Extra,Removed,10/15/2024,10/20/2025,12.16666667,06/08/2023,1.352777778,73,3.5,9,Racing,,Portal (PS5 + Premium),
The Last Clockwinder,PS5/PSVR2,Premium (VR),Removed,10/15/2024,10/20/2025,12.16666667,04/22/2023,1.480555556,83,6.9,5,Action-Adventure,PSVR2,No,
The Dark Pictures Anthology: House of Ashes,PS5/PS4,Extra,Removed,10/17/2023,10/20/2025,24.1,10/22/2021,1.986111111,72,8,6,Survival,,Portal (PS5 + Premium),
Psychonauts 2,PS4,Essential,Removed,09/02/2025,10/06/2025,1.133333333,08/25/2021,4.019444444,87,8.1,15,Platformer,,No,
Stardew Valley,PS4,Essential,Removed,09/02/2025,10/06/2025,1.133333333,02/26/2019,6.516666667,89,8.8,54,Virtual Life,,No,
Viewfinder,PS5/PS4,Essential,Removed,09/02/2025,10/06/2025,1.133333333,07/18/2023,2.122222222,84,7.9,4,Action-Adventure,,No,
F.I.S.T.: Forged in Shadow Torch,PS5/PS4,Extra,Removed,12/17/2024,09/15/2025,8.933333333,09/07/2021,3.277777778,80,7.7,13,Metroidvania ,,Yes,
The Plucky Squire,PS5,Extra,Removed,09/17/2024,09/15/2025,11.93333333,09/17/2024,0,83,7.5,9,Action-Adventure,,Portal (PS5 + Premium),
Night in the Woods,PS5/PS4,Extra,Removed,09/17/2024,09/15/2025,11.93333333,02/21/2017,7.572222222,88,7.7,9,Action-Adventure,,Yes,
Road 96,PS5/PS4,Extra,Removed,09/17/2024,09/15/2025,11.93333333,08/16/2021,3.086111111,79,7.7,8,Action-Adventure,,No,
Pistol Whip,PS5/PSVR2,Premium (VR),Removed,09/17/2024,09/15/2025,11.93333333,11/07/2019,4.861111111,83,7.6,2,Shooter,PSVR2,No,
Odin Sphere: Leifthrasir,PS4,Extra,Removed,09/19/2023,09/15/2025,23.86666667,06/07/2016,7.283333333,87,8.2,30,RPG,,Yes,
Dragon's Crown Pro,PS4,Premium (Classics),Removed,09/19/2023,09/15/2025,23.86666667,08/06/2013,10.11944444,82,8.2,15,RPG,PS3,Yes,
Lies of P,PS5/PS4,Essential,Removed,08/05/2025,09/01/2025,0.8666666667,09/19/2023,1.877777778,80,8.3,29,RPG,,No,
DayZ,PS4,Essential,Removed,08/05/2025,09/01/2025,0.8666666667,12/13/2018,6.644444444,31,4.1,62,Survival,,No,
My Hero One's Justice 2,PS4,Essential,Removed,08/05/2025,09/01/2025,0.8666666667,03/01/2020,5.427777778,68,7.5,8,Fighting,,No,
UFC 5,PS5,Extra,Removed,03/18/2025,08/18/2025,5,10/27/2023,1.391666667,78,3.2,7,Combat Sport,,No,
Star Wars Jedi: Survivor,PS5/PS4,Extra,Removed,02/17/2025,08/18/2025,6.033333333,04/28/2023,1.802777778,85,6.9,21,Action-Adventure,,No,
TopSpin 2K25,PS5/PS4,Extra,Removed,02/17/2025,08/18/2025,6.033333333,04/26/2024,0.8083333333,76,4.9,21,Sports,,No,
RIDE 5,PS5,Extra,Removed,08/20/2024,08/18/2025,11.93333333,08/24/2023,0.9888888889,75,6.8,,Racing,,Portal (PS5 + Premium),
Wild Hearts,PS5,Extra,Removed,08/20/2024,08/18/2025,11.93333333,02/17/2023,1.508333333,79,8,40,RPG,,Portal (PS5 + Premium),
The Witcher 3: Wild Hunt,PS5/PS4,Extra,Removed,08/20/2024,08/18/2025,11.93333333,05/19/2015,9.252777778,92,9.2,52,RPG,,Portal (PS5 + Premium),
Sword Art Online: Last Recollection,PS5/PS4,Extra,Removed,08/20/2024,08/15/2025,11.83333333,10/06/2023,0.8722222222,65,6.8,29,RPG,,Yes,
Sword Art Online: Alicization Lycoris,PS4,Extra,Removed,08/20/2024,08/15/2025,11.83333333,07/10/2020,4.111111111,58,5.9,64,RPG,,No,
Sword Art Online: Fatal Bullet,PS4,Extra,Removed,08/20/2024,08/15/2025,11.83333333,08/09/2019,5.030555556,63,6.9,26,RPG,,No,
Sword Art Online: Hollow Realization,PS4,Extra,Removed,08/20/2024,08/15/2025,11.83333333,05/24/2019,5.238888889,68,7.2,34,RPG,,No,
Naruto to Boruto: Shinobi Striker,PS4,Extra,Removed,08/20/2024,08/15/2025,11.83333333,08/30/2018,5.972222222,61,6,6.5,Fighting,Returning game,Yes,
Sword Art Online: Lost Song,PS4,Premium (Classics),Removed,08/20/2024,08/15/2025,11.83333333,11/17/2015,8.758333333,63,6.1,24,RPG,"PS3, Streaming Only",Yes,
Vacation Simulator,PS5/PSVR2,Premium (VR),Removed,08/20/2024,08/15/2025,11.83333333,04/09/2019,5.363888889,77,7.1,5,Management,PSVR2,No,
Bugsnax,PS5/PS4,Extra,Removed,08/16/2022,08/15/2025,35.96666667,11/12/2020,1.761111111,75,7.6,8,Action-Adventure,,Yes,
Jusant,PS5,Essential,Removed,07/01/2025,08/04/2025,1.1,10/31/2023,1.669444444,85,7.6,5,Action-Adventure,,No,
Diablo IV,PS5/PS4,Essential,Removed,07/01/2025,08/04/2025,1.1,06/06/2023,2.069444444,86,2.5,26,RPG,,,
The King of Fighters XV,PS5/PS4,Essential,Removed,07/01/2025,08/04/2025,1.1,02/14/2022,3.380555556,79,7.7,1,Fighting,,,
Dying Light 2: Stay Human,PS5/PS4,Extra,Removed,11/19/2024,07/14/2025,7.833333333,02/04/2022,2.791666667,76,7.2,25,Survival,,Yes,
Remnant II,PS5,Extra,Removed,07/16/2024,07/14/2025,11.93333333,11/14/2023,0.6722222222,82,6.8,18,Shooter,,Portal (PS5 + Premium),
Crisis Core: Final Fantasy VII - Reunion,PS5/PS4,Extra,Removed,07/16/2024,07/14/2025,11.93333333,12/13/2022,1.591666667,78,8,14,Action-Adventure,,Yes,
Mount & Blade II: Bannerlord,PS5/PS4,Extra,Removed,07/16/2024,07/14/2025,11.93333333,10/25/2022,1.725,77,8,45,RPG,,Yes,
Job Simulator,PS5/PSVR2,Premium (VR),Removed,07/16/2024,07/14/2025,11.93333333,10/13/2016,7.758333333,71,7.7,3,Management,PSVR2,No,
Vampire: The Masquerade - Swansong,PS5/PS4,Extra,Removed,01/16/2024,07/14/2025,17.93333333,05/19/2022,1.658333333,66,3.4,15,RPG,,Yes,
NBA 2K25,PS5/PS4,Essential,Removed,06/03/2025,06/30/2025,0.9,09/06/2024,0.7416666667,79,5.1,20,Sports,,,
Alone in the Dark (2024),PS5,Essential,Removed,06/03/2025,06/30/2025,0.9,03/20/2024,1.202777778,63,7.4,8,Survival,,No,
Bomb Rush Cyberfunk,PS5/PS4,Essential,Removed,06/03/2025,06/30/2025,0.9,08/18/2023,1.791666667,75,8.6,10,Platformer,,,
Destiny 2: The Final Shape,PS5/PS4,Essential,Removed,05/28/2025,06/30/2025,1.066666667,06/04/2024,0.9833333333,89,7.6,11,Shooter,,,
After Us,PS5,Extra,Removed,06/18/2024,06/16/2025,11.93333333,05/23/2023,1.069444444,65,6.1,7,Action-Adventure,,Portal (PS5 + Premium),
Monster Hunter: Rise,PS5/PS4,Extra,Removed,06/18/2024,06/16/2025,11.93333333,03/26/2021,3.227777778,88,6.9,22,RPG,,Yes,
Kayak VR: Mirage,PS5/PSVR2,Premium (VR),Removed,06/18/2024,06/16/2025,11.93333333,02/22/2023,1.322222222,73,5.1,3,Sports,PSVR2,No,
Inscryption,PS5/PS4,Extra,Removed,06/20/2023,06/16/2025,23.86666667,08/30/2022,0.8055555556,87,8.5,13,Strategy,,Yes,
Rogue Legacy 2,PS5/PS4,Extra,Removed,06/20/2023,06/16/2025,23.86666667,11/09/2022,0.6138888889,87,8.1,27,RPG,,Yes,
Ark: Survival Ascended,PS5,Essential,Removed,05/06/2025,06/01/2025,0.8333333333,08/27/2017,7.691666667,70,6.5,331,Sandbox,,No,
Balatro,PS5/PS4,Essential,Removed,05/06/2025,06/01/2025,0.8333333333,02/20/2024,1.211111111,90,8.3,7,Card Battle,,No,
"Warhammer 40,000: Boltgun",PS5/PS4,Essential,Removed,05/06/2025,06/01/2025,0.8333333333,05/01/2023,2.013888889,75,8,10,Shooter,,No,
MotoGP 24,PS5/PS4,Extra,Removed,11/19/2024,05/19/2025,6,05/02/2024,0.5472222222,76,5.5,16,Racing,,Yes,
The Sims 4: Island Living,PS4,Extra,Removed,11/19/2024,05/19/2025,6,06/21/2019,5.411111111,84,4.7,,Simulation,,No,
Resistance: Fall of Man,PS5/PS4,Premium (Streaming Only),Removed,11/19/2024,05/19/2025,6,11/14/2006,18.01388889,86,7.7,12,Shooter,PS3,Yes,
Resistance 2,PS5/PS4,Premium (Streaming Only),Removed,11/19/2024,05/19/2025,6,11/04/2008,16.04166667,87,7.5,10,Shooter,PS3,Yes,
Ghostbusters: Rise of the Ghost Lord,PS5/PSVR2,Premium (VR),Removed,06/06/2024,05/19/2025,11.43333333,10/26/2023,0.6111111111,64,4.2,7,Shooter,PSVR2,No,
Walkabout Mini Golf,PS5/PSVR2,Premium (VR),Removed,06/06/2024,05/19/2025,11.43333333,05/11/2023,1.069444444,90,7.4,18,Sports,PSVR2,No,
Synth Riders,PS5/PSVR2,Premium (VR),Removed,06/06/2024,05/19/2025,11.43333333,07/27/2021,2.858333333,89,6.3,6,Music,PSVR2,No,
Before Your Eyes,PS5/PSVR2,Premium (VR),Removed,06/06/2024,05/19/2025,11.43333333,04/08/2021,3.161111111,77,8.5,2,Action-Adventure,PSVR2,No,
The Walking Dead: Saints & Sinners - Chapters 1 & 2 ,PS5/PSVR2,Premium (VR),Removed,06/06/2024,05/19/2025,11.43333333,01/23/2020,4.369444444,77,8.1,25,Shooter,PSVR2,No,
LEGO Marvel Super Heroes 2,PS4,Extra,Removed,05/31/2024,05/19/2025,11.63333333,11/14/2017,6.544444444,73,6.9,13,Platformer,,Yes,
Stranded: Alien Dawn,PS5/PS4,Extra,Removed,05/21/2024,05/19/2025,11.93333333,04/25/2023,1.072222222,81,6.1,8,Strategy,,Yes,
The LEGO Movie 2 Videogame,PS4,Extra,Removed,05/21/2024,05/19/2025,11.93333333,02/26/2019,5.236111111,57,3.5,6,Action-Adventure,,Yes,
Enter The Gungeon,PS4,Extra,Removed,06/13/2022,05/19/2025,35.2,04/05/2016,6.188888889,85,8.2,21.5,Action-Adventure,,Yes,Yes
Portal Knights,PS4,Extra,Removed,06/13/2022,05/19/2025,35.2,02/25/2016,6.3,72,7,22,RPG,,Yes,Yes
Journey to the Savage Planet,PS4,Extra,Removed,04/05/2022,05/19/2025,37.46666667,01/28/2020,2.186111111,77,7.5,7,Shooter,,Yes,
Bloodstained: Ritual of the Night,PS4,Extra,Removed,11/02/2021,05/19/2025,42.56666667,06/18/2019,2.372222222,83,8.4,13.5,RPG,,Yes,
Ghostrunner,PS5/PS4,Extra,Removed,08/03/2021,05/19/2025,45.53333333,10/27/2020,0.7666666667,81,7.5,7,Platformer,,Yes,
Batman: Arkham Knight,PS4,Extra,Removed,07/03/2018,05/19/2025,82.53333333,06/23/2015,3.027777778,86,8.2,16.5,Action-Adventure,,No,
Payday 2: Crimewave Edition,PS4,Extra,Removed,01/05/2016,05/19/2025,112.4666667,08/13/2013,2.394444444,69,7.4,17,Shooter,,Yes,
inFAMOUS: Second Son,PS4,Extra,Removed,01/13/2015,05/19/2025,124.2,03/01/2014,0.8666666667,81,7.9,10,Action-Adventure,,Yes,
RoboCop: Rogue City,PS5,Essential,Removed,04/01/2025,05/05/2025,1.133333333,11/02/2023,1.413888889,72,8.1,12,Shooter,,No,
The Texas Chain Saw Massacre,PS5/PS4,Essential,Removed,04/01/2025,05/05/2025,1.133333333,08/18/2023,1.619444444,72,6.4,53,Survival,,No,
Digimon Story: Cyber Sleuth - Hacker's Memory,PS4,Essential,Removed,04/01/2025,05/05/2025,1.133333333,01/19/2018,7.2,73,7.7,47,RPG,,No,
Disco Elysium: The Final Cut,PS5/PS4,Extra,Removed,10/17/2023,04/15/2025,17.93333333,03/30/2021,2.547222222,89,8.1,23,RPG,,Yes,
Animal Well,PS5,Extra,Removed,05/09/2024,04/14/2025,11.16666667,05/09/2024,0,90,7.9,7,Metroidvania,,Portal (PS5 + Premium),
Tales of Kenzera: ZAU,PS5/PS4,Extra,Removed,04/23/2024,04/14/2025,11.7,04/23/2024,0,76,8,8,Platformer,,Portal (PS5 + Premium),
Miasma Chronicles,PS5,Extra,Removed,04/16/2024,04/14/2025,11.93333333,05/23/2023,0.8972222222,69,7.8,23,Strategy,,No,
Stray Blade,PS5,Extra,Removed,04/16/2024,04/14/2025,11.93333333,04/20/2023,0.9888888889,60,6.6,12,RPG,,Portal (PS5 + Premium),
Deliver Us Mars,PS5/PS4,Extra,Removed,04/16/2024,04/14/2025,11.93333333,02/02/2023,1.205555556,69,5.6,8,Action-Adventure,,Portal (PS5 + Premium),
Nour: Play With Your Food,PS5/PS4,Extra,Removed,04/16/2024,04/14/2025,11.93333333,09/12/2023,0.5944444444,58,6.3,2,Simulation,,Portal (PS5 + Premium),
Kena: Bridge of Spirits,PS5/PS4,Extra,Removed,04/18/2023,04/14/2025,23.86666667,09/21/2021,1.575,76,8,10,Action-Adventure,,Yes,
Slay the Spire,PS4,Extra,Removed,04/18/2023,04/14/2025,23.86666667,05/21/2019,3.908333333,88,7.2,12,Strategy,,Yes,
Dragon Age: The Veilguard,PS5,Essential,Removed,03/04/2025,03/31/2025,0.8666666667,10/31/2024,0.3444444444,82,3.9,27,RPG,,No,
Sonic Colors: Ultimate,PS4,Essential,Removed,03/04/2025,03/31/2025,0.8666666667,11/07/2021,3.325,74,6.4,5,Platformer,,No,
Teenage Mutant Ninja Turtles: The Cowabunga Collection,PS5/PS4,Essential,Removed,03/04/2025,03/31/2025,0.8666666667,11/30/2022,2.261111111,79,8.2,14,Compilation,,No,
Monster Energy Supercross: The Official Videogame 6,PS5/PS4,Extra,Removed,06/18/2024,03/17/2025,8.966666667,03/09/2023,1.275,68,5.6,6,Racing,,Yes,
Resident Evil 3,PS5/PS4,Extra,Removed,03/19/2024,03/17/2025,11.93333333,04/03/2020,3.961111111,79,6.6,6,Shooter,,No,
JoJo's Bizarre Adventure: All-Star Battle R,PS4,Premium (Remasters),Removed,03/19/2024,03/17/2025,11.93333333,09/02/2022,1.547222222,73,7.8,9,Fighting,PS3,Yes,
Phoenix Wright: Ace Attorney Trilogy,PS4,Premium (Remasters),Removed,03/19/2024,03/17/2025,11.93333333,12/09/2014,9.277777778,81,8.7,67,Visual Novel,GBA/NDS,No,
Dragon Ball Z: Kakarot,PS5/PS4,Extra,Removed,03/21/2023,03/17/2025,23.86666667,01/16/2020,3.180555556,73,7.9,30,Action-Adventure,,Yes,
Final Fantasy Type-0 HD,PS5/PS4,Extra,Removed,03/21/2023,03/17/2025,23.86666667,10/27/2011,11.4,72,7.5,24,RPG,,Yes,
Life Is Strange 2,PS5/PS4,Extra,Removed,03/21/2023,03/17/2025,23.86666667,09/01/2021,1.555555556,78,6.6,10,Action-Adventure,,No,
Life Is Strange: True Colors,PS5/PS4,Extra,Removed,03/21/2023,03/17/2025,23.86666667,09/01/2018,4.555555556,81,6.9,16,Action-Adventure,,Yes,
Street Fighter V: Champion Edition,PS5/PS4,Extra,Removed,03/21/2023,03/17/2025,23.86666667,02/16/2016,7.097222222,82,6,3,Fighting,,Yes,
Mortal Kombat 11,PS5/PS4,Extra,Removed,10/04/2021,03/17/2025,41.43333333,04/23/2019,2.447222222,83,7.8,6,Fighting,,Yes,Yes
PAYDAY 3,PS5,Essential,Removed,02/04/2025,03/03/2025,0.9666666667,09/21/2023,1.369444444,66,3.2,14,Shooter,,No,
High on Life,PS5/PS4,Essential,Removed,02/04/2025,03/03/2025,0.9666666667,12/13/2022,2.141666667,67,7.8,10,Action-Adventure,,No,
Pac-Man World: Re-PAC,PS5/PS4,Essential,Removed,02/04/2025,03/03/2025,0.9666666667,08/26/2022,2.438888889,71,8.2,6,Platformer,,No,
The Outer Worlds: Spacer's Choice Edition,PS5,Extra,Removed,02/20/2024,02/17/2025,11.9,10/25/2019,4.319444444,72,5.6,16,RPG,,Portal (PS5 + Premium),
Tales of Arise,PS5/PS4,Extra,Removed,02/20/2024,02/17/2025,11.9,09/10/2021,2.444444444,87,7.9,41,RPG,,Yes,
Tales of Zestiria,PS4,Extra,Removed,02/20/2024,02/17/2025,11.9,10/20/2015,8.333333333,72,7.2,42,RPG,,Yes,
Tales of Symphonia: Remastered,PS5/PS4,Premium (Remasters),Removed,02/20/2024,02/17/2025,11.9,07/13/2004,19.60277778,86,8.9,47,RPG,PS2,Yes,
Tales of Vesperia: Definitive Edition,PS5/PS4,Premium (Remasters),Removed,02/20/2024,02/17/2025,11.9,08/26/2008,15.48333333,81,7.6,46,RPG,PS3,Yes,
Outriders,PS5/PS4,Extra,Removed,02/21/2023,02/17/2025,23.86666667,04/01/2021,1.888888889,72,4.8,16,Shooter,,Yes,
Scarlet Nexus,PS5/PS4,Extra,Removed,02/21/2023,02/17/2025,23.86666667,06/25/2021,1.655555556,80,8,25,Action-Adventure,,Yes,
Bulletstorm: Full Clip Edition,PS4,Premium (Remasters),Removed,11/06/2018,02/17/2025,75.36666667,04/07/2017,1.580555556,75,7.8,6,Shooter,PS3,No,
Suicide Squad: Kill the Justice League,PS5,Essential,Removed,01/07/2025,02/03/2025,0.8666666667,02/02/2024,0.9305555556,60,3.4,12,Shooter,,No,
Need for Speed: Hot Pursuit - Remastered,PS4,Essential,Removed,01/07/2025,02/03/2025,0.8666666667,11/06/2020,4.169444444,75,5.9,16,Racing,,No,
The Stanley Parable: Ultra Deluxe,PS5/PS4,Essential,Removed,01/07/2025,02/03/2025,0.8666666667,10/01/2013,11.26666667,90,8.2,4,Adventure,,No,
Hardspace: Shipbreaker,PS5,Extra,Removed,01/16/2024,01/20/2025,12.13333333,06/16/2020,3.583333333,82,7.6,27,Simulation,,Portal (PS5 + Premium),
Resident Evil 2 (2019),PS5/PS4,Extra,Removed,01/16/2024,01/20/2025,12.13333333,01/15/2019,5.002777778,91,8.9,9,Shooter,,Yes,
Just Cause 3,PS4,Extra,Removed,01/16/2024,01/20/2025,12.13333333,12/01/2015,8.125,71,7.1,18,Action-Adventure,,Yes,
Secret of Mana (2018),PS4,Premium (Remasters),Removed,01/16/2024,01/20/2025,12.13333333,02/15/2018,5.919444444,63,6.1,17,RPG,SNES,Yes,
Street Fighter: 30th Anniversary Collection,PS4,Premium (Classics),Removed,01/16/2024,01/20/2025,12.13333333,05/02/2018,5.705555556,81,7.6,8,Fighting,"Arcade, Dreamcast, PS1 - PS2",Yes,
Legend of Mana (2021),PS4,Premium (Remasters),Removed,01/16/2024,01/20/2025,12.13333333,06/24/2021,2.561111111,72,7.5,19,RPG,PS1,Yes,
Dragon Ball FighterZ,PS4,Extra,Removed,01/17/2023,01/20/2025,24.1,01/26/2018,4.975,87,7,12,Fighting,,Yes,
Life is Strange,PS4,Extra,Removed,01/17/2023,01/20/2025,24.1,10/20/2015,7.241666667,85,8.6,14,Action-Adventure,,Yes,
Life is Strange: Before the Storm,PS4,Extra,Removed,01/17/2023,01/20/2025,24.1,08/31/2017,5.380555556,77,8,10,Action-Adventure,,No,
Just Cause 4: Reloaded,PS4,Extra,Removed,01/17/2023,01/20/2025,24.1,12/04/2018,4.119444444,65,4.7,16,Shooter,PS4 gets the base version,Yes,
Temtem,PS5,Essential,Removed,12/03/2024,01/06/2025,1.1,09/06/2022,2.241666667,73,6.4,57,RPG,,No,
It Takes Two,PS5/PS4,Essential,Removed,12/03/2024,01/06/2025,1.1,03/26/2021,3.686111111,88,8.9,14,Action-Adventure,,No,
Aliens: Dark Descent,PS5/PS4,Essential,Removed,12/03/2024,01/06/2025,1.1,06/20/2023,1.452777778,75,8,24,Strategy,,No,
Gigabash,PS5/PS4,Extra,Removed,12/19/2023,12/16/2024,11.9,08/05/2022,1.372222222,73,6,3,Fighting,,Yes,
GRIME,PS5/PS4,Extra,Removed,12/19/2023,12/16/2024,11.9,08/02/2021,2.380555556,81,7.9,12,Metroidvania,,Yes,
Metal: Hellsinger,PS5/PS4,Extra,Removed,12/19/2023,12/16/2024,11.9,09/15/2022,1.261111111,78,7.9,5,Shooter,,Yes,
Moonscars,PS5/PS4,Extra,Removed,12/19/2023,12/16/2024,11.9,09/27/2022,1.227777778,71,6.3,9,Metroidvania,,Yes,
Prodeus,PS5/PS4,Extra,Removed,12/19/2023,12/16/2024,11.9,09/23/2022,1.238888889,75,7.5,7,Shooter,,Yes,
Stranger of Paradise: Final Fantasy Origin,PS5/PS4,Extra,Removed,12/19/2023,12/16/2024,11.9,03/15/2022,1.761111111,72,7.2,18,RPG,,Yes,
Tinykin,PS5/PS4,Extra,Removed,12/19/2023,12/16/2024,11.9,08/30/2022,1.302777778,77,8.1,6,Platformer,,Yes,
Mega Man 11,PS4,Extra,Removed,12/19/2023,12/16/2024,11.9,10/02/2018,5.213888889,82,7.5,5,Platformer,,Yes,
Mega Man Legacy Collection,PS4,Premium (Classics),Removed,12/19/2023,12/16/2024,11.9,08/25/2015,8.316666667,77,7.1,19,Platformer,Mega Man 1-6 (NES),Yes,
Mega Man Legacy Collection 2,PS4,Premium (Classics),Removed,12/19/2023,12/16/2024,11.9,08/08/2017,6.363888889,71,6.9,17,Platformer,"Mega Man 7-10 (SNES, PS1 + Saturn, Wii + PS3 + XB360 for the remainder, respectively)",No,
Alternate Jake Hunter: Daedalus The Awakening of Golden Jazz,PS4,Extra,Removed,11/21/2023,12/16/2024,12.83333333,05/23/2019,4.494444444,75,4.4,7,Action-Adventure,,Yes,
Dead Island: Riptide - Definitive Edition,PS4,Extra,Removed,11/21/2023,12/16/2024,12.83333333,05/31/2016,7.475,50,6.9,9,Shooter,,Yes,
Dead Island: Definitive Edition,PS4,Extra,Removed,10/17/2023,12/16/2024,13.96666667,05/31/2016,7.380555556,63,6.9,16,Shooter,,Yes,
Soulstice,PS5,Extra,Removed,06/20/2023,12/16/2024,17.86666667,09/20/2022,0.75,72,5.1,18,RPG,,Portal (PS5 + Premium),
Vampire: The Masquerade - Coteries of New York,PS4,Extra,Removed,06/20/2023,12/16/2024,17.86666667,03/25/2020,3.236111111,72,7.3,6,RPG,,Yes,
Evil Genius 2: World Domination,PS5/PS4,Extra,Removed,12/20/2022,12/16/2024,23.86666667,11/30/2021,1.055555556,78,5.1,27,Strategy,,Yes,
Judgment,PS5/PS4,Extra,Removed,12/20/2022,12/16/2024,23.86666667,06/21/2019,3.497222222,80,8.5,28,RPG,,Yes,
Ghostwire: Tokyo,PS5,Essential,Removed,11/05/2024,12/02/2024,0.9,03/22/2022,2.619444444,75,8.3,11,Action-Adventure,,No,
Hot Wheels Unleashed 2: Turbocharged,PS5/PS4,Essential,Removed,11/05/2024,12/02/2024,0.9,10/19/2023,1.044444444,77,7.1,9,Racing,,No,
Death Note: Killer Within,PS5/PS4,Essential,Removed,11/05/2024,12/02/2024,0.9,11/05/2024,0,61,7.1,,Party,,No,
Grand Theft Auto: San Andreas - The Definitive Edition,PS5/PS4,Extra,Removed,06/07/2024,11/18/2024,5.366666667,11/11/2021,2.572222222,54,1,31,Action-Adventure,,No,
Red Dead Redemption 2,PS4,Extra,Removed,05/21/2024,11/18/2024,5.9,10/26/2018,5.569444444,97,8.8,51,Shooter,,No,
The Sims 4: City Living,PS4,Extra,Removed,05/21/2024,11/18/2024,5.9,11/01/2016,7.555555556,78,5.8,20,Simulation,,No,
Eiyuden Chronicle: Rising,PS5/PS4,Extra,Removed,11/21/2023,11/18/2024,11.9,05/10/2022,1.530555556,74,6.2,12,RPG,,Yes,
Superliminal,PS5/PS4,Extra,Removed,11/21/2023,11/18/2024,11.9,11/12/2019,4.025,74,7.7,3,Action-Adventure,,Yes,
Dragon's Dogma: Dark Arisen,PS4,Extra,Removed,11/21/2023,11/18/2024,11.9,01/15/2016,7.85,78,8.1,33,RPG,,Yes,
Mobile Suit Gundam: Extreme vs. MaxiBoost On,PS4,Extra,Removed,11/21/2023,11/18/2024,11.9,07/30/2020,3.308333333,78,7.6,5,Fighting,,Yes,
Klonoa: Phantasy Reverie Series,PS5/PS4,Premium (Classics),Removed,11/21/2023,11/18/2024,11.9,07/08/2022,1.369444444,78,6.7,10,Platformer,PS1 & PS2,Yes,
Teardown,PS5,Extra,Removed,11/15/2023,11/18/2024,12.1,04/21/2022,1.566666667,80,8.5,12,Simulation,,No,
Chorus,PS5/PS4,Extra,Removed,11/15/2022,11/18/2024,24.1,12/03/2021,0.95,73,6.1,13,Action-Adventure,,Yes,
Kingdom Hearts HD 1.5 + 2.5 ReMIX,PS4,Extra,Removed,11/15/2022,11/18/2024,24.1,03/09/2017,5.683333333,84,8.9,144,RPG,,Yes,
Kingdom Hearts HD 2.8: Final Chapter Prologue,PS4,Extra,Removed,11/15/2022,11/18/2024,24.1,09/12/2017,5.175,76,8.2,18.5,RPG,,Yes,
Kingdom Hearts III,PS4,Extra,Removed,11/15/2022,11/18/2024,24.1,01/25/2019,3.805555556,83,8,29,RPG,,Yes,
Kingdom Hearts: Melody of Memory ,PS4,Extra,Removed,11/15/2022,11/18/2024,24.1,11/11/2020,2.011111111,74,7.3,9.5,Music,,Yes,
What Remains of Edith Finch,PS4,Extra,Removed,11/15/2022,11/18/2024,24.1,04/25/2017,5.555555556,88,8.3,2,Action-Adventure,,Yes,
Moving Out,PS4,Extra,Removed,06/13/2022,11/18/2024,29.16666667,04/20/2020,2.147222222,78,7.1,7,Strategy,,Yes,Yes
Blasphemous,PS4,Extra,Removed,09/07/2021,11/18/2024,38.36666667,09/10/2019,1.991666667,80,8,13,Platformer,,Yes,
Overcooked! 2,PS4,Extra,Removed,01/02/2020,11/18/2024,58.53333333,08/07/2018,1.402777778,83,7.5,6,Arcade,,Yes,Yes
Dead Space (2023),PS5,Essential,Removed,10/01/2024,11/04/2024,1.1,01/27/2023,1.677777778,89,8.4,12,Survival,,No,
Doki Doki Literature Club Plus!,PS5/PS4,Essential,Removed,10/01/2024,11/04/2024,1.1,06/30/2021,3.252777778,85,8.1,5,Visual Novel,,No,
WWE 2K24,PS5,Essential,Removed,10/01/2024,11/04/2024,1.1,03/08/2024,0.5638888889,81,6.8,8,Fighting,,No,
Gotham Knights,PS5,Extra,Removed,10/17/2023,10/14/2024,11.9,10/21/2022,0.9888888889,67,5,17,Action-Adventure,,No,
Gungrave G.O.R.E.,PS4,Extra,Removed,10/17/2023,10/14/2024,11.9,11/22/2022,0.9027777778,57,6.6,9,Shooter,,Yes,
The Evil Within,PS4,Extra,Removed,04/18/2023,10/14/2024,17.86666667,10/13/2017,5.513888889,76,8.5,16,Shooter,,Yes,
Dragon Quest XI S: Echoes of an Elusive Age - Definitive Edition,PS4,Extra,Removed,10/18/2022,10/14/2024,23.86666667,07/29/2017,5.219444444,91,8,57.5,RPG,,Yes,
Dragon Quest Builders,PS4,Extra,Removed,10/18/2022,10/14/2024,23.86666667,01/28/2016,6.722222222,83,8.1,38.5,RPG,,Yes,
Dragon Quest Builders 2,PS4,Extra,Removed,10/18/2022,10/14/2024,23.86666667,12/20/2018,3.827777778,86,7.6,55.5,RPG,,Yes,
Dragon Quest Heroes: The World Tree's Woe and the Blight Below,PS4,Extra,Removed,10/18/2022,10/14/2024,23.86666667,01/26/2015,7.727777778,77,7.6,25.5,RPG,,Yes,
Dragon Quest Heroes II: Explorer's Edition,PS4,Extra,Removed,10/18/2022,10/14/2024,23.86666667,05/27/2016,6.391666667,76,7.6,31.5,RPG,,Yes,
Ultra Street Fighter IV,PS5/PS4,Premium (Streaming Only),Removed,10/18/2022,10/14/2024,23.86666667,04/18/2014,8.5,83,7.6,2.5,Fighting,PS3,Yes,
R-Type Dimensions,PS5/PS4,Premium (Streaming Only),Removed,06/13/2022,10/14/2024,28.03333333,02/01/2009,13.36666667,82,6.4,2,Shooter,PS3,Yes,
Toukiden: Kiwami,PS4,Premium (Remasters),Removed,03/03/2020,10/14/2024,55.36666667,08/01/2014,5.588888889,74,7.7,24,RPG,PS Vita,Yes,
LittleBigPlanet 3,PS4,Extra,Removed,01/05/2016,10/14/2024,105.3,11/01/2014,1.177777778,79,7.3,6,Platformer,,Yes,Yes
MLB The Show 24,PS5/PS4,Essential,Removed,09/03/2024,09/30/2024,0.9,03/19/2024,0.4555555556,80,4.1,14,Sports,,No,
Little Nightmares II,PS5/PS4,Essential,Removed,09/03/2024,09/30/2024,0.9,02/11/2021,3.561111111,82,8.5,6,Action-Adventure,,No,
Harry Potter: Quidditch Champions,PS5/PS4,Essential,Removed,09/03/2024,09/30/2024,0.9,09/03/2024,0,68,6.8,,Sports,,No,
Marvel's Midnight Suns,PS5/PS4,Extra,Removed,03/19/2024,09/16/2024,5.9,12/02/2022,1.297222222,83,6.9,39,Strategy,,No,
Alien: Isolation,PS4,Extra,Removed,10/17/2023,09/16/2024,10.96666667,10/07/2014,9.027777778,79,8.4,19,Action-Adventure,,Yes,
13 Sentinels: Aegis Rim,PS4,Extra,Removed,09/19/2023,09/16/2024,11.9,09/22/2020,2.991666667,85,9,31,Action-Adventure,,Yes,
Planet Coaster,PS5/PS4,Extra,Removed,09/19/2023,09/16/2024,11.9,11/17/2016,6.838888889,79,7.7,27,Simulation,,Yes,
Sniper Ghost Warrior Contracts 2,PS5/PS4,Extra,Removed,09/19/2023,09/16/2024,11.9,06/04/2021,2.291666667,68,7.2,8,Shooter,,Yes,
Unpacking,PS5/PS4,Extra,Removed,09/19/2023,09/16/2024,11.9,11/02/2021,1.880555556,84,7.7,4,Puzzle,,Yes,
NieR Replicant ver.1.22474487139... ,PS4,Extra,Removed,09/19/2023,09/16/2024,11.9,04/22/2021,2.408333333,83,8.6,20,RPG,,Yes,
Star Ocean: Integrity and Faithlessness,PS4,Extra,Removed,09/19/2023,09/16/2024,11.9,06/28/2016,7.225,58,6.3,22,RPG,,Yes,
Cloudpunk,PS5/PS4,Extra,Removed,09/19/2023,09/16/2024,11.9,04/23/2020,3.405555556,64,7.9,9,Action-Adventure,,Yes,
Star Ocean: The Divine Force,PS5/PS4,Extra,Removed,09/19/2023,09/16/2024,11.9,10/27/2022,0.8944444444,69,6.5,32,RPG,,Yes,
Star Ocean: First Departure R,PS4,Premium (Remasters),Removed,09/19/2023,09/16/2024,11.9,11/05/2019,3.872222222,73,6.7,21,RPG,PSP,Yes,
Star Ocean: Till the End of Time,PS4,Premium (Classics),Removed,09/19/2023,09/16/2024,11.9,08/31/2004,19.05277778,80,8.2,46,RPG,PS2,Yes,
Star Ocean: The Last Hope - 4K & FHD Remaster,PS4,Premium (Remasters),Removed,09/19/2023,09/16/2024,11.9,11/28/2017,5.808333333,72,6.9,46,RPG,PS1,Yes,
Horizon Forbidden West,PS5/PS4,Extra,Removed,02/21/2023,09/16/2024,18.83333333,02/18/2022,1.008333333,88,8,29,Action-Adventure,,Yes,
Dragon Ball Xenoverse 2,PS4,Extra,Removed,09/20/2022,09/16/2024,23.86666667,10/25/2016,5.902777778,72,7.5,19.5,Fighting,,Yes,
Spiritfarer: Farewell Edition,PS4,Extra,Removed,09/20/2022,09/16/2024,23.86666667,08/18/2020,2.088888889,83,7.8,25,Action-Adventure,,Yes,
LEGO Star Wars: The Skywalker Saga,PS5/PS4,Essential,Removed,08/06/2024,09/02/2024,0.8666666667,04/05/2022,2.336111111,82,7.9,17,Action-Adventure,,No,
Five Nights at Freddy's: Security Breach,PS5/PS4,Essential,Removed,08/06/2024,09/02/2024,0.8666666667,12/16/2021,2.638888889,64,5.8,10,Survival,,No,
ENDER LILIES: Quietus of the Knights,PS4,Essential,Removed,08/06/2024,09/02/2024,0.8666666667,06/22/2021,3.122222222,86,8.4,13,Metroidvania,,No,
NBA 2K24: Kobe Bryant Edition,PS5/PS4,Extra,Removed,03/19/2024,08/19/2024,5,09/08/2023,0.5305555556,68,2,6,Sports,"Leaves game pass in under 6 months, probably the same",No,
Need for Speed: Unbound,PS5,Extra,Removed,02/20/2024,08/19/2024,5.966666667,11/29/2022,1.225,77,6,23,Racing,,No,
Sea of Stars,PS5/PS4,Extra,Removed,08/29/2023,08/19/2024,11.66666667,08/29/2023,0,90,8.6,20,RPG,,Yes,
Destroy All Humans! 2: Reprobed,PS5/PS4,Extra,Removed,08/15/2023,08/19/2024,12.13333333,08/30/2022,0.9583333333,67,7.7,13,Action-Adventure,,Yes,
Lost Judgment,PS5/PS4,Extra,Removed,08/15/2023,08/19/2024,12.13333333,09/24/2021,1.891666667,82,7.9,24,Action-Adventure,,Yes,
Midnight Fight Express,PS4,Extra,Removed,08/15/2023,08/19/2024,12.13333333,08/23/2022,0.9777777778,75,7.4,6,Action-Adventure,,Yes,
Moving Out 2,PS5/PS4,Extra,Removed,08/15/2023,08/19/2024,12.13333333,08/15/2023,0,83,6.2,8,Simulation,,Yes,
Spellforce III: Reforced,PS4,Extra,Removed,08/15/2023,08/19/2024,12.13333333,06/07/2022,1.188888889,70,7.5,29,Strategy,,Yes,
Wild Arms 2,PS5/PS4,Premium (Classics),Removed,02/21/2023,08/19/2024,17.93333333,04/30/2000,22.80833333,78,8.8,40,RPG,PS1,Yes,
Destroy All Humans! (2020),PS5/PS4,Premium (Remasters),Removed,02/21/2023,08/19/2024,17.93333333,07/28/2020,2.563888889,70,8,8,Action-Adventure,PS1,Yes,
Trials of Mana,PS4,Extra,Removed,08/16/2022,08/19/2024,24.1,04/24/2020,2.311111111,76,7.5,21,RPG,,Yes,
Among Us,PS5/PS4,Essential,Removed,07/02/2024,08/05/2024,1.1,11/16/2018,5.627777778,85,6.8,19,Survival,,No,
Borderlands 3,PS5/PS4,Essential,Removed,07/02/2024,08/05/2024,1.1,09/13/2019,4.802777778,81,5.6,23,Shooter,,No,
NHL 24,PS5/PS4,Essential,Removed,07/02/2024,08/05/2024,1.1,10/06/2023,0.7388888889,71,3.5,9,Sports,,No,
Tiny Tina's Wonderlands: Next-Level Edition,PS5/PS4,Extra,Removed,01/16/2024,07/15/2024,5.966666667,03/25/2022,1.808333333,78,5.6,16,Shooter,,Yes,
Dysmantle,PS5/PS4,Extra,Removed,07/18/2023,07/15/2024,11.9,01/19/2022,1.497222222,84,7.6,33,Action-Adventure,,Yes,
Fast & Furious: Spy Racers Rise of SH1FT3R,PS5/PS4,Extra,Removed,07/18/2023,07/15/2024,11.9,11/05/2021,1.702777778,52,7,2,Racing,,Yes,
My Little Pony: A Maretime Bay Adventure,PS5/PS4,Extra,Removed,07/18/2023,07/15/2024,11.9,05/27/2022,1.141666667,40,8,2,Action-Adventure,,Yes,
Saints Row IV: Re-Elected,PS4,Extra,Removed,07/19/2022,07/15/2024,23.86666667,08/20/2013,8.913888889,75,7.4,15,Action-Adventure,,Yes,
Kingdom: Two Crowns,PS4,Extra,Removed,06/13/2022,07/15/2024,25.06666667,12/11/2018,3.505555556,78,7.6,26,Platformer,,Yes,Yes
SpongeBob Squarepants: The Cosmic Shake,PS4,Essential,Removed,06/04/2024,07/01/2024,0.9,01/31/2023,1.344444444,70,8.3,7,Platformer,,No,
AEW: Fight Forever,PS4,Essential,Removed,06/04/2024,07/01/2024,0.9,06/29/2023,0.9305555556,64,5.6,4,Fighting,,No,
Streets of Rage 4,PS4,Essential,Removed,06/04/2024,07/01/2024,0.9,04/30/2020,4.094444444,84,8.2,3,Action-Adventure,,No,
EA Sports FC 24,PS5/PS4,Essential,Removed,05/07/2024,06/18/2024,1.366666667,09/29/2023,0.6055555556,75,2.3,36,Sports,,No,
MotoGP 23,PS5/PS4,Extra,Removed,12/19/2023,06/17/2024,5.933333333,06/08/2023,0.5305555556,74,7.1,7,Racing,,Yes,
Monster Jam: Steel Titans,PS4,Extra,Removed,07/18/2023,06/17/2024,10.96666667,06/25/2019,4.063888889,53,4.3,8,Racing,,Yes,
SpongeBob SquarePants: Battle for Bikini Bottom - Rehydrated,PS4,Extra,Removed,07/18/2023,06/17/2024,10.96666667,06/23/2020,3.069444444,68,8.9,9,Platformer,,Yes,
DC League of Super-Pets: The Adventures of Krypto and Ace,PS5/PS4,Extra,Removed,06/20/2023,06/17/2024,11.9,07/15/2022,0.9305555556,60,3.5,3,Action-Adventure,,Yes,
Dodgeball Academia,PS4,Extra,Removed,06/20/2023,06/17/2024,11.9,08/05/2021,1.875,81,8,10,Sports,,Yes,
The Talos Principle: Deluxe Edition,PS4,Extra,Removed,06/20/2023,06/17/2024,11.9,10/13/2015,7.686111111,88,8.2,16,Action-Adventure,,Yes,
The Wild at Heart,PS4,Extra,Removed,06/20/2023,06/17/2024,11.9,11/16/2021,1.594444444,75,8,11,Action-Adventure,,Yes,
Brothers: A Tale of Two Sons,PS4,Extra,Removed,06/13/2022,06/17/2024,24.13333333,08/07/2013,8.85,77,8.6,3,Puzzle,,Yes,
Slime Rancher,PS4,Extra,Removed,06/13/2022,06/17/2024,24.13333333,08/01/2017,4.866666667,80,8,17,Strategy,,Yes,
Telling Lies,PS4,Extra,Removed,06/13/2022,06/17/2024,24.13333333,08/23/2019,2.805555556,79,6.9,5,Interactive Story,,Yes,
Unturned,PS4,Extra,Removed,06/13/2022,06/17/2024,24.13333333,07/07/2014,7.933333333,50,5.5,,Survival,,Yes,
Baja: Edge of Control HD,PS4,Premium (Remasters),Removed,06/13/2022,06/17/2024,24.13333333,09/01/2017,4.783333333,65,6.4,12,Racing,PS3,Yes,Yes
Indivisible,PS4,Extra,Removed,09/07/2021,06/17/2024,33.33333333,10/08/2019,1.913888889,79,7.4,18.5,Platformer,,Yes,Yes
Ghostrunner 2,PS5,Essential,Removed,05/07/2024,06/03/2024,0.8666666667,10/26/2023,0.5305555556,80,7.9,8,Platformer,,No,
Destiny 2: Lightfall,PS5/PS4,Essential,Removed,05/07/2024,06/03/2024,0.8666666667,02/28/2023,1.191666667,69,3.2,8,Shooter,,No,
Tunic,PS5/PS4,Essential,Removed,05/07/2024,06/03/2024,0.8666666667,03/16/2022,2.141666667,85,7.8,12,Action-Adventure,,No,
ELEX II,PS5/PS4,Extra,Removed,06/20/2023,05/21/2024,11.03333333,03/01/2022,1.302777778,70,6.2,36,RPG,,Yes,
MX vs. ATV Legends,PS5/PS4,Extra,Removed,06/20/2023,05/21/2024,11.03333333,06/28/2022,0.9777777778,55,4.3,14,Racing,,No,
Darksiders Genesis,PS4,Extra,Removed,06/13/2022,05/21/2024,23.26666667,12/05/2019,2.522222222,79,7.4,14,RPG,,Yes,Yes
Darksiders III,PS4,Extra,Removed,06/13/2022,05/21/2024,23.26666667,11/27/2018,3.544444444,69,6.7,14,RPG,,Yes,
Sundered: Eldritch Edition,PS4,Extra,Removed,06/13/2022,05/21/2024,23.26666667,12/21/2018,3.477777778,78,7.2,8,Platformer,,Yes,Yes
Darksiders II: Deathinitive Edition,PS4,Premium (Remasters),Removed,06/13/2022,05/21/2024,23.26666667,10/01/2015,6.7,72,7.4,25,Action-Adventure,PS3,Yes,
Darksiders: Warmastered Edition,PS4,Premium (Remasters),Removed,06/13/2022,05/21/2024,23.26666667,11/01/2016,5.616666667,81,7.5,18,Action-Adventure,PS3,Yes,
Kingdoms of Amalur: Re-Reckoning,PS4,Premium (Remasters),Removed,06/13/2022,05/21/2024,23.26666667,09/01/2020,1.783333333,72,7.1,22,RPG,PS3,Yes,
Wreckfest,PS5/PS4,Extra,Removed,05/04/2021,05/21/2024,36.56666667,06/14/2018,2.888888889,81,7.7,18,Racing,,Yes,
Horizon Zero Dawn: Complete Edition,PS4,Extra,Removed,01/02/2020,05/21/2024,52.63333333,12/05/2017,2.075,90,8.4,30,Action-Adventure,,Yes,
I Am Dead,PS5/PS4,Extra,Removed,06/13/2022,05/20/2024,23.23333333,10/08/2020,1.680555556,81,7,3.5,Puzzle,,Yes,
Last Stop,PS5/PS4,Extra,Removed,06/13/2022,05/20/2024,23.23333333,07/22/2021,0.8916666667,70,6,6,Interactive Story,,Yes,
The Artful Escape,PS5/PS4,Extra,Removed,06/13/2022,05/20/2024,23.23333333,09/09/2021,0.7611111111,77,7,4,Platformer,,Yes,
Absolver: Downfall,PS4,Extra,Removed,06/13/2022,05/20/2024,23.23333333,08/29/2017,4.788888889,74,5.5,8,Fighting,,Yes,
Abzû,PS4,Extra,Removed,06/13/2022,05/20/2024,23.23333333,08/01/2016,5.866666667,81,7.7,2,Action-Adventure,,Yes,
Adr1ft,PS4,Extra,Removed,06/13/2022,05/20/2024,23.23333333,07/01/2016,5.95,56,6.1,4.5,Action-Adventure,,Yes,
Ashen,PS4,Extra,Removed,06/13/2022,05/20/2024,23.23333333,12/07/2018,3.516666667,81,7.3,15.5,RPG,,Yes,
Elex,PS4,Extra,Removed,06/13/2022,05/20/2024,23.23333333,10/17/2017,4.655555556,61,7.1,27,RPG,,Yes,
Final Fantasy XV: Royal Edition,PS4,Extra,Removed,06/13/2022,05/20/2024,23.23333333,11/29/2016,5.538888889,77,8.7,27,RPG,,Yes,
How To Survive 2,PS4,Extra,Removed,06/13/2022,05/20/2024,23.23333333,02/07/2017,5.35,65,6.4,28,Survival,,Yes,Yes
Jotun: Valhalla Edition,PS4,Extra,Removed,06/13/2022,05/20/2024,23.23333333,09/29/2015,6.705555556,78,7.2,5,Action-Adventure,,Yes,
Minit,PS4,Extra,Removed,06/13/2022,05/20/2024,23.23333333,04/03/2018,4.194444444,79,7.7,2,Action-Adventure,,Yes,
Monster Jam Steel Titans 2,PS4,Extra,Removed,06/13/2022,05/20/2024,23.23333333,03/01/2021,1.283333333,60,5.8,,Racing,,Yes,Yes
My Friend Pedro,PS4,Extra,Removed,06/13/2022,05/20/2024,23.23333333,06/20/2019,2.980555556,81,7.5,5,Action-Adventure,,Yes,
Observation,PS4,Extra,Removed,06/13/2022,05/20/2024,23.23333333,05/21/2019,3.061111111,76,6.9,4,Horror,,Yes,
The Messenger,PS4,Extra,Removed,06/13/2022,05/20/2024,23.23333333,08/30/2018,3.786111111,86,8.3,15,Platformer,,Yes,
This is the Police,PS4,Extra,Removed,06/13/2022,05/20/2024,23.23333333,03/01/2017,5.283333333,66,7,8,Interactive Story,,Yes,
This is the Police 2,PS4,Extra,Removed,06/13/2022,05/20/2024,23.23333333,07/31/2018,3.869444444,70,7,10,Interactive Story,,Yes,
World of Final Fantasy,PS4,Extra,Removed,06/13/2022,05/20/2024,23.23333333,10/01/2016,5.7,78,7.9,36,RPG,,Yes,
Final Fantasy XII: The Zodiac Age,PS4,Extra,Removed,01/04/2022,05/20/2024,28.53333333,07/11/2017,4.480555556,85,8.8,40.5,RPG,,Yes,
Final Fantasy X/X-2: HD Remaster,PS4,Extra,Removed,12/07/2021,05/20/2024,29.43333333,12/26/2013,7.947222222,83,8.7,50.5,RPG,,Yes,
Final Fantasy VIII: Remastered,PS4,Extra,Removed,11/02/2021,05/20/2024,30.6,09/03/2019,2.163888889,81,7.8,40,RPG,,Yes,
Final Fantasy IX,PS4,Extra,Removed,10/05/2021,05/20/2024,31.5,07/07/2000,21.24444444,83,8.8,39,RPG,,Yes,
Final Fantasy VII,PS4,Extra,Removed,09/07/2021,05/20/2024,32.43333333,01/31/1997,24.60277778,82,9.2,36.5,RPG,,Yes,
Immortals of Aveum,PS5,Essential,Removed,04/02/2024,05/06/2024,1.133333333,08/22/2023,0.6111111111,69,6.1,16,Shooter,,No,
Minecraft: Legends,PS5/PS4,Essential,Removed,04/02/2024,05/06/2024,1.133333333,04/18/2023,0.9555555556,71,4.8,9,Strategy,,No,
Skul: The Hero Slayer,PS4,Essential,Removed,04/02/2024,05/06/2024,1.133333333,01/21/2021,3.197222222,80,6.7,21,Platformer,,No,
Chicken Police: Paint it RED!,PS4,Extra,Removed,06/13/2022,04/15/2024,22.06666667,11/05/2020,1.605555556,82,7.6,10,Puzzle,,Yes,
Dangerous Golf,PS4,Extra,Removed,06/13/2022,04/15/2024,22.06666667,06/01/2016,6.033333333,60,5.8,7,Sports,,Yes,Yes
Everspace,PS4,Extra,Removed,06/13/2022,04/15/2024,22.06666667,09/14/2016,5.747222222,83,7.6,18.5,Action-Adventure,,No,
FIGHTING EX LAYER,PS4,Extra,Removed,06/13/2022,04/15/2024,22.06666667,06/28/2018,3.958333333,74,7.1,0.5,Fighting,,No,
Gunvolt Chronicles: Luminous Avenger iX,PS4,Extra,Removed,06/13/2022,04/15/2024,22.06666667,09/26/2019,2.713888889,80,7.7,3,Platformer,,No,
Necromunda: Underhive Wars,PS4,Extra,Removed,06/13/2022,04/15/2024,22.06666667,09/07/2020,1.766666667,56,6,20,Strategy,,Yes,
R-Type Final 2,PS4,Extra,Removed,06/13/2022,04/15/2024,22.06666667,04/29/2021,1.122222222,74,7.4,,Action-Adventure,,No,
Reel Fishing: Road Trip Adventure ,PS4,Extra,Removed,06/13/2022,04/15/2024,22.06666667,09/11/2019,2.755555556,60,7,,Sports,,Yes,
Soulcalibur VI,PS4,Extra,Removed,06/13/2022,04/15/2024,22.06666667,10/19/2018,3.65,84,7.9,,Fighting,,Yes,Yes
Nights of Azure,PS4,Extra,Removed,03/03/2020,04/15/2024,49.4,03/01/2016,4.005555556,68,7,27,RPG,,Yes,
Nights of Azure 2: Bride of the New Moon,PS4,Extra,Removed,03/03/2020,04/15/2024,49.4,10/01/2017,2.422222222,65,6.7,27,RPG,,Yes,
Warriors All-Stars,PS4,Extra,Removed,03/03/2020,04/15/2024,49.4,08/01/2017,2.588888889,70,7.6,30,RPG,,Yes,
Destiny 2: The Witch Queen,PS5/PS4,Essential,Removed,03/05/2024,04/01/2024,0.8666666667,02/22/2022,2.036111111,87,7.9,12,Shooter,,No,
Hello Neighbor 2,PS5/PS4,Essential,Removed,03/05/2024,04/01/2024,0.8666666667,12/06/2022,1.247222222,59,4.7,4,Action-Adventure,,No,
F1 23,PS5/PS4,Essential,Removed,03/05/2024,04/01/2024,0.8666666667,06/16/2023,0.7194444444,82,6.2,8,Racing,,No,
SIFU,PS5/PS4,Essential,Removed,03/05/2024,04/01/2024,0.8666666667,02/08/2022,2.075,81,8.1,9,Action-Adventure,,No,
Sid Meier's Civilization VI,PS4,Extra,Removed,09/19/2023,03/18/2024,5.966666667,10/20/2016,6.913888889,87,7.1,23,Strategy,,Yes,
Ghostwire: Tokyo,PS5,Extra,Removed,03/21/2023,03/18/2024,11.9,03/22/2022,0.9972222222,75,8.6,11,Action-Adventure,,No,
Haven,PS5/PS4,Extra,Removed,03/21/2023,03/18/2024,11.9,12/03/2020,2.3,78,7.5,11,Action-Adventure,,Yes,
NEO: The World Ends with You,PS5/PS4,Extra,Removed,03/21/2023,03/18/2024,11.9,09/01/2018,4.555555556,80,8.2,41,RPG,,Yes,
Tchia,PS5/PS4,Extra,Removed,03/21/2023,03/18/2024,11.9,03/21/2023,0,77,7.3,7,Action-Adventure,,Yes,
Code Vein,PS4,Extra,Removed,03/07/2023,03/18/2024,12.36666667,09/27/2019,3.444444444,70,7.8,26,RPG,,No,
Outer Wilds,PS4,Extra,Removed,04/05/2022,03/18/2024,23.43333333,05/29/2019,2.85,85,8.6,16,Action-Adventure,,Yes,
Steelrising,PS5,Essential,Removed,02/06/2024,03/04/2024,0.9333333333,09/08/2022,1.411111111,72,7.5,15,RPG,,No,
Foamstars,PS5/PS4,Essential,Removed,02/06/2024,03/04/2024,0.9333333333,02/06/2024,0,59,7.2,,Shooter,,No,
Rollerdrome,PS5/PS4,Essential,Removed,02/06/2024,03/04/2024,0.9333333333,08/16/2022,1.472222222,79,7.3,5,Shooter,,No,
Tacoma,PS4,Extra,Removed,06/20/2023,02/19/2024,7.966666667,05/08/2018,5.116666667,79,5.8,3,Action-Adventure,,Yes,
Ace Combat 7: Skies Unknown,PS4,Extra,Removed,02/21/2023,02/19/2024,11.93333333,01/18/2019,4.091666667,80,8,12,Simulation,,Yes,
I am Setsuna,PS4,Extra,Removed,02/21/2023,02/19/2024,11.93333333,07/19/2016,6.588888889,74,7.4,21,RPG,,Yes,
Lost Sphear,PS4,Extra,Removed,02/21/2023,02/19/2024,11.93333333,01/23/2018,5.077777778,68,6.9,26,RPG,,Yes,
Oninaki,PS4,Extra,Removed,02/21/2023,02/19/2024,11.93333333,08/22/2019,3.497222222,69,5.8,20,RPG,,Yes,
Resident Evil 7: Biohazard,PS4,Extra,Removed,02/21/2023,02/19/2024,11.93333333,01/24/2017,6.075,86,8.1,10,Shooter,,Yes,
Tekken 7,PS4,Extra,Removed,02/21/2023,02/19/2024,11.93333333,06/02/2017,5.719444444,82,6.5,4,Fighting,,Yes,
Hue,PS4,Extra,Removed,06/13/2022,02/19/2024,20.2,08/30/2016,5.786111111,79,7.3,4.5,Puzzle,,Yes,
Lost Words: Beyond The Page,PS4,Extra,Removed,06/13/2022,02/19/2024,20.2,03/27/2020,2.211111111,78,7.3,4.5,Platformer,,No,
Thomas Was Alone,PS4,Extra,Removed,06/13/2022,02/19/2024,20.2,06/30/2012,9.952777778,79,7.6,3,Platformer,,Yes,
A Plague Tale: Requiem,PS5,Essential,Removed,01/02/2024,02/05/2024,1.1,10/18/2022,1.205555556,82,8.3,17,Action-Adventure,,No,
Evil West,PS5/PS4,Essential,Removed,01/02/2024,02/05/2024,1.1,11/22/2022,1.111111111,73,7.6,11,Shooter,,No,
Nobody Saves the World,PS5/PS4,Essential,Removed,01/02/2024,02/05/2024,1.1,01/18/2022,1.955555556,76,7.1,16,RPG,,No,
It Takes Two,PS5/PS4,Extra,Removed,07/18/2023,01/15/2024,5.9,03/26/2021,2.311111111,89,8.9,14,Action-Adventure,,No,
Snowrunner,PS5/PS4,Extra,Removed,07/18/2023,01/15/2024,5.9,04/28/2020,3.222222222,81,7.1,93,Racing,,Yes,
Devil May Cry 5: Special Edition,PS5/PS4,Extra,Removed,01/17/2023,01/15/2024,11.93333333,03/08/2019,3.858333333,88,8.4,11,Action-Adventure,PS4 gets the base version,Yes,
JETT: The Far Shore,PS5/PS4,Extra,Removed,01/17/2023,01/15/2024,11.93333333,10/05/2021,1.283333333,61,3.8,9,Action-Adventure,,Yes,
OMNO,PS4,Extra,Removed,01/17/2023,01/15/2024,11.93333333,07/29/2021,1.466666667,82,6.7,4,Action-Adventure,,Yes,
Pillars of Eternity II: Deadfire - Ultimate Edition,PS4,Extra,Removed,12/20/2022,01/15/2024,12.83333333,01/28/2020,2.894444444,76,4.5,70,RPG,,Yes,
Mitsurugi Kamui Hikae,PS4,Extra,Removed,06/13/2022,01/15/2024,19.06666667,02/01/2016,6.366666667,61,6.2,3,Action-Adventure,,Yes,
The Missing: J.J. Macfield and the Island of Memories,PS4,Extra,Removed,06/13/2022,01/15/2024,19.06666667,10/11/2018,3.672222222,79,7.4,5,Action-Adventure,,No,
Sable,PS5,Essential,Removed,12/05/2023,01/01/2024,0.8666666667,09/23/2021,2.2,75,7,8,Action-Adventure,,No,
Lego 2K Drive,PS5/PS4,Essential,Removed,12/05/2023,01/01/2024,0.8666666667,05/16/2023,0.5527777778,73,5.5,9,Racing,,No,
Powerwash Simulator,PS5/PS4,Essential,Removed,12/05/2023,01/01/2024,0.8666666667,05/19/2021,2.544444444,75,6.6,37,Simulation,,No,
Back 4 Blood,PS5/PS4,Extra,Removed,01/17/2023,12/18/2023,11.03333333,10/07/2021,1.277777778,75,3.7,12,Shooter,,Yes,
Middle-Earth: Shadow of Mordor,PS4,Extra,Removed,12/20/2022,12/18/2023,11.93333333,09/30/2014,8.222222222,84,8,16,RPG,,Yes,
Middle-Earth: Shadow of War,PS4,Extra,Removed,12/20/2022,12/18/2023,11.93333333,10/10/2017,5.194444444,80,4.8,21,RPG,,Yes,
The Escapists 2,PS4,Extra,Removed,12/20/2022,12/18/2023,11.93333333,08/22/2017,5.327777778,75,6.8,17,Action-Adventure,,Yes,
Yakuza 6: The Song of Life,PS4,Extra,Removed,12/20/2022,12/18/2023,11.93333333,12/01/2016,6.052777778,83,8.4,18.5,RPG,,Yes,
Yakuza: Like a Dragon,PS5/PS4,Extra,Removed,12/20/2022,12/18/2023,11.93333333,11/10/2020,2.111111111,84,8.1,46,RPG,,Yes,
Foreclosed,PS5,Extra,Removed,06/13/2022,12/18/2023,18.16666667,08/12/2021,0.8361111111,59,5.9,4.5,Action-Adventure,,No,
Caladrius Blaze,PS4,Extra,Removed,06/13/2022,12/18/2023,18.16666667,03/09/2016,6.261111111,68,7.1,1,Arcade,,No,Yes
Damascus Gear: Operation Tokyo - HD Edition,PS4,Extra,Removed,06/13/2022,12/18/2023,18.16666667,05/31/2017,5.036111111,70,6.3,14,RPG,,No,
El Hijo: A Wild West Tale,PS4,Extra,Removed,06/13/2022,12/18/2023,18.16666667,12/03/2020,1.527777778,74,7.2,6,Action-Adventure,,Yes,
Friday the 13th: The Game,PS4,Extra,Removed,06/13/2022,12/18/2023,18.16666667,05/26/2017,5.047222222,61,6.1,5,Horror,,Yes,
Legends of Ethernal,PS4,Extra,Removed,06/13/2022,12/18/2023,18.16666667,10/30/2020,1.619444444,60,6,9,Platformer,,No,
Aliens: Fireteam Elite,PS5/PS4,Essential,Removed,11/07/2023,12/04/2023,0.9,08/24/2021,2.202777778,67,5.9,9,Shooter,,No,
Dragon Ball: The Breakers,PS4,Essential,Removed,11/07/2023,12/04/2023,0.9,10/14/2022,1.063888889,54,5.1,43,Action-Adventure,,No,
Mafia II: Definitive Edition,PS4,Essential,Removed,11/07/2023,12/04/2023,0.9,05/19/2020,3.466666667,56,5.9,11,Shooter,,No,
Ace of Seafood,PS4,Extra,Removed,06/13/2022,11/20/2023,17.23333333,04/08/2016,6.180555556,52,6.8,4,Action-Adventure,,No,Yes
ConnecTank,PS4,Extra,Removed,06/13/2022,11/20/2023,17.23333333,03/28/2021,1.208333333,63,6.8,5,Puzzle,,No,Yes
Dandara: Trials of Fear Edition,PS4,Extra,Removed,06/13/2022,11/20/2023,17.23333333,02/28/2019,3.291666667,81,7.6,8,Platformer,,Yes,
Giana Sisters: Twisted Dreams - Director's Cut,PS4,Extra,Removed,06/13/2022,11/20/2023,17.23333333,10/01/2012,9.7,70,7.4,7.5,Platformer,,Yes,
Momodora: Reverie Under The Moonlight,PS4,Extra,Removed,06/13/2022,11/20/2023,17.23333333,03/04/2016,6.275,79,8,4,Platformer,,No,
My Time at Portia,PS4,Extra,Removed,06/13/2022,11/20/2023,17.23333333,04/16/2019,3.158333333,74,7.8,65,Simulation,,Yes,
Wild Guns: Reloaded,PS4,Extra,Removed,06/13/2022,11/20/2023,17.23333333,12/01/2016,5.533333333,75,7.5,2,Arcade,,Yes,Yes
Farming Simulator 22,PS5/PS4,Essential,Removed,10/03/2023,11/06/2023,1.1,11/22/2021,1.863888889,75,6.3,324,Simulation,,No,
The Callisto Protocol,PS5/PS4,Essential,Removed,10/03/2023,11/06/2023,1.1,12/02/2022,0.8361111111,69,6.9,10,Action-Adventure,,No,
Weird West,PS5/PS4,Essential,Removed,10/03/2023,11/06/2023,1.1,03/31/2022,1.508333333,73,7,18,Action-Adventure,,No,
The Quarry,PS5/PS4,Extra,Removed,02/21/2023,10/16/2023,7.833333333,06/10/2022,0.6972222222,74,7,9,Action-Adventure,,Yes,
Far Cry 5,PS4,Extra (Ubisoft+ Classics),Removed,12/20/2022,10/16/2023,9.866666667,03/27/2018,4.730555556,81,6.9,18,Shooter,,No,
The Medium,PS5,Extra,Removed,10/18/2022,10/16/2023,11.93333333,01/28/2021,1.722222222,75,6.7,8,Action-Adventure,,No,
INSIDE,PS4,Extra,Removed,10/18/2022,10/16/2023,11.93333333,06/29/2016,6.302777778,91,8.5,3.5,Platformer,,Yes,
Naruto to Boruto: Shinobi Striker,PS4,Extra,Removed,10/18/2022,10/16/2023,11.93333333,08/30/2018,4.133333333,61,6,6.5,Fighting,,Yes,
Yakuza 5: Remastered,PS4,Premium (Remasters),Removed,10/18/2022,10/16/2023,11.93333333,02/01/2020,2.713888889,82,7.9,37,RPG,PS3,Yes,
Yakuza 4: Remastered,PS4,Premium (Remasters),Removed,10/18/2022,10/16/2023,11.93333333,10/01/2019,3.047222222,78,7.6,21,RPG,PS3,Yes,
Yakuza 3: Remastered,PS4,Premium (Remasters),Removed,10/18/2022,10/16/2023,11.93333333,08/01/2019,3.213888889,77,7.4,17,RPG,PS3,Yes,
Limbo,PS5/PS4,Premium (Streaming Only),Removed,10/18/2022,10/16/2023,11.93333333,04/30/2021,1.466666667,90,8,3.5,Platformer,PS3,Yes,
Astebreed,PS4,Extra,Removed,06/13/2022,10/16/2023,16.1,05/01/2015,7.116666667,82,7,2,Arcade,,No,
Clouds & Sheep 2,PS4,Extra,Removed,06/13/2022,10/16/2023,16.1,02/01/2017,5.366666667,66,6.4,6,Simulation,,Yes,Yes
Gal Gunvolt Burst,PS4,Extra,Removed,06/13/2022,10/16/2023,16.1,06/15/2017,4.994444444,75,7.5,3,Platformer,,No,
TorqueL,PS4,Extra,Removed,06/13/2022,10/16/2023,16.1,01/14/2015,7.413888889,58,6.5,,Puzzle,,No,
Far Cry 4,PS4,Extra (Ubisoft+ Classics),Removed,06/13/2022,10/16/2023,16.1,11/18/2014,7.569444444,85,7.9,17,Shooter,,Yes,
The Crew,PS4,Extra (Ubisoft+ Classics),Removed,06/13/2022,10/16/2023,16.1,02/01/2014,8.366666667,62,6.5,,Racing,,Yes,Yes
Goosebumps: The Game,PS5/PS4,Premium (Streaming Only),Removed,06/13/2022,10/16/2023,16.1,10/13/2015,6.666666667,60,6.8,4,Adventure,PS3,Yes,
Saints Row (2022),PS5/PS4,Essential,Removed,09/05/2023,10/02/2023,0.9,08/23/2022,1.033333333,61,2.9,13,Shooter,,No,
Black Desert: Traveler Edition,PS4,Essential,Removed,09/05/2023,10/02/2023,0.9,08/22/2019,4.036111111,61,3.8,69,RPG,,No,
Generation Zero,PS4,Essential,Removed,09/05/2023,10/02/2023,0.9,03/26/2019,4.441666667,45,5.9,19,Shooter,,No,
Chicory: A Colorful Tale,PS5/PS4,Extra,Removed,09/20/2022,09/19/2023,11.96666667,06/10/2021,1.277777778,87,6.8,9,Action-Adventure,,Yes,
Deathloop,PS5,Extra,Removed,09/20/2022,09/19/2023,11.96666667,09/14/2021,1.016666667,88,6.5,16,Shooter,,No,
Watch Dogs 2,PS4,Extra (Ubisoft+ Classics),Removed,09/20/2022,09/19/2023,11.96666667,11/15/2016,5.847222222,82,7.7,19,Shooter,,Yes,
Tom Clancy's Ghost Recon: Wildlands,PS4,Extra (Ubisoft+ Classics),Removed,08/16/2022,09/19/2023,13.1,03/07/2017,5.441666667,70,6.4,26.5,Shooter,,Yes,
Death end re;Quest2,PS4,Extra,Removed,06/13/2022,09/19/2023,15.2,08/18/2020,1.819444444,70,7.4,17,RPG,,No,
Nidhogg 2,PS4,Extra,Removed,06/13/2022,09/19/2023,15.2,08/15/2017,4.827777778,80,6.6,,Platformer,,Yes,Yes
Through The Darkest of Times,PS4,Extra,Removed,06/13/2022,09/19/2023,15.2,04/23/2020,2.138888889,78,7.4,7,Strategy,,Yes,
Watch Dogs,PS4,Extra (Ubisoft+ Classics),Removed,06/13/2022,09/19/2023,15.2,05/01/2014,8.116666667,79,7,19,Action-Adventure,,Yes,
Umbrella Corps,PS4,Extra,Removed,06/13/2022,09/15/2023,15.06666667,06/01/2016,6.033333333,38,4.7,5,Shooter,,Yes,
Death's Door,PS5/PS4,Essential,Removed,08/01/2023,09/04/2023,1.1,11/23/2021,1.688888889,85,6.7,9,Action-Adventure,,No,
PGA Tour 2K23,PS5/PS4,Essential,Removed,08/01/2023,09/04/2023,1.1,10/11/2022,0.8055555556,76,5.4,16,Sports,,No,
Dreams,PS4,Essential,Removed,08/01/2023,09/04/2023,1.1,02/14/2020,3.463888889,89,8.7,3,Action-Adventure,,No,
Borderlands 3,PS5/PS4,Extra,Removed,02/21/2023,08/14/2023,5.766666667,09/13/2019,3.438888889,78,6.1,23,Shooter,,Yes,
Yakuza 0,PS4,Extra,Removed,08/16/2022,08/14/2023,11.93333333,03/01/2015,7.458333333,85,8.6,31,RPG,,Yes,
Yakuza Kiwami,PS4,Extra,Removed,08/16/2022,08/14/2023,11.93333333,01/01/2016,6.625,80,7.9,17.5,RPG,,Yes,
Yakuza Kiwami 2,PS4,Extra,Removed,08/16/2022,08/14/2023,11.93333333,12/01/2017,4.708333333,85,8.4,18.5,RPG,,Yes,
DCL: The Game,PS4,Extra,Removed,06/13/2022,08/14/2023,14.03333333,09/30/2019,2.702777778,55,5.8,,Racing,,Yes,
GRIP Combat Racing,PS4,Extra,Removed,06/13/2022,08/14/2023,14.03333333,11/06/2018,3.602777778,71,5.4,14,Racing,,No,Yes
The Crew 2,PS4,Extra (Ubisoft+ Classics),Removed,06/13/2022,08/14/2023,14.03333333,03/01/2018,4.283333333,67,6.4,22,Racing,,Yes,Yes
8-Bit Armies,PS4,Extra,Removed,05/01/2018,08/14/2023,63.43333333,04/22/2016,2.025,69,6.8,7.5,Strategy,,Yes,
Carmageddon: Max Damage,PS4,Extra,Removed,10/03/2017,08/14/2023,70.36666667,07/01/2016,1.255555556,52,6.4,16,Racing,,Yes,
Nidhogg,PS4,Extra,Removed,07/06/2017,08/14/2023,73.26666667,01/01/2014,3.513888889,81,7.4,,Action-Adventure,,Yes,Yes
Alan Wake: Remastered,PS5/PS4,Essential,Removed,07/04/2023,07/31/2023,0.8666666667,10/05/2021,1.747222222,79,8,10,Action-Adventure,,No,
Call of Duty: Black Ops Cold War,PS5/PS4,Essential,Removed,07/04/2023,07/31/2023,0.8666666667,11/13/2020,2.641666667,76,4.1,6,Shooter,,No,
Endling: Extinction is Forever,PS5/PS4,Essential,Removed,07/04/2023,07/31/2023,0.8666666667,07/19/2022,0.9583333333,82,8.3,4,Action-Adventure,,No,
Stray,PS5/PS4,Extra,Removed,07/19/2022,07/17/2023,11.93333333,07/19/2022,0,84,8.7,4.5,Action-Adventure,,Yes,
Marvel's Avengers,PS5/PS4,Extra,Removed,07/19/2022,07/17/2023,11.93333333,09/04/2020,1.875,67,4.9,12,Action-Adventure,,Yes,
Saints Row: Gat out of Hell,PS4,Extra,Removed,07/19/2022,07/17/2023,11.93333333,01/20/2015,7.497222222,64,6.4,4.5,Action-Adventure,,Yes,
Rogue Stormers,PS4,Extra,Removed,06/13/2022,07/17/2023,13.13333333,10/01/2016,5.7,64,5.9,4,Action-Adventure,,Yes,Yes
Borderlands: The Handsome Collection,PS4,Premium (Remasters),Removed,06/13/2022,07/17/2023,13.13333333,03/24/2015,7.219444444,82,7.8,25,Shooter,PS3,Yes,Yes
Raiden V: Director's Cut,PS5/PS4,Premium (Streaming Only),Removed,06/13/2022,07/17/2023,13.13333333,02/01/2016,6.366666667,73,7.5,5,Shooter,PS3,Yes,
Bioshock 2: Remastered,PS4,Premium (Remasters),Removed,02/04/2020,07/17/2023,41.43333333,09/13/2016,3.391666667,88,7.7,11,Shooter,PS3,Yes,
Bioshock Infinite: The Complete Edition,PS4,Premium (Remasters),Removed,02/04/2020,07/17/2023,41.43333333,11/04/2014,5.25,94,8.6,11,Shooter,PS3,Yes,
Bioshock: Remastered,PS4,Premium (Remasters),Removed,02/04/2020,07/17/2023,41.43333333,09/13/2016,3.391666667,96,8.6,12,Shooter,Xbox 360,Yes,
Fluster Cluck,PS4,Extra,Removed,08/08/2017,07/17/2023,71.3,10/01/2014,2.852777778,35,6.4,0.5,Arcade,,Yes,
Jurassic World Evolution 2,PS5/PS4,Essential,Removed,06/06/2023,07/03/2023,0.9,11/09/2021,1.575,78,7,6,Strategy,,No,
NBA 2K23,PS5/PS4,Essential,Removed,06/06/2023,07/03/2023,0.9,09/09/2022,0.7416666667,78,4.5,25,Sports,,No,
Trek to Yomi,PS5/PS4,Essential,Removed,06/06/2023,07/03/2023,0.9,05/05/2022,1.086111111,69,6.9,5,Action-Adventure,,No,
Descenders,PS4,Extra,Removed,05/02/2023,06/19/2023,1.566666667,02/09/2018,5.230555556,74,7.5,4.5,Sports,,Yes,
Wytchwood,PS5/PS4,Extra,Removed,06/13/2022,06/19/2023,12.2,12/09/2021,0.5111111111,78,7.5,10.5,Interactive Story,,Yes,
9 Monkeys of Shaolin,PS4,Extra,Removed,06/13/2022,06/19/2023,12.2,10/16/2020,1.658333333,74,7,4,Fighting,,Yes,Yes
Agents of Mayhem,PS4,Extra,Removed,06/13/2022,06/19/2023,12.2,08/15/2017,4.827777778,68,6.5,16.5,Action-Adventure,,Yes,
Ash of Gods: Redemption,PS4,Extra,Removed,06/13/2022,06/19/2023,12.2,03/01/2018,4.283333333,62,7.2,22.5,RPG,,Yes,
Avicii Invector,PS4,Extra,Removed,06/13/2022,06/19/2023,12.2,12/01/2019,2.533333333,84,7.2,2.5,Music,,No,Yes
Gods Will Fall,PS4,Extra,Removed,06/13/2022,06/19/2023,12.2,01/29/2021,1.372222222,70,6.8,5,Action-Adventure,,Yes,
KeyWe,PS4,Extra,Removed,06/13/2022,06/19/2023,12.2,08/31/2021,0.7861111111,73,7.1,8,Party,,No,Yes
No Straight Roads,PS4,Extra,Removed,06/13/2022,06/19/2023,12.2,06/30/2020,1.952777778,75,7.5,9,Action-Adventure,,No,Yes
Party Hard,PS4,Extra,Removed,06/13/2022,06/19/2023,12.2,08/25/2015,6.8,64,7,5,Strategy,,Yes,Yes
Redeemer: Enhanced Edition,PS4,Extra,Removed,06/13/2022,06/19/2023,12.2,07/25/2019,2.883333333,58,6.8,5,Action-Adventure,,Yes,Yes
Red Faction II,PS4,Premium (Classics),Removed,06/13/2022,06/19/2023,12.2,10/01/2002,19.7,84,6.9,8,Shooter,PS2,Yes,
John Wick Hex,PS4,Extra,Removed,12/07/2021,06/19/2023,18.4,10/08/2019,2.163888889,73,7,5,Strategy,,No,
Black Mirror,PS4,Extra,Removed,03/05/2019,06/19/2023,51.46666667,11/01/2017,1.344444444,58,6.3,6,Horror,,Yes,
Red Faction,PS4,Premium (Classics),Removed,03/05/2019,06/19/2023,51.46666667,02/01/2001,18.09444444,88,7.7,8,Shooter,PS2,Yes,
Joe Dever's Lone Wolf,PS4,Extra,Removed,03/07/2017,06/19/2023,75.4,10/01/2013,3.433333333,79,7.2,15,Action-Adventure,,Yes,
Defense Grid 2,PS4,Extra,Removed,02/28/2017,06/19/2023,75.7,09/23/2014,2.430555556,81,7.5,10.5,Strategy,,Yes,Yes
Chivalry II,PS5/PS4,Essential,Removed,05/02/2023,06/05/2023,1.1,06/08/2021,1.9,66,4.7,45,Action-Adventure,,No,
GRID: Legends,PS5/PS4,Essential,Removed,05/02/2023,06/05/2023,1.1,02/25/2022,1.186111111,77,5.9,6,Racing,,No,
Descenders,PS4,Essential,Removed,05/02/2023,06/05/2023,1.1,08/25/2020,2.686111111,75,5,5,Racing,,No,
Balan Wonderworld,PS5/PS4,Extra,Removed,06/13/2022,05/15/2023,11.06666667,03/26/2021,1.213888889,48,5.1,11,Action-Adventure,,Yes,
Kona,PS5/PS4,Extra,Removed,06/13/2022,05/15/2023,11.06666667,03/10/2016,6.258333333,71,6.8,5.5,Platformer,,Yes,
Marvel's Spider-Man: Game of the Year Edition,PS5/PS4,Extra,Removed,06/13/2022,05/15/2023,11.06666667,08/28/2019,2.791666667,89,8.7,17.5,Action-Adventure,,No,
Tour de France 2021,PS5/PS4,Extra,Removed,06/13/2022,05/15/2023,11.06666667,06/03/2021,1.027777778,59,5.8,,Sports,,Yes,
Chocobo's Mystery Dungeon EVERY BUDDY!,PS4,Extra,Removed,06/13/2022,05/15/2023,11.06666667,03/20/2019,3.230555556,72,7.2,30,RPG,,Yes,Yes
Chronos: Before the Ashes,PS4,Extra,Removed,06/13/2022,05/15/2023,11.06666667,12/01/2020,1.533333333,63,6.7,13,Action-Adventure,,Yes,
Dreamfall Chapters,PS4,Extra,Removed,06/13/2022,05/15/2023,11.06666667,05/21/2017,5.061111111,71,7.2,20,Adventure,,Yes,
Graveyard Keeper,PS4,Extra,Removed,06/13/2022,05/15/2023,11.06666667,08/15/2018,3.827777778,68,7.5,44.5,Simulation,,Yes,
Homefront: The Revolution,PS4,Extra,Removed,06/13/2022,05/15/2023,11.06666667,05/17/2016,6.072222222,49,5,12,Shooter,,Yes,
Injustice 2,PS4,Extra,Removed,06/13/2022,05/15/2023,11.06666667,05/16/2017,5.075,88,7.8,5.5,Fighting,,Yes,Yes
Kingdom Come: Deliverance,PS4,Extra,Removed,06/13/2022,05/15/2023,11.06666667,02/13/2018,4.333333333,72,7.8,40.5,RPG,,Yes,
Last Day of June,PS4,Extra,Removed,06/13/2022,05/15/2023,11.06666667,08/31/2017,4.786111111,75,7.5,3,Adventure,,Yes,
Left Alive: Day One Edition,PS4,Extra,Removed,06/13/2022,05/15/2023,11.06666667,03/05/2019,3.272222222,37,5.3,15,Action-Adventure,,Yes,
Mighty No. 9,PS4,Extra,Removed,06/13/2022,05/15/2023,11.06666667,06/01/2016,6.033333333,53,3.4,4,Platformer,,Yes,
MX vs. ATV: All Out,PS4,Extra,Removed,06/13/2022,05/15/2023,11.06666667,03/27/2018,4.211111111,53,5.5,,Racing,,Yes,Yes
NBA 2K Playgrounds 2,PS4,Extra,Removed,06/13/2022,05/15/2023,11.06666667,10/01/2018,3.7,70,6.3,,Sports,,Yes,Yes
Pathfinder: Kingmaker - Definitive Edition,PS4,Extra,Removed,06/13/2022,05/15/2023,11.06666667,08/18/2020,1.819444444,73,7.7,58,RPG,,Yes,
Shenmue III,PS4,Extra,Removed,06/13/2022,05/15/2023,11.06666667,11/01/2019,2.616666667,68,7.1,20,Action-Adventure,,Yes,
Star Ocean First Departure R,PS4,Extra,Removed,06/13/2022,05/15/2023,11.06666667,12/05/2019,2.522222222,72,7.5,23,RPG,,Yes,
TT Isle of Man: Ride of the Edge 2,PS4,Extra,Removed,06/13/2022,05/15/2023,11.06666667,03/19/2020,2.233333333,60,6.2,,Racing,,Yes,Yes
Virginia,PS4,Extra,Removed,06/13/2022,05/15/2023,11.06666667,09/22/2016,5.725,74,6.6,2,Adventure,,Yes,
Windbound,PS4,Extra,Removed,06/13/2022,05/15/2023,11.06666667,08/28/2020,1.791666667,62,6.4,11,Action-Adventure,,Yes,
Batman: Return to Arkham - Arkham Asylum,PS4,Premium (Remasters),Removed,06/13/2022,05/15/2023,11.06666667,10/18/2016,5.652777778,76,7.8,12,Action-Adventure,PS3,No,
Batman: Return to Arkham - Arkham City,PS4,Premium (Remasters),Removed,06/13/2022,05/15/2023,11.06666667,10/18/2016,5.652777778,85,7.8,12,Action-Adventure,PS3,No,
Deadlight: Director's Cut,PS4,Premium (Remasters),Removed,06/13/2022,05/15/2023,11.06666667,06/21/2016,5.977777778,68,6.6,4,Platformer,Xbox 360,Yes,Yes
LEGO Harry Potter Collection,PS4,Premium (Remasters),Removed,06/13/2022,05/15/2023,11.06666667,10/18/2016,5.652777778,73,7.7,24,Action-Adventure,PS3,Yes,Yes
Metro 2033: Redux,PS4,Premium (Remasters),Removed,06/13/2022,05/15/2023,11.06666667,08/01/2014,7.866666667,90,8.4,10,Shooter,Xbox 360,Yes,
Metro: Last Light - Redux,PS4,Premium (Remasters),Removed,06/13/2022,05/15/2023,11.06666667,08/01/2014,7.866666667,76,8,10,Shooter,PS3,Yes,
Red Faction: Guerrilla Re-Mars-tered,PS4,Premium (Remasters),Removed,06/13/2022,05/15/2023,11.06666667,07/01/2018,3.95,70,7,14,Shooter,PS3,Yes,
Resident Evil (2015),PS4,Premium (Remasters),Removed,06/13/2022,05/15/2023,11.06666667,01/20/2015,7.397222222,83,8.6,12,Horror,PS1,No,
Relicta,PS4,Extra,Removed,03/01/2022,05/15/2023,14.46666667,08/01/2020,1.583333333,72,6.5,5,Puzzle,,Yes,
This War of Mine: The Little Ones,PS4,Extra,Removed,07/06/2017,05/15/2023,70.3,11/14/2014,2.644444444,78,6.9,10,Survival,,Yes,
How to Survive: Storm Warning Edition,PS4,Extra,Removed,02/28/2017,05/15/2023,74.56666667,10/29/2014,2.330555556,53,6.8,15,Action-Adventure,,Yes,
Pixel Piracy,PS4,Extra,Removed,02/28/2017,05/15/2023,74.56666667,02/01/2016,1.075,52,5.9,20,Simulation,,Yes,
Batman: Arkham Knight,PS5/PS4,Essential (PS+ Collection),Removed,11/12/2020,05/09/2023,29.9,06/23/2015,5.386111111,87,8.2,16.5,Action-Adventure,Must claim on a PS5,No,
Battlefield 1,PS5/PS4,Essential (PS+ Collection),Removed,11/12/2020,05/09/2023,29.9,10/01/2016,4.113888889,89,7.3,6.5,Shooter,Must claim on a PS5,No,
Bloodborne,PS5/PS4,Essential (PS+ Collection),Removed,11/12/2020,05/09/2023,29.9,03/24/2015,5.633333333,92,8.9,33.5,Action-Adventure,Must claim on a PS5,No,
Call of Duty: Black Ops III - Zombies Chronicles Edition,PS5/PS4,Essential (PS+ Collection),Removed,11/12/2020,05/09/2023,29.9,05/16/2017,3.488888889,78,7.2,9,Shooter,Must claim on a PS5,No,Yes
Crash Bandicoot N. Sane Trilogy,PS5/PS4,Essential (PS+ Collection),Removed,11/12/2020,05/09/2023,29.9,06/30/2017,3.366666667,86,7.9,15,Platformer,Must claim on a PS5,No,
Days Gone,PS5/PS4,Essential (PS+ Collection),Removed,11/12/2020,05/09/2023,29.9,04/26/2019,1.544444444,71,8,36.5,Shooter,Must claim on a PS5,No,
Detroit: Become Human,PS5/PS4,Essential (PS+ Collection),Removed,11/12/2020,05/09/2023,29.9,05/28/2018,2.455555556,78,8.4,12,Interactive Story,Must claim on a PS5,No,
Fallout 4,PS5/PS4,Essential (PS+ Collection),Removed,11/12/2020,05/09/2023,29.9,11/10/2015,5.005555556,87,6.5,27,Shooter,Must claim on a PS5,No,
Final Fantasy XV: Royal Edition,PS5/PS4,Essential (PS+ Collection),Removed,11/12/2020,05/09/2023,29.9,03/06/2018,2.683333333,77,7.8,27,RPG,Must claim on a PS5,No,
God of War (2018),PS5/PS4,Essential (PS+ Collection),Removed,11/12/2020,05/09/2023,29.9,04/20/2018,2.561111111,94,9.1,21,RPG,Must claim on a PS5,No,
inFAMOUS: Second Son,PS5/PS4,Essential (PS+ Collection),Removed,11/12/2020,05/09/2023,29.9,03/21/2014,6.641666667,80,7.9,10,Action-Adventure,Must claim on a PS5,No,
Monster Hunter: World,PS5/PS4,Essential (PS+ Collection),Removed,11/12/2020,05/09/2023,29.9,01/26/2018,2.794444444,90,8.2,50,Action-Adventure,Must claim on a PS5,No,
Mortal Kombat X,PS5/PS4,Essential (PS+ Collection),Removed,11/12/2020,05/09/2023,29.9,04/14/2015,5.577777778,83,7.8,5.5,Fighting,Must claim on a PS5,No,Yes
Ratchet and Clank (2016),PS5/PS4,Essential (PS+ Collection),Removed,11/12/2020,05/09/2023,29.9,04/12/2016,4.583333333,85,8.2,10,Platformer,Must claim on a PS5,No,
Resident Evil 7: biohazard,PS5/PS4,Essential (PS+ Collection),Removed,11/12/2020,05/09/2023,29.9,01/23/2017,3.802777778,86,8.2,11,Shooter,Must claim on a PS5,No,
The Last Guardian,PS5/PS4,Essential (PS+ Collection),Removed,11/12/2020,05/09/2023,29.9,12/06/2016,3.933333333,82,7.9,12,Action-Adventure,Must claim on a PS5,No,
The Last of Us: Remastered,PS5/PS4,Essential (PS+ Collection),Removed,11/12/2020,05/09/2023,29.9,07/29/2014,6.286111111,95,9.2,14.5,Shooter,Must claim on a PS5,No,
Uncharted 4: A Thief's End,PS5/PS4,Essential (PS+ Collection),Removed,11/12/2020,05/09/2023,29.9,05/10/2016,4.505555556,93,8.5,15,Shooter,Must claim on a PS5,No,
Until Dawn,PS5/PS4,Essential (PS+ Collection),Removed,11/12/2020,05/09/2023,29.9,08/25/2015,5.213888889,79,8.3,8,Interactive Story,Must claim on a PS5,No,
Meet Your Maker,PS5/PS4,Essential,Removed,04/04/2023,05/01/2023,0.9,04/04/2023,0,73,5.5,11,Shooter,,No,
Sackboy: A Big Adventure,PS5/PS4,Essential,Removed,04/04/2023,05/01/2023,0.9,11/12/2020,2.394444444,83,7.8,11,Platformer,,No,Yes
Tails of Iron,PS5/PS4,Essential,Removed,04/04/2023,05/01/2023,0.9,11/17/2021,1.380555556,81,7.1,7,RPG,,No,
2Dark,PS4,Extra,Removed,06/13/2022,04/17/2023,10.13333333,03/10/2017,5.258333333,63,6.3,8,Horror,,Yes,
Croixleur Sigma,PS4,Extra,Removed,06/13/2022,04/17/2023,10.13333333,01/01/2016,6.45,62,6.6,1,Action-Adventure,,Yes,Yes
Gabbuchi,PS4,Extra,Removed,06/13/2022,04/17/2023,10.13333333,11/30/2018,3.536111111,58,6.5,9,Puzzle,,No,
Marvel Puzzle Quest,PS4,Extra,Removed,06/13/2022,04/17/2023,10.13333333,10/03/2013,8.694444444,74,7.2,30,Puzzle,,Yes,
The Caligula Effect: Overdose,PS4,Extra,Removed,06/13/2022,04/17/2023,10.13333333,05/15/2019,3.077777778,65,7.1,55,RPG,,No,
The Wonderful 101: Remastered,PS4,Extra,Removed,06/13/2022,04/17/2023,10.13333333,05/19/2020,2.066666667,78,7.8,13,Action-Adventure,,No,Yes
Naruto Shippuden: Ultimate Ninja Storm 4,PS4,Extra,Removed,05/03/2022,04/17/2023,11.46666667,02/05/2016,6.244444444,79,8.1,12,Fighting,,Yes,Yes
Battlefield 2042,PS5/PS4,Essential,Removed,03/07/2023,04/03/2023,0.8666666667,11/12/2021,1.319444444,63,2.6,65,Shooter,,Yes,
Minecraft: Dungeons,PS4,Essential,Removed,03/07/2023,04/03/2023,0.8666666667,05/26/2020,2.780555556,78,6.2,6,RPG,,No,
Code Vein,PS4,Essential,Removed,03/07/2023,04/03/2023,0.8666666667,09/27/2019,3.444444444,70,7.8,26,RPG,,No,
Monster Energy Supercross: The Official Videogame 5,PS5/PS4,Extra,Removed,09/20/2022,03/20/2023,6,03/17/2022,0.5083333333,74,4,8,Racing,,Yes,
Danger Zone,PS4,Extra,Removed,06/13/2022,03/20/2023,9.233333333,05/01/2017,5.116666667,65,5.2,3,Action-Adventure,,Yes,
Ghost of a Tale,PS4,Extra,Removed,06/13/2022,03/20/2023,9.233333333,03/13/2018,4.25,76,7.7,11,RPG,,Yes,
Override 2: Super Mech League,PS4,Extra,Removed,06/13/2022,03/20/2023,9.233333333,12/22/2020,1.475,60,5.7,,Fighting,,Yes,Yes
The Vanishing of Ethan Carter,PS4,Extra,Removed,06/13/2022,03/20/2023,9.233333333,09/01/2014,7.783333333,79,7.3,4,Action-Adventure,,Yes,
Victor Vran: Overkill Edition,PS4,Extra,Removed,06/13/2022,03/20/2023,9.233333333,07/24/2015,6.886111111,76,7,13,RPG,,Yes,Yes
Dungeons 2,PS4,Extra,Removed,07/06/2017,03/20/2023,68.46666667,05/01/2016,1.180555556,68,6.9,16,Action-Adventure,,Yes,
Velocibox,PS4,Extra,Removed,07/06/2017,03/20/2023,68.46666667,07/01/2015,2.013888889,68,6,,Arcade,,No,
WWE 2K22,PS4,Extra,Removed,01/03/2023,03/13/2023,2.333333333,03/08/2022,0.8194444444,76,6.1,4,Fighting,,Yes,
Destiny 2: Beyond Light,PS5/PS4,Essential,Removed,02/07/2023,03/06/2023,0.9666666667,11/10/2020,2.241666667,76,3.9,6,Shooter,,No,
Evil Dead: The Game,PS5/PS4,Essential,Removed,02/07/2023,03/06/2023,0.9666666667,05/13/2022,0.7333333333,72,7.5,4,Action-Adventure,,No,
OlliOlli World,PS5/PS4,Essential,Removed,02/07/2023,03/06/2023,0.9666666667,02/08/2022,0.9972222222,86,7.8,6,Platformer,,No,
Mafia: Definitive Edition,PS4,Essential,Removed,02/07/2023,03/06/2023,0.9666666667,09/25/2020,2.366666667,76,7,11,Shooter,,No,
Grand Theft Auto: Vice City - The Definitive Edition,PS5/PS4,Extra,Removed,10/18/2022,02/20/2023,4.066666667,11/11/2021,0.9361111111,54,2.4,18,Shooter,,Yes,
Metro Exodus,PS4,Extra,Removed,08/16/2022,02/20/2023,6.133333333,02/15/2019,3.502777778,83,7.9,15,Shooter,,Yes,
Agatha Christie: The ABC Murders,PS4,Extra,Removed,06/13/2022,02/20/2023,8.233333333,02/01/2016,6.366666667,68,6.6,7,Action-Adventure,,Yes,
Pure Farming 2018,PS4,Extra,Removed,06/13/2022,02/20/2023,8.233333333,03/01/2018,4.283333333,68,5.8,,Simulation,,Yes,
Rad Rodgers,PS4,Extra,Removed,06/13/2022,02/20/2023,8.233333333,02/01/2018,4.366666667,65,6.3,7,Platformer,,Yes,Yes
Sine Mora EX,PS4,Extra,Removed,06/13/2022,02/20/2023,8.233333333,03/01/2012,10.28333333,78,7.4,4,Action-Adventure,,Yes,Yes
SkyDrift Infinity,PS4,Extra,Removed,06/13/2022,02/20/2023,8.233333333,07/29/2021,0.8722222222,64,6.8,,Racing,,Yes,Yes
Sparkle Unleashed,PS4,Extra,Removed,06/13/2022,02/20/2023,8.233333333,07/01/2015,6.95,66,6.8,,Puzzle,,No,
The Turing Test,PS4,Extra,Removed,06/13/2022,02/20/2023,8.233333333,08/16/2016,5.825,79,7.4,5,Puzzle,,Yes,
Saints Row: The Third - Remastered,PS5/PS4,Premium (Remasters),Removed,06/13/2022,02/20/2023,8.233333333,05/22/2020,2.058333333,72,7.4,15,Action-Adventure,PS3,No,
The Book of Unwritten Tales 2,PS4,Extra,Removed,08/08/2017,02/20/2023,66.4,02/19/2015,2.469444444,72,7.6,13,Interactive Story,,Yes,
Whispering Willows,PS4,Extra,Removed,07/06/2017,02/20/2023,67.46666667,06/01/2015,2.097222222,64,6.7,3,Action-Adventure,,No,
Axiom Verge 2,PS5/PS4,Essential,Removed,01/03/2023,02/06/2023,1.1,08/11/2021,1.394444444,75,5.7,9,Platformer,,No,
Star Wars Jedi: Fallen Order,PS5/PS4,Essential,Removed,01/03/2023,02/06/2023,1.1,11/15/2019,3.133333333,79,7.6,17,Action-Adventure,,No,
Fallout 76,PS4,Essential,Removed,01/03/2023,02/06/2023,1.1,11/14/2018,4.136111111,53,2.8,33,Shooter,,No,
Electronic Super Joy,PS4,Extra,Removed,06/13/2022,01/17/2023,7.133333333,08/23/2013,8.805555556,80,7.1,4.5,Platformer,,Yes,
Enigmatis: The Ghosts of Maple Creek,PS4,Extra,Removed,06/13/2022,01/17/2023,7.133333333,04/01/2016,6.2,74,7.3,4.5,Puzzle,,Yes,
Masters of Anima,PS4,Extra,Removed,06/13/2022,01/17/2023,7.133333333,04/10/2018,4.175,67,6.9,13,Strategy,,Yes,
Seasons After Fall,PS4,Extra,Removed,06/13/2022,01/17/2023,7.133333333,09/01/2016,5.783333333,77,7.1,6,Platformer,,Yes,
Shiness: The Lightning Kingdom,PS4,Extra,Removed,06/13/2022,01/17/2023,7.133333333,04/01/2017,5.2,68,6.5,16,RPG,,Yes,Yes
Space Hulk: Tactics,PS4,Extra,Removed,06/13/2022,01/17/2023,7.133333333,10/09/2018,3.677777778,70,6.1,10,Strategy,,Yes,Yes
The Council: The Complete Season,PS4,Extra,Removed,06/13/2022,01/17/2023,7.133333333,03/13/2018,4.25,72,7.5,13,Adventure,,No,
JumpJet Rex,PS4,Extra,Removed,08/08/2017,01/17/2023,65.3,04/29/2016,1.275,77,6.6,3,Platformer,,Yes,Yes
Leo's Fortune,PS4,Extra,Removed,08/08/2017,01/17/2023,65.3,09/01/2015,1.936111111,75,7.8,2.5,Puzzle,,Yes,
The Last Tinker: City of Colors,PS4,Extra,Removed,07/06/2017,01/17/2023,66.36666667,08/01/2014,2.930555556,69,6.9,6,Platformer,,Yes,
Bound by Flame,PS4,Extra,Removed,07/05/2016,01/17/2023,78.4,05/09/2014,2.155555556,56,5.9,13,RPG,,Yes,
Divine Knockout,PS5/PS4,Essential,Removed,12/06/2022,01/02/2023,0.8666666667,12/06/2022,0,70,3,,Action-Adventure,,No,
Biomutant,PS5/PS4,Essential,Removed,12/06/2022,01/02/2023,0.8666666667,05/25/2021,1.530555556,64,6.7,13,RPG,,No,
Mass Effect: Legendary Edition,PS4,Essential,Removed,12/06/2022,01/02/2023,0.8666666667,05/14/2021,1.561111111,87,6.5,105,Shooter,,No,
Pillars of Eternity: Complete Edition,PS4,Extra,Removed,06/13/2022,12/21/2022,6.266666667,03/26/2015,7.213888889,84,8.2,32,RPG,,Yes,
Assassin's Creed Valhalla,PS5/PS4,Extra (Ubisoft+ Classics),Removed,06/13/2022,12/20/2022,6.233333333,11/12/2020,1.586111111,85,7,59.5,RPG,,Yes,
Heavenly Bodies,PS5/PS4,Essential,Removed,11/01/2022,12/05/2022,1.133333333,12/07/2021,0.9,60,9,5,Action-Adventure,,No,
Nioh 2: Remastered,PS5/PS4,Essential,Removed,11/01/2022,12/05/2022,1.133333333,03/13/2020,2.633333333,85,7.8,45,RPG,PS4 gets the base version,No,
LEGO Harry Potter Collection,PS4,Essential,Removed,11/01/2022,12/05/2022,1.133333333,10/18/2016,6.036111111,73,7.7,39,Action-Adventure,,No,
Greedfall,PS5/PS4,Extra,Removed,06/13/2022,11/15/2022,5.066666667,09/10/2019,2.758333333,74,7.6,23.5,RPG,,Yes,
MXGP 2021,PS5/PS4,Extra,Removed,06/13/2022,11/15/2022,5.066666667,11/30/2021,0.5361111111,69,6,10,Racing,,Yes,Yes
Mafia III: Definitive Edition,PS4,Extra,Removed,06/13/2022,11/15/2022,5.066666667,05/25/2021,1.05,62,6.5,23,Action-Adventure,,No,
Dead Nation: Apocalypse Edition,PS4,Premium (Remasters),Removed,06/13/2022,11/15/2022,5.066666667,03/01/2014,8.283333333,74,7.6,6,Shooter,PS3,Yes,
Mafia II: Definitive Edition,PS4,Premium (Remasters),Removed,06/13/2022,11/15/2022,5.066666667,05/19/2020,2.066666667,71,6.4,12,Action-Adventure,PS3,Yes,
Mafia: Definitive Edition,PS4,Premium (Remasters),Removed,11/02/2021,11/15/2022,12.43333333,09/25/2020,1.102777778,78,7.9,11,Action-Adventure,Windows,Yes,
RIDE 4,PS5/PS4,Extra,Removed,05/04/2021,11/15/2022,18.36666667,10/08/2020,0.5722222222,76,7.5,30,Racing,,Yes,
Hot Wheels Unleashed,PS5/PS4,Essential,Removed,10/04/2022,10/31/2022,0.8666666667,09/30/2021,1.011111111,75,7.6,7,Racing,,No,
Injustice 2,PS4,Essential,Removed,10/04/2022,10/31/2022,0.8666666667,05/16/2017,5.383333333,87,8,5.5,Fighting,,No,
SUPERHOT,PS4,Essential,Removed,10/04/2022,10/31/2022,0.8666666667,02/25/2016,6.608333333,83,7.3,2.5,Shooter,,No,
SOMA,PS4,Extra,Removed,06/13/2022,10/18/2022,4.166666667,09/01/2015,6.783333333,83,8.7,9,Horror,,Yes,
Red Dead Redemption: Undead Nightmare,PS5/PS4,Premium (Streaming Only),Removed,06/13/2022,10/17/2022,4.133333333,10/26/2010,11.63055556,87,8.4,7,Action-Adventure,PS3,Yes,
Red Dead Redemption,PS5/PS4,Premium (Streaming Only),Removed,09/23/2014,10/17/2022,96.8,05/18/2010,4.347222222,95,8.8,18,Action-Adventure,PS3,Yes,
PGA Tour 2K21,PS4,Extra,Removed,10/05/2021,10/07/2022,12.06666667,08/01/2020,1.177777778,78,6.8,23,Sports,,Yes,Yes
Need for Speed: Heat,PS4,Essential,Removed,09/06/2022,10/03/2022,0.9,11/08/2019,2.827777778,72,6.1,13,Racing,,No,
Granblue Fantasy: Versus,PS4,Essential,Removed,09/06/2022,10/03/2022,0.9,03/13/2020,2.480555556,78,6.5,5.5,Fighting,,No,
Toem,PS5,Essential,Removed,09/06/2022,10/03/2022,0.9,09/17/2021,0.9694444444,80,4.7,3,Action-Adventure,,No,
Red Dead Redemption 2,PS4,Extra,Removed,07/06/2021,09/20/2022,14.46666667,10/26/2018,2.694444444,95,8.6,50,Action-Adventure,,Yes,
Little Nightmares,PS4,Essential,Removed,08/02/2022,09/05/2022,1.1,04/28/2017,5.261111111,78,8.1,3.5,Puzzle,,No,
Tony Hawk's Pro Skater 1 + 2,PS5/PS4,Essential,Removed,08/02/2022,09/05/2022,1.1,09/04/2020,1.911111111,89,8.7,6.5,Sports,,No,
Yakuza: Like A Dragon,PS5/PS4,Essential,Removed,08/02/2022,09/05/2022,1.1,01/16/2020,2.544444444,85,8.2,45,RPG,,No,
NBA 2K22,PS5/PS4,Extra,Removed,06/13/2022,08/31/2022,2.566666667,09/10/2021,0.7583333333,76,5.6,176.5,Sports,,No,Yes
WRC 10: FIA World Rally Championship,PS5/PS4,Extra,Removed,04/05/2022,08/31/2022,4.833333333,09/02/2021,0.5916666667,74,6.9,11,Racing,,Yes,Yes
Killzone: Shadow Fall - Intercept,PS4,Extra,Removed,06/13/2022,08/12/2022,1.966666667,06/25/2014,7.966666667,73,7.5,10,Shooter,,No,Yes
Crash Bandicoot 4: It's About Time,PS5/PS4,Essential,Removed,07/05/2022,08/01/2022,0.8666666667,10/02/2020,1.758333333,86,7.9,10,Platformer,,No,
The Dark Pictures Anthology: Man of Medan,PS4,Essential,Removed,07/05/2022,08/01/2022,0.8666666667,08/30/2019,2.847222222,69,6.6,4.5,Horror,,No,
Arcadegeddon,PS5/PS4,Essential,Removed,07/05/2022,08/01/2022,0.8666666667,07/05/2022,0,74,6.2,5.5,Shooter,,No,
Syberia,PS5/PS4,Premium (Streaming Only),Removed,06/13/2022,07/15/2022,1.066666667,01/09/2002,20.42777778,50,7.7,9.5,Action-Adventure,PS3,Yes,
God of War (2018),PS4,Essential,Removed,06/07/2022,07/04/2022,0.9,04/20/2018,4.130555556,94,9.1,20.5,RPG,,No,
Naruto to Boruto: Shinobi Strikers,PS4,Essential,Removed,06/07/2022,07/04/2022,0.9,08/30/2018,3.769444444,61,6.7,6,Action-Adventure,,No,
Nickelodeon All-Star Brawl,PS5/PS4,Essential,Removed,06/07/2022,07/04/2022,0.9,10/05/2021,0.6722222222,64,6,1,Fighting,,No,Yes
Shadow Warrior 3,PS4,Extra,Removed,03/01/2022,07/02/2022,4.033333333,03/01/2022,0,71,6.7,5,Shooter,,Yes,
Blasphemous: Wounds of Eventide,PS5/PS4,Playstation Now (Discontinued),Removed,05/03/2022,06/13/2022,1.333333333,09/09/2021,0.65,,,,Action-Adventure,,No,
Kerbal Space Program,PS5/PS4,Playstation Now (Discontinued),Removed,01/04/2022,06/13/2022,5.3,06/24/2011,10.52777778,88,8.3,,Simulation,,No,
Grand Theft Auto III: The Definitive Edition,PS5/PS4,Playstation Now (Discontinued),Removed,12/07/2021,06/13/2022,6.2,11/11/2021,0.07222222222,56,5.2,16,Action-Adventure,,No,
Amnesia: Collection,PS5/PS4,Playstation Now (Discontinued),Removed,10/05/2021,06/13/2022,8.266666667,11/22/2016,4.869444444,79,8.1,17,Horror,,No,
Killing Floor 2,PS5/PS4,Playstation Now (Discontinued),Removed,09/07/2021,06/13/2022,9.2,11/18/2016,4.802777778,75,7.9,16,Shooter,,No,
Marvel's Avengers,PS5/PS4,Playstation Now (Discontinued),Removed,04/06/2021,06/13/2022,14.23333333,09/01/2020,0.5972222222,67,4.9,11,Action-Adventure,,No,
Monster Jam Steel Titans,PS5/PS4,Playstation Now (Discontinued),Removed,11/03/2020,06/13/2022,19.33333333,06/25/2019,1.355555556,47,3.8,6,Racing,,No,
Firewatch,PS5/PS4,Playstation Now (Discontinued),Removed,07/01/2020,06/13/2022,23.4,02/09/2016,4.394444444,81,7.5,4.5,Action-Adventure,,No,
PlayerUnknown's Battlegrounds,PS5/PS4,Playstation Now (Discontinued),Removed,12/03/2019,06/13/2022,30.33333333,12/21/2017,1.95,86,5,,Shooter,,No,
Farming Simulator 19,PS5/PS4,Playstation Now (Discontinued),Removed,09/03/2019,06/13/2022,33.33333333,11/19/2018,0.7888888889,73,6.3,,Racing,,No,
RIDE 3,PS5/PS4,Playstation Now (Discontinued),Removed,09/03/2019,06/13/2022,33.33333333,11/30/2018,0.7583333333,71,6.3,,Racing,,No,
Titan Quest,PS5/PS4,Playstation Now (Discontinued),Removed,09/03/2019,06/13/2022,33.33333333,06/26/2006,13.18611111,77,7.8,25.5,RPG,,No,
de Blob,PS5/PS4,Playstation Now (Discontinued),Removed,09/03/2019,06/13/2022,33.33333333,09/22/2008,10.94722222,82,7.5,12,Action-Adventure,,No,
MotoGP 17,PS5/PS4,Playstation Now (Discontinued),Removed,08/06/2019,06/13/2022,34.23333333,06/15/2017,2.141666667,70,6.8,,Racing,,No,
Monster Energy Supercross - The Official Videogame,PS5/PS4,Playstation Now (Discontinued),Removed,08/06/2019,06/13/2022,34.23333333,02/13/2018,1.480555556,61,5.8,,Racing,,No,
Real Farm,PS5/PS4,Playstation Now (Discontinued),Removed,07/02/2019,06/13/2022,35.36666667,10/20/2017,1.7,44,5.2,,Simulation,,No,
DARK ARCANA: THE CARNIVAL,PS5/PS4,Playstation Now (Discontinued),Removed,07/02/2019,06/13/2022,35.36666667,03/17/2017,2.291666667,68,6.2,3,Puzzle,,No,
Wuppo,PS5/PS4,Playstation Now (Discontinued),Removed,07/02/2019,06/13/2022,35.36666667,09/29/2016,2.758333333,78,8.5,8,Action-Adventure,,No,
Tachyon Project,PS5/PS4,Playstation Now (Discontinued),Removed,07/02/2019,06/13/2022,35.36666667,07/15/2015,3.963888889,74,6.9,5,Shooter,,No,
MXGP3: The Official Motocross Videogame,PS5/PS4,Playstation Now (Discontinued),Removed,07/02/2019,06/13/2022,35.36666667,05/30/2017,2.088888889,65,5.7,,Racing,,No,
Desert Child,PS5/PS4,Playstation Now (Discontinued),Removed,06/04/2019,06/13/2022,36.3,12/11/2018,0.4805555556,63,6.8,,Racing,,No,
Anodyne,PS5/PS4,Playstation Now (Discontinued),Removed,06/04/2019,06/13/2022,36.3,02/04/2013,6.333333333,75,6.9,6,Action-Adventure,,No,
RIVE,PS5/PS4,Playstation Now (Discontinued),Removed,06/04/2019,06/13/2022,36.3,09/13/2016,2.725,75,6.8,4.5,Shooter,,No,
Gal*Gun: Double Peace,PS5/PS4,Playstation Now (Discontinued),Removed,06/04/2019,06/13/2022,36.3,08/02/2016,2.838888889,64,7.4,3.5,Shooter,,No,
Inside My Radio,PS5/PS4,Playstation Now (Discontinued),Removed,06/04/2019,06/13/2022,36.3,05/11/2015,4.063888889,68,7.4,2,Platformer,,No,
Miko Gakkou Monogatari: Kaede Episode,PS5/PS4,Playstation Now (Discontinued),Removed,05/07/2019,06/13/2022,37.2,05/30/2016,2.936111111,,,2,Adventure,,No,
Tales of Zestiria,PS5/PS4,Playstation Now (Discontinued),Removed,05/07/2019,06/13/2022,37.2,10/20/2015,3.547222222,72,7.2,45,RPG,,No,
Majin and the Forsaken Kingdom,PS5/PS4,Playstation Now (Discontinued),Removed,05/07/2019,06/13/2022,37.2,11/01/2010,8.516666667,72,7.7,17,Action-Adventure,PS3,No,
DiRT 4,PS5/PS4,Playstation Now (Discontinued),Removed,04/02/2019,06/13/2022,38.36666667,06/06/2017,1.822222222,85,7.4,30,Racing,,No,
WWE 2K18,PS5/PS4,Playstation Now (Discontinued),Removed,03/05/2019,06/13/2022,39.26666667,10/13/2017,1.394444444,66,5.7,,Wrestling,,No,
A Bastard's Tale,PS5/PS4,Playstation Now (Discontinued),Removed,03/05/2019,06/13/2022,39.26666667,10/04/2016,2.419444444,48,5.3,3,Beat-'Em-Up,,No,
Pac-Man Championship Edition 2,PS5/PS4,Playstation Now (Discontinued),Removed,03/05/2019,06/13/2022,39.26666667,09/13/2016,2.477777778,77,7.4,4.5,Action,,No,
Battlefield 4,PS5/PS4,Playstation Now (Discontinued),Removed,03/05/2019,06/13/2022,39.26666667,11/01/2013,5.344444444,85,6.1,6,Shooter,,No,
Dead Space 3,PS5/PS4,Playstation Now (Discontinued),Removed,03/05/2019,06/13/2022,39.26666667,02/01/2013,6.094444444,76,6.8,12,Shooter,PS3,No,
F1 2017,PS5/PS4,Playstation Now (Discontinued),Removed,02/07/2019,06/13/2022,40.2,08/25/2017,1.45,86,7.5,,Racing,,No,
Battlefield Hardline,PS5/PS4,Playstation Now (Discontinued),Removed,02/07/2019,06/13/2022,40.2,03/17/2015,3.888888889,73,5.9,7,Shooter,,No,
Metal Gear Solid: Peace Walker,PS5/PS4,Playstation Now (Discontinued),Removed,02/07/2019,06/13/2022,40.2,04/29/2010,8.772222222,89,8.6,18,Action-Adventure,,No,
Need for Speed Rivals,PS5/PS4,Playstation Now (Discontinued),Removed,02/07/2019,06/13/2022,40.2,11/01/2013,5.266666667,80,7.1,18,Racing,PS3,No,
Project Cars 2,PS5/PS4,Playstation Now (Discontinued),Removed,01/08/2019,06/13/2022,41.16666667,09/22/2017,1.294444444,82,6.2,27,Racing,,No,
God Eater 2: Rage Burst,PS5/PS4,Playstation Now (Discontinued),Removed,01/08/2019,06/13/2022,41.16666667,08/30/2016,2.355555556,69,7.1,53.5,RPG,,No,
Onechanbara Z2: Chaos,PS5/PS4,Playstation Now (Discontinued),Removed,01/08/2019,06/13/2022,41.16666667,09/15/2015,3.313888889,57,6.6,6,Action-Adventure,,No,
Adventure Time: Pirates of the Enchiridion,PS5/PS4,Playstation Now (Discontinued),Removed,12/04/2018,06/13/2022,42.3,07/17/2018,0.3805555556,62,6.2,12,RPG,,No,
The Spectrum Retreat,PS5/PS4,Playstation Now (Discontinued),Removed,12/04/2018,06/13/2022,42.3,07/10/2018,0.4,67,3.5,4,Shooter,,No,
Slime-san Superslime Edition,PS5/PS4,Playstation Now (Discontinued),Removed,12/04/2018,06/13/2022,42.3,06/26/2018,0.4388888889,81,7.1,4,Action-Adventure,,No,
Vegas Party,PS5/PS4,Playstation Now (Discontinued),Removed,12/04/2018,06/13/2022,42.3,11/11/2008,10.06388889,47,4.7,3,Party,,No,
Ben 10,PS5/PS4,Playstation Now (Discontinued),Removed,12/04/2018,06/13/2022,42.3,11/14/2017,1.055555556,41,5,5,Action-Adventure,,No,
Bokosuka Wars II,PS5/PS4,Playstation Now (Discontinued),Removed,12/04/2018,06/13/2022,42.3,11/12/2015,3.061111111,,,3,Strategy,,No,
Plague Road,PS5/PS4,Playstation Now (Discontinued),Removed,12/04/2018,06/13/2022,42.3,11/28/2017,1.016666667,49,6.4,12,RPG,,No,
Neurovoider,PS5/PS4,Playstation Now (Discontinued),Removed,12/04/2018,06/13/2022,42.3,09/07/2017,1.241666667,85,7.5,6,Shooter,,No,
Pixel Heroes: Byte & Magic,PS5/PS4,Playstation Now (Discontinued),Removed,12/04/2018,06/13/2022,42.3,02/03/2017,1.836111111,70,6.7,8,RPG,,No,
Battalion Commander,PS5/PS4,Playstation Now (Discontinued),Removed,12/04/2018,06/13/2022,42.3,05/15/2018,0.5527777778,35,,2,Shooter,,No,
Momonga Pinball Adventures,PS5/PS4,Playstation Now (Discontinued),Removed,12/04/2018,06/13/2022,42.3,09/30/2016,2.177777778,51,6.3,4,Simulation,,No,
The Keeper of 4 Elements,PS5/PS4,Playstation Now (Discontinued),Removed,12/04/2018,06/13/2022,42.3,10/31/2017,1.094444444,50,,,Strategy,,No,
Mordheim - City of the Damned,PS5/PS4,Playstation Now (Discontinued),Removed,12/04/2018,06/13/2022,42.3,11/19/2015,3.041666667,74,6.6,16,Turn-Based Tactics,,No,
Castle Invasion: Throne Out,PS5/PS4,Playstation Now (Discontinued),Removed,12/04/2018,06/13/2022,42.3,10/18/2016,2.127777778,65,,4,Strategy,,No,
The Metronomicon: Slay the Dance Floor,PS5/PS4,Playstation Now (Discontinued),Removed,12/04/2018,06/13/2022,42.3,09/30/2016,2.177777778,74,7.1,6.5,RPG,,No,
Assault Suit Leynos,PS5/PS4,Playstation Now (Discontinued),Removed,12/04/2018,06/13/2022,42.3,07/14/2016,2.388888889,67,6.9,2.5,Action,,No,
Soul Axiom,PS5/PS4,Playstation Now (Discontinued),Removed,12/04/2018,06/13/2022,42.3,06/07/2016,2.491666667,57,6,8,Action-Adventure,,No,
Neon Chrome,PS5/PS4,Playstation Now (Discontinued),Removed,12/04/2018,06/13/2022,42.3,05/31/2016,2.511111111,67,6.9,5.5,Action,,No,
Square Heroes,PS5/PS4,Playstation Now (Discontinued),Removed,12/04/2018,06/13/2022,42.3,07/07/2015,3.408333333,51,5.9,,Shooter,,No,
Amazing Discoveries in Outer Space,PS5/PS4,Playstation Now (Discontinued),Removed,12/04/2018,06/13/2022,42.3,02/02/2016,2.838888889,71,6,,Action-Adventure,,No,
Obliteracers,PS5/PS4,Playstation Now (Discontinued),Removed,12/04/2018,06/13/2022,42.3,03/02/2016,2.755555556,78,7.6,,Racing,,No,
A Boy and His Blob,PS5/PS4,Playstation Now (Discontinued),Removed,12/04/2018,06/13/2022,42.3,10/13/2009,9.141666667,80,7.9,6,Platformer,,No,
Act It Out! A Game Of Charades,PS5/PS4,Playstation Now (Discontinued),Removed,12/04/2018,06/13/2022,42.3,01/19/2016,2.875,,,,Party,,No,
Zotrix,PS5/PS4,Playstation Now (Discontinued),Removed,12/04/2018,06/13/2022,42.3,12/08/2015,2.988888889,57,3.7,,Shooter,,No,
Skyscrappers,PS5/PS4,Playstation Now (Discontinued),Removed,12/04/2018,06/13/2022,42.3,09/22/2015,3.2,48,4.9,,Fighting,,No,
Super Toy Cars,PS5/PS4,Playstation Now (Discontinued),Removed,12/04/2018,06/13/2022,42.3,03/03/2015,3.752777778,49,6,,Racing,,No,
Mastercube,PS5/PS4,Playstation Now (Discontinued),Removed,12/04/2018,06/13/2022,42.3,09/16/2016,2.216666667,,,,Puzzle,,No,
Legend of Kay Anniversary,PS5/PS4,Playstation Now (Discontinued),Removed,12/04/2018,06/13/2022,42.3,07/28/2015,3.35,62,5.8,12,Action-Adventure,,No,
Chronicles of Teddy: Harmony of Exidus,PS5/PS4,Playstation Now (Discontinued),Removed,12/04/2018,06/13/2022,42.3,11/12/2015,3.061111111,56,6.4,10,Action-Adventure,,No,
Minutes,PS5/PS4,Playstation Now (Discontinued),Removed,12/04/2018,06/13/2022,42.3,11/18/2014,4.044444444,76,7.2,,Puzzle,,No,
The Treasures of Montezuma 4,PS5/PS4,Playstation Now (Discontinued),Removed,12/04/2018,06/13/2022,42.3,11/01/2013,5.091666667,,7.4,,Matching Puzzle,PS3,No,
In Space We Brawl,PS5/PS4,Playstation Now (Discontinued),Removed,12/04/2018,06/13/2022,42.3,10/14/2014,4.138888889,65,6.7,,Shooter,,No,
Natural Doctrine,PS5/PS4,Playstation Now (Discontinued),Removed,12/04/2018,06/13/2022,42.3,09/16/2014,4.216666667,49,6.5,36,RPG,,No,
Velocity 2X,PS5/PS4,Playstation Now (Discontinued),Removed,12/04/2018,06/13/2022,42.3,09/02/2014,4.255555556,86,7.6,8,Shooter,,No,
Strike Suit Zero: Director's Cut,PS5/PS4,Playstation Now (Discontinued),Removed,12/04/2018,06/13/2022,42.3,04/08/2014,4.655555556,68,6.9,8,Shooter,,No,
Battle Worlds: Kronos,PS5/PS4,Playstation Now (Discontinued),Removed,12/04/2018,06/13/2022,42.3,11/04/2014,4.083333333,66,6.7,22,Turn-Based Strategy,,No,
Fairy Fencer F: Advent Dark Force,PS5/PS4,Playstation Now (Discontinued),Removed,12/04/2018,06/13/2022,42.3,07/14/2016,2.388888889,71,7.5,45,RPG,,No,
Pumped BMX+,PS5/PS4,Playstation Now (Discontinued),Removed,12/04/2018,06/13/2022,42.3,09/18/2015,3.211111111,65,6.7,4,Sports,,No,
Reus,PS5/PS4,Playstation Now (Discontinued),Removed,12/04/2018,06/13/2022,42.3,05/01/2013,5.591666667,75,7.9,14,Strategy,,No,
World to the West,PS5/PS4,Playstation Now (Discontinued),Removed,11/06/2018,06/13/2022,43.23333333,05/02/2017,1.511111111,70,7,6,Action-Adventure,,No,
Guilty Gear Xrd Rev 2,PS5/PS4,Playstation Now (Discontinued),Removed,11/06/2018,06/13/2022,43.23333333,05/26/2017,1.444444444,86,8.2,2,Fighting,,No,
Harvest Moon: Save the Homeland,PS5/PS4,Playstation Now (Discontinued),Removed,11/06/2018,06/13/2022,43.23333333,01/22/2002,16.78888889,75,8,20,RPG,,No,
Destroy All Humans! 2,PS5/PS4,Playstation Now (Discontinued),Removed,11/06/2018,06/13/2022,43.23333333,10/01/2006,12.09722222,74,8,12,Action-Adventure,PS3,No,
Bridge Constructor,PS5/PS4,Playstation Now (Discontinued),Removed,10/05/2018,06/13/2022,44.26666667,08/21/2015,3.122222222,58,6.1,8,Simulation,,No,
100ft Robot Golf,PS5/PS4,Playstation Now (Discontinued),Removed,10/05/2018,06/13/2022,44.26666667,09/27/2017,1.022222222,56,6.1,6,Golf,,No,
Styx: Shards of Darkness,PS5/PS4,Playstation Now (Discontinued),Removed,10/05/2018,06/13/2022,44.26666667,03/14/2017,1.558333333,72,7.7,14,Action-Adventure,,No,
Ducati: 90th Anniversary,PS5/PS4,Playstation Now (Discontinued),Removed,10/05/2018,06/13/2022,44.26666667,06/09/2016,2.322222222,48,5.5,,Racing,,No,
Asdivine Hearts,PS5/PS4,Playstation Now (Discontinued),Removed,10/05/2018,06/13/2022,44.26666667,04/14/2016,2.475,57,6.4,26.5,RPG,,No,
Costume Quest 2,PS5/PS4,Playstation Now (Discontinued),Removed,10/05/2018,06/13/2022,44.26666667,10/07/2014,3.994444444,70,6.8,7.5,RPG,,No,
Torment: Tides of Numenera,PS5/PS4,Playstation Now (Discontinued),Removed,10/05/2018,06/13/2022,44.26666667,02/28/2017,1.602777778,81,6.9,24,RPG,,No,
Moto Racer 4,PS5/PS4,Playstation Now (Discontinued),Removed,09/04/2018,06/13/2022,45.3,01/24/2017,1.611111111,49,5,4,Racing,,No,
Alchemic Jousts,PS5/PS4,Playstation Now (Discontinued),Removed,09/04/2018,06/13/2022,45.3,11/22/2016,1.783333333,65,6.3,,Action-Adventure,,No,
God Eater: Resurrection,PS5/PS4,Playstation Now (Discontinued),Removed,09/04/2018,06/13/2022,45.3,06/29/2016,2.180555556,70,7,32,Action,,No,
Aces of the Luftwaffe,PS5/PS4,Playstation Now (Discontinued),Removed,09/04/2018,06/13/2022,45.3,02/14/2013,5.555555556,,,,Shooter,,No,
Project Cars,PS5/PS4,Playstation Now (Discontinued),Removed,09/04/2018,06/13/2022,45.3,05/06/2015,3.327777778,83,7.2,,Racing,,No,
Bard's Gold,PS5/PS4,Playstation Now (Discontinued),Removed,09/04/2018,06/13/2022,45.3,06/30/2016,2.177777778,64,7,5,Platformer,,No,
Doki-Doki Universe,PS5/PS4,Playstation Now (Discontinued),Removed,09/04/2018,06/13/2022,45.3,12/01/2013,4.758333333,71,6.7,,Action-Adventure,,No,
Sound Shapes,PS5/PS4,Playstation Now (Discontinued),Removed,09/04/2018,06/13/2022,45.3,08/01/2012,6.091666667,84,7.7,4,Platformer,,No,
Gem Smashers,PS5/PS4,Playstation Now (Discontinued),Removed,07/31/2018,06/13/2022,46.43333333,09/21/2006,11.85833333,70,7,3,Puzzle,,No,
Touhou: Scarlet Curiosity,PS5/PS4,Playstation Now (Discontinued),Removed,07/31/2018,06/13/2022,46.43333333,09/20/2016,1.861111111,58,7.2,5,Action-Adventure,,No,
BRUT@L,PS5/PS4,Playstation Now (Discontinued),Removed,07/31/2018,06/13/2022,46.43333333,08/09/2016,1.975,67,6.5,5,Action-Adventure,,No,
Lost Sea,PS5/PS4,Playstation Now (Discontinued),Removed,07/31/2018,06/13/2022,46.43333333,07/04/2016,2.072222222,59,6.8,7,Action-Adventure,,No,
Another World: 20th Anniversary Edition,PS5/PS4,Playstation Now (Discontinued),Removed,07/31/2018,06/13/2022,46.43333333,06/25/2014,4.097222222,75,6.8,2,Action-Adventure,,No,
BlazBlue: Central Fiction,PS5/PS4,Playstation Now (Discontinued),Removed,07/03/2018,06/13/2022,47.33333333,11/01/2016,1.672222222,84,7.8,,Fighting,,No,
MXGP2: The Official Motocross Videogame,PS5/PS4,Playstation Now (Discontinued),Removed,07/03/2018,06/13/2022,47.33333333,06/21/2016,2.033333333,65,6.5,12,Racing,,No,
Harvest Moon: A Wonderful Life - Special Edition,PS5/PS4,Playstation Now (Discontinued),Removed,07/03/2018,06/13/2022,47.33333333,12/11/2004,13.56111111,67,7.7,20,RPG,,No,
Firefighters: The Simulation,PS5/PS4,Playstation Now (Discontinued),Removed,06/05/2018,06/13/2022,48.26666667,09/18/2012,5.713888889,33,,5,Simulation,,No,
Table Top Racing: World Tour,PS5/PS4,Playstation Now (Discontinued),Removed,06/05/2018,06/13/2022,48.26666667,05/03/2016,2.088888889,65,6.6,5,Racing,,No,
Adam's Venture: Origins,PS5/PS4,Playstation Now (Discontinued),Removed,06/05/2018,06/13/2022,48.26666667,04/01/2016,2.177777778,53,5.2,5,Action-Adventure,,No,
Aegis of Earth: Protonovus Assault,PS5/PS4,Playstation Now (Discontinued),Removed,06/05/2018,06/13/2022,48.26666667,03/22/2016,2.202777778,58,6.5,20,Strategy,,No,
Sebastien Loeb Rally Evo,PS5/PS4,Playstation Now (Discontinued),Removed,06/05/2018,06/13/2022,48.26666667,01/29/2016,2.35,66,6.6,,Racing,,No,
WRC 5: FIA World Rally Championship,PS5/PS4,Playstation Now (Discontinued),Removed,06/05/2018,06/13/2022,48.26666667,10/09/2015,2.655555556,69,6.8,,Racing,,No,
Mystery Chronicle: One Way Heroics,PS5/PS4,Playstation Now (Discontinued),Removed,05/01/2018,06/13/2022,49.4,08/25/2016,1.683333333,68,6.5,5,RPG,,No,
BlazBlue: Chrono Phantasma EXTEND,PS5/PS4,Playstation Now (Discontinued),Removed,05/01/2018,06/13/2022,49.4,06/30/2015,2.836111111,73,7.8,,Fighting,,No,
Limbo,PS5/PS4,Playstation Now (Discontinued),Removed,05/01/2018,06/13/2022,49.4,08/01/2011,6.75,88,8.2,4,Platformer,,No,
Azkend 2,PS5/PS4,Playstation Now (Discontinued),Removed,04/03/2018,06/13/2022,50.33333333,01/12/2018,0.225,68,,3,Puzzle,,No,
Mantis Burn Racing,PS5/PS4,Playstation Now (Discontinued),Removed,04/03/2018,06/13/2022,50.33333333,11/23/2017,0.3611111111,77,7.9,,Racing,,No,
F1 2016,PS5/PS4,Playstation Now (Discontinued),Removed,04/03/2018,06/13/2022,50.33333333,08/19/2016,1.622222222,82,7.6,20.5,Racing,,No,
Dynamite Fishing World Games,PS5/PS4,Playstation Now (Discontinued),Removed,04/03/2018,06/13/2022,50.33333333,10/30/2014,3.425,50,,,Sports,,No,
Dead Island: Retro Revenge,PS5/PS4,Playstation Now (Discontinued),Removed,04/03/2018,06/13/2022,50.33333333,08/01/2016,1.672222222,65,6.1,4,Beat-'Em-Up,,No,
Baseball Riot,PS5/PS4,Playstation Now (Discontinued),Removed,04/03/2018,06/13/2022,50.33333333,12/01/2015,2.338888889,62,6.8,3,Sports,,No,
Risen 3: Titan Lords - Enhanced Edition,PS5/PS4,Playstation Now (Discontinued),Removed,04/03/2018,06/13/2022,50.33333333,08/21/2015,2.616666667,69,7,33,RPG,,No,
Saints Row: Gat Out of Hell,PS5/PS4,Playstation Now (Discontinued),Removed,04/03/2018,06/13/2022,50.33333333,01/20/2015,3.202777778,65,6.6,5,Action-Adventure,,No,
The Unfinished Swan,PS5/PS4,Playstation Now (Discontinued),Removed,04/03/2018,06/13/2022,50.33333333,10/01/2012,5.505555556,79,7.8,3.5,Action-Adventure,PS3,No,
Clockwork Tales: Of Glass and Ink,PS5/PS4,Playstation Now (Discontinued),Removed,03/06/2018,06/13/2022,51.23333333,01/22/2016,2.122222222,70,,3.5,Hidden Object,,No,
Zombie Vikings,PS5/PS4,Playstation Now (Discontinued),Removed,03/06/2018,06/13/2022,51.23333333,09/01/2015,2.513888889,64,7,6.5,Action-Adventure,,No,
Assetto Corsa,PS5/PS4,Playstation Now (Discontinued),Removed,03/06/2018,06/13/2022,51.23333333,08/26/2016,1.527777778,68,7.4,,Racing,,No,
Lords of the Fallen,PS5/PS4,Playstation Now (Discontinued),Removed,03/06/2018,06/13/2022,51.23333333,10/28/2014,3.355555556,73,6.8,21,RPG,,No,
Tiny Brains,PS5/PS4,Playstation Now (Discontinued),Removed,03/06/2018,06/13/2022,51.23333333,12/01/2013,4.263888889,64,6.1,5,Puzzle,,No,
Professional Farmer 2017,PS5/PS4,Playstation Now (Discontinued),Removed,02/06/2018,06/13/2022,52.23333333,06/10/2016,1.655555556,33,4,,Virtual Career,,No,
DiRT Rally,PS5/PS4,Playstation Now (Discontinued),Removed,02/06/2018,06/13/2022,52.23333333,04/05/2016,1.836111111,85,7.8,,Racing,,No,
Grand Kingdom,PS5/PS4,Playstation Now (Discontinued),Removed,02/06/2018,06/13/2022,52.23333333,06/17/2016,1.636111111,78,7.5,40,RPG,,No,
Bombing Busters,PS5/PS4,Playstation Now (Discontinued),Removed,02/06/2018,06/13/2022,52.23333333,05/24/2016,1.7,55,,,Puzzle,,No,
Motorcycle Club,PS5/PS4,Playstation Now (Discontinued),Removed,02/06/2018,06/13/2022,52.23333333,10/28/2014,3.272222222,39,3.6,,Racing,PS3,No,
Backgammon Blitz,PS5/PS4,Playstation Now (Discontinued),Removed,02/06/2018,06/13/2022,52.23333333,11/19/2013,4.213888889,68,6.7,,Card & Board,,No,
Yakuza 4,PS5/PS4,Playstation Now (Discontinued),Removed,02/06/2018,06/13/2022,52.23333333,03/01/2011,6.930555556,78,8.5,19,Action-Adventure,PS3,No,
Fat Princess Adventures,PS5/PS4,Playstation Now (Discontinued),Removed,01/09/2018,06/13/2022,53.13333333,12/05/2015,2.094444444,69,6.8,10,Action-Adventure,,No,
PixelJunk Shooter Ultimate,PS5/PS4,Playstation Now (Discontinued),Removed,01/09/2018,06/13/2022,53.13333333,06/03/2014,3.6,81,7.5,8,Shooter,,No,
Everybody's Gone to the Rapture,PS5/PS4,Playstation Now (Discontinued),Removed,01/09/2018,06/13/2022,53.13333333,08/11/2015,2.411111111,78,7.4,5,Action-Adventure,,No,
Escape Plan,PS5/PS4,Playstation Now (Discontinued),Removed,01/09/2018,06/13/2022,53.13333333,12/01/2013,4.105555556,73,7.1,3.5,Puzzle,,No,
Tennis in the Face,PS5/PS4,Playstation Now (Discontinued),Removed,12/14/2017,06/13/2022,53.96666667,12/09/2014,3.013888889,68,5.6,,Puzzle,,No,
MouseCraft,PS5/PS4,Playstation Now (Discontinued),Removed,12/14/2017,06/13/2022,53.96666667,07/08/2014,3.433333333,68,7,7,Puzzle,,No,
Sparkle 2,PS5/PS4,Playstation Now (Discontinued),Removed,12/14/2017,06/13/2022,53.96666667,12/18/2014,2.988888889,72,7.3,,Puzzle,,No,
Siegecraft Commander,PS5/PS4,Playstation Now (Discontinued),Removed,12/05/2017,06/13/2022,54.26666667,01/17/2017,0.8833333333,68,6.7,3,Strategy,,No,
Industry Giant 2,PS5/PS4,Playstation Now (Discontinued),Removed,12/05/2017,06/13/2022,54.26666667,09/02/2002,15.25833333,71,8.2,30,Tycoon,,No,
Super Dungeon Bros,PS5/PS4,Playstation Now (Discontinued),Removed,12/05/2017,06/13/2022,54.26666667,11/01/2016,1.094444444,53,2.5,5,Roguelike,PS3,No,
Brick Breaker,PS5/PS4,Playstation Now (Discontinued),Removed,12/05/2017,06/13/2022,54.26666667,02/14/2017,0.8083333333,,3.2,,Puzzle,,No,
Active Soccer 2 DX,PS5/PS4,Playstation Now (Discontinued),Removed,12/05/2017,06/13/2022,54.26666667,03/30/2016,1.680555556,53,7.2,,Sports,,No,
Tetraminos,PS5/PS4,Playstation Now (Discontinued),Removed,12/05/2017,06/13/2022,54.26666667,06/30/2015,2.430555556,60,,,Puzzle,,No,
ArcaniA - The Complete Tale,PS5/PS4,Playstation Now (Discontinued),Removed,12/05/2017,06/13/2022,54.26666667,05/29/2015,2.516666667,54,6.4,28,RPG,,No,
Dishonored,PS5/PS4,Playstation Now (Discontinued),Removed,12/05/2017,06/13/2022,54.26666667,10/01/2012,5.177777778,89,8.1,12,Action-Adventure,PS3,No,
Wet,PS5/PS4,Playstation Now (Discontinued),Removed,12/05/2017,06/13/2022,54.26666667,09/01/2009,8.261111111,70,7,7,Shooter,PS3,No,
The Deer God,PS5/PS4,Playstation Now (Discontinued),Removed,11/07/2017,06/13/2022,55.2,02/27/2015,2.694444444,59,6,4,Action-Adventure,,No,
Forestry 2017: The Simulation,PS5/PS4,Playstation Now (Discontinued),Removed,11/07/2017,06/13/2022,55.2,04/11/2017,0.5722222222,,,,Simulation,,No,
Ziggurat,PS5/PS4,Playstation Now (Discontinued),Removed,11/07/2017,06/13/2022,55.2,04/21/2015,2.544444444,75,7.3,4,RPG,,No,
Stikbold! A Dodgeball Adventure,PS5/PS4,Playstation Now (Discontinued),Removed,11/07/2017,06/13/2022,55.2,04/01/2016,1.6,75,6.6,1.5,Action-Adventure,,No,
Day of the Tentacle Remastered,PS5/PS4,Playstation Now (Discontinued),Removed,11/07/2017,06/13/2022,55.2,03/21/2016,1.627777778,86,8,5,Adventure,,No,
The Bug Butcher,PS5/PS4,Playstation Now (Discontinued),Removed,11/07/2017,06/13/2022,55.2,01/19/2016,1.8,80,7.1,4.5,Platformer,,No,
Poncho,PS5/PS4,Playstation Now (Discontinued),Removed,11/07/2017,06/13/2022,55.2,11/03/2015,2.011111111,64,6.4,6.5,Action-Adventure,,No,
One Upon Light,PS5/PS4,Playstation Now (Discontinued),Removed,11/07/2017,06/13/2022,55.2,10/13/2015,2.066666667,59,,3,Action-Adventure,,No,
NOVA-111,PS5/PS4,Playstation Now (Discontinued),Removed,11/07/2017,06/13/2022,55.2,09/24/2015,2.119444444,76,7.1,8,Turn-Based Strategy,,No,
The Swindle,PS5/PS4,Playstation Now (Discontinued),Removed,11/07/2017,06/13/2022,55.2,07/28/2015,2.275,70,7,7,Action-Adventure,,No,
Nom Nom Galaxy,PS5/PS4,Playstation Now (Discontinued),Removed,11/07/2017,06/13/2022,55.2,05/12/2015,2.486111111,68,7,15,Action-Adventure,,No,
Grim Fandango Remastered,PS5/PS4,Playstation Now (Discontinued),Removed,11/07/2017,06/13/2022,55.2,01/27/2015,2.777777778,84,8.4,11,Adventure,,No,
PixelJunk Nom Nom Galaxy,PS5/PS4,Playstation Now (Discontinued),Removed,11/07/2017,06/13/2022,55.2,05/12/2015,2.486111111,68,7,15,Action-Adventure,,No,
Technomancer,PS5/PS4,Playstation Now (Discontinued),Removed,10/03/2017,06/13/2022,56.33333333,06/28/2016,1.263888889,56,6.4,18.5,Action-Adventure,,No,
Overlord: Fellowship of Evil,PS5/PS4,Playstation Now (Discontinued),Removed,10/03/2017,06/13/2022,56.33333333,10/20/2015,1.952777778,24,4.4,9,Action-Adventure,,No,
Extreme Exorcism,PS5/PS4,Playstation Now (Discontinued),Removed,10/03/2017,06/13/2022,56.33333333,09/23/2015,2.027777778,79,7.1,3.5,Platformer,,No,
Dead Island: Definitive Edition,PS5/PS4,Playstation Now (Discontinued),Removed,10/03/2017,06/13/2022,56.33333333,05/31/2016,1.341666667,74,6.5,14,Action-Adventure,,No,
Tokyo Twilight Ghost Hunters Daybreak: Special Gigs,PS5/PS4,Playstation Now (Discontinued),Removed,10/03/2017,06/13/2022,56.33333333,04/26/2016,1.436111111,63,7,18,RPG,,No,
The Swapper,PS5/PS4,Playstation Now (Discontinued),Removed,10/03/2017,06/13/2022,56.33333333,05/01/2013,4.422222222,83,8.1,4.5,Puzzle,,No,
Lone Survivor: The Director's Cut,PS5/PS4,Playstation Now (Discontinued),Removed,10/03/2017,06/13/2022,56.33333333,03/01/2012,5.588888889,81,7.8,4.5,Action-Adventure,,No,
Wasteland 2: Director's Cut,PS5/PS4,Playstation Now (Discontinued),Removed,09/05/2017,06/13/2022,57.26666667,10/13/2015,1.894444444,87,7.7,40,RPG,,No,
Tour de France 2016,PS5/PS4,Playstation Now (Discontinued),Removed,09/05/2017,06/13/2022,57.26666667,06/16/2016,1.219444444,61,6.9,,Racing,,No,
Titan Attacks!,PS5/PS4,Playstation Now (Discontinued),Removed,09/05/2017,06/13/2022,57.26666667,05/06/2014,3.330555556,67,6.9,4,Shooter,,No,
Ironcast,PS5/PS4,Playstation Now (Discontinued),Removed,08/08/2017,06/13/2022,58.16666667,03/26/2015,2.366666667,73,7.1,10,RPG,,No,
OlliOlli2: Welcome to Olliwood,PS5/PS4,Playstation Now (Discontinued),Removed,08/08/2017,06/13/2022,58.16666667,03/03/2015,2.430555556,83,7.7,4,Sports,,No,
Exist Archive: The Other Side of the Sky,PS5/PS4,Playstation Now (Discontinued),Removed,07/06/2017,06/13/2022,59.23333333,12/17/2015,1.552777778,69,6.8,36.5,RPG,,No,
Blood Bowl 2,PS5/PS4,Playstation Now (Discontinued),Removed,07/06/2017,06/13/2022,59.23333333,09/22/2015,1.788888889,76,7,,RPG,,No,
Back to Bed,PS5/PS4,Playstation Now (Discontinued),Removed,07/06/2017,06/13/2022,59.23333333,08/16/2015,1.888888889,61,6.2,2.5,Puzzle,,No,
F1 2015,PS5/PS4,Playstation Now (Discontinued),Removed,07/06/2017,06/13/2022,59.23333333,07/21/2015,1.958333333,65,6.2,,Racing,,No,
Super Stardust Ultra,PS5/PS4,Playstation Now (Discontinued),Removed,07/06/2017,06/13/2022,59.23333333,02/10/2015,2.405555556,76,7.4,,Shooter,,No,
Guilty Gear Xrd -SIGN-,PS5/PS4,Playstation Now (Discontinued),Removed,07/06/2017,06/13/2022,59.23333333,12/16/2014,2.555555556,85,8.2,,Fighting,,No,
Super Mega Baseball,PS5/PS4,Playstation Now (Discontinued),Removed,07/06/2017,06/13/2022,59.23333333,08/11/2015,1.902777778,73,7.6,,Sports,,No,
CastleStorm Definitive Edition,PS5/PS4,Playstation Now (Discontinued),Removed,07/06/2017,06/13/2022,59.23333333,09/23/2014,2.786111111,80,7.4,10,Strategy,,No,
Stick it to the Man,PS5/PS4,Playstation Now (Discontinued),Removed,07/06/2017,06/13/2022,59.23333333,05/13/2014,3.147222222,71,7.4,5,Action-Adventure,,No,
Hardware Rivals,PS5/PS4,Playstation Now (Discontinued),Removed,07/06/2017,06/13/2022,59.23333333,01/05/2016,1.502777778,57,5.3,,Shooter,,No,
Last Tinker: City of Colors,PS5/PS4,Playstation Now (Discontinued),Removed,07/06/2017,06/13/2022,59.23333333,05/12/2014,3.15,57,6.6,8,Action-Adventure,,No,
Saints Row IV: Re-Elected,PS5/PS4,Playstation Now (Discontinued),Removed,07/06/2017,06/13/2022,59.23333333,01/20/2015,2.461111111,76,7,16,Action-Adventure,,No,
Ultra Street Fighter IV,PS5/PS4,Playstation Now (Discontinued),Removed,07/06/2017,06/13/2022,59.23333333,08/07/2014,2.913888889,85,7.5,,Fighting,,No,
Broken Age,PS5/PS4,Playstation Now (Discontinued),Removed,07/06/2017,06/13/2022,59.23333333,01/01/2014,3.513888889,81,7.8,12,Adventure,,No,
OlliOlli,PS5/PS4,Playstation Now (Discontinued),Removed,07/06/2017,06/13/2022,59.23333333,01/01/2014,3.513888889,78,7.5,5,Sports,,No,
Brave,PS5/PS4,Playstation Now (Discontinued),Removed,06/07/2017,06/13/2022,60.2,11/29/2011,5.522222222,44,5.6,8,Action-Adventure,,No,
Ratatouille,PS5/PS4,Playstation Now (Discontinued),Removed,06/07/2017,06/13/2022,60.2,10/23/2007,9.622222222,65,7.3,7,Action-Adventure,,No,
Toy Story Mania,PS5/PS4,Playstation Now (Discontinued),Removed,06/07/2017,06/13/2022,60.2,09/28/2009,7.691666667,62,6.7,3,Party,,No,
Payday 2,PS5/PS4,Playstation Now (Discontinued),Removed,05/02/2017,06/13/2022,61.36666667,08/13/2013,3.719444444,79,4.2,17,Shooter,,No,
The Revenge of Shinobi,PS5/PS4,Playstation Now (Discontinued),Removed,03/07/2017,06/13/2022,63.2,12/02/2009,7.263888889,77,7.9,4,Action-Adventure,,No,
Sonic the Fighters,PS5/PS4,Playstation Now (Discontinued),Removed,03/07/2017,06/13/2022,63.2,11/01/2012,4.35,47,7,,Fighting,PS3,No,
Virtua Fighter 2,PS5/PS4,Playstation Now (Discontinued),Removed,03/07/2017,06/13/2022,63.2,11/01/2012,4.35,70,7.8,,Fighting,PS3,No,
Sonic Adventure 2,PS5/PS4,Playstation Now (Discontinued),Removed,03/07/2017,06/13/2022,63.2,10/01/2012,4.433333333,65,8.3,15,Action-Adventure,PS3,No,
Super Hang-On,PS5/PS4,Playstation Now (Discontinued),Removed,03/07/2017,06/13/2022,63.2,09/30/2009,7.436111111,75,7.7,,Racing,PS3,No,
SEGA Bass Fishing,PS5/PS4,Playstation Now (Discontinued),Removed,03/07/2017,06/13/2022,63.2,10/01/2011,5.433333333,57,7.3,,Fishing,PS3,No,
Sonic Adventure,PS5/PS4,Playstation Now (Discontinued),Removed,03/07/2017,06/13/2022,63.2,09/01/2010,6.516666667,48,8.4,15,Action-Adventure,PS3,No,
Sonic Unleashed,PS5/PS4,Playstation Now (Discontinued),Removed,03/07/2017,06/13/2022,63.2,12/01/2008,8.266666667,54,7.1,13,Platformer,PS3,No,
Revenge of Shinobi,PS5/PS4,Playstation Now (Discontinued),Removed,03/07/2017,06/13/2022,63.2,11/01/2002,14.35,51,7.4,2,Platformer,PS3,No,
Tekken Tag Tournament 2,PS5/PS4,Playstation Now (Discontinued),Removed,01/04/2017,06/13/2022,65.3,09/01/2012,4.341666667,82,7.9,,Fighting,PS3,No,
Dead to Rights: Retribution,PS5/PS4,Playstation Now (Discontinued),Removed,01/04/2017,06/13/2022,65.3,04/01/2010,6.758333333,60,7.1,7,Shooter,PS3,No,
Tour de France 2015,PS5/PS4,Playstation Now (Discontinued),Removed,12/20/2016,06/13/2022,65.76666667,06/18/2015,1.505555556,50,5.5,,Racing,,No,
Syberia II,PS5/PS4,Playstation Now (Discontinued),Removed,12/20/2016,06/13/2022,65.76666667,10/01/2006,10.21944444,71,8.1,11,Adventure,PS3,No,
The Legend of Heroes: Trails of Cold Steel II,PS5/PS4,Playstation Now (Discontinued),Removed,11/08/2016,06/13/2022,67.16666667,09/06/2016,0.1722222222,80,8.2,70,RPG,PS3,No,
Nitroplus Blasterz: Heroines Infinite Duel,PS5/PS4,Playstation Now (Discontinued),Removed,11/08/2016,06/13/2022,67.16666667,02/02/2016,0.7666666667,63,7,1.5,Fighting,,No,
Handball 16,PS5/PS4,Playstation Now (Discontinued),Removed,11/08/2016,06/13/2022,67.16666667,11/27/2015,0.9472222222,49,5.5,,Sports,,No,
Rugby 15,PS5/PS4,Playstation Now (Discontinued),Removed,11/08/2016,06/13/2022,67.16666667,01/13/2015,1.819444444,20,2.7,,Sports,,No,
Crimsonland,PS5/PS4,Playstation Now (Discontinued),Removed,11/08/2016,06/13/2022,67.16666667,07/11/2014,2.325,71,7.3,5,Shooter,,No,
Don Bradman Cricket 14,PS5/PS4,Playstation Now (Discontinued),Removed,11/08/2016,06/13/2022,67.16666667,04/17/2015,1.558333333,75,7.4,,Sports,PS3,No,
BlazeRush,PS5/PS4,Playstation Now (Discontinued),Removed,11/08/2016,06/13/2022,67.16666667,10/29/2014,2.025,77,7.4,,Racing,,No,
Hunter's Trophy 2 : Australia,PS5/PS4,Playstation Now (Discontinued),Removed,11/08/2016,06/13/2022,67.16666667,10/01/2013,3.102777778,48,6.5,,Sports,,No,
Rugby World Cup 2015,PS5/PS4,Playstation Now (Discontinued),Removed,11/08/2016,06/13/2022,67.16666667,09/04/2015,1.177777778,38,3.6,,Sports,,No,
Trine,PS5/PS4,Playstation Now (Discontinued),Removed,11/08/2016,06/13/2022,67.16666667,10/01/2009,7.102777778,83,7.9,9,Platformer,PS3,No,
Burn Zombie Burn: The Diarrhea Bundle,PS5/PS4,Playstation Now (Discontinued),Removed,10/04/2016,06/13/2022,68.3,10/22/2013,2.95,,,,Shooter,,No,
The House of the Dead 4,PS5/PS4,Playstation Now (Discontinued),Removed,10/04/2016,06/13/2022,68.3,04/18/2012,4.461111111,67,7.5,1,Shooter,,No,
The House of the Dead Overkill Extended Cut,PS5/PS4,Playstation Now (Discontinued),Removed,10/04/2016,06/13/2022,68.3,10/25/2011,4.941666667,69,7.5,3,Shooter,,No,
Silent Hill HD Collection,PS5/PS4,Playstation Now (Discontinued),Removed,10/04/2016,06/13/2022,68.3,03/01/2012,4.591666667,70,6.4,20,Horror,PS3,No,
The House of the Dead 3,PS5/PS4,Playstation Now (Discontinued),Removed,10/04/2016,06/13/2022,68.3,10/01/2002,14.00833333,70,7.5,2,Shooter,PS3,No,
Ni No Kuni: Wrath of the White Witch,PS5/PS4,Playstation Now (Discontinued),Removed,08/30/2016,06/13/2022,69.43333333,01/22/2013,3.605555556,85,8.6,44,RPG,,No,
The Legend of Heroes: Trails of Cold Steel,PS5/PS4,Playstation Now (Discontinued),Removed,08/10/2016,06/13/2022,70.1,12/22/2015,0.6333333333,77,8.3,55,RPG,PS3,No,
The Awakened Fate Ultimatum,PS5/PS4,Playstation Now (Discontinued),Removed,08/10/2016,06/13/2022,70.1,03/17/2015,1.397222222,63,7,25,RPG,,No,
Counter Spy,PS5/PS4,Playstation Now (Discontinued),Removed,06/07/2016,06/13/2022,72.2,08/19/2014,1.8,72,6.9,4,Action-Adventure,,No,
Hohokum,PS5/PS4,Playstation Now (Discontinued),Removed,06/07/2016,06/13/2022,72.2,08/12/2014,1.819444444,67,6.7,2.5,Action-Adventure,,No,
Spec Ops: The Line,PS5/PS4,Playstation Now (Discontinued),Removed,06/07/2016,06/13/2022,72.2,06/01/2012,4.016666667,77,8,6.5,Shooter,PS3,No,
Katamari Forever,PS5/PS4,Playstation Now (Discontinued),Removed,05/03/2016,06/13/2022,73.33333333,09/01/2009,6.672222222,74,7.5,8,Action,PS3,No,
The Wolf Among Us,PS5/PS4,Playstation Now (Discontinued),Removed,03/01/2016,06/13/2022,75.4,07/08/2014,1.647222222,85,8.5,10,Action-Adventure,,No,
Under Night In-Birth Exe:Late,PS5/PS4,Playstation Now (Discontinued),Removed,01/05/2016,06/13/2022,77.26666667,02/24/2015,0.8638888889,80,8.3,2,Fighting,,No,
Everyday Shooter,PS5/PS4,Playstation Now (Discontinued),Removed,01/05/2016,06/13/2022,77.26666667,10/11/2007,8.233333333,79,7.5,3,Shooter,,No,
KILLZONE HD,PS5/PS4,Playstation Now (Discontinued),Removed,01/05/2016,06/13/2022,77.26666667,10/23/2012,3.2,70,7.6,6.5,Shooter,,No,
Super Stacker Party,PS5/PS4,Playstation Now (Discontinued),Removed,01/05/2016,06/13/2022,77.26666667,08/02/2011,4.425,,,,Puzzle,,No,
fLOW,PS5/PS4,Playstation Now (Discontinued),Removed,01/05/2016,06/13/2022,77.26666667,12/01/2013,2.094444444,71,7.4,1,Action,PS3,No,
Bentley's Hackpack,PS5/PS4,Playstation Now (Discontinued),Removed,01/05/2016,06/13/2022,77.26666667,12/10/2013,2.069444444,60,7.3,,Party,PS3,No,
Journey,PS5/PS4,Playstation Now (Discontinued),Removed,01/05/2016,06/13/2022,77.26666667,07/01/2012,3.511111111,92,8.6,2.5,Action-Adventure,PS3,No,
Starhawk,PS5/PS4,Playstation Now (Discontinued),Removed,01/05/2016,06/13/2022,77.26666667,05/01/2012,3.677777778,77,7.7,8,Shooter,PS3,No,
God of War: Ghost of Sparta,PS5/PS4,Playstation Now (Discontinued),Removed,01/05/2016,06/13/2022,77.26666667,10/01/2010,5.261111111,86,8.8,5,Action-Adventure,PS3,No,
Gravity Crash,PS5/PS4,Playstation Now (Discontinued),Removed,01/05/2016,06/13/2022,77.26666667,10/01/2009,6.261111111,73,7,3,Shooter,PS3,No,
Flower,PS5/PS4,Playstation Now (Discontinued),Removed,01/05/2016,06/13/2022,77.26666667,02/01/2009,6.927777778,87,8.3,2,Action-Adventure,PS3,No,
KILLZONE 2,PS5/PS4,Playstation Now (Discontinued),Removed,01/05/2016,06/13/2022,77.26666667,02/01/2009,6.927777778,91,8.4,6,Shooter,PS3,No,
God of War: Chains of Olympus,PS5/PS4,Playstation Now (Discontinued),Removed,01/05/2016,06/13/2022,77.26666667,03/01/2008,7.844444444,91,8.8,5,Action-Adventure,PS3,No,
Heavenly Sword,PS5/PS4,Playstation Now (Discontinued),Removed,01/05/2016,06/13/2022,77.26666667,09/01/2007,8.344444444,79,8,7,Action-Adventure,PS3,No,
Go! Puzzle,PS5/PS4,Playstation Now (Discontinued),Removed,01/05/2016,06/13/2022,77.26666667,06/01/2007,8.594444444,62,7.1,4,Puzzle,PS3,No,
Lemmings,PS5/PS4,Playstation Now (Discontinued),Removed,01/05/2016,06/13/2022,77.26666667,12/01/2006,9.094444444,59,7.8,9,Puzzle,PS3,No,
Marvel Puzzle Quest: Dark Reign,PS5/PS4,Playstation Now (Discontinued),Removed,11/04/2015,06/13/2022,79.3,10/03/2013,2.086111111,74,7.2,,Puzzle,,No,
Jeremy McGrath's Offroad,PS5/PS4,Playstation Now (Discontinued),Removed,11/04/2015,06/13/2022,79.3,07/17/2012,3.297222222,53,6.1,,Racing,PS3,No,
WRC 4: FIA World Rally Championship,PS5/PS4,Playstation Now (Discontinued),Removed,11/03/2015,06/13/2022,79.33333333,10/25/2013,2.022222222,68,6.9,,Racing,PS3,No,
DeathSpank: The Baconing,PS5/PS4,Playstation Now (Discontinued),Removed,11/03/2015,06/13/2022,79.33333333,08/30/2011,4.175,75,7.1,10,RPG,,No,
Hunter's Trophy 2: America,PS5/PS4,Playstation Now (Discontinued),Removed,11/03/2015,06/13/2022,79.33333333,10/01/2013,2.088888889,48,6.5,,Sports,,No,
Mortal Kombat,PS5/PS4,Playstation Now (Discontinued),Removed,11/03/2015,06/13/2022,79.33333333,04/19/2011,4.538888889,86,8.2,6,Fighting,,No,
Zeno Clash II,PS5/PS4,Playstation Now (Discontinued),Removed,11/03/2015,06/13/2022,79.33333333,04/30/2013,2.508333333,63,6.8,8,Action-Adventure,,No,
CAPCOM ARCADE CABINET,PS5/PS4,Playstation Now (Discontinued),Removed,11/03/2015,06/13/2022,79.33333333,02/19/2013,2.705555556,69,,,Compilation,PS3,No,
Choplifter HD,PS5/PS4,Playstation Now (Discontinued),Removed,11/03/2015,06/13/2022,79.33333333,01/01/2012,3.838888889,71,6.7,4,Shooter,PS3,No,
Oddworld: Stranger's Wrath HD,PS5/PS4,Playstation Now (Discontinued),Removed,11/03/2015,06/13/2022,79.33333333,12/01/2011,3.922222222,82,8.3,9,Shooter,PS3,No,
Bodycount,PS5/PS4,Playstation Now (Discontinued),Removed,11/03/2015,06/13/2022,79.33333333,08/01/2011,4.255555556,50,5.5,6,Shooter,PS3,No,
Sniper: Ghost Warrior,PS5/PS4,Playstation Now (Discontinued),Removed,11/03/2015,06/13/2022,79.33333333,04/01/2010,5.588888889,55,6.3,7,Shooter,PS3,No,
Braid,PS5/PS4,Playstation Now (Discontinued),Removed,11/03/2015,06/13/2022,79.33333333,11/01/2009,6.005555556,93,8.3,6,Platformer,PS3,No,
Painkiller - Hell and Damnation,PS5/PS4,Playstation Now (Discontinued),Removed,10/05/2015,06/13/2022,80.26666667,10/31/2012,2.930555556,66,6.6,7,Shooter,,No,
PixelJunk Sidescroller,PS5/PS4,Playstation Now (Discontinued),Removed,08/31/2015,06/13/2022,81.43333333,10/01/2011,3.913888889,76,7.3,3,Shooter,PS3,No,
PixelJunk Shooter 2,PS5/PS4,Playstation Now (Discontinued),Removed,08/31/2015,06/13/2022,81.43333333,03/01/2011,4.497222222,82,7.7,4.5,Shooter,PS3,No,
PixelJunk Shooter,PS5/PS4,Playstation Now (Discontinued),Removed,08/31/2015,06/13/2022,81.43333333,12/01/2009,5.747222222,87,7.8,4,Shooter,PS3,No,
King Oddball,PS5/PS4,Playstation Now (Discontinued),Removed,07/21/2015,06/13/2022,82.73333333,01/09/2014,1.533333333,70,7.1,3,Puzzle,,No,
Red Faction Battlegrounds,PS5/PS4,Playstation Now (Discontinued),Removed,06/02/2015,06/13/2022,84.36666667,04/05/2011,4.158333333,55,6.3,,Shooter,,No,
Sniper: Ghost Warrior 2,PS5/PS4,Playstation Now (Discontinued),Removed,06/02/2015,06/13/2022,84.36666667,03/12/2013,2.222222222,52,6.4,6,Shooter,,No,
F1 2014,PS5/PS4,Playstation Now (Discontinued),Removed,05/05/2015,06/13/2022,85.26666667,10/21/2014,0.5388888889,61,6.1,,Racing,PS3,No,
Farming Simulator,PS5/PS4,Playstation Now (Discontinued),Removed,05/05/2015,06/13/2022,85.26666667,10/25/2013,1.527777778,58,5.5,,Farming,,No,
Operation Flashpoint: Red River,PS5/PS4,Playstation Now (Discontinued),Removed,03/03/2015,06/13/2022,87.33333333,06/01/2011,3.755555556,67,5.9,9,Shooter,PS3,No,
Galaga Legions DX,PS5/PS4,Playstation Now (Discontinued),Removed,02/03/2015,06/13/2022,88.33333333,08/01/2011,3.505555556,72,7.7,3,Shooter,PS3,No,
Grid Autosport,PS5/PS4,Playstation Now (Discontinued),Removed,01/13/2015,06/13/2022,89,06/24/2014,0.5527777778,78,7.6,32,Racing,PS3,No,
Sly Cooper Collection,PS5/PS4,Playstation Now (Discontinued),Removed,01/13/2015,06/13/2022,89,11/29/2011,3.122222222,80,8.6,25,Action-Adventure,PS3,No,
Dead Island: Riptide,PS5/PS4,Playstation Now (Discontinued),Removed,01/13/2015,06/13/2022,89,04/23/2013,1.722222222,64,5.3,12,Action-Adventure,,No,
Guacamelee! Bundle Fantástico,PS5/PS4,Playstation Now (Discontinued),Removed,01/13/2015,06/13/2022,89,02/27/2014,0.8777777778,80,7.8,5.5,Action-Adventure,,No,
MotorStorm: Apocalypse,PS5/PS4,Playstation Now (Discontinued),Removed,01/13/2015,06/13/2022,89,03/16/2011,3.825,77,8,8,Racing,,No,
PAC-MAN Championship Edition DX,PS5/PS4,Playstation Now (Discontinued),Removed,01/13/2015,06/13/2022,89,11/17/2010,4.155555556,93,8.6,2,Arcade,,No,
Port Royale 3: Gold,PS5/PS4,Playstation Now (Discontinued),Removed,01/13/2015,06/13/2022,89,05/03/2013,1.694444444,62,6.7,,Strategy,,No,
Runner2: Future Legend of Rhythm Alien,PS5/PS4,Playstation Now (Discontinued),Removed,01/13/2015,06/13/2022,89,02/26/2013,1.880555556,79,7.8,5,Platformer,,No,
Saints Row IV,PS5/PS4,Playstation Now (Discontinued),Removed,01/13/2015,06/13/2022,89,08/19/2013,1.4,86,7.3,16,Action-Adventure,,No,
Stealth Inc: A Clone in the Dark,PS5/PS4,Playstation Now (Discontinued),Removed,01/13/2015,06/13/2022,89,07/23/2013,1.472222222,70,7.2,5,Platformer,,No,
The Sly Collection,PS5/PS4,Playstation Now (Discontinued),Removed,01/13/2015,06/13/2022,89,11/29/2011,3.122222222,80,8.6,25,Action-Adventure,,No,
Virtua Fighter 5: Final Showdown,PS5/PS4,Playstation Now (Discontinued),Removed,01/13/2015,06/13/2022,89,06/05/2012,2.605555556,84,8,,Fighting,,No,
Moto GP 13,PS5/PS4,Playstation Now (Discontinued),Removed,01/13/2015,06/13/2022,89,01/01/2014,1.033333333,73,6.4,,Racing,PS3,No,
Spelunky,PS5/PS4,Playstation Now (Discontinued),Removed,01/13/2015,06/13/2022,89,12/01/2013,1.116666667,83,8.3,8,Platformer,,No,
The Last of Us,PS5/PS4,Playstation Now (Discontinued),Removed,01/13/2015,06/13/2022,89,06/01/2013,1.616666667,95,9.2,15,Action-Adventure,PS3,No,
Grid 2,PS5/PS4,Playstation Now (Discontinued),Removed,01/13/2015,06/13/2022,89,05/01/2013,1.7,82,7.4,,Racing,PS3,No,
Sly Cooper: Thieves in Time,PS5/PS4,Playstation Now (Discontinued),Removed,01/13/2015,06/13/2022,89,02/01/2013,1.95,75,8,18,Action-Adventure,PS3,No,
Sonic The Hedgehog 4 Episode II,PS5/PS4,Playstation Now (Discontinued),Removed,01/13/2015,06/13/2022,89,05/01/2012,2.7,61,6.5,3,Platformer,PS3,No,
Sonic Generations,PS5/PS4,Playstation Now (Discontinued),Removed,01/13/2015,06/13/2022,89,11/01/2011,3.2,77,8.3,7,Platformer,PS3,No,
de Blob 2,PS5/PS4,Playstation Now (Discontinued),Removed,01/13/2015,06/13/2022,89,02/01/2011,3.95,74,7.9,10,Action-Adventure,PS3,No,
KILLZONE 3,PS5/PS4,Playstation Now (Discontinued),Removed,01/13/2015,06/13/2022,89,02/01/2011,3.95,84,7.7,9,Shooter,PS3,No,
Sonic The Hedgehog 4 Episode I,PS5/PS4,Playstation Now (Discontinued),Removed,01/13/2015,06/13/2022,89,10/01/2010,4.283333333,72,7.6,3,Platformer,PS3,No,
LUMINES Supernova,PS5/PS4,Playstation Now (Discontinued),Removed,01/13/2015,06/13/2022,89,12/01/2008,6.116666667,80,7.8,7,Puzzle,PS3,No,
Mahjong Tales: Ancient Wisdom,PS5/PS4,Playstation Now (Discontinued),Removed,01/28/2014,06/13/2022,100.5,08/15/2007,6.452777778,47,,,Puzzle,,No,
Mirror's Edge,PS5/PS4,Playstation Now (Discontinued),Removed,01/28/2014,06/13/2022,100.5,11/11/2008,5.213888889,79,7.6,6,Action-Adventure,,No,
FIFA 22,PS5/PS4,Playstation Plus (Discontinued),Removed,05/03/2022,06/06/2022,1.1,10/01/2021,0.5888888889,78,3.9,27,Sports,,No,
Tribes of Midgard,PS5/PS4,Playstation Plus (Discontinued),Removed,05/03/2022,06/06/2022,1.1,07/27/2021,0.7666666667,71,7,18,Action-Adventure,,No,
Curse of the Dead Gods,PS4,Playstation Plus (Discontinued),Removed,05/03/2022,06/06/2022,1.1,02/23/2021,1.194444444,79,6.9,12,RPG,,No,
Sonic Forces,PS5/PS4,Playstation Now (Discontinued),Removed,06/01/2021,05/17/2022,11.53333333,11/07/2017,3.566666667,57,6.2,4,Platformer,,No,
Sonic Mania,PS5/PS4,Playstation Now (Discontinued),Removed,06/01/2021,05/17/2022,11.53333333,08/15/2017,3.794444444,86,8.5,5,Platformer,,No,
Team Sonic Racing,PS5/PS4,Playstation Now (Discontinued),Removed,06/01/2021,05/17/2022,11.53333333,05/21/2019,2.027777778,72,7.2,10,Racing,,No,
WWE 2K19,PS5/PS4,Playstation Now (Discontinued),Removed,09/01/2020,05/17/2022,20.53333333,10/05/2018,1.905555556,76,6.6,,Wrestling,,No,
Valkyria Chronicles: Remastered,PS5/PS4,Playstation Now (Discontinued),Removed,06/04/2019,05/17/2022,35.43333333,05/17/2016,3.047222222,84,8.3,30.5,Action-Adventure,,No,
Metal Gear Rising Revengeance Ultimate Edition,PS5/PS4,Playstation Now (Discontinued),Removed,05/07/2019,05/17/2022,36.33333333,02/19/2013,6.216666667,80,8.3,5,Action-Adventure,,No,
Metal Gear Solid V: The Phantom Pain,PS5/PS4,Playstation Now (Discontinued),Removed,04/02/2019,05/17/2022,37.5,09/01/2015,3.586111111,93,8.2,45,Action-Adventure,,No,
Metal Gear Solid V: Ground Zeroes,PS5/PS4,Playstation Now (Discontinued),Removed,04/02/2019,05/17/2022,37.5,03/18/2014,5.038888889,75,6.5,2,Action-Adventure,,No,
Metal Gear Solid 4: Guns of the Patriots,PS5/PS4,Playstation Now (Discontinued),Removed,03/05/2019,05/17/2022,38.4,01/01/2008,11.17777778,94,9.2,18,Action-Adventure,PS3,No,
Destroy All Humans!,PS5/PS4,Playstation Now (Discontinued),Removed,11/06/2018,05/17/2022,42.36666667,05/24/2005,13.45,71,7,11,Action-Adventure,,No,
The Dwarves,PS5/PS4,Playstation Now (Discontinued),Removed,09/04/2018,05/17/2022,44.43333333,12/01/2016,1.758333333,61,6.1,8.5,RPG,,No,
Yakuza 5,PS5/PS4,Playstation Now (Discontinued),Removed,02/06/2018,05/17/2022,51.36666667,12/08/2015,2.161111111,83,8.2,37,Action-Adventure,PS3,No,
MX vs. ATV: Supercross Encore,PS5/PS4,Playstation Now (Discontinued),Removed,07/06/2017,05/17/2022,58.36666667,10/27/2015,1.691666667,42,4.3,,Racing,,No,
Alex Kidd in Miracle World,PS5/PS4,Playstation Now (Discontinued),Removed,03/07/2017,05/17/2022,62.33333333,12/01/1986,30.26666667,68,7.4,2,Platformer,,No,
Fighting Vipers,PS5/PS4,Playstation Now (Discontinued),Removed,03/07/2017,05/17/2022,62.33333333,11/01/2012,4.35,71,7.5,,Fighting,PS3,No,
Altered Beast,PS5/PS4,Playstation Now (Discontinued),Removed,03/07/2017,05/17/2022,62.33333333,06/01/2009,7.766666667,40,7.1,1,Platformer,,No,
Comix Zone,PS5/PS4,Playstation Now (Discontinued),Removed,03/07/2017,05/17/2022,62.33333333,08/31/1995,21.51944444,76,8.2,3,Action-Adventure,PS3,No,
Golden Axe,PS5/PS4,Playstation Now (Discontinued),Removed,03/07/2017,05/17/2022,62.33333333,10/01/2008,8.433333333,44,7,2,Action-Adventure,PS3,No,
Catherine,PS5/PS4,Playstation Now (Discontinued),Removed,11/08/2016,05/17/2022,66.3,07/01/2011,5.352777778,79,8.3,13,Puzzle,PS3,No,
Nights Into Dreams,PS5/PS4,Playstation Now (Discontinued),Removed,05/03/2016,05/17/2022,72.46666667,10/01/2012,3.588888889,75,7.5,3,Action-Adventure,PS3,No,
Virtua Fighter V,PS5/PS4,Playstation Now (Discontinued),Removed,01/13/2015,05/17/2022,88.13333333,02/01/2007,7.95,85,7.7,,Fighting,,No,
Renegade Ops,PS5/PS4,Playstation Now (Discontinued),Removed,01/13/2015,05/17/2022,88.13333333,09/01/2011,3.366666667,80,7.5,7,Shooter,PS3,No,
Crazy Taxi,PS5/PS4,Playstation Now (Discontinued),Removed,01/13/2015,05/17/2022,88.13333333,11/01/2010,4.2,60,8.1,2,Racing,PS3,No,
Bomberman Ultra,PS5/PS4,Playstation Now (Discontinued),Removed,01/13/2015,05/17/2022,88.13333333,06/01/2009,5.616666667,81,7.7,,Fighting,PS3,No,
Persona 5,PS5/PS4,Essential (PS+ Collection),Removed,11/12/2020,05/11/2022,17.96666667,09/25/2016,4.130555556,93,8.7,97.5,RPG,,No,
Grand Theft Auto: Vice City - The Definitive Edition,PS5/PS4,Playstation Now (Discontinued),Removed,12/07/2021,05/03/2022,4.866666667,11/11/2021,0.07222222222,74,6.2,18,Action-Adventure,,No,
The Golf Club 2019 Featuring PGA Tour,PS5/PS4,Playstation Now (Discontinued),Removed,04/07/2020,05/03/2022,24.86666667,08/28/2018,1.608333333,75,6.5,,Golf,,No,
NBA 2K18,PS5/PS4,Playstation Now (Discontinued),Removed,03/05/2019,05/03/2022,37.93333333,09/15/2017,1.472222222,80,2,,Basketball,,No,
Hotel Transylvania 3: Monsters Overboard,PS5/PS4,Playstation Now (Discontinued),Removed,12/04/2018,05/03/2022,40.96666667,07/10/2018,0.4,55,5.6,5,Action-Adventure,,No,
No Time to Explain,PS5/PS4,Playstation Now (Discontinued),Removed,12/04/2018,05/03/2022,40.96666667,07/17/2015,3.380555556,52,5.9,3.5,Action-Adventure,,No,
Exile's End,PS5/PS4,Playstation Now (Discontinued),Removed,09/04/2018,05/03/2022,43.96666667,10/09/2015,2.902777778,59,6.4,5,Action-Adventure,,No,
Anomaly 2,PS5/PS4,Playstation Now (Discontinued),Removed,02/06/2018,05/03/2022,50.9,05/01/2013,4.763888889,74,7.3,6,Strategy,,No,
The Final Station,PS5/PS4,Playstation Now (Discontinued),Removed,11/07/2017,05/03/2022,53.86666667,08/30/2016,1.186111111,76,7.6,4.5,Action-Adventure,,No,
Lovely Planet,PS5/PS4,Playstation Now (Discontinued),Removed,11/07/2017,05/03/2022,53.86666667,01/08/2016,1.830555556,65,6.8,3,Shooter,,No,
AKIBA'S BEAT,PS5/PS4,Playstation Now (Discontinued),Removed,07/06/2017,05/03/2022,57.9,11/15/2016,0.6416666667,49,6.3,35,RPG,,No,
Sonic CD,PS5/PS4,Playstation Now (Discontinued),Removed,01/13/2015,05/03/2022,87.66666667,12/01/2011,3.116666667,80,8.2,4,Platformer,PS3,No,
Hood: Outlaws & Legends,PS5/PS4,Playstation Plus (Discontinued),Removed,04/05/2022,05/02/2022,0.9,05/10/2021,0.9027777778,63,5.8,,Shooter,,No,
SpongeBob SquarePants: Battle for Bikini Bottom - Rehydrated,PS4,Playstation Plus (Discontinued),Removed,04/05/2022,05/02/2022,0.9,06/23/2020,1.783333333,68,7.5,9,Action-Adventure,,No,
Slay the Spire,PS4,Playstation Plus (Discontinued),Removed,04/05/2022,05/02/2022,0.9,05/14/2019,2.891666667,88,8.1,12,Strategy,,No,
Ghostrunner,PS5,Playstation Plus (Discontinued),Removed,03/01/2022,04/04/2022,1.1,10/27/2020,1.344444444,78,8,8,Action-Adventure,,No,
ARK: Survival Evolved,PS4,Playstation Plus (Discontinued),Removed,03/01/2022,04/04/2022,1.1,08/29/2017,4.505555556,69,6.7,,Survival,,No,
Team Sonic Racing,PS4,Playstation Plus (Discontinued),Removed,03/01/2022,04/04/2022,1.1,05/21/2019,2.777777778,72,7,10,Racing,,No,
Ghost of Tsushima: Legends,PS5/PS4,Playstation Plus (Discontinued),Removed,03/01/2022,04/04/2022,1.1,10/16/2020,1.375,93,8.9,,Action-Adventure,,No,
Planet Coaster: Console Edition,PS5,Playstation Plus (Discontinued),Removed,02/01/2022,02/28/2022,0.9,11/10/2020,1.225,81,7.1,,Simulation,,No,
UFC 4,PS4,Playstation Plus (Discontinued),Removed,02/01/2022,02/28/2022,0.9,08/14/2020,1.463888889,78,6.8,,Sports,,No,
Tiny Tina's Assault on Dragon Keep: A Wonderlands One-Shot Adventure,PS4,Playstation Plus (Discontinued),Removed,02/01/2022,02/28/2022,0.9,11/09/2021,0.2277777778,80,7.5,9,RPG,,No,
Superhot,PS5/PS4,Playstation Now (Discontinued),Removed,03/02/2021,02/28/2022,11.86666667,02/25/2016,5.019444444,82,7.6,2,Shooter,,No,
Tekken 7,PS5/PS4,Playstation Now (Discontinued),Removed,08/06/2019,02/28/2022,30.73333333,06/02/2017,2.177777778,82,6.7,5,Fighting,,No,
Persona 5 Strikers,PS4,Playstation Plus (Discontinued),Removed,01/04/2022,01/31/2022,0.8666666667,02/19/2021,0.875,83,7.8,36,RPG,,No,
Dirt 5,PS5/PS4,Playstation Plus (Discontinued),Removed,01/04/2022,01/31/2022,0.8666666667,11/06/2020,1.161111111,80,6.9,9,Racing,,No,
Deep Rock Galactic,PS5/PS4,Playstation Plus (Discontinued),Removed,01/04/2022,01/31/2022,0.8666666667,05/13/2021,0.6416666667,85,8.6,,Shooter,,No,
The Last of Us Part II,PS5/PS4,Playstation Now (Discontinued),Removed,10/05/2021,01/04/2022,2.966666667,06/19/2020,1.294444444,93,5.9,24,Action-Adventure,,No,
Godfall: Challenger Edition,PS5/PS4,Playstation Plus (Discontinued),Removed,12/07/2021,01/03/2022,0.8666666667,11/07/2021,0.08333333333,61,5.4,12,RPG,,No,
Lego DC Super-Villains,PS4,Playstation Plus (Discontinued),Removed,12/07/2021,01/03/2022,0.8666666667,10/16/2018,3.141666667,74,7.7,15,Action-Adventure,,No,
Mortal Shell,PS4,Playstation Plus (Discontinued),Removed,12/07/2021,01/03/2022,0.8666666667,08/18/2020,1.302777778,76,6.8,13,Action-Adventure,,No,
The Persistence,PS4/PSVR,Playstation Plus (Discontinued),Removed,11/02/2021,01/03/2022,2.033333333,07/24/2018,3.272222222,78,7.3,10,Horror,,No,
The Walking Dead: Saints & Sinners,PS4/PSVR,Playstation Plus (Discontinued),Removed,11/02/2021,01/03/2022,2.033333333,01/23/2020,1.775,79,8.2,11,Action-Adventure,,No,
Until You Fall,PS4/PSVR,Playstation Plus (Discontinued),Removed,11/02/2021,01/03/2022,2.033333333,09/29/2020,1.091666667,79,7.7,5,Action-Adventure,,No,
Knockout City,PS5/PS4,Playstation Plus (Discontinued),Removed,11/02/2021,12/06/2021,1.133333333,05/21/2021,0.4472222222,80,7.1,,Shooter,,No,
First Class Trouble,PS5/PS4,Playstation Plus (Discontinued),Removed,11/02/2021,12/06/2021,1.133333333,11/02/2021,0,66,6.5,,Party,,No,
Kingdoms of Amalur: Re-Reckoning,PS4,Playstation Plus (Discontinued),Removed,11/02/2021,12/06/2021,1.133333333,09/08/2020,1.15,72,7.1,22,RPG,,No,
Hell Let Loose,PS5,Playstation Plus (Discontinued),Removed,10/05/2021,11/01/2021,0.8666666667,07/27/2021,0.1888888889,79,7.3,,Shooter,,No,
PGA Tour 2K21,PS4,Playstation Plus (Discontinued),Removed,10/05/2021,11/01/2021,0.8666666667,08/21/2020,1.122222222,76,7,,Sports,,No,
Mortal Kombat X,PS4,Playstation Plus (Discontinued),Removed,10/05/2021,11/01/2021,0.8666666667,04/14/2015,6.475,83,7.7,6,Fighting,,No,
Overcooked: All You Can Eat!,PS5,Playstation Plus (Discontinued),Removed,09/07/2021,10/04/2021,0.9,03/23/2021,0.4555555556,84,7.4,8,Simulation,,No,
Predator: Hunting Grounds,PS4,Playstation Plus (Discontinued),Removed,09/07/2021,10/04/2021,0.9,04/24/2020,1.369444444,56,6.4,,Shooter,,No,
Hitman 2,PS4,Playstation Plus (Discontinued),Removed,09/07/2021,10/04/2021,0.9,11/13/2018,2.816666667,82,7.9,10,Action-Adventure,,No,
Hunter’s Arena: Legends,PS5/PS4,Playstation Plus (Discontinued),Removed,08/03/2021,09/06/2021,1.1,08/03/2021,0,48,5.6,,Action-Adventure,,No,
Plants vs. Zombies: Battle for Neighborville,PS4,Playstation Plus (Discontinued),Removed,08/03/2021,09/06/2021,1.1,09/04/2019,1.913888889,77,6.6,10,Shooter,,No,
Tennis World Tour 2,PS4,Playstation Plus (Discontinued),Removed,08/03/2021,09/06/2021,1.1,09/24/2020,0.8583333333,56,5.9,,Sports,,No,
Virtua Fighter 5 Ultimate Showdown,PS4,Playstation Plus (Discontinued),Removed,07/06/2021,09/06/2021,2,06/01/2021,0.09722222222,78,7.8,,Fighting,,No,
The Witcher 3: Wild Hunt - Game of the Year Edition,PS5/PS4,Playstation Now (Discontinued),Removed,06/01/2021,09/06/2021,3.166666667,08/30/2016,4.752777778,92,9.2,51,RPG,,No,
A Plague Tale: Innocence,PS5,Playstation Plus (Discontinued),Removed,07/06/2021,08/02/2021,0.8666666667,05/14/2019,2.144444444,81,8.2,11,Action-Adventure,,No,
Call of Duty: Black Ops 4,PS4,Playstation Plus (Discontinued),Removed,07/06/2021,08/02/2021,0.8666666667,10/12/2018,2.733333333,83,6.5,6,Shooter,,No,
WWE 2K Battlegrounds,PS4,Playstation Plus (Discontinued),Removed,07/06/2021,08/02/2021,0.8666666667,09/18/2020,0.8,60,5.8,7,Fighting,,No,
Virtua Fighter 5 Ultimate Showdown,PS4,Playstation Plus (Discontinued),Removed,06/01/2021,08/02/2021,2.033333333,06/01/2021,0,78,7.8,,Fighting,,No,
Operation: Tango,PS5,Playstation Plus (Discontinued),Removed,06/01/2021,07/05/2021,1.133333333,06/01/2021,0,72,7,5,Adventure,,No,
Star Wars: Squadrons,PS4/PSVR,Playstation Plus (Discontinued),Removed,06/01/2021,07/05/2021,1.133333333,10/02/2020,0.6638888889,79,7.5,8,Shooter,,No,
Wreckfest,PS5,Playstation Plus (Discontinued),Removed,05/04/2021,05/31/2021,0.8666666667,08/27/2019,1.686111111,79,7.6,14,Racing,,No,
Battlefield V,PS4,Playstation Plus (Discontinued),Removed,05/04/2021,05/31/2021,0.8666666667,11/20/2018,2.455555556,73,7.1,6,Shooter,,No,
Stranded Deep,PS4,Playstation Plus (Discontinued),Removed,05/04/2021,05/31/2021,0.8666666667,04/21/2020,1.036111111,64,6,23,Survival,,No,
The Evil Within 2,PS5/PS4,Playstation Now (Discontinued),Removed,05/05/2020,05/04/2021,11.96666667,10/13/2017,2.561111111,76,7.8,13,Action-Adventure,,No,
Oddworld: Soulstorm,PS5,Playstation Plus (Discontinued),Removed,04/06/2021,05/03/2021,0.9,04/06/2021,0,66,5.8,13,Platformer,,No,
Days Gone,PS4,Playstation Plus (Discontinued),Removed,04/06/2021,05/03/2021,0.9,04/26/2019,1.944444444,71,8.2,36,Action-Adventure,,No,
Zombie Army 4: Dead War,PS4,Playstation Plus (Discontinued),Removed,04/06/2021,05/03/2021,0.9,02/04/2020,1.172222222,72,7.6,9,Shooter,,No,
Destruction AllStars,PS5,Playstation Plus (Discontinued),Removed,02/02/2021,05/03/2021,3.033333333,02/02/2021,0,62,6.3,,Driving,,No,
Final Fantasy VII Remake,PS4,Playstation Plus (Discontinued),Removed,03/02/2021,04/05/2021,1.1,04/10/2020,0.8944444444,87,8.1,35,RPG,,No,
Remnant: From the Ashes,PS4,Playstation Plus (Discontinued),Removed,03/02/2021,04/05/2021,1.1,08/20/2019,1.533333333,77,7.9,13,Shooter,,No,
Maquette,PS5,Playstation Plus (Discontinued),Removed,03/02/2021,04/05/2021,1.1,03/02/2021,0,70,6.8,4,Puzzle,,No,
Farpoint,PS4/PSVR,Playstation Plus (Discontinued),Removed,03/02/2021,04/05/2021,1.1,05/16/2017,3.794444444,71,7.2,6,Shooter,,No,
Control: Ultimate Edition,PS5/PS4,Playstation Plus (Discontinued),Removed,02/02/2021,03/01/2021,0.9666666667,02/02/2021,0,82,7.6,11,Shooter,,No,
Concrete Genie,PS4,Playstation Plus (Discontinued),Removed,02/02/2021,03/01/2021,0.9666666667,10/08/2019,1.316666667,75,7.6,5,Action-Adventure,,No,
Maneater,PS5,Playstation Plus (Discontinued),Removed,01/05/2021,02/01/2021,0.8666666667,05/22/2020,0.6194444444,68,7.3,9,Action-Adventure,,No,
Shadow of the Tomb Raider,PS4,Playstation Plus (Discontinued),Removed,01/05/2021,02/01/2021,0.8666666667,09/14/2018,2.308333333,75,7.5,13,Action-Adventure,,No,
Greedfall,PS4,Playstation Plus (Discontinued),Removed,01/05/2021,02/01/2021,0.8666666667,09/10/2019,1.319444444,72,7.7,30,RPG,,No,
HITMAN 2,PS5/PS4,Playstation Now (Discontinued),Removed,08/04/2020,02/01/2021,5.9,11/09/2018,1.736111111,82,8.3,10,Action-Adventure,,No,
Just Cause 4,PS4,Playstation Plus (Discontinued),Removed,12/01/2020,01/04/2021,1.1,12/04/2018,1.991666667,65,5.8,17,Action-Adventure,,No,
Rocket Arena,PS4,Playstation Plus (Discontinued),Removed,12/01/2020,01/04/2021,1.1,07/14/2020,0.3805555556,68,5.8,,Shooter,,No,
Worms Rumble,PS5/PS4,Playstation Plus (Discontinued),Removed,12/01/2020,01/04/2021,1.1,12/01/2020,0,68,5.9,,Shooter,,No,
Bugsnax,PS5,Playstation Plus (Discontinued),Removed,11/12/2020,01/04/2021,1.733333333,11/12/2020,0,74,7.7,5,Action-Adventure,,No,
Wolfenstein: The Old Blood,PS5/PS4,Playstation Now (Discontinued),Removed,12/03/2019,12/01/2020,11.93333333,05/05/2015,4.577777778,76,7.5,7,Shooter,,No,
Hollow Knight: Voidheart Edition,PS4,Playstation Plus (Discontinued),Removed,11/03/2020,11/11/2020,0.2666666667,09/25/2018,2.105555556,85,8.5,27,Platformer,,No,
Middle-Earth: Shadow of War,PS4,Playstation Plus (Discontinued),Removed,11/03/2020,11/11/2020,0.2666666667,10/10/2017,3.063888889,80,7.3,20,Action-Adventure,,No,
Need for Speed Payback,PS4,Playstation Plus (Discontinued),Removed,10/06/2020,11/02/2020,0.8666666667,11/10/2017,2.905555556,61,4.8,18,Racing,,No,
Vampyr,PS4,Playstation Plus (Discontinued),Removed,10/06/2020,11/02/2020,0.8666666667,06/05/2018,2.336111111,70,7.2,16,RPG,,No,
PlayerUnknown's Battlegrounds,PS4,Playstation Plus (Discontinued),Removed,09/01/2020,10/05/2020,1.133333333,12/07/2017,2.733333333,72,5.9,,Shooter,,No,
Street Fighter V,PS4,Playstation Plus (Discontinued),Removed,09/01/2020,10/05/2020,1.133333333,02/16/2016,4.541666667,87,6.8,4,Fighting,,No,
Fall Guys,PS4,Playstation Plus (Discontinued),Removed,08/04/2020,08/31/2020,0.8666666667,08/04/2020,0,79,6.8,,Party,,No,
Call of Duty: Modern Warfare 2 Campaign Remastered,PS4,Playstation Plus (Discontinued),Removed,07/28/2020,08/03/2020,0.1666666667,03/31/2020,0.3277777778,71,7.7,6,Shooter,,No,
NBA 2K20,PS4,Playstation Plus (Discontinued),Removed,07/07/2020,07/27/2020,0.6666666667,09/06/2019,0.8361111111,78,3.8,,Sports,,No,
Rise of the Tomb Raider: 20 Year Celebration,PS4,Playstation Plus (Discontinued),Removed,07/07/2020,07/27/2020,0.6666666667,10/11/2016,3.738888889,88,8.1,13,Action-Adventure,,No,
Erica,PS4,Playstation Plus (Discontinued),Removed,07/07/2020,07/27/2020,0.6666666667,08/19/2019,0.8833333333,69,7.1,2,Adventure,,No,
Star Wars Battlefront II,PS4,Playstation Plus (Discontinued),Removed,06/02/2020,07/06/2020,1.133333333,11/17/2017,2.541666667,68,3.6,7,Shooter,,No,
Call of Duty: WWII,PS4,Playstation Plus (Discontinued),Removed,05/26/2020,06/01/2020,0.1666666667,11/03/2017,2.563888889,79,5.8,7,Shooter,,No,
Cities: Skylines,PS4,Playstation Plus (Discontinued),Removed,05/05/2020,05/25/2020,0.6666666667,08/15/2017,2.722222222,81,7.7,,Simulation,,No,
Farming Simulator 19,PS4,Playstation Plus (Discontinued),Removed,05/05/2020,05/25/2020,0.6666666667,11/20/2018,1.458333333,64,6.8,,Farming,,No,
Uncharted 4: A Thief’s End,PS4,Playstation Plus (Discontinued),Removed,04/07/2020,05/04/2020,0.9,05/10/2016,3.908333333,93,8.6,15,Action-Adventure,,No,
DiRT Rally 2.0,PS4,Playstation Plus (Discontinued),Removed,04/07/2020,05/04/2020,0.9,02/26/2019,1.113888889,84,7.7,,Racing,,No,
Shadow of the Colossus,PS4,Playstation Plus (Discontinued),Removed,03/03/2020,04/06/2020,1.1,02/06/2018,2.075,91,8.6,8,Action-Adventure,,No,
Sonic Forces,PS4,Playstation Plus (Discontinued),Removed,03/03/2020,04/06/2020,1.1,11/07/2017,2.322222222,57,6,4,Platformer,,No,
Bioshock: The Collection,PS4,Playstation Plus (Discontinued),Removed,02/04/2020,03/02/2020,0.9333333333,09/13/2016,3.391666667,84,7.9,37,Shooter,,No,
The Sims 4,PS4,Playstation Plus (Discontinued),Removed,02/04/2020,03/02/2020,0.9333333333,11/17/2017,2.213888889,66,4.7,,Simulation,,No,
Firewall Zero Hour,PS4/PSVR,Playstation Plus (Discontinued),Removed,02/04/2020,03/02/2020,0.9333333333,08/28/2018,1.433333333,79,8.8,,Shooter,,No,
Uncharted: The Nathan Drake Collection,PS4,Playstation Plus (Discontinued),Removed,01/07/2020,02/03/2020,0.8666666667,10/09/2015,4.244444444,86,8.6,36,Action-Adventure,,No,
Goat Simulator,PS4,Playstation Plus (Discontinued),Removed,01/07/2020,02/03/2020,0.8666666667,04/14/2015,4.730555556,58,7.1,4,Simulation,,No,
Titanfall 2,PS4,Playstation Plus (Discontinued),Removed,12/03/2019,01/06/2020,1.1,10/28/2016,3.097222222,89,8.6,8,Shooter,,No,
Monster Energy Supercross: The Game,PS4,Playstation Plus (Discontinued),Removed,12/03/2019,01/06/2020,1.1,02/13/2018,1.805555556,67,5.9,,Racing,,No,
Nioh,PS4,Playstation Plus (Discontinued),Removed,11/05/2019,12/02/2019,0.9,02/07/2017,2.744444444,88,8.6,35,Action-Adventure,,No,
Outlast 2,PS4,Playstation Plus (Discontinued),Removed,11/05/2019,12/02/2019,0.9,04/25/2017,2.527777778,68,6.8,9,Horror,,No,
The Last of Us Remastered,PS4,Playstation Plus (Discontinued),Removed,10/01/2019,11/04/2019,1.1,07/29/2014,5.172222222,95,9.2,15,Action-Adventure,,No,
MLB The Show 19,PS4,Playstation Plus (Discontinued),Removed,10/01/2019,11/04/2019,1.1,03/26/2019,0.5138888889,86,7.7,,Sports,,No,
Batman Arkham Knight,PS4,Playstation Plus (Discontinued),Removed,09/03/2019,09/30/2019,0.9,06/23/2015,4.194444444,87,7.9,16,Action-Adventure,,No,
Darksiders III,PS4,Playstation Plus (Discontinued),Removed,09/03/2019,09/30/2019,0.9,11/27/2018,0.7666666667,64,6.5,15,Action-Adventure,,No,
Wipeout Omega Collection,PS4/PSVR,Playstation Plus (Discontinued),Removed,08/06/2019,09/02/2019,0.8666666667,06/06/2017,2.166666667,85,8.2,8,Racing,,No,
Sniper Elite 4,PS4,Playstation Plus (Discontinued),Removed,08/06/2019,09/02/2019,0.8666666667,02/14/2017,2.477777778,77,7.6,12,Shooter,,No,
Detroit: Become Human,PS4,Playstation Plus (Discontinued),Removed,07/02/2019,08/05/2019,1.1,05/25/2018,1.102777778,78,8.3,10,Action-Adventure,,No,
Heavy Rain,PS4,Playstation Plus (Discontinued),Removed,07/02/2019,08/05/2019,1.1,02/23/2010,9.358333333,78,8.2,10,Action-Adventure,,No,
Horizon Chase Turbo,PS4,Playstation Plus (Discontinued),Removed,07/02/2019,08/05/2019,1.1,05/15/2018,1.130555556,77,7.7,4,Racing,,No,
Borderlands: The Handsome Collection,PS4,Playstation Plus (Discontinued),Removed,06/04/2019,07/01/2019,0.9,03/24/2015,4.194444444,82,7.8,59,Shooter,,No,
Sonic Mania,PS4,Playstation Plus (Discontinued),Removed,06/04/2019,07/01/2019,0.9,08/15/2017,1.802777778,86,8.5,6,Platformer,,No,
Overcooked,PS4,Playstation Plus (Discontinued),Removed,05/07/2019,06/03/2019,0.8666666667,08/03/2016,2.761111111,78,7.6,4,Simulation,,No,
What Remains of Edith Finch,PS4,Playstation Plus (Discontinued),Removed,05/07/2019,06/03/2019,0.8666666667,04/25/2017,2.033333333,88,8.3,2,Action-Adventure,,No,
The Surge,PS4,Playstation Plus (Discontinued),Removed,04/02/2019,05/06/2019,1.133333333,05/16/2017,1.877777778,73,7.3,22,Action-Adventure,,No,
Conan: Exiles,PS4,Playstation Plus (Discontinued),Removed,04/02/2019,05/06/2019,1.133333333,05/08/2018,0.9,68,6.3,,Survival,,No,
Call of Duty: Modern Warfare Remastered,PS4,Playstation Plus (Discontinued),Removed,03/05/2019,04/01/2019,0.8666666667,11/04/2016,2.336111111,83,7.7,7,Shooter,,No,
The Witness,PS4,Playstation Plus (Discontinued),Removed,03/05/2019,04/01/2019,0.8666666667,01/26/2016,3.108333333,87,8,18,Puzzle,,No,
For Honor,PS4,Playstation Plus (Discontinued),Removed,02/05/2019,03/04/2019,0.9666666667,02/14/2017,1.975,78,6.8,6,Action-Adventure,,No,
Hitman: The Complete First Season,PS4,Playstation Plus (Discontinued),Removed,02/05/2019,03/04/2019,0.9666666667,01/31/2017,2.013888889,84,7.8,10,Action-Adventure,,No,
Metal Gear Solid 4: Guns of the Patriots,PS3,Playstation Plus (Discontinued),Removed,02/05/2019,03/04/2019,0.9666666667,06/12/2008,10.64722222,94,8.7,18,Action-Adventure,,No,
Divekick,PS3/Vita,Playstation Plus (Discontinued),Removed,02/05/2019,03/04/2019,0.9666666667,08/20/2013,5.458333333,65,7.1,,Fighting,,No,
Gunhouse,PS4/Vita,Playstation Plus (Discontinued),Removed,02/05/2019,03/04/2019,0.9666666667,12/02/2016,2.175,63,6.7,,Puzzle,,No,
Rogue Aces,PS4/Vita,Playstation Plus (Discontinued),Removed,02/05/2019,03/04/2019,0.9666666667,03/13/2018,0.8944444444,72,6.9,3,Shooter,,No,
Steep,PS4,Playstation Plus (Discontinued),Removed,01/01/2019,02/04/2019,1.1,12/02/2016,2.080555556,71,7,12,Sports,,No,
Portal Knights,PS4,Playstation Plus (Discontinued),Removed,01/01/2019,02/04/2019,1.1,05/23/2017,1.605555556,71,7.3,19,Action-Adventure,,No,
Zone of the Enders HD Collection,PS3,Playstation Plus (Discontinued),Removed,01/01/2019,02/04/2019,1.1,10/30/2012,6.169444444,73,7.8,17,Action-Adventure,,No,
Amplitude,PS4/PS3,Playstation Plus (Discontinued),Removed,01/01/2019,02/04/2019,1.1,01/05/2016,2.988888889,74,7.6,,Sports,,No,
Fallen Legion: Flames of Rebellion,PS4/Vita,Playstation Plus (Discontinued),Removed,01/01/2019,02/04/2019,1.1,07/18/2017,1.452777778,63,7.4,20,RPG,,No,
Super Mutant Alien Assault,Vita,Playstation Plus (Discontinued),Removed,01/01/2019,02/04/2019,1.1,08/12/2015,3.386111111,65,6.7,3,Shooter,,No,
ONRUSH,PS4,Playstation Plus (Discontinued),Removed,12/04/2018,12/31/2018,0.8666666667,06/05/2018,0.4972222222,76,7,,Racing,,No,
SOMA,PS4,Playstation Plus (Discontinued),Removed,12/04/2018,12/31/2018,0.8666666667,09/22/2015,3.2,79,8,10,Horror,,No,
Steins;Gate,PS3,Playstation Plus (Discontinued),Removed,12/04/2018,12/31/2018,0.8666666667,09/19/2013,5.208333333,83,8.8,34,Visual Novel,,No,
Steredenn,PS3,Playstation Plus (Discontinued),Removed,12/04/2018,12/31/2018,0.8666666667,10/01/2015,3.175,79,7.5,5,Shooter,,No,
Iconoclasts,PS4/Vita,Playstation Plus (Discontinued),Removed,12/04/2018,12/31/2018,0.8666666667,01/23/2018,0.8638888889,83,8,13,Platformer,,No,
"Papers, Please",Vita,Playstation Plus (Discontinued),Removed,12/04/2018,12/31/2018,0.8666666667,08/08/2013,5.322222222,85,8.3,4,Simulation,,No,
Bulletstorm: Full Clip Edition,PS4,Playstation Plus (Discontinued),Removed,11/06/2018,12/03/2018,0.9,04/07/2017,1.580555556,75,7.7,7,Shooter,,No,
Yakuza Kiwami,PS4,Playstation Plus (Discontinued),Removed,11/06/2018,12/03/2018,0.9,08/29/2017,1.186111111,80,8.4,17,Action-Adventure,,No,
The Jackbox Party Pack 2,PS3,Playstation Plus (Discontinued),Removed,11/06/2018,12/03/2018,0.9,10/13/2015,3.063888889,71,7.8,,Party,,No,
Arkedo Series,PS3,Playstation Plus (Discontinued),Removed,11/06/2018,12/03/2018,0.9,10/16/2014,4.055555556,,,5,Puzzle,,No,
Burly Men at Sea,PS4/Vita,Playstation Plus (Discontinued),Removed,11/06/2018,12/03/2018,0.9,09/29/2017,1.102777778,75,7.3,2,Adventure,,No,
Roundabout,PS4/Vita,Playstation Plus (Discontinued),Removed,11/06/2018,12/03/2018,0.9,09/18/2014,4.133333333,69,7.2,4,Racing,,No,
Friday the 13th: The Game,PS4,Playstation Plus (Discontinued),Removed,10/02/2018,11/05/2018,1.1,05/26/2017,1.35,61,6.3,,Survival,,No,
Laser League,PS4,Playstation Plus (Discontinued),Removed,10/02/2018,11/05/2018,1.1,05/10/2018,0.3944444444,82,6.4,,Arcade,,No,
Knowledge is Power,PS4,Playstation Plus (Discontinued),Removed,10/02/2018,11/05/2018,1.1,11/21/2017,0.8638888889,71,7.4,,Party,,No,
Master Reboot,PS3,Playstation Plus (Discontinued),Removed,10/02/2018,11/05/2018,1.1,07/15/2014,4.213888889,62,5.9,4,Adventure,,No,
The Bridge,PS4/PS3/Vita,Playstation Plus (Discontinued),Removed,10/02/2018,11/05/2018,1.1,11/12/2013,4.888888889,77,7.5,4,Puzzle,,No,
2064: Read Only Memories,PS4/Vita,Playstation Plus (Discontinued),Removed,10/02/2018,11/05/2018,1.1,10/17/2017,0.9583333333,76,7.3,12,Adventure,,No,
Rocketbirds 2: Evolution,PS4/Vita,Playstation Plus (Discontinued),Removed,10/02/2018,11/05/2018,1.1,04/26/2016,2.433333333,67,6.7,7,Shooter,,No,
Destiny 2,PS4,Playstation Plus (Discontinued),Removed,09/04/2018,10/01/2018,0.9,09/06/2017,0.9944444444,85,5.4,12,Shooter,,No,
God of War III: Remastered,PS4,Playstation Plus (Discontinued),Removed,09/04/2018,10/01/2018,0.9,07/14/2015,3.138888889,81,8.4,9,Action-Adventure,,No,
Another World: 20th Anniversary Edition,PS4/PS3/Vita,Playstation Plus (Discontinued),Removed,09/04/2018,10/01/2018,0.9,06/25/2014,4.191666667,53,7,2,Action-Adventure,,No,
Q.U.B.E Director's Cut,PS4/PS3,Playstation Plus (Discontinued),Removed,09/04/2018,10/01/2018,0.9,07/21/2015,3.119444444,76,7.1,4,Puzzle,,No,
Sparkle 2,PS4/Vita,Playstation Plus (Discontinued),Removed,09/04/2018,10/01/2018,0.9,12/18/2014,3.711111111,72,7.3,4,Puzzle,,No,
Foul Play,PS4/Vita,Playstation Plus (Discontinued),Removed,09/04/2018,10/01/2018,0.9,09/18/2013,4.961111111,66,6.8,5,Action-Adventure,,No,
Mafia III,PS4,Playstation Plus (Discontinued),Removed,08/07/2018,09/03/2018,0.8666666667,10/07/2016,1.833333333,68,5.1,23,Action-Adventure,,No,
Dead by Daylight,PS4,Playstation Plus (Discontinued),Removed,08/07/2018,09/03/2018,0.8666666667,06/14/2016,2.147222222,64,6.8,,Horror,,No,
Bound by Flame,PS3,Playstation Plus (Discontinued),Removed,08/07/2018,09/03/2018,0.8666666667,05/09/2014,4.244444444,53,5.9,20,RPG,,No,
Serious Sam 3: BFE,PS3,Playstation Plus (Discontinued),Removed,08/07/2018,09/03/2018,0.8666666667,11/22/2011,6.708333333,72,7.6,8,Shooter,,No,
Draw Slasher,Vita,Playstation Plus (Discontinued),Removed,08/07/2018,09/03/2018,0.8666666667,05/08/2013,5.247222222,69,6.4,3,Action-Adventure,,No,
Space Hulk,Vita,Playstation Plus (Discontinued),Removed,08/07/2018,09/03/2018,0.8666666667,08/15/2013,4.977777778,51,5.3,18,Strategy,,No,
Heavy Rain,PS4,Playstation Plus (Discontinued),Removed,07/03/2018,08/06/2018,1.1,02/23/2010,8.361111111,78,8.2,10,Action-Adventure,,No,
Absolver,PS4,Playstation Plus (Discontinued),Removed,07/03/2018,08/06/2018,1.1,08/29/2017,0.8444444444,69,6.6,,RPG,,No,
Rayman 3 HD,PS3,Playstation Plus (Discontinued),Removed,07/03/2018,08/06/2018,1.1,03/21/2012,6.283333333,72,7.9,7,Platformer,,No,
Extreme Exorcism,PS4/PS3,Playstation Plus (Discontinued),Removed,07/03/2018,08/06/2018,1.1,09/23/2015,2.777777778,74,7.1,4,Platformer,,No,
Space Overlords,PS4/Vita,Playstation Plus (Discontinued),Removed,07/03/2018,08/06/2018,1.1,03/15/2016,2.3,42,5.7,3,Action-Adventure,,No,
Zero Escape: Zero Time Dilemma,Vita,Playstation Plus (Discontinued),Removed,07/03/2018,08/06/2018,1.1,06/28/2016,2.013888889,83,8,20,Adventure,,No,
Call of Duty: Black Ops III,PS4,Playstation Plus (Discontinued),Removed,06/11/2018,07/11/2018,1,11/06/2015,2.597222222,81,6.6,8,Shooter,,No,
XCOM 2,PS4,Playstation Plus (Discontinued),Removed,06/05/2018,06/10/2018,0.1666666667,02/05/2016,2.333333333,87,7.9,33,Strategy,,No,
Trials Fusion,PS4,Playstation Plus (Discontinued),Removed,06/05/2018,06/10/2018,0.1666666667,04/16/2014,4.136111111,79,7.1,7,Racing,,No,
Zombie Driver HD,PS3,Playstation Plus (Discontinued),Removed,06/05/2018,06/10/2018,0.1666666667,10/17/2012,5.633333333,70,7.5,4,Racing,,No,
Tom Clancy’s Ghost Recon: Future Soldier,PS3,Playstation Plus (Discontinued),Removed,06/05/2018,06/10/2018,0.1666666667,05/22/2012,6.036111111,79,7.6,10,Shooter,,No,
Atomic Ninjas,Vita,Playstation Plus (Discontinued),Removed,06/05/2018,06/10/2018,0.1666666667,10/08/2013,4.658333333,58,5.7,,Platformer,,No,
Squares,Vita,Playstation Plus (Discontinued),Removed,06/05/2018,06/10/2018,0.1666666667,03/01/2013,5.261111111,67,,2,Puzzle,,No,
Beyond: Two Souls,PS4,Playstation Plus (Discontinued),Removed,05/01/2018,06/04/2018,1.1,10/08/2013,4.563888889,72,7.2,10,Action-Adventure,,No,
Rayman Legends,PS4,Playstation Plus (Discontinued),Removed,05/01/2018,06/04/2018,1.1,08/27/2013,4.677777778,90,8,12,Platformer,,No,
Risen 3: Titan Lords,PS3,Playstation Plus (Discontinued),Removed,05/01/2018,06/04/2018,1.1,08/12/2014,3.719444444,51,6.9,36,RPG,,No,
Eat Them,PS3,Playstation Plus (Discontinued),Removed,05/01/2018,06/04/2018,1.1,12/21/2010,7.361111111,65,7.2,6,Action-Adventure,,No,
King Oddball,Vita,Playstation Plus (Discontinued),Removed,05/01/2018,06/04/2018,1.1,01/09/2014,4.311111111,66,7.1,3,Puzzle,,No,
Furmins,Vita,Playstation Plus (Discontinued),Removed,05/01/2018,06/04/2018,1.1,10/22/2013,4.525,69,6.7,4,Puzzle,,No,
Mad Max,PS4,Playstation Plus (Discontinued),Removed,04/03/2018,04/30/2018,0.9,09/01/2015,2.588888889,69,7.6,20,Action-Adventure,,No,
Trackmania Turbo,PS4,Playstation Plus (Discontinued),Removed,04/03/2018,04/30/2018,0.9,03/22/2016,2.030555556,81,7.5,14,Racing,,No,
In Space We Brawl,PS4/PS3,Playstation Plus (Discontinued),Removed,04/03/2018,04/30/2018,0.9,10/14/2014,3.469444444,65,6.7,,Shooter,,No,
Toy Home,PS3,Playstation Plus (Discontinued),Removed,04/03/2018,04/30/2018,0.9,10/25/2007,10.43888889,57,6.9,3,Racing,,No,
99Vidas,PS4/PS3/Vita,Playstation Plus (Discontinued),Removed,04/03/2018,04/30/2018,0.9,12/13/2016,1.305555556,61,7.1,6,Action-Adventure,,No,
Q*Bert Rebooted,PS4/PS3/Vita,Playstation Plus (Discontinued),Removed,04/03/2018,04/30/2018,0.9,02/17/2015,3.127777778,44,4.7,,Arcade,,No,
Bloodborne,PS4,Playstation Plus (Discontinued),Removed,03/06/2018,04/02/2018,0.8666666667,03/24/2015,2.95,92,9.1,34,Action-Adventure,,No,
Ratchet and Clank,PS4,Playstation Plus (Discontinued),Removed,03/06/2018,04/02/2018,0.8666666667,04/12/2016,1.9,85,8.3,11,Action-Adventure,,No,
Legend of Kay Anniversary,PS3,Playstation Plus (Discontinued),Removed,03/06/2018,04/02/2018,0.8666666667,07/28/2015,2.605555556,70,7.2,10,Action-Adventure,,No,
Mighty No. 9,PS4/PS3,Playstation Plus (Discontinued),Removed,03/06/2018,04/02/2018,0.8666666667,06/21/2016,1.708333333,52,4.6,4,Platformer,,No,
Claire: Extended Cut,PS4/Vita,Playstation Plus (Discontinued),Removed,03/06/2018,04/02/2018,0.8666666667,08/08/2017,0.5777777778,58,6.8,5,Horror,,No,
Bombing Busters,PS4/Vita,Playstation Plus (Discontinued),Removed,03/06/2018,04/02/2018,0.8666666667,05/24/2016,1.783333333,55,6.2,,Puzzle,,No,
Knack,PS4,Playstation Plus (Discontinued),Removed,02/06/2018,03/05/2018,0.9666666667,11/15/2013,4.225,54,6.3,11,Action-Adventure,,No,
RiME,PS4,Playstation Plus (Discontinued),Removed,02/06/2018,03/05/2018,0.9666666667,05/26/2017,0.6944444444,80,7.5,10,Action-Adventure,,No,
Starblood Arena,PS4/PSVR,Playstation Plus (Discontinued),Removed,02/06/2018,03/05/2018,0.9666666667,04/11/2017,0.8194444444,68,7,,Shooter,,No,
Spelunker HD,PS3,Playstation Plus (Discontinued),Removed,02/06/2018,03/05/2018,0.9666666667,04/22/2010,7.788888889,56,6.8,5,Platformer,,No,
Mugen Souls Z,PS3,Playstation Plus (Discontinued),Removed,02/06/2018,03/05/2018,0.9666666667,05/20/2014,3.711111111,55,7.3,45,RPG,,No,
Exiles End,Vita,Playstation Plus (Discontinued),Removed,02/06/2018,03/05/2018,0.9666666667,11/17/2015,2.219444444,53,6.8,5,Platformer,,No,
Grand Kingdom,PS4/Vita,Playstation Plus (Discontinued),Removed,02/06/2018,03/05/2018,0.9666666667,06/21/2016,1.625,78,7.5,40,RPG,,No,
Deus Ex: Mankind Divided,PS4,Playstation Plus (Discontinued),Removed,01/02/2018,02/05/2018,1.1,08/23/2016,1.358333333,84,7.7,15,Action-Adventure,,No,
Batman: The Telltale Series,PS4,Playstation Plus (Discontinued),Removed,01/02/2018,02/05/2018,1.1,08/02/2016,1.416666667,68,6.7,12,Adventure,,No,
Starblood Arena,PS4/PSVR,Playstation Plus (Discontinued),Removed,01/02/2018,02/05/2018,1.1,04/11/2017,0.725,68,7,,Shooter,,No,
Sacred 3,PS3,Playstation Plus (Discontinued),Removed,01/02/2018,02/05/2018,1.1,08/05/2014,3.408333333,56,5.1,10,Action-Adventure,,No,
Book of Unwritten Tales 2,PS3,Playstation Plus (Discontinued),Removed,01/02/2018,02/05/2018,1.1,02/19/2015,2.869444444,75,7.6,13,Adventure,,No,
Psycho-Pass: Mandatory Happiness,PS4/Vita,Playstation Plus (Discontinued),Removed,01/02/2018,02/05/2018,1.1,09/13/2016,1.302777778,64,7,12,Adventure,,No,
Uncanny Valley,PS4/Vita,Playstation Plus (Discontinued),Removed,01/02/2018,02/05/2018,1.1,02/15/2017,0.8805555556,52,6.1,5,Horror,,No,
Darksiders II Deathinitive Edition,PS4,Playstation Plus (Discontinued),Removed,12/05/2017,01/01/2018,0.8666666667,10/27/2015,2.105555556,72,7.4,25,Action-Adventure,,No,
Kung Fu Panda: Showdown of Legendary Legends,PS4,Playstation Plus (Discontinued),Removed,12/05/2017,01/01/2018,0.8666666667,11/17/2015,2.05,63,6.5,3,Fighting,,No,
Syberia Collection,PS3,Playstation Plus (Discontinued),Removed,12/05/2017,01/01/2018,0.8666666667,11/01/2016,1.094444444,,,,Adventure,,No,
Xblaze Lost: Memories,PS3,Playstation Plus (Discontinued),Removed,12/05/2017,01/01/2018,0.8666666667,04/21/2015,2.622222222,63,7,10,Visual Novel,,No,
Forma.8,PS4/Vita,Playstation Plus (Discontinued),Removed,12/05/2017,01/01/2018,0.8666666667,02/23/2017,0.7833333333,78,6.7,7,Action-Adventure,,No,
Wanted Corp,Vita,Playstation Plus (Discontinued),Removed,12/05/2017,01/01/2018,0.8666666667,02/16/2016,1.802777778,59,5.8,4,Shooter,,No,
Worms Battlegrounds,PS4,Playstation Plus (Discontinued),Removed,11/07/2017,12/04/2017,0.9,05/30/2014,3.436111111,62,7.1,8,Strategy,,No,
Bound,PS4/PSVR,Playstation Plus (Discontinued),Removed,11/07/2017,12/04/2017,0.9,08/16/2016,1.225,71,6.8,2,Action-Adventure,,No,
Until Dawn: Rush of Blood,PS4/PSVR,Playstation Plus (Discontinued),Removed,11/07/2017,12/04/2017,0.9,10/13/2016,1.066666667,72,7.7,2,Shooter,,No,
R-Type Dimensions,PS3,Playstation Plus (Discontinued),Removed,11/07/2017,12/04/2017,0.9,02/04/2009,8.758333333,82,6.4,2,Shooter,,No,
Rag Doll Kung Fu: Fists of Plastic,PS3,Playstation Plus (Discontinued),Removed,11/07/2017,12/04/2017,0.9,04/09/2009,8.577777778,68,6.6,3,Fighting,,No,
Dungeon Punks,PS4/Vita,Playstation Plus (Discontinued),Removed,11/07/2017,12/04/2017,0.9,07/26/2016,1.280555556,63,6.9,10,RPG,,No,
Broken Sword 5: The Serpent’s Curse (Episodes 1 & 2),Vita,Playstation Plus (Discontinued),Removed,11/07/2017,12/04/2017,0.9,09/04/2015,2.175,67,7.5,11,Adventure,,No,
Metal Gear Solid V: The Phantom Pain,PS4,Playstation Plus (Discontinued),Removed,10/03/2017,11/06/2017,1.1,09/01/2015,2.088888889,93,8.2,45,Action-Adventure,,No,
Amnesia: Collection,PS4,Playstation Plus (Discontinued),Removed,10/03/2017,11/06/2017,1.1,11/22/2016,0.8638888889,78,8.1,17,Horror,,No,
That’s You!,PS4,Playstation Plus (Discontinued),Removed,10/03/2017,11/06/2017,1.1,07/04/2017,0.2472222222,69,7.4,,Party,,No,
RIGS: Mechanised Combat League,PS4/PSVR,Playstation Plus (Discontinued),Removed,10/03/2017,11/06/2017,1.1,10/11/2016,0.9777777778,78,7.5,,Shooter,,No,
Monster Jam Battlegrounds,PS3,Playstation Plus (Discontinued),Removed,10/03/2017,11/06/2017,1.1,09/17/2015,2.044444444,50,5.4,,Racing,,No,
Hustle Kings,PS3/Vita,Playstation Plus (Discontinued),Removed,10/03/2017,11/06/2017,1.1,02/04/2010,7.663888889,81,7.8,,Billiards,,No,
Hue,PS4/Vita,Playstation Plus (Discontinued),Removed,10/03/2017,11/06/2017,1.1,08/30/2016,1.091666667,77,7.3,5,Puzzle,,No,
Sky Force Anniversary,PS4/Vita,Playstation Plus (Discontinued),Removed,10/03/2017,11/06/2017,1.1,12/08/2015,1.819444444,72,7.1,5,Shooter,,No,
inFAMOUS: Second Son,PS4,Playstation Plus (Discontinued),Removed,09/05/2017,10/02/2017,0.9,03/21/2014,3.455555556,80,8,10,Action-Adventure,,No,
Strike Vector Ex,PS4,Playstation Plus (Discontinued),Removed,09/05/2017,10/02/2017,0.9,09/05/2017,0,75,6.7,,Shooter,,No,
That’s You!,PS4,Playstation Plus (Discontinued),Removed,09/05/2017,10/02/2017,0.9,07/04/2017,0.1694444444,69,7.4,,Party,,No,
RIGS: Mechanised Combat League,PS4/PSVR,Playstation Plus (Discontinued),Removed,09/05/2017,10/02/2017,0.9,10/11/2016,0.9,78,7.5,,Shooter,,No,
Truck Racer,PS3,Playstation Plus (Discontinued),Removed,09/05/2017,10/02/2017,0.9,10/07/2014,2.911111111,49,5.4,5,Racing,,No,
Handball 2016,PS3,Playstation Plus (Discontinued),Removed,09/05/2017,10/02/2017,0.9,11/27/2015,1.772222222,49,5.5,,Sports,,No,
We Are Doomed,PS4/Vita,Playstation Plus (Discontinued),Removed,09/05/2017,10/02/2017,0.9,04/14/2015,2.391666667,61,6.9,2,Shooter,,No,
Hatoful Boyfriend,PS4/Vita,Playstation Plus (Discontinued),Removed,09/05/2017,10/02/2017,0.9,09/04/2014,3.002777778,72,7.4,4,Visual Novel,,No,
Just Cause 3,PS4,Playstation Plus (Discontinued),Removed,08/01/2017,09/04/2017,1.1,12/01/2015,1.666666667,73,6.2,18,Action-Adventure,,No,
Assassin’s Creed Freedom Cry,PS4,Playstation Plus (Discontinued),Removed,08/01/2017,09/04/2017,1.1,02/18/2014,3.452777778,71,6.7,6,Action-Adventure,,No,
That’s You!,PS4,Playstation Plus (Discontinued),Removed,08/01/2017,09/04/2017,1.1,07/04/2017,0.075,69,7.4,,Party,,No,
Super Motherload,PS4/PS3,Playstation Plus (Discontinued),Removed,08/01/2017,09/04/2017,1.1,11/04/2013,3.741666667,65,7.1,6,Action-Adventure,,No,
Snake Ball,PS3,Playstation Plus (Discontinued),Removed,08/01/2017,09/04/2017,1.1,11/22/2007,9.691666667,65,6.8,3,Arcade,,No,
Downwell,PS4/Vita,Playstation Plus (Discontinued),Removed,08/01/2017,09/04/2017,1.1,05/24/2016,1.186111111,85,7.8,3,Platformer,,No,
Level 22,Vita,Playstation Plus (Discontinued),Removed,08/01/2017,09/04/2017,1.1,09/29/2015,1.838888889,60,6.7,2,Strategy,,No,
Until Dawn,PS4,Playstation Plus (Discontinued),Removed,07/04/2017,07/31/2017,0.8666666667,08/25/2015,1.858333333,79,8.3,9,Horror,,No,
Game of Thrones: A Telltale Games Series,PS4,Playstation Plus (Discontinued),Removed,07/04/2017,07/31/2017,0.8666666667,12/02/2014,2.588888889,69,7,11,Adventure,,No,
That’s You!,PS4,Playstation Plus (Discontinued),Removed,07/04/2017,07/31/2017,0.8666666667,07/04/2017,0,69,7.4,,Party,,No,
Tokyo Jungle,PS3,Playstation Plus (Discontinued),Removed,07/04/2017,07/31/2017,0.8666666667,09/25/2012,4.775,74,7.7,10,Action-Adventure,,No,
Darkstalkers Resurrection,PS3,Playstation Plus (Discontinued),Removed,07/04/2017,07/31/2017,0.8666666667,03/12/2013,4.311111111,80,7.6,,Fighting,,No,
"Don’t Die, Mr. Robot",PS4/Vita,Playstation Plus (Discontinued),Removed,07/04/2017,07/31/2017,0.8666666667,06/23/2015,2.030555556,76,6.8,2,Arcade,,No,
Element4l,Vita,Playstation Plus (Discontinued),Removed,07/04/2017,07/31/2017,0.8666666667,06/25/2015,2.025,62,6.2,3,Platformer,,No,
Killing Floor 2,PS4,Playstation Plus (Discontinued),Removed,06/06/2017,07/03/2017,0.9,11/18/2016,0.55,75,7.5,16,Shooter,,No,
Life is Strange,PS4,Playstation Plus (Discontinued),Removed,06/06/2017,07/03/2017,0.9,01/30/2015,2.35,85,8.4,14,Adventure,,No,
Abyss Odyssey,PS3,Playstation Plus (Discontinued),Removed,06/06/2017,07/03/2017,0.9,07/15/2014,2.891666667,70,6.5,7,Action-Adventure,,No,
WRC 5: World Rally Championship,PS3,Playstation Plus (Discontinued),Removed,06/06/2017,07/03/2017,0.9,10/13/2015,1.647222222,62,6.7,,Racing,,No,
Neon Chrome,PS4/Vita,Playstation Plus (Discontinued),Removed,06/06/2017,07/03/2017,0.9,05/24/2016,1.033333333,63,6.9,5,Shooter,,No,
Spy Chameleon,PS4/Vita,Playstation Plus (Discontinued),Removed,06/06/2017,07/03/2017,0.9,06/11/2015,1.986111111,65,6.8,3,Puzzle,,No,
ABZU,PS4,Playstation Plus (Discontinued),Removed,05/02/2017,06/05/2017,1.1,08/02/2016,0.75,78,7.7,2,Adventure,,No,
Tales from the Borderlands,PS4,Playstation Plus (Discontinued),Removed,05/02/2017,06/05/2017,1.1,11/25/2014,2.436111111,86,8.4,12,Adventure,,No,
Blood Knights,PS3,Playstation Plus (Discontinued),Removed,05/02/2017,06/05/2017,1.1,11/01/2013,3.502777778,39,4.8,7,Action-Adventure,,No,
Port Royale 3: Pirates and Merchants,PS3,Playstation Plus (Discontinued),Removed,05/02/2017,06/05/2017,1.1,09/05/2012,4.658333333,56,6.6,30,RPG,,No,
Laser Disco Defenders,PS4/Vita,Playstation Plus (Discontinued),Removed,05/02/2017,06/05/2017,1.1,05/12/2016,0.9722222222,80,6.2,3,Shooter,,No,
Type:Rider,PS4/Vita,Playstation Plus (Discontinued),Removed,05/02/2017,06/05/2017,1.1,10/06/2015,1.572222222,68,7.2,2,Platformer,,No,
Drawn To Death,PS4,Playstation Plus (Discontinued),Removed,04/04/2017,05/01/2017,0.9,04/04/2017,0,54,6.1,,Shooter,,No,
Lovers in a Dangerous Spacetime,PS4,Playstation Plus (Discontinued),Removed,04/04/2017,05/01/2017,0.9,09/09/2015,1.569444444,82,7.7,7,Action-Adventure,,No,
Invizimals: The Lost Kingdom,PS3,Playstation Plus (Discontinued),Removed,04/04/2017,05/01/2017,0.9,09/19/2014,2.541666667,50,6.2,8,Action-Adventure,,No,
Alien Rage - Extended Edition,PS3,Playstation Plus (Discontinued),Removed,04/04/2017,05/01/2017,0.9,10/08/2013,3.488888889,45,5.6,5,Shooter,,No,
10 Second Ninja X,PS4/Vita,Playstation Plus (Discontinued),Removed,04/04/2017,05/01/2017,0.9,07/19/2016,0.7083333333,76,7.3,2,Platformer,,No,
Curses ‘N Chaos,PS4/Vita,Playstation Plus (Discontinued),Removed,04/04/2017,05/01/2017,0.9,08/18/2015,1.627777778,70,7,4,Platformer,,No,
Tearaway Unfolded,PS4,Playstation Plus (Discontinued),Removed,03/07/2017,04/03/2017,0.8666666667,09/08/2015,1.497222222,81,7.8,8,Platformer,,No,
Disc Jam,PS4,Playstation Plus (Discontinued),Removed,03/07/2017,04/03/2017,0.8666666667,03/07/2017,0,71,6.8,,Sports,,No,
Lumo,PS4/Vita,Playstation Plus (Discontinued),Removed,03/07/2017,04/03/2017,0.8666666667,05/24/2016,0.7861111111,73,7,8,Action-Adventure,,No,
Under Night In-Birth Exe:Late,PS3,Playstation Plus (Discontinued),Removed,03/07/2017,04/03/2017,0.8666666667,02/24/2015,2.036111111,80,7.7,,Fighting,,No,
Earth Defense Force 2025,PS3,Playstation Plus (Discontinued),Removed,03/07/2017,04/03/2017,0.8666666667,02/18/2014,3.052777778,69,7.8,15,Shooter,,No,
Severed,Vita,Playstation Plus (Discontinued),Removed,03/07/2017,04/03/2017,0.8666666667,04/26/2016,0.8638888889,82,7.7,5,Action-Adventure,,No,
LittleBigPlanet 3,PS4,Playstation Plus (Discontinued),Removed,02/07/2017,03/06/2017,0.9666666667,11/18/2014,2.219444444,79,7.5,9,Platformer,,No,
Not a Hero,PS4,Playstation Plus (Discontinued),Removed,02/07/2017,03/06/2017,0.9666666667,05/07/2015,1.75,74,7.4,4,Shooter,,No,
Starwhal,PS4/PS3,Playstation Plus (Discontinued),Removed,02/07/2017,03/06/2017,0.9666666667,09/24/2014,2.369444444,78,7.3,,Party,,No,
Anna: Extended Edition,PS3,Playstation Plus (Discontinued),Removed,02/07/2017,03/06/2017,0.9666666667,10/01/2013,3.35,56,6,3,Horror,,No,
Ninja Senki DX,PS4/Vita,Playstation Plus (Discontinued),Removed,02/07/2017,03/06/2017,0.9666666667,02/23/2016,0.9555555556,64,7,3,Platformer,,No,
TorqueL,PS4/Vita,Playstation Plus (Discontinued),Removed,02/07/2017,03/06/2017,0.9666666667,01/14/2015,2.063888889,58,6.5,2,Puzzle,,No,
Day of the Tentacle Remastered,PS4/Vita,Playstation Plus (Discontinued),Removed,01/03/2017,02/06/2017,1.1,03/21/2016,0.7833333333,86,8,5,Adventure,,No,
This War of Mine: The Little Ones,PS4,Playstation Plus (Discontinued),Removed,01/03/2017,02/06/2017,1.1,06/01/2016,0.5888888889,76,6.9,10,Survival,,No,
Blazerush,PS3,Playstation Plus (Discontinued),Removed,01/03/2017,02/06/2017,1.1,10/28/2014,2.180555556,66,8.5,,Racing,,No,
The Swindle,PS4/PS3/Vita,Playstation Plus (Discontinued),Removed,01/03/2017,02/06/2017,1.1,07/28/2015,1.430555556,70,7,5,Platformer,,No,
Azkend 2,PS4/Vita,Playstation Plus (Discontinued),Removed,01/03/2017,02/06/2017,1.1,03/14/2012,4.802777778,68,,3,Matching Puzzle,,No,
Titan Souls,PS4/Vita,Playstation Plus (Discontinued),Removed,01/03/2017,02/06/2017,1.1,04/14/2015,1.719444444,74,6.2,3,Action-Adventure,,No,
Stories: The Path of Destinies,PS4,Playstation Plus (Discontinued),Removed,12/06/2016,01/02/2017,0.8666666667,04/12/2016,0.65,73,7.3,5,RPG,,No,
"Invisible, Inc.",PS4,Playstation Plus (Discontinued),Removed,12/06/2016,01/02/2017,0.8666666667,05/12/2015,1.566666667,77,7.6,7,Strategy,,No,
Hyper Void,PS4/PS3,Playstation Plus (Discontinued),Removed,12/06/2016,01/02/2017,0.8666666667,09/08/2015,1.244444444,70,6.8,2,Shooter,,No,
Tiny Troopers Joint Ops,PS4/PS3/Vita,Playstation Plus (Discontinued),Removed,12/06/2016,01/02/2017,0.8666666667,02/26/2016,0.7777777778,62,5.3,3,Shooter,,No,
Color Guardians,PS4/Vita,Playstation Plus (Discontinued),Removed,12/06/2016,01/02/2017,0.8666666667,05/12/2015,1.566666667,59,6.7,3,Platformer,,No,
VVVVVV,Vita,Playstation Plus (Discontinued),Removed,12/06/2016,01/02/2017,0.8666666667,01/10/2010,6.905555556,81,7.9,4,Platformer,,No,
Everybody’s Gone to the Rapture,PS4,Playstation Plus (Discontinued),Removed,11/01/2016,12/05/2016,1.133333333,08/11/2015,1.222222222,76,6.5,5,Adventure,,No,
The Deadly Tower of Monsters,PS4,Playstation Plus (Discontinued),Removed,11/01/2016,12/05/2016,1.133333333,01/19/2016,0.7833333333,76,7.4,5,Action-Adventure,,No,
DiRT 3,PS3,Playstation Plus (Discontinued),Removed,11/01/2016,12/05/2016,1.133333333,05/24/2011,5.436111111,87,8,8,Racing,,No,
Costume Quest 2,PS3,Playstation Plus (Discontinued),Removed,11/01/2016,12/05/2016,1.133333333,10/07/2014,2.066666667,72,7,7,RPG,,No,
Letter Quest Remastered,PS4/Vita,Playstation Plus (Discontinued),Removed,11/01/2016,12/05/2016,1.133333333,05/05/2015,1.488888889,70,7.2,4,Puzzle,,No,
Pumped BMX+,PS4/PS3/Vita,Playstation Plus (Discontinued),Removed,11/01/2016,12/05/2016,1.133333333,09/18/2015,1.119444444,69,7,6,Sports,,No,
Resident Evil,PS4,Playstation Plus (Discontinued),Removed,10/04/2016,10/31/2016,0.8666666667,03/22/2006,10.53333333,91,8.7,13,Horror,,No,
Transformers: Devastation,PS4/PS3,Playstation Plus (Discontinued),Removed,10/04/2016,10/31/2016,0.8666666667,10/06/2015,0.9944444444,77,8,6,Action-Adventure,,No,
Mad Riders,PS3,Playstation Plus (Discontinued),Removed,10/04/2016,10/31/2016,0.8666666667,05/29/2012,4.347222222,62,6.2,4,Racing,,No,
From Dust,PS3,Playstation Plus (Discontinued),Removed,10/04/2016,10/31/2016,0.8666666667,07/27/2011,5.186111111,79,7.2,6,Strategy,,No,
Code:Realize - Guardian of Rebirth,Vita,Playstation Plus (Discontinued),Removed,10/04/2016,10/31/2016,0.8666666667,10/23/2015,0.9472222222,81,8.1,18,Visual Novel,,No,
Actual Sunlight,Vita,Playstation Plus (Discontinued),Removed,10/04/2016,10/31/2016,0.8666666667,04/03/2015,1.502777778,63,7.1,2,Adventure,,No,
Lords of the Fallen,PS4,Playstation Plus (Discontinued),Removed,09/06/2016,10/03/2016,0.9,10/28/2014,1.855555556,73,6.6,17,RPG,,No,
Journey,PS4/PS3,Playstation Plus (Discontinued),Removed,09/06/2016,10/03/2016,0.9,03/13/2012,4.480555556,92,8.5,2,Adventure,,No,
Badland,PS4/PS3/Vita,Playstation Plus (Discontinued),Removed,09/06/2016,10/03/2016,0.9,05/06/2015,1.333333333,79,7.1,3,Platformer,,No,
Prince of Persia: The Forgotten Sands,PS3,Playstation Plus (Discontinued),Removed,09/06/2016,10/03/2016,0.9,05/18/2010,6.3,75,7.2,7,Action-Adventure,,No,
Datura,PS3,Playstation Plus (Discontinued),Removed,09/06/2016,10/03/2016,0.9,05/15/2012,4.308333333,59,5.6,2,Adventure,,No,
Amnesia: Memories,Vita,Playstation Plus (Discontinued),Removed,09/06/2016,10/03/2016,0.9,08/25/2015,1.030555556,66,7.3,18,Visual Novel,,No,
Tricky Towers,PS4,Playstation Plus (Discontinued),Removed,08/02/2016,09/05/2016,1.1,08/02/2016,0,80,7.2,10,Puzzle,,No,
Rebel Galaxy,PS4,Playstation Plus (Discontinued),Removed,08/02/2016,09/05/2016,1.1,10/13/2015,0.8027777778,76,7.4,20,RPG,,No,
Yakuza 5,PS3,Playstation Plus (Discontinued),Removed,08/02/2016,09/05/2016,1.1,12/06/2012,3.655555556,83,8.5,37,Action-Adventure,,No,
Retro/Grade,PS3,Playstation Plus (Discontinued),Removed,08/02/2016,09/05/2016,1.1,08/21/2012,3.947222222,70,6.8,4,Shooter,,No,
Patapon 3,Vita/PSP,Playstation Plus (Discontinued),Removed,08/02/2016,09/05/2016,1.1,04/12/2011,5.305555556,86,8.1,18,Strategy,,No,
Ultratron,PS4/PS3/Vita,Playstation Plus (Discontinued),Removed,08/02/2016,09/05/2016,1.1,05/12/2015,1.222222222,72,7.1,5,Shooter,,No,
Furi,PS4,Playstation Plus (Discontinued),Removed,07/05/2016,08/01/2016,0.8666666667,07/04/2016,0.002777777778,74,7.8,6,Action-Adventure,,No,
Saint's Row: Gat Out of Hell,PS4,Playstation Plus (Discontinued),Removed,07/05/2016,08/01/2016,0.8666666667,01/20/2015,1.458333333,65,7.1,6,Action-Adventure,,No,
Oreshika: Tainted Bloodlines,Vita,Playstation Plus (Discontinued),Removed,07/05/2016,08/01/2016,0.8666666667,03/03/2015,1.338888889,76,7.8,40,RPG,,No,
Prince of Persia: Revelation,Vita/PSP,Playstation Plus (Discontinued),Removed,07/05/2016,08/01/2016,0.8666666667,12/05/2005,10.58333333,82,8.3,10,Action-Adventure,,No,
Fat Princess,PS3,Playstation Plus (Discontinued),Removed,07/05/2016,08/01/2016,0.8666666667,07/30/2009,6.930555556,79,7.7,,Strategy,,No,
Call of Juarez: Bound in Blood,PS3,Playstation Plus (Discontinued),Removed,07/05/2016,08/01/2016,0.8666666667,06/30/2009,7.013888889,78,8,7,Shooter,,No,
NBA 2K16,PS4,Playstation Plus (Discontinued),Removed,06/07/2016,07/04/2016,0.9,09/29/2015,0.6888888889,87,7.1,,Sports,,No,
Gone Home,PS4,Playstation Plus (Discontinued),Removed,06/07/2016,07/04/2016,0.9,08/15/2013,2.811111111,86,7.7,2,Adventure,,No,
Little Deviants,Vita,Playstation Plus (Discontinued),Removed,06/07/2016,07/04/2016,0.9,12/27/2011,4.444444444,64,6.4,4,Puzzle,,No,
God of War: Chains of Olympus,Vita/PSP,Playstation Plus (Discontinued),Removed,06/07/2016,07/04/2016,0.9,03/04/2008,8.258333333,91,8.7,5,Action-Adventure,,No,
Siren: Blood Curse,PS3,Playstation Plus (Discontinued),Removed,06/07/2016,07/04/2016,0.9,07/24/2008,7.869444444,78,8,12,Horror,,No,
Echochrome,PS3,Playstation Plus (Discontinued),Removed,06/07/2016,07/04/2016,0.9,05/01/2008,8.1,79,7.6,5,Puzzle,,No,
Tropico 5,PS4,Playstation Plus (Discontinued),Removed,05/03/2016,06/06/2016,1.1,05/23/2014,1.944444444,75,7.3,20,Strategy,,No,
Table Top Racing: World Tour,PS4,Playstation Plus (Discontinued),Removed,05/03/2016,06/06/2016,1.1,05/03/2016,0,56,5.7,,Racing,,No,
Switch Galaxy Ultra,PS4/Vita,Playstation Plus (Discontinued),Removed,05/03/2016,06/06/2016,1.1,09/02/2015,0.6694444444,72,6.8,4,Shooter,,No,
God of War: Ghost of Sparta,Vita/PSP,Playstation Plus (Discontinued),Removed,05/03/2016,06/06/2016,1.1,11/02/2010,5.502777778,86,8.5,5,Action-Adventure,,No,
LocoRoco Cocoreccho!,PS3,Playstation Plus (Discontinued),Removed,05/03/2016,06/06/2016,1.1,09/21/2007,8.616666667,76,7.8,2,Platformer,,No,
Bionic Commando Rearmed,PS3,Playstation Plus (Discontinued),Removed,05/03/2016,06/06/2016,1.1,08/13/2008,7.722222222,85,8.2,5,Platformer,,No,
Dead Star,PS4,Playstation Plus (Discontinued),Removed,04/05/2016,05/02/2016,0.9,04/05/2016,0,61,5.8,,Shooter,,No,
Zombi,PS4,Playstation Plus (Discontinued),Removed,04/05/2016,05/02/2016,0.9,08/18/2015,0.6305555556,77,6.4,9,Horror,,No,
Shutshimi,Vita,Playstation Plus (Discontinued),Removed,04/05/2016,05/02/2016,0.9,08/05/2015,0.6666666667,62,6.8,1,Shooter,,No,
A Virus named Tom,Vita,Playstation Plus (Discontinued),Removed,04/05/2016,05/02/2016,0.9,03/04/2013,3.086111111,69,6.9,4,Puzzle,,No,
I am Alive,PS3,Playstation Plus (Discontinued),Removed,04/05/2016,05/02/2016,0.9,03/06/2012,4.080555556,75,6.8,6,Action-Adventure,,No,
Savage Moon,PS3,Playstation Plus (Discontinued),Removed,04/05/2016,05/02/2016,0.9,02/26/2009,7.108333333,72,7.7,6,Strategy,,No,
Broforce,PS4,Playstation Plus (Discontinued),Removed,03/01/2016,04/04/2016,1.1,10/15/2015,0.3777777778,83,8.2,5,Platformer,,No,
Galak-Z,PS4,Playstation Plus (Discontinued),Removed,03/01/2016,04/04/2016,1.1,08/04/2015,0.575,76,7.5,10,Shooter,,No,
Flame Over,Vita,Playstation Plus (Discontinued),Removed,03/01/2016,04/04/2016,1.1,02/17/2015,1.038888889,65,6.9,6,Action-Adventure,,No,
Reality Fighters,Vita,Playstation Plus (Discontinued),Removed,03/01/2016,04/04/2016,1.1,02/21/2012,4.027777778,54,6.6,,Fighting,,No,
Super Stardust HD,PS3,Playstation Plus (Discontinued),Removed,03/01/2016,04/04/2016,1.1,06/28/2007,8.675,86,8.2,,Shooter,,No,
The Last Guy,PS3,Playstation Plus (Discontinued),Removed,03/01/2016,04/04/2016,1.1,08/28/2008,7.508333333,81,7.5,8,Strategy,,No,
Helldivers,PS4/PS3/Vita,Playstation Plus (Discontinued),Removed,02/02/2016,02/29/2016,0.9,03/03/2015,0.9138888889,83,7.8,6,Shooter,,No,
Nom Nom Galaxy,PS4,Playstation Plus (Discontinued),Removed,02/02/2016,02/29/2016,0.9,05/12/2015,0.7222222222,70,6.7,9,Action-Adventure,,No,
Nova-111,Vita,Playstation Plus (Discontinued),Removed,02/02/2016,02/29/2016,0.9,08/25/2015,0.4361111111,75,7.1,5,Strategy,,No,
Lemmings Touch,Vita,Playstation Plus (Discontinued),Removed,02/02/2016,02/29/2016,0.9,12/03/2014,1.163888889,68,6.8,5,Puzzle,,No,
Persona 4 Arena Ultimax,PS3,Playstation Plus (Discontinued),Removed,02/02/2016,02/29/2016,0.9,09/30/2014,1.338888889,84,8,,Fighting,,No,
Grid Autosport,PS3,Playstation Plus (Discontinued),Removed,02/02/2016,02/29/2016,0.9,06/24/2014,1.605555556,78,7.6,32,Racing,,No,
Hardware: Rivals,PS4,Playstation Plus (Discontinued),Removed,01/05/2016,02/01/2016,0.8666666667,01/05/2016,0,56,5.9,,Shooter,,No,
Grim Fandango Remastered,PS4/Vita,Playstation Plus (Discontinued),Removed,01/05/2016,02/01/2016,0.8666666667,01/27/2015,0.9388888889,80,8.2,11,Adventure,,No,
Nihilumbra,Vita,Playstation Plus (Discontinued),Removed,01/05/2016,02/01/2016,0.8666666667,06/27/2014,1.522222222,75,7.2,5,Platformer,,No,
History Legends of War: Patton,Vita,Playstation Plus (Discontinued),Removed,01/05/2016,02/01/2016,0.8666666667,06/11/2014,1.566666667,58,6.8,15,Strategy,,No,
Dragon Age: Origins,PS3,Playstation Plus (Discontinued),Removed,01/05/2016,02/01/2016,0.8666666667,11/03/2009,6.172222222,91,8.9,40,RPG,,No,
Medal of Honor: Warfighter,PS3,Playstation Plus (Discontinued),Removed,01/05/2016,02/01/2016,0.8666666667,10/23/2012,3.2,53,5.9,6,Shooter,,No,
Gauntlet: Slayer Edition,PS4,Playstation Plus (Discontinued),Removed,12/01/2015,01/04/2016,1.1,09/03/2015,0.2444444444,65,6.8,9,Action-Adventure,,No,
King's Quest - Chapter 1: A Knight to Remember,PS4,Playstation Plus (Discontinued),Removed,12/01/2015,01/04/2016,1.1,07/28/2015,0.3416666667,82,7.6,3,Adventure,,No,
Freedom Wars,Vita,Playstation Plus (Discontinued),Removed,12/01/2015,01/04/2016,1.1,10/28/2014,1.091666667,73,7.8,22,Action-Adventure,,No,
Rocketbirds: Hardboiled Chicken,Vita,Playstation Plus (Discontinued),Removed,12/01/2015,01/04/2016,1.1,10/18/2011,4.119444444,70,7.2,5,Shooter,,No,
Far Cry 3: Blood Dragon,PS3,Playstation Plus (Discontinued),Removed,12/01/2015,01/04/2016,1.1,04/30/2013,2.586111111,82,8.2,6,Shooter,,No,
SSX,PS3,Playstation Plus (Discontinued),Removed,12/01/2015,01/04/2016,1.1,02/28/2012,3.758333333,81,7.7,,Sports,,No,
The Walking Dead: Season 2,PS4,Playstation Plus (Discontinued),Removed,11/03/2015,11/30/2015,0.9,12/17/2013,1.877777778,80,7.9,10,Adventure,,No,
Magicka 2,PS4,Playstation Plus (Discontinued),Removed,11/03/2015,11/30/2015,0.9,05/26/2015,0.4361111111,74,7.1,10,Action-Adventure,,No,
Mass Effect 2,PS3,Playstation Plus (Discontinued),Removed,11/03/2015,11/30/2015,0.9,01/26/2010,5.769444444,96,9,30,RPG,,No,
Beyond Good & Evil HD,PS3,Playstation Plus (Discontinued),Removed,11/03/2015,11/30/2015,0.9,03/02/2011,4.669444444,85,8.4,12,Action-Adventure,,No,
Dragon Fin Soup,PS4/PS3/Vita,Playstation Plus (Discontinued),Removed,11/03/2015,11/30/2015,0.9,11/03/2015,0,59,5.8,15,RPG,,No,
Invizimals,PSP,Playstation Plus (Discontinued),Removed,11/03/2015,11/30/2015,0.9,11/03/2009,6,74,7.6,10,Action-Adventure,,No,
Broken Age,PS4/Vita,Playstation Plus (Discontinued),Removed,10/06/2015,11/02/2015,0.8666666667,01/28/2014,1.688888889,81,7.7,12,Adventure,,No,
Super Meat Boy,PS4/Vita,Playstation Plus (Discontinued),Removed,10/06/2015,11/02/2015,0.8666666667,10/20/2010,4.961111111,90,8.3,8,Platformer,,No,
Unmechanical Extended,PS4/PS3,Playstation Plus (Discontinued),Removed,10/06/2015,11/02/2015,0.8666666667,11/21/2012,2.875,68,6.7,4,Puzzle,,No,
Kickbeat,PS3/Vita,Playstation Plus (Discontinued),Removed,10/06/2015,11/02/2015,0.8666666667,09/03/2013,2.091666667,71,7.2,5,Rhythm,,No,
Kung Fu Rabbit,PS3/Vita,Playstation Plus (Discontinued),Removed,10/06/2015,11/02/2015,0.8666666667,04/30/2013,2.433333333,61,6.3,4,Platformer,,No,
Chariot,PS3,Playstation Plus (Discontinued),Removed,10/06/2015,11/02/2015,0.8666666667,10/01/2014,1.013888889,70,6.9,5,Platformer,,No,
Super Time Force Ultra,PS4/Vita,Playstation Plus (Discontinued),Removed,09/01/2015,10/05/2015,1.133333333,08/25/2015,0.01666666667,80,7.8,6,Platformer,,No,
Xeodrifter,PS4/Vita,Playstation Plus (Discontinued),Removed,09/01/2015,10/05/2015,1.133333333,12/11/2014,0.7222222222,76,7.3,3,Platformer,,No,
Teslagrad,PS4/PS3,Playstation Plus (Discontinued),Removed,09/01/2015,10/05/2015,1.133333333,12/13/2013,1.716666667,78,7.3,5,Platformer,,No,
Grow Home,PS4,Playstation Plus (Discontinued),Removed,09/01/2015,10/05/2015,1.133333333,02/04/2015,0.575,75,7.4,3,Platformer,,No,
La-Mulana EX,Vita,Playstation Plus (Discontinued),Removed,09/01/2015,10/05/2015,1.133333333,06/03/2015,0.2444444444,72,7.2,15,Action-Adventure,,No,
Twisted Metal,PS3,Playstation Plus (Discontinued),Removed,09/01/2015,10/05/2015,1.133333333,10/04/2011,3.908333333,76,7.5,,Shooter,,No,
Lara Croft and the Temple of Osiris,PS4,Playstation Plus (Discontinued),Removed,08/04/2015,08/31/2015,0.8666666667,12/09/2014,0.6527777778,74,7.1,7,Action-Adventure,,No,
Limbo,PS4,Playstation Plus (Discontinued),Removed,08/04/2015,08/31/2015,0.8666666667,07/19/2010,5.041666667,90,8.2,4,Platformer,,No,
Sound Shapes,PS4/PS3/Vita,Playstation Plus (Discontinued),Removed,08/04/2015,08/31/2015,0.8666666667,08/07/2012,2.991666667,86,7.9,6,Platformer,,No,
Stealth Inc 2: A Game of Clones,PS4/PS3/Vita,Playstation Plus (Discontinued),Removed,08/04/2015,08/31/2015,0.8666666667,10/07/2014,0.825,80,7.4,6,Platformer,,No,
God of War: Ascension,PS3,Playstation Plus (Discontinued),Removed,08/04/2015,08/31/2015,0.8666666667,03/12/2013,2.394444444,80,7.8,8,Action-Adventure,,No,
CastleStorm,PS3/Vita,Playstation Plus (Discontinued),Removed,08/04/2015,08/31/2015,0.8666666667,05/29/2013,2.180555556,73,7.3,7,Strategy,,No,
Mousecraft,PS4/PS3/Vita,Playstation Plus (Discontinued),Removed,07/07/2015,08/03/2015,0.8666666667,07/08/2014,0.9972222222,72,6.8,6,Puzzle,,No,
Entwined,PS4/PS3/Vita,Playstation Plus (Discontinued),Removed,07/07/2015,08/03/2015,0.8666666667,06/17/2014,1.055555556,61,6.2,2,Adventure,,No,
Rocket League,PS4,Playstation Plus (Discontinued),Removed,07/07/2015,08/03/2015,0.8666666667,07/07/2015,0,86,8.4,,Racing,,No,
Styx: Master of Shadows,PS4,Playstation Plus (Discontinued),Removed,07/07/2015,08/03/2015,0.8666666667,10/07/2014,0.75,71,7.3,14,Action-Adventure,,No,
Geometry Wars 3: Dimensions,Vita,Playstation Plus (Discontinued),Removed,07/07/2015,08/03/2015,0.8666666667,11/25/2014,0.6166666667,82,7.7,,Shooter,,No,
Rain,PS3,Playstation Plus (Discontinued),Removed,07/07/2015,08/03/2015,0.8666666667,10/01/2013,1.766666667,72,6.9,3,Adventure,,No,
Super Exploding Zoo,PS4/Vita,Playstation Plus (Discontinued),Removed,06/02/2015,07/06/2015,1.133333333,06/02/2015,0,64,6.9,5,Strategy,,No,
Futuridum,PS4/Vita,Playstation Plus (Discontinued),Removed,06/02/2015,07/06/2015,1.133333333,10/01/2014,0.6694444444,68,6.8,,Shooter,,No,
Skulls of the Shogun: Bone-A-Fide Edition,PS4,Playstation Plus (Discontinued),Removed,06/02/2015,07/06/2015,1.133333333,11/11/2014,0.5583333333,77,7.7,11,Strategy,,No,
Metal Gear Solid V: Ground Zeroes,PS4,Playstation Plus (Discontinued),Removed,06/02/2015,07/06/2015,1.133333333,03/18/2014,1.205555556,80,7.6,2,Action-Adventure,,No,
Call of Juarez: Gunslinger,PS3,Playstation Plus (Discontinued),Removed,06/02/2015,07/06/2015,1.133333333,05/22/2013,2.027777778,79,8.1,5,Shooter,,No,
Cloudberry Kingdom,PS3,Playstation Plus (Discontinued),Removed,06/02/2015,07/06/2015,1.133333333,07/30/2013,1.838888889,71,7.4,6,Platformer,,No,
Ether One,PS4,Playstation Plus (Discontinued),Removed,05/05/2015,06/01/2015,0.8666666667,03/31/2015,0.09722222222,74,6.8,5,Adventure,,No,
Hohokum,PS4/PS3/Vita,Playstation Plus (Discontinued),Removed,05/05/2015,06/01/2015,0.8666666667,08/12/2014,0.7305555556,70,6.7,4,Adventure,,No,
Guacamelee! Super Turbo Championship Edition,PS4,Playstation Plus (Discontinued),Removed,05/05/2015,06/01/2015,0.8666666667,07/01/2014,0.8444444444,86,8,7,Platformer,,No,
The Unfinished Swan,PS4/PS3/Vita,Playstation Plus (Discontinued),Removed,05/05/2015,06/01/2015,0.8666666667,10/23/2012,2.533333333,79,7.6,3,Adventure,,No,
Race the Sun,PS4/PS3/Vita,Playstation Plus (Discontinued),Removed,05/05/2015,06/01/2015,0.8666666667,12/09/2014,0.4055555556,88,7.5,,Racing,,No,
Murasaki Baby,Vita,Playstation Plus (Discontinued),Removed,05/05/2015,06/01/2015,0.8666666667,09/16/2014,0.6361111111,62,6.4,2,Adventure,,No,
MonsterBag,Vita,Playstation Plus (Discontinued),Removed,04/07/2015,05/04/2015,0.9,04/07/2015,0,61,6.3,4,Platformer,,No,
Killzone Mercenary,Vita,Playstation Plus (Discontinued),Removed,04/07/2015,05/04/2015,0.9,09/10/2013,1.575,78,8,5,Shooter,,No,
Dishonored,PS3,Playstation Plus (Discontinued),Removed,04/07/2015,05/04/2015,0.9,10/09/2012,2.494444444,88,8.6,12,Action-Adventure,,No,
Never Alone,PS4,Playstation Plus (Discontinued),Removed,04/07/2015,05/04/2015,0.9,11/18/2014,0.3861111111,69,6.6,4,Platformer,,No,
Aaru's Awakening,PS4/PS3,Playstation Plus (Discontinued),Removed,04/07/2015,05/04/2015,0.9,03/31/2015,0.01944444444,65,6.6,4,Platformer,,No,
Tower of Guns,PS4/PS3,Playstation Plus (Discontinued),Removed,04/07/2015,05/04/2015,0.9,03/10/2015,0.075,72,6.9,4,Shooter,,No,
Mighty Flip Champs! DX,PS3/Vita,Playstation Plus (Discontinued),Removed,03/11/2015,04/06/2015,0.8333333333,08/08/2014,0.5916666667,76,7,2,Platformer,,No,
OlliOlli2: Welcome to Olliwood,PS4/Vita,Playstation Plus (Discontinued),Removed,03/03/2015,03/10/2015,0.2333333333,03/03/2015,0,79,7.8,5,Sports,,No,
CounterSpy,PS4/PS3/Vita,Playstation Plus (Discontinued),Removed,03/03/2015,03/10/2015,0.2333333333,08/19/2014,0.5388888889,71,7,5,Shooter,,No,
Sherlock Holmes: Crimes and Punishments,PS3,Playstation Plus (Discontinued),Removed,03/03/2015,03/10/2015,0.2333333333,09/30/2014,0.425,77,7.7,15,Adventure,,No,
Papo & Yo,PS3,Playstation Plus (Discontinued),Removed,03/03/2015,03/10/2015,0.2333333333,08/14/2012,2.552777778,72,7.4,3,Adventure,,No,
Oddworld: New 'n' Tasty,PS4,Playstation Plus (Discontinued),Removed,03/03/2015,03/10/2015,0.2333333333,07/22/2014,0.6138888889,84,7.7,9,Platformer,,No,
Valiant Hearts,PS4,Playstation Plus (Discontinued),Removed,03/03/2015,03/10/2015,0.2333333333,06/25/2014,0.6888888889,77,8,7,Adventure,,No,
Rogue Legacy,PS4/PS3/Vita,Playstation Plus (Discontinued),Removed,02/03/2015,03/02/2015,0.9666666667,06/27/2013,1.6,85,8.4,13,Platformer,,No,
Transistor,PS4,Playstation Plus (Discontinued),Removed,02/03/2015,03/02/2015,0.9666666667,05/20/2014,0.7027777778,83,8.3,5,RPG,,No,
Apotheon,PS4,Playstation Plus (Discontinued),Removed,02/03/2015,03/02/2015,0.9666666667,02/03/2015,0,77,7.6,8,Platformer,,No,
Yakuza 4,PS3,Playstation Plus (Discontinued),Removed,02/03/2015,03/02/2015,0.9666666667,03/15/2011,3.883333333,78,8.4,28,Action-Adventure,,No,
Thief,PS3,Playstation Plus (Discontinued),Removed,02/03/2015,03/02/2015,0.9666666667,02/25/2014,0.9388888889,70,7.1,15,Action-Adventure,,No,
Kick & Fennick,Vita,Playstation Plus (Discontinued),Removed,02/03/2015,03/02/2015,0.9666666667,02/03/2015,0,52,6.1,4,Platformer,,No,
The Swapper,PS4/PS3/Vita,Playstation Plus (Discontinued),Removed,01/06/2015,02/02/2015,0.8666666667,06/17/2014,0.5527777778,87,7.8,5,Puzzle,,No,
Whoa Dave!,PS4/Vita,Playstation Plus (Discontinued),Removed,01/06/2015,02/02/2015,0.8666666667,01/06/2015,0,66,6.8,1,Arcade,,No,
InFamous: First Light,PS4,Playstation Plus (Discontinued),Removed,01/06/2015,02/02/2015,0.8666666667,08/26/2014,0.3611111111,73,7.3,4,Action-Adventure,,No,
Prototype 2,PS3,Playstation Plus (Discontinued),Removed,01/06/2015,02/02/2015,0.8666666667,04/24/2012,2.7,79,7.8,13,Action-Adventure,,No,
DuckTales Remastered,PS3,Playstation Plus (Discontinued),Removed,01/06/2015,02/02/2015,0.8666666667,08/13/2013,1.397222222,74,7.8,5,Platformer,,No,
Duke Nukem 3D: Megaton Edition,PS3/Vita,Playstation Plus (Discontinued),Removed,01/06/2015,02/02/2015,0.8666666667,01/20/2013,1.961111111,79,8.3,4,Shooter,,No,
Final Horizon,Vita,Playstation Plus (Discontinued),Removed,12/02/2014,01/05/2015,1.1,11/04/2014,0.07777777778,68,6.9,6,Strategy,,No,
Titan Attacks!,PS4/PS3/Vita,Playstation Plus (Discontinued),Removed,12/02/2014,01/05/2015,1.1,03/13/2006,8.719444444,77,7,5,Shooter,,No,
Secret Ponchos,PS4,Playstation Plus (Discontinued),Removed,12/02/2014,01/05/2015,1.1,12/02/2014,0,71,7,,Shooter,,No,
Deadly Premonition: The Director’s Cut,PS3,Playstation Plus (Discontinued),Removed,12/02/2014,01/05/2015,1.1,04/30/2013,1.588888889,70,8.1,19,Horror,,No,
Hitman HD Trilogy,PS3,Playstation Plus (Discontinued),Removed,12/02/2014,01/05/2015,1.1,01/29/2013,1.841666667,67,7.9,30,Action-Adventure,,No,
Injustice: Gods Among Us,PS4,Playstation Plus (Discontinued),Removed,12/02/2014,01/05/2015,1.1,04/16/2013,1.627777778,81,7.9,8,Fighting,,No,
The Binding of Isaac Rebirth,PS4/Vita,Playstation Plus (Discontinued),Removed,11/04/2014,12/01/2014,0.9,11/04/2014,0,86,8.5,7,Action-Adventure,,No,
SteamWorld Dig: A Fistful of Dirt,PS4/Vita,Playstation Plus (Discontinued),Removed,11/04/2014,12/01/2014,0.9,08/18/2014,0.2111111111,76,7.9,5,Platformer,,No,
Escape Plan,PS4/Vita,Playstation Plus (Discontinued),Removed,11/04/2014,12/01/2014,0.9,02/22/2012,2.7,62,6.7,3,Puzzle,,No,
Luftrausers,PS3/Vita,Playstation Plus (Discontinued),Removed,11/04/2014,12/01/2014,0.9,03/18/2014,0.6277777778,80,7.7,3,Shooter,,No,
Frozen Synapse Prime,PS3,Playstation Plus (Discontinued),Removed,11/04/2014,12/01/2014,0.9,09/24/2013,1.111111111,69,6.6,8,Strategy,,No,
The Hungry Horde,Vita,Playstation Plus (Discontinued),Removed,11/04/2014,12/01/2014,0.9,11/04/2014,0,68,6.6,3,Strategy,,No,
Spelunky,PS4/PS3/Vita,Playstation Plus (Discontinued),Removed,10/07/2014,11/03/2014,0.8666666667,07/04/2012,2.258333333,90,8.5,5,Platformer,,No,
Pix the Cat,PS4/Vita,Playstation Plus (Discontinued),Removed,10/07/2014,11/03/2014,0.8666666667,10/07/2014,0,73,7.1,4,Arcade,,No,
Dust: An Elysian Tail,PS4,Playstation Plus (Discontinued),Removed,10/07/2014,11/03/2014,0.8666666667,05/16/2013,1.391666667,77,8,12,Platformer,,No,
Rainbow Moon,PS3/Vita,Playstation Plus (Discontinued),Removed,10/07/2014,11/03/2014,0.8666666667,11/13/2012,1.9,81,7.9,35,RPG,,No,
Batman: Arkham Asylum,PS3,Playstation Plus (Discontinued),Removed,10/07/2014,11/03/2014,0.8666666667,08/25/2009,5.116666667,92,8.8,12,Action-Adventure,,No,
Dungeons & Dragons: Chronicles of Mystara,PS3,Playstation Plus (Discontinued),Removed,10/07/2014,11/03/2014,0.8666666667,06/18/2013,1.302777778,77,7.6,5,Action-Adventure,,No,
Velocity 2X,PS4/Vita,Playstation Plus (Discontinued),Removed,09/02/2014,10/06/2014,1.133333333,09/02/2014,0,86,8,6,Shooter,,No,
Sportsfriends,PS4/PS3,Playstation Plus (Discontinued),Removed,09/02/2014,10/06/2014,1.133333333,05/06/2014,0.3222222222,69,6.7,,Sports,,No,
Playstation All-Stars Battle Royale,PS3/Vita,Playstation Plus (Discontinued),Removed,09/02/2014,10/06/2014,1.133333333,11/20/2012,1.783333333,74,7.4,12,Fighting,,No,
Hoard,PS3,Playstation Plus (Discontinued),Removed,09/02/2014,10/06/2014,1.133333333,11/05/2009,4.825,71,6.8,,Strategy,,No,
Joe Danger,Vita,Playstation Plus (Discontinued),Removed,09/02/2014,10/06/2014,1.133333333,06/09/2011,3.230555556,74,7.7,7,Racing,,No,
TxK,Vita,Playstation Plus (Discontinued),Removed,09/02/2014,10/06/2014,1.133333333,02/11/2014,0.5583333333,80,7.8,,Shooter,,No,
Fez,PS4/PS3/Vita,Playstation Plus (Discontinued),Removed,08/05/2014,09/01/2014,0.8666666667,04/13/2012,2.311111111,91,8.4,5,Platformer,,No,
Road Not Taken,PS4,Playstation Plus (Discontinued),Removed,08/05/2014,09/01/2014,0.8666666667,08/05/2014,0,68,6.6,6,Puzzle,,No,
Dragon's Crown,PS3/Vita,Playstation Plus (Discontinued),Removed,08/05/2014,09/01/2014,0.8666666667,08/06/2013,0.9972222222,87,8.3,20,RPG,,No,
Proteus,PS3/Vita,Playstation Plus (Discontinued),Removed,08/05/2014,09/01/2014,0.8666666667,02/01/2013,1.511111111,80,7.1,1,Adventure,,No,
Crysis 3,PS3,Playstation Plus (Discontinued),Removed,08/05/2014,09/01/2014,0.8666666667,02/19/2013,1.461111111,76,7.2,7,Shooter,,No,
Metrico,Vita,Playstation Plus (Discontinued),Removed,08/05/2014,09/01/2014,0.8666666667,08/05/2014,0,68,6.8,3,Puzzle,,No,
Doki-Doki Universe,PS4/PS3/Vita,Playstation Plus (Discontinued),Removed,07/01/2014,08/04/2014,1.1,12/10/2013,0.5583333333,70,7.1,,Adventure,,No,
Towerfall Ascension,PS4,Playstation Plus (Discontinued),Removed,07/01/2014,08/04/2014,1.1,03/11/2014,0.3055555556,87,8.4,4,Platformer,,No,
Strider,PS4,Playstation Plus (Discontinued),Removed,07/01/2014,08/04/2014,1.1,02/18/2014,0.3694444444,78,7.6,5,Platformer,,No,
Dead Space 3,PS3,Playstation Plus (Discontinued),Removed,07/01/2014,08/04/2014,1.1,02/05/2013,1.405555556,78,6.6,13,Horror,,No,
Vessel,PS3,Playstation Plus (Discontinued),Removed,07/01/2014,08/04/2014,1.1,03/01/2012,2.333333333,79,7.4,6,Platformer,,No,
Muramasa Rebirth,Vita,Playstation Plus (Discontinued),Removed,07/01/2014,08/04/2014,1.1,06/25/2013,1.016666667,81,8.3,15,Platformer,,No,
Mutant Mudds Deluxe,PS3/Vita,Playstation Plus (Discontinued),Removed,06/24/2014,06/30/2014,0.2,08/13/2013,0.8638888889,79,7.6,5,Platformer,,No,
Terraria,Vita,Playstation Plus (Discontinued),Removed,06/17/2014,06/23/2014,0.2,03/26/2013,1.225,83,8.2,50,Action-Adventure,,No,
Sly Cooper: Thieves in Time,PS3/Vita,Playstation Plus (Discontinued),Removed,06/09/2014,06/16/2014,0.2333333333,02/05/2013,1.344444444,75,8,13,Platformer,,No,
PixelJunk Shooter Ultimate,PS4/Vita,Playstation Plus (Discontinued),Removed,06/03/2014,06/08/2014,0.1666666667,06/03/2014,0,84,7.5,7,Shooter,,No,
Trine 2: Complete Story,PS4,Playstation Plus (Discontinued),Removed,06/03/2014,06/08/2014,0.1666666667,12/17/2013,0.4611111111,85,8.2,10,Platformer,,No,
NBA 2K14,PS3,Playstation Plus (Discontinued),Removed,06/03/2014,06/08/2014,0.1666666667,10/01/2013,0.6722222222,85,7.1,,Sports,,No,
Limbo,Vita,Playstation Plus (Discontinued),Removed,05/27/2014,06/02/2014,0.1666666667,07/19/2010,3.855555556,90,8.2,4,Platformer,,No,
Puppeteer,PS3,Playstation Plus (Discontinued),Removed,05/20/2014,05/26/2014,0.2,09/10/2013,0.6944444444,80,8.2,8,Platformer,,No,
Surge Deluxe,Vita,Playstation Plus (Discontinued),Removed,05/20/2014,05/26/2014,0.2,02/04/2014,0.2944444444,64,6.8,4,Puzzle,,No,
Skullgirls Encore,PS3,Playstation Plus (Discontinued),Removed,05/13/2014,05/19/2014,0.2,02/11/2014,0.2555555556,80,7.7,,Fighting,,No,
Stick It to the Man,PS4,Playstation Plus (Discontinued),Removed,05/06/2014,05/12/2014,0.2,11/19/2013,0.4638888889,82,7.8,5,Platformer,,No,
Pro Evolution Soccer 2014,PS3,Playstation Plus (Discontinued),Removed,05/06/2014,05/12/2014,0.2,09/24/2013,0.6166666667,82,7.1,,Sports,,No,
Velocity Ultra,Vita,Playstation Plus (Discontinued),Removed,04/29/2014,05/05/2014,0.2,07/30/2013,0.7472222222,87,8.1,5,Shooter,,No,
PixelJunk Monsters Ultimate HD,Vita,Playstation Plus (Discontinued),Removed,04/22/2014,04/28/2014,0.2,07/30/2013,0.7277777778,84,7.7,15,Tower Defense,,No,
Castle of Illusion Starring Mickey Mouse,PS3,Playstation Plus (Discontinued),Removed,04/15/2014,04/21/2014,0.2,08/20/2013,0.6527777778,67,7.5,3,Platformer,,No,
Stealth Inc. A Clone in the Dark,PS3/Vita,Playstation Plus (Discontinued),Removed,04/08/2014,04/14/2014,0.2,07/23/2013,0.7083333333,78,7.3,5,Platformer,,No,
Mercenary Kings,PS4,Playstation Plus (Discontinued),Removed,04/01/2014,04/07/2014,0.2,04/01/2014,0,68,7.1,8,Shooter,,No,
Batman: Arkham City,PS3,Playstation Plus (Discontinued),Removed,04/01/2014,04/07/2014,0.2,10/18/2011,2.452777778,94,8.8,12,Action-Adventure,,No,
Monster Hunter: Freedom Unite,PSP,Playstation Plus (Discontinued),Removed,03/25/2014,03/31/2014,0.1666666667,06/22/2009,4.758333333,81,8.5,45,RPG,,No,
Thomas Was Alone,PS4/PS3/Vita,Playstation Plus (Discontinued),Removed,03/18/2014,03/24/2014,0.2,04/23/2013,0.9027777778,75,7.7,3,Platformer,,No,
Unit 13,Vita,Playstation Plus (Discontinued),Removed,03/18/2014,03/24/2014,0.2,03/06/2012,2.033333333,80,7.7,7,Shooter,,No,
Lone Survivor: The Director’s Cut,PS3/Vita,Playstation Plus (Discontinued),Removed,03/11/2014,03/17/2014,0.2,09/17/2013,0.4833333333,76,7.4,5,Horror,,No,
Dead Nation: Apocalypse Edition,PS4,Playstation Plus (Discontinued),Removed,03/04/2014,03/10/2014,0.2,03/04/2014,0,74,7.2,7,Shooter,,No,
Tomb Raider,PS3,Playstation Plus (Discontinued),Removed,03/04/2014,03/10/2014,0.2,03/05/2013,0.9972222222,86,8.2,12,Action-Adventure,,No,
ModNation Racers: Road Trip,Vita,Playstation Plus (Discontinued),Removed,02/25/2014,03/03/2014,0.2666666667,02/07/2012,2.05,62,6.2,12,Racing,,No,
Remember Me,PS3,Playstation Plus (Discontinued),Removed,02/18/2014,02/24/2014,0.2,06/04/2013,0.7055555556,70,7.5,12,Action-Adventure,,No,
Street Fighter X Tekken,Vita,Playstation Plus (Discontinued),Removed,02/18/2014,02/24/2014,0.2,03/06/2012,1.95,84,5.8,,Fighting,,No,
Payday 2,PS3,Playstation Plus (Discontinued),Removed,02/11/2014,02/17/2014,0.2,08/13/2013,0.4944444444,79,7.6,17,Shooter,,No,
Outlast,PS4,Playstation Plus (Discontinued),Removed,02/04/2014,02/10/2014,0.2,02/04/2014,0,78,7.7,5,Horror,,No,
Metro: Last Light,PS3,Playstation Plus (Discontinued),Removed,02/04/2014,02/10/2014,0.2,05/14/2013,0.7222222222,81,8.1,10,Shooter,,No,
Smart As,Vita,Playstation Plus (Discontinued),Removed,01/28/2014,02/03/2014,0.1666666667,11/20/2012,1.188888889,69,6.8,5,Puzzle,,No,
Worms Battle Islands,PSP,Playstation Plus (Discontinued),Removed,01/21/2014,01/27/2014,0.2,11/30/2010,3.141666667,62,6.4,,Strategy,,No,
Brothers: A Tale of Two Sons,PS3,Playstation Plus (Discontinued),Removed,01/21/2014,01/27/2014,0.2,08/07/2013,0.4555555556,90,8.5,3,Adventure,,No,
BioShock Infinite,PS3,Playstation Plus (Discontinued),Removed,01/14/2014,01/20/2014,0.2,03/26/2013,0.8,94,8.5,11,Shooter,,No,
DmC: Devil May Cry,PS3,Playstation Plus (Discontinued),Removed,01/07/2014,01/13/2014,0.2,01/15/2013,0.9777777778,85,8.1,9,Action-Adventure,,No,
Don’t Starve,PS4,Playstation Plus (Discontinued),Removed,01/07/2014,01/13/2014,0.2,01/07/2014,0,79,8.2,16,Survival,,No,
Urban Trial Freestyle,Vita,Playstation Plus (Discontinued),Removed,12/03/2013,01/06/2014,1.1,02/19/2013,0.7888888889,60,6.7,4,Racing,,No,
Sonic & All-Stars Racing Transformed,Vita,Playstation Plus (Discontinued),Removed,12/03/2013,01/06/2014,1.1,11/20/2012,1.036111111,82,8.1,,Racing,,No,
Dyad,PS3,Playstation Plus (Discontinued),Removed,12/03/2013,01/06/2014,1.1,07/17/2012,1.377777778,79,7.5,3,Racing,,No,
GRID 2,PS3,Playstation Plus (Discontinued),Removed,12/03/2013,01/06/2014,1.1,05/28/2013,0.5138888889,80,7.4,,Racing,,No,
Borderlands 2,PS3,Playstation Plus (Discontinued),Removed,12/03/2013,01/06/2014,1.1,09/18/2012,1.208333333,89,8.3,22,Shooter,,No,
Resogun,PS4,Playstation Plus (Discontinued),Removed,11/15/2013,12/02/2013,0.5666666667,11/15/2013,0,84,8.1,4,Shooter,,No,
Contrast,PS4,Playstation Plus (Discontinued),Removed,11/15/2013,12/02/2013,0.5666666667,11/15/2013,0,62,6.9,3,Platformer,,No,
Soul Sacrifice,Vita,Playstation Plus (Discontinued),Removed,11/05/2013,12/02/2013,0.9,04/30/2013,0.5138888889,76,7.8,21,RPG,,No,
Oddworld: Stranger's Wrath,Vita,Playstation Plus (Discontinued),Removed,11/05/2013,12/02/2013,0.9,12/27/2005,7.855555556,88,8.6,11,Shooter,,No,
Binary Domain,PS3,Playstation Plus (Discontinued),Removed,11/05/2013,12/02/2013,0.9,02/28/2012,1.686111111,74,7.5,10,Shooter,,No,
Dragon’s Dogma: Dark Arisen,PS3,Playstation Plus (Discontinued),Removed,11/05/2013,12/02/2013,0.9,04/23/2013,0.5333333333,78,8.2,35,RPG,,No,
Ibb & obb,PS3,Playstation Plus (Discontinued),Removed,11/05/2013,12/02/2013,0.9,08/06/2013,0.2472222222,77,7.4,3,Puzzle,,No,
Sine Mora,Vita,Playstation Plus (Discontinued),Removed,10/01/2013,11/04/2013,1.1,09/25/2012,1.016666667,77,7.8,4,Shooter,,No,
Hotline Miami,PS3/Vita,Playstation Plus (Discontinued),Removed,10/01/2013,11/04/2013,1.1,10/23/2012,0.9388888889,85,8.4,4,Action-Adventure,,No,
Poker Night 2,PS3,Playstation Plus (Discontinued),Removed,10/01/2013,11/04/2013,1.1,04/26/2013,0.4305555556,66,7.5,3,Card & Board,,No,
Shadow of the Colossus,PS3,Playstation Plus (Discontinued),Removed,10/01/2013,11/04/2013,1.1,10/18/2005,7.952777778,91,8.8,8,Action-Adventure,,No,
Kingdoms of Amalur: Reckoning,PS3,Playstation Plus (Discontinued),Removed,10/01/2013,11/04/2013,1.1,02/07/2012,1.65,81,8.2,31,RPG,,No,
Rayman Origins,Vita,Playstation Plus (Discontinued),Removed,09/03/2013,09/30/2013,0.9,11/15/2011,1.8,87,8.6,9,Platformer,,No,
Grand Theft Auto: Liberty City Stories,PSP,Playstation Plus (Discontinued),Removed,09/03/2013,09/30/2013,0.9,10/25/2005,7.855555556,88,8.7,22,Action-Adventure,,No,
Galaga Legions DX,PS3,Playstation Plus (Discontinued),Removed,09/03/2013,09/30/2013,0.9,07/05/2011,2.161111111,75,7.8,,Shooter,,No,
Resident Evil Chronicles HD Collection,PS3,Playstation Plus (Discontinued),Removed,09/03/2013,09/30/2013,0.9,06/26/2012,1.186111111,65,7.5,13,Shooter,,No,
ICO HD,PS3,Playstation Plus (Discontinued),Removed,09/03/2013,09/30/2013,0.9,09/27/2011,1.933333333,90,8.8,7,Action-Adventure,,No,
Machinarium,Vita,Playstation Plus (Discontinued),Removed,08/06/2013,09/02/2013,0.8666666667,10/16/2009,3.805555556,85,8.4,6,Adventure,,No,
Darkstalkers Chronicle: The Chaos Tower,PSP,Playstation Plus (Discontinued),Removed,08/06/2013,09/02/2013,0.8666666667,02/24/2005,8.45,76,8,,Fighting,,No,
Zen Pinball 2: Star Wars Pinball,PS3/Vita,Playstation Plus (Discontinued),Removed,08/06/2013,09/02/2013,0.8666666667,02/26/2013,0.4444444444,73,7.7,,Pinball,,No,
Bit.Trip Presents...Runner2: Future Legend of Rhythm Alien,PS3,Playstation Plus (Discontinued),Removed,08/06/2013,09/02/2013,0.8666666667,02/26/2013,0.4444444444,85,8,6,Platformer,,No,
Hitman: Absolution,PS3,Playstation Plus (Discontinued),Removed,08/06/2013,09/02/2013,0.8666666667,11/20/2012,0.7111111111,79,7.6,11,Action-Adventure,,No,
Oddworld: Munch's Oddysey HD,PS3,Playstation Plus (Discontinued),Removed,07/02/2013,08/05/2013,1.1,12/19/2011,1.536111111,66,7.5,11,Action-Adventure,,No,
Dokuro,Vita,Playstation Plus (Discontinued),Removed,07/02/2013,08/05/2013,1.1,11/06/2012,0.6555555556,76,7.6,6,Platformer,,No,
Jet Set Radio,PS3,Playstation Plus (Discontinued),Removed,07/02/2013,08/05/2013,1.1,09/18/2012,0.7888888889,78,7.7,9,Action-Adventure,,No,
Metal Slug XX,PSP,Playstation Plus (Discontinued),Removed,07/02/2013,08/05/2013,1.1,10/23/2009,3.691666667,79,7.9,3,Shooter,,No,
Battlefield 3,PS3,Playstation Plus (Discontinued),Removed,07/02/2013,08/05/2013,1.1,10/25/2011,1.686111111,85,7.4,6,Shooter,,No,
LittleBigPlanet Karting,PS3,Playstation Plus (Discontinued),Removed,06/04/2013,07/01/2013,0.9,11/06/2012,0.5777777778,68,6.8,10,Racing,,No,
XCOM: Enemy Unknown,PS3,Playstation Plus (Discontinued),Removed,06/04/2013,07/01/2013,0.9,10/09/2012,0.6527777778,89,8.7,26,Strategy,,No,
Uncharted 3: Drake's Deception (single-player),PS3,Playstation Plus (Discontinued),Removed,06/04/2013,07/01/2013,0.9,11/01/2011,1.591666667,92,8.3,9,Action-Adventure,,No,
Zero Escape: Virtue's Last Reward,Vita,Playstation Plus (Discontinued),Removed,06/04/2013,07/01/2013,0.9,10/23/2012,0.6138888889,84,8.8,36,Adventure,,No,
Gods Eater Burst,PSP,Playstation Plus (Discontinued),Removed,06/04/2013,07/01/2013,0.9,03/18/2011,2.211111111,71,7.7,47,RPG,,No,
Saints Row: The Third,PS3,Playstation Plus (Discontinued),Removed,06/04/2013,07/01/2013,0.9,11/15/2011,1.552777778,84,8.3,16,Action-Adventure,,No,
Machinarium,PS3/Vita,Playstation Plus (Discontinued),Removed,06/04/2013,07/01/2013,0.9,10/16/2009,3.633333333,85,8.4,6,Adventure,,No,
Deus Ex: Human Revolution,PS3,Playstation Plus (Discontinued),Removed,06/04/2013,07/01/2013,0.9,08/23/2011,1.780555556,89,8.7,22,Action-Adventure,,No,
Germinator,Vita,Playstation Plus (Discontinued),Removed,05/07/2013,06/03/2013,0.8666666667,01/29/2013,0.2722222222,59,6.7,,Shooter,,No,
Pinball Arcade,PS3/Vita,Playstation Plus (Discontinued),Removed,05/07/2013,06/03/2013,0.8666666667,12/19/2012,0.3833333333,73,7.8,,Pinball,,No,
BlazBlue: Continuum Shift Extend,Vita,Playstation Plus (Discontinued),Removed,05/07/2013,06/03/2013,0.8666666667,12/31/2011,1.352777778,83,7.9,,Fighting,,No,
Knytt Underground,PS3/Vita,Playstation Plus (Discontinued),Removed,05/07/2013,06/03/2013,0.8666666667,12/21/2012,0.3777777778,68,7.2,20,Platformer,,No,
Sleeping Dogs,PS3,Playstation Plus (Discontinued),Removed,05/07/2013,06/03/2013,0.8666666667,08/14/2012,0.7305555556,80,8.1,15,Action-Adventure,,No,
Zombie Tycoon 2,PS3/Vita,Playstation Plus (Discontinued),Removed,04/30/2013,05/06/2013,0.2,04/30/2013,0,59,6.5,6,Strategy,,No,
SoulCalibur: Broken Destiny,PSP,Playstation Plus (Discontinued),Removed,04/02/2013,05/06/2013,1.133333333,08/27/2009,3.597222222,79,7.9,,Fighting,,No,
Labyrinth Legends,PS3,Playstation Plus (Discontinued),Removed,04/02/2013,05/06/2013,1.133333333,12/18/2012,0.2888888889,64,6.8,6,Action-Adventure,,No,
Malicious,PS3,Playstation Plus (Discontinued),Removed,04/02/2013,05/06/2013,1.133333333,10/27/2010,2.430555556,68,7.2,5,Action-Adventure,,No,
Demon’s Souls,PS3,Playstation Plus (Discontinued),Removed,04/02/2013,05/06/2013,1.133333333,10/06/2009,3.488888889,92,8.9,25,RPG,,No,
The Cave,PS3,Playstation Plus (Discontinued),Removed,03/05/2013,04/01/2013,0.8666666667,01/22/2013,0.1194444444,72,7,6,Adventure,,No,
Tekken VI,PSP,Playstation Plus (Discontinued),Removed,03/05/2013,04/01/2013,0.8666666667,10/27/2009,3.355555556,82,8.2,,Fighting,,No,
Disgaea 3: Absence of Detention,Vita,Playstation Plus (Discontinued),Removed,03/05/2013,04/01/2013,0.8666666667,08/21/2012,0.5388888889,78,8.1,40,RPG,,No,
Joe Danger 2: The Movie,PS3,Playstation Plus (Discontinued),Removed,03/05/2013,04/01/2013,0.8666666667,09/13/2012,0.4777777778,82,7.7,7,Racing,,No,
Spec Ops: The Line,PS3,Playstation Plus (Discontinued),Removed,03/05/2013,04/01/2013,0.8666666667,06/26/2012,0.6916666667,76,8.2,7,Shooter,,No,
Plants vs. Zombies,Vita,Playstation Plus (Discontinued),Removed,02/05/2013,03/04/2013,0.9666666667,05/05/2009,3.75,87,8.7,6,Strategy,,No,
Vanquish,PS3,Playstation Plus (Discontinued),Removed,02/05/2013,03/04/2013,0.9666666667,10/19/2010,2.294444444,78,8.5,6,Shooter,,No,
Mega Man Maverick Hunter X,PSP,Playstation Plus (Discontinued),Removed,02/05/2013,03/04/2013,0.9666666667,12/19/2005,7.127777778,79,8,4,Platformer,,No,
Closure,PS3,Playstation Plus (Discontinued),Removed,02/05/2013,03/04/2013,0.9666666667,03/27/2012,0.8555555556,79,7.4,5,Puzzle,,No,
Guardians of Middle Earth,PS3,Playstation Plus (Discontinued),Removed,02/05/2013,03/04/2013,0.9666666667,12/04/2012,0.1694444444,56,5.8,,Strategy,,No,
Ninja Gaiden Sigma Plus,Vita,Playstation Plus (Discontinued),Removed,01/01/2013,02/04/2013,1.1,02/21/2012,0.8611111111,72,7.7,16,Action-Adventure,,No,
Foosball 2012,PS3/Vita,Playstation Plus (Discontinued),Removed,01/01/2013,02/04/2013,1.1,09/18/2012,0.2861111111,65,6.7,,Sports,,No,
Darksiders,PS3,Playstation Plus (Discontinued),Removed,01/01/2013,02/04/2013,1.1,01/05/2010,2.988888889,83,8.1,17,Action-Adventure,,No,
Mega Man 10,PS3,Playstation Plus (Discontinued),Removed,01/01/2013,02/04/2013,1.1,03/05/2010,2.822222222,82,7.8,5,Platformer,,No,
Mega Man 9,PS3,Playstation Plus (Discontinued),Removed,01/01/2013,02/04/2013,1.1,09/22/2008,4.275,82,7.8,5,Platformer,,No,
Chronovolt,Vita,Playstation Plus (Discontinued),Removed,12/04/2012,12/31/2012,0.8666666667,11/13/2012,0.05833333333,51,5.8,4,Puzzle,,No,
NBA Jam: On Fire,PS3,Playstation Plus (Discontinued),Removed,12/04/2012,12/31/2012,0.8666666667,10/04/2011,1.166666667,82,8.3,,Sports,,No,
Retro City Rampage,PS3/Vita,Playstation Plus (Discontinued),Removed,12/04/2012,12/31/2012,0.8666666667,10/09/2012,0.1527777778,79,7.7,5,Action-Adventure,,No,
Anomaly: Warzone Earth,PS3,Playstation Plus (Discontinued),Removed,12/04/2012,12/31/2012,0.8666666667,04/08/2011,1.655555556,80,7.7,7,Strategy,,No,
Rochard,PS3,Playstation Plus (Discontinued),Removed,12/04/2012,12/31/2012,0.8666666667,11/15/2011,1.052777778,75,7.3,5,Platformer,,No,
Street Fighter IV: Arcade Edition,PS3,Playstation Plus (Discontinued),Removed,12/04/2012,12/31/2012,0.8666666667,06/07/2011,1.491666667,84,7.9,,Fighting,,No,
Bioshock 2,PS3,Playstation Plus (Discontinued),Removed,12/04/2012,12/31/2012,0.8666666667,02/09/2010,2.819444444,88,8,11,Shooter,,No,
Sonic the Hedgehog 2,PS3,Playstation Plus (Discontinued),Removed,11/06/2012,12/03/2012,0.9,06/21/2011,1.375,69,7.9,4,Platformer,,No,
Sonic the Hedgehog,PS3,Playstation Plus (Discontinued),Removed,11/06/2012,12/03/2012,0.9,06/20/2011,1.377777778,50,7.2,3,Platformer,,No,
Final Fantasy Tactics: The War of the Lions,PSP,Playstation Plus (Discontinued),Removed,11/06/2012,12/03/2012,0.9,05/10/2007,5.488888889,88,8.8,40,RPG,,No,
WipEout 2048,Vita,Playstation Plus (Discontinued),Removed,11/06/2012,12/03/2012,0.9,02/14/2012,0.7277777778,79,7.7,10,Racing,,No,
Uncharted: Golden Abyss,Vita,Playstation Plus (Discontinued),Removed,11/06/2012,12/03/2012,0.9,02/15/2012,0.725,80,8,12,Action-Adventure,,No,
Tales from Space: Mutant Blobs Attack,Vita,Playstation Plus (Discontinued),Removed,11/06/2012,12/03/2012,0.9,02/21/2012,0.7083333333,83,7.7,4,Platformer,,No,
Jet Set Radio,Vita,Playstation Plus (Discontinued),Removed,11/06/2012,12/03/2012,0.9,09/18/2012,0.1333333333,78,7.7,9,Action-Adventure,,No,
Gravity Rush,Vita,Playstation Plus (Discontinued),Removed,11/06/2012,12/03/2012,0.9,06/12/2012,0.4,83,8.2,12,Action-Adventure,,No,
Resident Evil 5: Gold Edition,PS3,Playstation Plus (Discontinued),Removed,11/06/2012,12/03/2012,0.9,03/08/2011,1.661111111,84,7.8,16,Horror,,No,
Quantum Conundrum,PS3,Playstation Plus (Discontinued),Removed,11/06/2012,12/03/2012,0.9,06/21/2012,0.375,77,7.1,6,Puzzle,,No,
Dungeon Defenders,PS3,Playstation Plus (Discontinued),Removed,11/06/2012,12/03/2012,0.9,10/18/2011,1.05,81,7.6,20,Strategy,,No,
King of Fighters XIII,PS3,Playstation Plus (Discontinued),Removed,10/02/2012,11/05/2012,1.1,11/22/2011,0.8611111111,77,7.8,,Fighting,,No,
PAYDAY: The Heist,PS3,Playstation Plus (Discontinued),Removed,10/02/2012,11/05/2012,1.1,10/18/2011,0.9555555556,77,7.8,14,Shooter,,No,
NFL Blitz,PS3,Playstation Plus (Discontinued),Removed,10/02/2012,11/05/2012,1.1,01/03/2012,0.7472222222,76,7.5,,Sports,,No,
Double Dragon Neon,PS3,Playstation Plus (Discontinued),Removed,09/11/2012,10/01/2012,0.6666666667,09/11/2012,0,70,7.5,4,Platformer,,No,
Ronnie O'Sullivan's Snooker,PS3,Playstation Plus (Discontinued),Removed,09/04/2012,10/01/2012,0.9,08/28/2012,0.01666666667,68,7.1,,Sports,PS Minis,No,
Starhawk (single-player ONLY),PS3,Playstation Plus (Discontinued),Removed,09/04/2012,10/01/2012,0.9,05/08/2012,0.3222222222,75,7.4,8,Shooter,,No,
Scott Pilgrim vs. The World,PS3,Playstation Plus (Discontinued),Removed,09/04/2012,10/01/2012,0.9,08/25/2010,2.025,78,8,5,Platformer,,No,
Borderlands,PS3,Playstation Plus (Discontinued),Removed,09/04/2012,10/01/2012,0.9,10/20/2009,2.872222222,81,8.1,23,Shooter,,No,
Outland,PS3,Playstation Plus (Discontinued),Removed,08/07/2012,09/03/2012,0.8666666667,04/26/2011,1.280555556,83,8,8,Platformer,,No,
Bloodrayne Betrayal,PS3,Playstation Plus (Discontinued),Removed,08/07/2012,09/03/2012,0.8666666667,08/31/2011,0.9361111111,52,6.4,6,Platformer,,No,
Farm Frenzy 2,PS3,Playstation Plus (Discontinued),Removed,08/07/2012,09/03/2012,0.8666666667,10/27/2010,1.777777778,62,7,6,Strategy,PS Minis,No,
The Walking Dead (Ep. 1 & 2),PS3,Playstation Plus (Discontinued),Removed,08/07/2012,09/03/2012,0.8666666667,04/24/2012,0.2861111111,89,8.8,5,Adventure,,No,
Renegade Ops,PS3,Playstation Plus (Discontinued),Removed,07/03/2012,08/06/2012,1.1,09/14/2011,0.8027777778,76,7.6,6,Shooter,,No,
Gotham City Imposters,PS3,Playstation Plus (Discontinued),Removed,07/03/2012,08/06/2012,1.1,02/07/2012,0.4055555556,61,6.6,,Shooter,,No,
Pac-Man Championship Edition DX,PS3,Playstation Plus (Discontinued),Removed,07/03/2012,08/06/2012,1.1,11/17/2010,1.627777778,93,8.6,,Arcade,,No,
Hot Shots Golf 2,PS3,Playstation Plus (Discontinued),Removed,07/03/2012,08/06/2012,1.1,04/28/1999,13.18055556,88,8.7,,Sports,PS1,No,
International Track and Field,PS3,Playstation Plus (Discontinued),Removed,07/03/2012,08/06/2012,1.1,09/27/2000,11.76666667,78,8.2,,Sports,PS1,No,
Kaleidoscope,PS3,Playstation Plus (Discontinued),Removed,06/05/2012,07/02/2012,0.9,08/16/2011,0.8027777778,67,6.9,,Puzzle,PS Minis,No,
Virtua Fighter 5 Final Showdown,PS3,Playstation Plus (Discontinued),Removed,06/05/2012,07/02/2012,0.9,06/05/2012,0,84,8,,Fighting,,No,
Lara Croft and the Guardian of Light,PS3,Playstation Plus (Discontinued),Removed,06/05/2012,07/02/2012,0.9,08/18/2010,1.797222222,85,8,6,Action-Adventure,,No,
"Warhammer 40,000: Space Marine",PS3,Playstation Plus (Discontinued),Removed,06/05/2012,07/02/2012,0.9,09/06/2011,0.7472222222,74,7.7,10,Shooter,,No,
Ratchet and Clank: All 4 One,PS3,Playstation Plus (Discontinued),Removed,06/05/2012,07/02/2012,0.9,10/18/2011,0.6305555556,70,7,10,Platformer,,No,
Saints Row 2,PS3,Playstation Plus (Discontinued),Removed,06/05/2012,07/02/2012,0.9,10/14/2008,3.641666667,82,8.1,19,Action-Adventure,,No,
Just Cause 2,PS3,Playstation Plus (Discontinued),Removed,06/05/2012,07/02/2012,0.9,03/23/2010,2.2,84,8.5,18,Action-Adventure,,No,
inFAMOUS 2,PS3,Playstation Plus (Discontinued),Removed,06/05/2012,07/02/2012,0.9,06/07/2011,0.9944444444,83,8.1,13,Action-Adventure,,No,
Little Big Planet 2,PS3,Playstation Plus (Discontinued),Removed,06/05/2012,07/02/2012,0.9,01/18/2011,1.380555556,91,8.4,9,Platformer,,No,
Zombie Apocalypse: Never Die Alone,PS3,Playstation Plus (Discontinued),Removed,06/05/2012,07/02/2012,0.9,10/04/2011,0.6694444444,58,6.4,5,Shooter,,No,
Choplifter HD,PS3,Playstation Plus (Discontinued),Removed,06/05/2012,07/02/2012,0.9,01/11/2012,0.4,62,6.8,5,Shooter,,No,
Sideway: New York,PS3,Playstation Plus (Discontinued),Removed,06/05/2012,07/02/2012,0.9,10/11/2011,0.65,71,7.1,4,Platformer,,No,
Hard Corps: Uprising,PS3,Playstation Plus (Discontinued),Removed,06/05/2012,07/02/2012,0.9,02/16/2011,1.302777778,78,7.8,5,Platformer,,No,
Awesomenauts,PS3,Playstation Plus (Discontinued),Removed,05/01/2012,06/04/2012,1.1,05/01/2012,0,77,7.8,,Strategy,,No,
Velocity,PS3,Playstation Plus (Discontinued),Removed,05/01/2012,06/04/2012,1.1,01/25/2012,0.2666666667,78,7.7,4,Shooter,PS Minis,No,
Floating Cloud God Saves The Pilgrims,PS3,Playstation Plus (Discontinued),Removed,05/01/2012,06/04/2012,1.1,09/20/2011,0.6138888889,55,6.2,3,Shooter,PS Minis,No,
Trine 2,PS3,Playstation Plus (Discontinued),Removed,05/01/2012,06/04/2012,1.1,12/07/2011,0.4,84,8.2,10,Platformer,,No,
Rock of Ages,PS3,Playstation Plus (Discontinued),Removed,05/01/2012,06/04/2012,1.1,08/31/2011,0.6694444444,76,7.6,4,Strategy,,No,
Castlevania: Symphony of the Night,PS3,Playstation Plus (Discontinued),Removed,05/01/2012,06/04/2012,1.1,10/02/2007,4.580555556,89,9.2,9,Action-Adventure,PS1,No,
Castlevania: Chronicles,PS3,Playstation Plus (Discontinued),Removed,05/01/2012,06/04/2012,1.1,08/07/2001,10.73333333,73,8,6,Platformer,PS1,No,
Defenders of the Mystic Garden,PS3,Playstation Plus (Discontinued),Removed,04/03/2012,04/30/2012,0.9,09/14/2011,0.5527777778,52,6.1,,Strategy,PS Minis,No,
Shank 2,PS3,Playstation Plus (Discontinued),Removed,04/03/2012,04/30/2012,0.9,02/07/2012,0.1555555556,72,7.1,5,Platformer,,No,
Shift 2: Unleashed,PS3,Playstation Plus (Discontinued),Removed,04/03/2012,04/30/2012,0.9,03/29/2011,1.011111111,84,7.5,,Racing,,No,
Silent Hill,PS3,Playstation Plus (Discontinued),Removed,04/03/2012,04/30/2012,0.9,01/31/1999,13.175,86,8.8,7,Horror,PS1,No,
Frogger Returns,PS3,Playstation Plus (Discontinued),Removed,04/03/2012,04/30/2012,0.9,12/12/2009,2.308333333,59,6.3,3,Platformer,PS Minis,No,
Canabalt,PS3,Playstation Plus (Discontinued),Removed,04/03/2012,04/30/2012,0.9,08/31/2010,1.591666667,69,7.1,,Platformer,PS Minis,No,
Bermuda Triangle,PS3,Playstation Plus (Discontinued),Removed,03/06/2012,04/02/2012,0.8666666667,08/30/2011,0.5166666667,55,6.2,,Arcade,PS Minis,No,
Sly Cooper and the Thievius Raccoonus,PS3,Playstation Plus (Discontinued),Removed,03/06/2012,04/02/2012,0.8666666667,11/23/2002,9.286111111,86,8.8,14,Platformer,,No,
Super Street Fighter II Turbo HD Remix,PS3,Playstation Plus (Discontinued),Removed,03/06/2012,04/02/2012,0.8666666667,11/25/2008,3.280555556,85,8.2,,Fighting,,No,
Um Jammer Lammy,PS3,Playstation Plus (Discontinued),Removed,03/06/2012,04/02/2012,0.8666666667,01/01/1999,13.18055556,80,8.1,,Rhythm,PS1,No,
Far Cry 2,PS3,Playstation Plus (Discontinued),Removed,02/07/2012,03/05/2012,0.9333333333,10/21/2008,3.294444444,85,7.6,15,Shooter,,No,
The Simpsons Arcade Game,PS3,Playstation Plus (Discontinued),Removed,02/07/2012,03/05/2012,0.9333333333,02/07/2012,0,71,7.5,2,Platformer,,No,
Altered Beast,PS3,Playstation Plus (Discontinued),Removed,02/07/2012,03/05/2012,0.9333333333,12/18/2007,4.136111111,60,6.9,,Platformer,,No,
Comix Zone,PS3,Playstation Plus (Discontinued),Removed,02/07/2012,03/05/2012,0.9333333333,11/09/2011,0.2444444444,75,7.7,2,Platformer,,No,
Battle Fantasia,PS3,Playstation Plus (Discontinued),Removed,02/07/2012,03/05/2012,0.9333333333,08/26/2008,3.447222222,70,7.1,,Fighting,,No,
Fatal Inertia EX,PS3,Playstation Plus (Discontinued),Removed,02/07/2012,03/05/2012,0.9333333333,03/04/2008,3.925,54,6.4,,Racing,,No,
Hamsterball,PS3,Playstation Plus (Discontinued),Removed,02/07/2012,03/05/2012,0.9333333333,10/28/2010,1.275,59,6.8,3,Arcade,,No,
Inferno Pool,PS3,Playstation Plus (Discontinued),Removed,02/07/2012,03/05/2012,0.9333333333,07/09/2009,2.577777778,61,6.4,,Sports,,No,
Mahjong Tales: Ancient Wisdom,PS3,Playstation Plus (Discontinued),Removed,02/07/2012,03/05/2012,0.9333333333,12/17/2008,3.138888889,59,6.5,,Puzzle,,No,
Supersonic Acrobatic Rocket Powered Battle Cars,PS3,Playstation Plus (Discontinued),Removed,02/07/2012,03/05/2012,0.9333333333,10/08/2008,3.330555556,67,7.8,,Racing,,No,
Final Fantasy V,PS3,Playstation Plus (Discontinued),Removed,02/07/2012,03/05/2012,0.9333333333,11/06/1992,19.25277778,94,8.8,32,RPG,PS1,No,
Gold Medalist,PS3,Playstation Plus (Discontinued),Removed,02/07/2012,03/05/2012,0.9333333333,08/24/2010,1.452777778,57,6.5,,Sports,PS Minis,No,
Hungry Giraffe,PS3,Playstation Plus (Discontinued),Removed,02/07/2012,03/05/2012,0.9333333333,02/01/2012,0.01666666667,54,6.5,,Arcade,PS Minis,No,
Back to the Future The Game,PS3,Playstation Plus (Discontinued),Removed,01/03/2012,02/06/2012,1.1,12/22/2010,1.030555556,74,7.5,10,Adventure,,No,
Sword & Soldiers,PS3,Playstation Plus (Discontinued),Removed,01/03/2012,02/06/2012,1.1,05/26/2009,2.602777778,78,7.5,7,Strategy,,No,
Stick Man Rescue,PS3,Playstation Plus (Discontinued),Removed,01/03/2012,02/06/2012,1.1,11/01/2011,0.1722222222,54,6.4,2,Puzzle,PS Minis,No,
Syphon Filter 3,PS3,Playstation Plus (Discontinued),Removed,01/03/2012,02/06/2012,1.1,11/06/2001,10.15833333,81,8.2,10,Shooter,PS1,No,
Syphon Filter 2,PS3,Playstation Plus (Discontinued),Removed,01/03/2012,02/06/2012,1.1,02/14/2001,10.88611111,81,8.7,10,Shooter,PS1,No,
Syphon Filter,PS3,Playstation Plus (Discontinued),Removed,01/03/2012,02/06/2012,1.1,01/31/2000,11.925,90,8.7,10,Shooter,PS1,No,
Tomb Raider: Underworld,PS3,Playstation Plus (Discontinued),Removed,12/06/2011,01/02/2012,0.8666666667,11/18/2008,3.05,80,7.7,9,Action-Adventure,,No,
Marvel Pinball,PS3,Playstation Plus (Discontinued),Removed,12/06/2011,01/02/2012,0.8666666667,12/08/2010,0.9944444444,79,7.7,,Pinball,,No,
Orbit,PS3,Playstation Plus (Discontinued),Removed,12/06/2011,01/02/2012,0.8666666667,10/18/2011,0.1333333333,54,6.3,,Arcade,PS Minis,No,
Mad Blocker Alpha,PS3,Playstation Plus (Discontinued),Removed,12/06/2011,01/02/2012,0.8666666667,09/20/2011,0.2111111111,62,6.7,,Puzzle,PS Minis,No,
A Space Shooter for 2 Bucks!,PS3,Playstation Plus (Discontinued),Removed,12/06/2011,01/02/2012,0.8666666667,11/09/2010,1.075,61,6.3,,Shooter,PS Minis,No,
Spyro Year of the Dragon,PS3,Playstation Plus (Discontinued),Removed,12/06/2011,01/02/2012,0.8666666667,11/24/2000,11.03333333,91,9.1,16,Platformer,PS1,No,
Spyro 2: Ripto’s Rage,PS3,Playstation Plus (Discontinued),Removed,12/06/2011,01/02/2012,0.8666666667,11/02/1999,12.09444444,87,8.9,13,Platformer,PS1,No,
Spyro the Dragon,PS3,Playstation Plus (Discontinued),Removed,12/06/2011,01/02/2012,0.8666666667,09/09/1998,13.24166667,91,9.1,13,Platformer,PS1,No,
Hydrophobia: Prophecy,PS3,Playstation Plus (Discontinued),Removed,11/01/2011,12/05/2011,1.133333333,05/09/2011,0.4777777778,63,6.7,5,Action-Adventure,,No,
CTR: Crash Team Racing,PS3,Playstation Plus (Discontinued),Removed,11/01/2011,12/05/2011,1.133333333,10/20/1999,12.03055556,88,8.8,6,Racing,PS1,No,
Crash Bandicoot3: Warped,PS3,Playstation Plus (Discontinued),Removed,11/01/2011,12/05/2011,1.133333333,10/31/1998,13.00277778,91,9.1,9,Platformer,PS1,No,
Crash Bandicoot 2,PS3,Playstation Plus (Discontinued),Removed,11/01/2011,12/05/2011,1.133333333,11/05/1997,13.98888889,93,9,8,Platformer,PS1,No,
Crash Bandicoot,PS3,Playstation Plus (Discontinued),Removed,11/01/2011,12/05/2011,1.133333333,09/09/1996,15.14444444,80,8.5,7,Platformer,PS1,No,
Doodle Fit,PS3,Playstation Plus (Discontinued),Removed,11/01/2011,12/05/2011,1.133333333,09/20/2011,0.1138888889,69,7,,Puzzle,PS Minis,No,
Where is my Heart,PS3,Playstation Plus (Discontinued),Removed,11/01/2011,12/05/2011,1.133333333,10/26/2011,0.01388888889,67,6.9,3,Platformer,PS Minis,No,
Rumble Trucks,PS3,Playstation Plus (Discontinued),Removed,11/01/2011,12/05/2011,1.133333333,09/20/2011,0.1138888889,52,6.2,,Racing,PS Minis,No,
Costume Quest,PS3,Playstation Plus (Discontinued),Removed,10/04/2011,10/31/2011,0.8666666667,10/19/2010,0.9583333333,79,8,7,RPG,,No,
Elemental Monster,PS3,Playstation Plus (Discontinued),Removed,10/04/2011,10/31/2011,0.8666666667,09/20/2011,0.03888888889,56,6.2,,Card & Board,,No,
Dead Nation,PS3,Playstation Plus (Discontinued),Removed,10/04/2011,10/31/2011,0.8666666667,11/30/2010,0.8444444444,74,7.7,7,Shooter,,No,
Warhawk,PS3,Playstation Plus (Discontinued),Removed,10/04/2011,10/31/2011,0.8666666667,08/28/2007,4.1,84,8.5,,Shooter,PS1,No,
Street Smart,PS3,Playstation Plus (Discontinued),Removed,10/04/2011,10/31/2011,0.8666666667,09/27/2011,0.01944444444,,,,Fighting,PS Minis,No,
Speedball 2,PS3,Playstation Plus (Discontinued),Removed,10/04/2011,10/31/2011,0.8666666667,01/01/1991,20.75833333,75,7.8,,Sports,PS Minis,No,
1000 Tiny Claws,PS3,Playstation Plus (Discontinued),Removed,10/04/2011,10/31/2011,0.8666666667,09/20/2011,0.03888888889,58,6.3,,Platformer,PS Minis,No,
Street Smart,PS3,Playstation Plus (Discontinued),Removed,10/04/2011,10/31/2011,0.8666666667,09/27/2011,0.01944444444,,,,Fighting,,No,
Burn Zombie Burn,PS3,Playstation Plus (Discontinued),Removed,10/04/2011,10/31/2011,0.8666666667,03/17/2009,2.547222222,75,7.5,5,Shooter,,No,
Jelly Pops,PS3,Playstation Plus (Discontinued),Removed,09/13/2011,10/03/2011,0.6666666667,09/13/2011,0,51,6.1,,Puzzle,PS Minis,No,
Plants vs. Zombies,PS3,Playstation Plus (Discontinued),Removed,09/06/2011,10/03/2011,0.9,05/05/2009,2.336111111,87,8.7,6,Strategy,,No,
Astro Tripper,PS3,Playstation Plus (Discontinued),Removed,09/06/2011,10/03/2011,0.9,12/09/2008,2.741666667,66,6.8,,Shooter,,No,
Bashi Blocks,PS3,Playstation Plus (Discontinued),Removed,09/06/2011,10/03/2011,0.9,02/15/2011,0.5583333333,60,7,,Puzzle,PS Minis,No,
Resident Evil 3,PS3,Playstation Plus (Discontinued),Removed,09/06/2011,10/03/2011,0.9,09/22/1999,11.95555556,91,8.9,7,Horror,PS1,No,
Resident Evil 2,PS3,Playstation Plus (Discontinued),Removed,09/06/2011,10/03/2011,0.9,01/21/1998,13.625,89,8.8,7,Horror,PS1,No,
Resident Evil Director’s Cut,PS3,Playstation Plus (Discontinued),Removed,09/06/2011,10/03/2011,0.9,09/30/1997,13.93333333,8,7,7,Survival,PS1,No,
Jet Moto,PS3,Playstation Plus (Discontinued),Removed,09/06/2011,10/03/2011,0.9,11/30/1997,13.76666667,7.6,7.6,,Racing,PS1,No,
Destruction Derby,PS3,Playstation Plus (Discontinued),Removed,08/02/2011,09/05/2011,1.1,10/31/1995,15.75555556,74,8,6,Racing,PS1,No,
OMG-Z!,PS3,Playstation Plus (Discontinued),Removed,08/02/2011,09/05/2011,1.1,02/08/2011,0.4833333333,68,7.1,2,Puzzle,PS Minis,No,
Dr. Maybe and the Adventures of Scarygirl,PS3,Playstation Plus (Discontinued),Removed,08/02/2011,09/05/2011,1.1,08/02/2011,0,65,6.8,3,Platformer,PS Minis,No,
Crash Commando,PS3,Playstation Plus (Discontinued),Removed,08/02/2011,09/05/2011,1.1,12/18/2008,2.622222222,78,7.8,4,Shooter,,No,
Me Monstar: Hear Me Roar,PS3,Playstation Plus (Discontinued),Removed,07/19/2011,08/01/2011,0.4,07/19/2011,0,76,7.4,1,Platformer,PS Minis,No,
Alien Zombie Death,PS3,Playstation Plus (Discontinued),Removed,07/05/2011,08/01/2011,0.8666666667,03/25/2010,1.277777778,76,5.2,2,Platformer,PS Minis,No,
Guerilla War,PS3,Playstation Plus (Discontinued),Removed,07/05/2011,08/01/2011,0.8666666667,10/01/1988,22.76111111,,,,Shooter,PS Minis,No,
Golden Axe,PS3,Playstation Plus (Discontinued),Removed,07/05/2011,08/01/2011,0.8666666667,07/11/2007,3.983333333,68,,1.5,Action-Adventure,,No,
Bomberman ULTRA,PS3,Playstation Plus (Discontinued),Removed,07/05/2011,08/01/2011,0.8666666667,06/11/2009,2.066666667,81,7.7,,Puzzle,,No,
Medievil,PS3,Playstation Plus (Discontinued),Removed,07/05/2011,08/01/2011,0.8666666667,10/01/1998,12.76111111,67,8,7,Action-Adventure,PS1,No,
Streets of Rage 2,PS3,Playstation Plus (Discontinued),Removed,06/07/2011,07/04/2011,0.9,12/20/1992,18.46388889,85,8.9,3,Beat-'Em-Up,,No,
Magic the Gathering: Duels of the Planeswalkers 2011,PS3,Playstation Plus (Discontinued),Removed,06/07/2011,07/04/2011,0.9,06/15/2010,0.9777777778,80,7.6,,Card & Board,,No,
Lilo & Stitch,PS3,Playstation Plus (Discontinued),Removed,06/07/2011,07/04/2011,0.9,11/06/2002,8.586111111,54,,,Action-Adventure,PS1,No,
The 2D Adventures of Rotating Octopus Character,PS3,Playstation Plus (Discontinued),Removed,06/07/2011,07/04/2011,0.9,06/02/2011,0.01388888889,65,6.7,2,Platformer,PS Minis,No,
Babel the King of Blocks,PS3,Playstation Plus (Discontinued),Removed,06/07/2011,07/04/2011,0.9,06/01/2011,0.01666666667,62,6.3,2,Puzzle,PS Minis,No,
Duael Invaders,PS3,Playstation Plus (Discontinued),Removed,04/05/2011,06/06/2011,2.033333333,04/05/2011,0,52,6.1,1,Shooter,PS Minis,No,
Sonic the Hedgehog 2,PS3,Playstation Plus (Discontinued),Removed,04/05/2011,06/06/2011,2.033333333,11/21/1992,18.37222222,69,7.9,4,Platformer,,No,
Vector TD,PS3,Playstation Plus (Discontinued),Removed,03/01/2011,04/04/2011,1.1,01/27/2010,1.094444444,72,7,,Strategy,PS Minis,No,
A Space Shooter for 2 Bucks!,PS3,Playstation Plus (Discontinued),Removed,03/01/2011,04/04/2011,1.1,11/09/2010,0.3111111111,61,6.3,,Shooter,PS Minis,No,
Comet Crash,PS3,Playstation Plus (Discontinued),Removed,03/01/2011,04/04/2011,1.1,02/05/2009,2.072222222,75,7.6,,Strategy,,No,
Oddworld: Abe’s Exoddus,PS3,Playstation Plus (Discontinued),Removed,03/01/2011,04/04/2011,1.1,11/17/1998,12.28888889,88,8.8,13,Platformer,PS1,No,
Pix’n Love Rush,PS3,Playstation Plus (Discontinued),Removed,03/01/2011,04/04/2011,1.1,08/24/2010,0.5194444444,74,7.2,2,Platformer,PS Minis,No,
Enigmo,PS3,Playstation Plus (Discontinued),Removed,03/01/2011,04/04/2011,1.1,07/02/2009,1.663888889,78,7.1,4,Puzzle,PS Minis,No,
Sonic the Hedgehog,PS3,Playstation Plus (Discontinued),Removed,03/01/2011,04/04/2011,1.1,06/23/1991,19.68888889,50,7.2,3,Platformer,,No,
Spyro Year of the Dragon,PS3,Playstation Plus (Discontinued),Removed,03/01/2011,04/04/2011,1.1,11/24/2000,10.26944444,91,9.1,16,Platformer,PS1,No,
Stacking,PS3,Playstation Plus (Discontinued),Removed,02/08/2011,02/28/2011,0.6666666667,02/08/2011,0,82,7.6,4,Adventure,,No,
Let’s Golf,PS3,Playstation Plus (Discontinued),Removed,02/01/2011,02/28/2011,0.9,08/24/2010,0.4361111111,72,7.2,,Sports,PS Minis,No,
Karimogi,PS3,Playstation Plus (Discontinued),Removed,02/01/2011,02/28/2011,0.9,01/18/2011,0.03611111111,55,6.2,1,Puzzle,PS Minis,No,
Digger HD,PS3,Playstation Plus (Discontinued),Removed,02/01/2011,02/28/2011,0.9,10/01/2009,1.333333333,58,6.3,,Arcade,,No,
Spyro 2: Ripto’s Rage,PS3,Playstation Plus (Discontinued),Removed,02/01/2011,02/28/2011,0.9,11/02/1999,11.24722222,87,8.9,13,Platformer,PS1,No,
Hero of Sparta,PS3,Playstation Plus (Discontinued),Removed,01/04/2011,01/31/2011,0.8666666667,10/01/2009,1.258333333,62,6.5,3,Action-Adventure,PS Minis,No,
Pipe Madness,PS3,Playstation Plus (Discontinued),Removed,01/04/2011,01/31/2011,0.8666666667,01/04/2011,0,59,6.5,2,Puzzle,PS Minis,No,
Lead & Gold,PS3,Playstation Plus (Discontinued),Removed,01/04/2011,01/31/2011,0.8666666667,04/08/2010,0.7388888889,75,7.1,,Shooter,,No,
Spyro the Dragon,PS3,Playstation Plus (Discontinued),Removed,01/04/2011,01/31/2011,0.8666666667,09/09/1998,12.31944444,91,9.1,13,Platformer,PS1,No,
Sackboy's Prehistoric Moves,PS3,Playstation Plus (Discontinued),Removed,12/14/2010,01/03/2011,0.6333333333,12/14/2010,0,62,6.6,1,Platformer,,No,
A Space Shooter For 2 Bucks,PS3,Playstation Plus (Discontinued),Removed,12/07/2010,01/03/2011,0.8666666667,11/09/2010,0.07777777778,61,6.3,,Shooter,PS Minis,No,
I Must Run!,PS3,Playstation Plus (Discontinued),Removed,12/14/2010,01/03/2011,0.6333333333,12/14/2010,0,54,6.1,2,Platformer,PS Minis,No,
Crash Team Racing,PS3,Playstation Plus (Discontinued),Removed,12/07/2010,01/03/2011,0.8666666667,10/20/1999,11.13055556,88,8.8,6,Racing,PS1,No,
Sam & Max: The Devil’s Playhouse (Episodes 1-5),PS3,Playstation Plus (Discontinued),Removed,12/07/2010,01/03/2011,0.8666666667,04/15/2010,0.6444444444,82,8.1,11,Adventure,,No,
Vector TD,PS3,Playstation Plus (Discontinued),Removed,11/02/2010,12/06/2010,1.133333333,01/27/2010,0.7638888889,72,7,,Strategy,PS Minis,No,
DYNOGEMS,PS3,Playstation Plus (Discontinued),Removed,11/02/2010,12/06/2010,1.133333333,12/10/2009,0.8944444444,58,6.2,,Puzzle,PS Minis,No,
Oddworld: Abe’s Exoddus,PS3,Playstation Plus (Discontinued),Removed,11/02/2010,12/06/2010,1.133333333,11/17/1998,11.95833333,88,8.8,13,Platformer,PS1,No,
Shatter,PS3,Playstation Plus (Discontinued),Removed,11/02/2010,12/06/2010,1.133333333,07/23/2009,1.275,82,8.1,4,Arcade,,No,
BreakQuest,PS3,Playstation Plus (Discontinued),Removed,11/02/2010,12/06/2010,1.133333333,10/01/2009,1.086111111,68,6.9,3,Puzzle,PS Minis,No,
Bubble Trubble,PS3,Playstation Plus (Discontinued),Removed,10/05/2010,11/01/2010,0.8666666667,11/12/2009,0.8972222222,55,6.3,1,Puzzle,PS Minis,No,
Bloons,PS3,Playstation Plus (Discontinued),Removed,10/05/2010,11/01/2010,0.8666666667,10/01/2009,1.011111111,63,6.7,,Strategy,PS Minis,No,
Oddworld: Abe’s Oddysee,PS3,Playstation Plus (Discontinued),Removed,10/05/2010,11/01/2010,0.8666666667,09/18/1997,13.04722222,88,8.8,12,Platformer,PS1,No,
Echoes,PS3,Playstation Plus (Discontinued),Removed,09/07/2010,10/04/2010,0.9,11/19/2009,0.8,59,6.3,2,Shooter,PS Minis,No,
Syphon Filter 3,PS3,Playstation Plus (Discontinued),Removed,09/07/2010,10/04/2010,0.9,11/06/2001,8.836111111,81,8.2,10,Shooter,PS1,No,
Zen Pinball,PS3,Playstation Plus (Discontinued),Removed,09/07/2010,10/04/2010,0.9,05/14/2009,1.313888889,80,7.8,,Pinball,,No,
Blast Off,PS3,Playstation Plus (Discontinued),Removed,09/07/2010,10/04/2010,0.9,10/22/2009,0.875,69,6.7,2,Shooter,PS Minis,No,
Vempires,PS3,Playstation Plus (Discontinued),Removed,08/03/2010,09/06/2010,1.1,01/12/2010,0.5583333333,51,6.2,2,Platformer,PS Minis,No,
2Xtreme,PS3,Playstation Plus (Discontinued),Removed,08/03/2010,09/06/2010,1.1,11/01/1996,13.75555556,68,7.5,,Racing,PS1,No,
Mushroom Wars,PS3,Playstation Plus (Discontinued),Removed,08/03/2010,09/06/2010,1.1,10/15/2009,0.8,79,7.8,,Strategy,,No,
Aero Racer,PS3,Playstation Plus (Discontinued),Removed,08/03/2010,09/06/2010,1.1,03/11/2010,0.3944444444,53,6.2,,Racing,PS Minis,No,
Kahoots,PS3,Playstation Plus (Discontinued),Removed,07/06/2010,08/02/2010,0.8666666667,10/01/2009,0.7638888889,55,6.4,,Puzzle,PS Minis,No,
Syphon Filter,PS3,Playstation Plus (Discontinued),Removed,07/06/2010,08/02/2010,0.8666666667,02/01/1999,11.43055556,90,8.7,10,Shooter,PS1,No,
Critter Crunch,PS3,Playstation Plus (Discontinued),Removed,07/06/2010,08/02/2010,0.8666666667,10/08/2009,0.7444444444,82,7.7,3,Puzzle,,No,
Field Runners,PS3,Playstation Plus (Discontinued),Removed,07/06/2010,08/02/2010,0.8666666667,10/02/2008,1.761111111,79,7.6,,Strategy,PS Minis,No,
Age of Zombies,PS3,Playstation Plus (Discontinued),Removed,06/01/2010,07/05/2010,1.133333333,02/25/2010,0.2666666667,77,7.5,3,Platformer,PS Minis,No,
Rally Cross,PS3,Playstation Plus (Discontinued),Removed,06/01/2010,07/05/2010,1.133333333,10/31/1997,12.58611111,79,7.8,,Racing,PS1,No,
WipEout HD,PS3,Playstation Plus (Discontinued),Removed,06/01/2010,07/05/2010,1.133333333,09/25/2008,1.683333333,88,8.3,8,Racing,,No,
