Complete Game Pass Master List by u/ABattleVet,753,Games with Gold,,GPU,,,Playstation Plus,,,,Coming Soon,,The community can add games to cross play/play anywhere,,Public Notes,,GP Premium (10/1/25 Standard 9/12/24),,,GP Essential (10/1/25 Core 9/14/23),
Game,System,xCloud,Status,Added,Removed,Months,Release,Age,Metacritic,Completion,Genre,Series X|S,Owner Notes,ESRB,ESRB Content Descriptors,Community Notes,Status,Added,Delay,Added,Delay
Shelldiver,Xbox / PC,Yes,Coming Soon,09/01/2026,,-0.3,11/16/2025,0.7916666667,,4,Platformer,,,,,,Active,07/22/2026,-1.3,,
Resonance: A Plague Tale Legacy,Xbox / PC,Yes,Coming Soon,08/27/2026,,-0.1666666667,08/27/2026,0,,,Action-Adventure,Exclusive,Handheld Optimized,,,,TBD,,-0.1666666667,,
Blood Dungeon,Xbox / PC,Yes,Coming Soon,08/25/2026,,-0.1,08/25/2026,0,,,Action-Adventure,Exclusive,,,,,TBD,,-0.1,,
Vapor World: Over the Mind (Game Preview),Xbox / PC,Yes,Active,08/19/2026,,0.1,08/19/2026,0,,12,Action-Adventure,,,,,,TBD,,0.1,,
Cricket 26,Xbox / PC,Yes,Active,08/13/2026,,0.3,11/13/2025,0.75,75,,Sports,,,,,,Active,07/22/2026,-0.7,,
Sandustry (Game Preview),PC,,Active,08/13/2026,,0.3,08/13/2026,0,,,Simulation,,,,,,TBD,,0.3,,
Date Everything!,Xbox / PC,Yes,Active,08/11/2026,,0.3666666667,06/17/2025,1.15,78,15,Simulation,Exclusive,Handheld Optimized,,,,Active,07/22/2026,-0.6333333333,,
Beast of Reincarnation,Xbox / PC,Yes,Active,08/04/2026,,0.6,08/04/2026,0,,,RPG,Exclusive,Handheld Optimized,,,,TBD,,0.6,,
Tears of Metal (Game Preview),PC,,Active,07/22/2026,,1,07/22/2026,0,,,Action-Adventure,,,,,,TBD,,1,,
Corsair Cove,PC,,Active,07/31/2026,,0.7333333333,07/31/2026,0,,,Simulation,,,,,,TBD,,0.7333333333,,
Mistfall Hunter,Xbox / PC,Yes,Active,07/30/2026,,0.7333333333,07/30/2026,0,,,RPG,Exclusive,,,,,TBD,,0.7333333333,,
Halo: Campaign Evolved,Xbox / PC,Yes,Active,07/28/2026,,0.8,07/28/2026,0,,,Shooter,,Handheld Optimized,,,,TBD,,0.8,,
Conker: Live & Reloaded,Xbox / PC,Yes,Active,07/22/2026,,1,11/17/2005,20.68055556,82,,Action-Adventure,Enhanced,XBOX Backward Compatibility on PC (7/22/26),,,,Active,07/22/2026,0,07/22/2026,0
Hell is Us,Xbox / PC,Yes,Active,07/23/2026,,0.9666666667,09/04/2025,0.8861111111,77,18,Action-Adventure,Exclusive,,,,,Active,07/23/2026,0,,
Shift at Midnight,Xbox / PC,Yes,Active,07/22/2026,,1,07/22/2026,0,,,Horror,Exclusive,,,,,TBD,,1,,
The Planet Crafter,Xbox / PC,Yes,Active,07/21/2026,,1.033333333,03/24/2022,4.325,81,35,Sandbox,Exclusive,,,,,Active,07/21/2026,0,,
FixForce,Xbox / PC,Yes,Active,07/17/2026,,1.166666667,07/17/2026,0,,,Platformer,Exclusive,,,,,Active,07/17/2026,0,,
Fogpiercer,PC,,Active,07/17/2026,,1.166666667,07/17/2026,0,,,Strategy,,,,,,TBD,,1.166666667,,
Mavrix by Matt Jones,Xbox / PC,Yes,Active,07/16/2026,,1.2,07/16/2026,0,,,Racing,Exclusive,Handheld Optimized,,,,Active,07/16/2026,0,,
Denshattack!,Xbox / PC,Yes,Active,07/15/2026,,1.233333333,07/15/2025,1,,,Action-Adventure,Exclusive,,,,,TBD,,1.233333333,,
PBA Pro Bowling 2026,Xbox / PC,Yes,Active,07/14/2026,,1.266666667,07/14/2026,0,,,Sports,Exclusive,,,,,Active,07/14/2026,0,,
Ascend to Zero,Xbox / PC,Yes,Active,07/13/2026,,1.3,07/13/2026,0,,,Action-Adventure,Exclusive,Handheld Optimized,,,,TBD,,1.3,,
Tamashika,Xbox / PC,Yes,Active,07/09/2026,,1.433333333,04/10/2026,0.2472222222,79,2,Shooter,Exclusive,Handheld Optimized,,,,Active,07/09/2026,0,,
Buckshot Roulette,Xbox / PC,Yes,Active,07/08/2026,,1.466666667,12/28/2023,2.527777778,85,1,Strategy,,,,,,Active,07/08/2026,0,,
Winds of Arcana: Ruination,Xbox / PC,Yes,Active,07/06/2026,,1.533333333,11/14/2025,0.6444444444,72,9,RPG,,Handheld Optimized,,,,Active,07/06/2026,0,,
RV There Yet?,Xbox / PC,Yes,Active,06/30/2026,,1.733333333,06/30/2026,0,71,4,Action-Adventure,Exclusive,,,,,Active,06/30/2026,0,,
Abyssus,Xbox / PC,Yes,Active,06/25/2026,,1.9,06/25/2026,0,80,25,Shooter,Exclusive,,,,,Active,06/25/2026,0,,
EA Sports FC 26,Xbox / PC,Yes,Active,06/18/2026,,2.133333333,09/26/2025,0.7277777778,77,25,Sports,,,,,,TBD,,2.133333333,,
Call of Duty: Vanguard,Xbox / PC,Yes,Active,06/17/2026,,2.166666667,11/04/2021,4.619444444,73,6,Shooter,,,,,,Active,06/17/2026,0,,
Junkster,Xbox / PC,Yes,Active,06/16/2026,,2.2,06/16/2026,0,78,4,Action-Adventure,Exclusive,Handheld Optimized,,,,TBD,,2.2,,
Beastro,Xbox / PC,Yes,Active,06/11/2026,,2.366666667,05/21/2026,0.05555555556,73,9,Action-Adventure,Exclusive,Handheld Optimized,,,,TBD,,2.366666667,,
Frog Sqwad,Xbox / PC,Yes,Active,06/11/2026,,2.366666667,06/11/2026,0,,,Puzzle,Exclusive,,,,,TBD,,2.366666667,,
Starseeker: Astroneer Expeditions (Game Preview),Xbox / PC,Yes,Active,06/11/2026,,2.366666667,06/11/2026,0,,,Action-Adventure,,,,,,TBD,,2.366666667,,
Beatdown City Survivors,Xbox / PC,Yes,Active,06/10/2026,,2.4,02/05/2025,1.347222222,64,10,Action-Adventure,Exclusive,Handheld Optimized,,,,TBD,,2.4,,
Persona 5 Royal,Xbox / PC,Touch Controls,Active,06/09/2026,,2.433333333,03/31/2020,6.191666667,95,101,RPG,,"Returning title: Added 10/21/22, left 10/31/23",,,,Active,06/09/2026,0,,
Solarpunk,Xbox / PC,Yes,Active,06/08/2026,,2.466666667,06/08/2026,0,,17,Simulation,Exclusive,,,,,TBD,,2.466666667,,
Undisputed,Xbox / PC,Yes,Active,06/08/2026,,2.466666667,10/11/2024,1.658333333,73,15,Sports,Exclusive,Handheld Optimized,,,,Active,06/08/2026,0,,
Wo Long: Fallen Dynasty,Xbox / PC,Yes,Active,06/07/2026,,2.5,03/03/2023,3.261111111,80,29,Action,,"Returning title: Added 3/3/23, left 2/28/25",M,"Blood and Gore, Violence",,Active,06/07/2026,0,,
Final Fantasy VI,Xbox / PC,Yes,Active,06/02/2026,,2.666666667,09/26/2024,1.683333333,87,36,RPG,Exclusive,,,,,Active,06/02/2026,0,,
Jurassic World Evolution 3,Xbox / PC,Yes,Active,06/02/2026,,2.666666667,10/21/2025,0.6138888889,81,20,Simulation,Exclusive,,,,,Active,06/02/2026,0,,
Escape the Backrooms,Xbox / PC,Yes,Active,05/28/2026,,2.8,10/23/2025,0.5972222222,80,9,Survival,Exclusive,,,,,Active,05/28/2026,0,,
Crashout Crew,Xbox / PC,Yes,Active,05/28/2026,,2.8,05/28/2026,0,80,12,Action-Adventure,Exclusive,Handheld Optimized,,,,TBD,,2.8,,
Kabuto Park,Xbox / PC,Yes,Active,05/28/2026,,2.8,05/28/2026,0,78,2,Simulation,Exclusive,,,,,Active,05/28/2026,0,,
Echo Generation 2,Xbox / PC,Yes,Active,05/27/2026,,2.833333333,05/27/2026,0,70,9,RPG,Exclusive,,,,,TBD,,2.833333333,,
The Outer Worlds: Spacer’s Choice Edition,Xbox / PC,Yes,Active,05/27/2026,,2.833333333,03/07/2023,3.222222222,82,13,RPG,Exclusive,,,,,Active,05/27/2026,0,,
Escape Simulator,Xbox / PC,Yes,Active,05/26/2026,,2.866666667,10/22/2021,4.594444444,81,6,Puzzle,Exclusive,,,,,Active,05/26/2026,0,,
Luna Abyss,Xbox / PC,Yes,Active,05/21/2026,,3.033333333,05/21/2026,0,81,8,Shooter,Exclusive,,,,,TBD,,3.033333333,,
My Friend Peppa Pig,Xbox / PC,Touch Controls,Active,05/20/2026,,3.066666667,10/22/2021,4.577777778,67,3,Action-Adventure,,"Returning title: joined 7/14/22, left 6/30/25",,,,Active,05/20/2026,0,,
Remnant II,Xbox / PC,Yes,Active,05/20/2026,,3.066666667,07/25/2023,2.819444444,84,18,RPG,,"Returning game: joined 11/29/23, left 5/31/25",,,,Active,05/20/2026,0,,
Forza Horizon 6,Xbox / PC,Yes,Active,05/19/2026,,3.1,05/19/2026,0,92,17,Racing,Exclusive,Handheld Optimized,,,,TBD,,3.1,,
Subnautica 2 (Game Preview),Xbox / PC,Yes,Active,05/14/2026,,3.266666667,05/14/2026,0,,13,Action-Adventure,,Handheld Optimized,,,,TBD,,3.266666667,,
Black Jacket,Xbox / PC,Yes,Active,05/12/2026,,3.333333333,05/12/2026,0,82,6,Roguelike Card Game,Exclusive,Handheld Optimized,,,,TBD,,3.333333333,,
Call of the Elder Gods,Xbox / PC,Yes,Active,05/12/2026,,3.333333333,05/12/2026,0,76,6,Action-Adventure,Exclusive,Handheld Optimized,,,,TBD,,3.333333333,,
Elite Dangerous,Xbox,Yes,Active,05/12/2026,,3.333333333,12/16/2014,11.40555556,80,113,Space Simulation,,"Returning title: Joined 2/25/21, left 8/31/22",,,,Active,05/12/2026,0,,
Outbound,Xbox / PC,Yes,Active,05/11/2026,,3.366666667,05/11/2026,0,64,15,Survival Crafting,,,,,,TBD,,3.366666667,,
Mixtape,Xbox / PC,Yes,Active,05/07/2026,,3.5,05/06/2026,0.002777777778,86,3,Adventure,Exclusive,Handheld Optimized,,,,TBD,,3.5,,
Ben 10: Power Trip,Xbox / PC,Touch Controls,Active,05/06/2026,,3.533333333,10/09/2020,5.575,70,5,Action-Adventure,,"Returning title: Originally joined 12/16/21, left 8/31/25",,,,Active,05/06/2026,0,,
Wildgate,Xbox / PC,Yes,Active,05/06/2026,,3.533333333,07/22/2025,0.7888888889,72,,Shooter,Exclusive,,,,,Active,05/06/2026,0,,
Final Fantasy V,Xbox / PC,Yes,Active,05/05/2026,,3.566666667,11/06/2006,19.49722222,82,31,RPG,Exclusive,,,,,Active,05/05/2026,0,,
MOTORSLICE,Xbox / PC,Yes,Active,05/05/2026,,3.566666667,05/05/2026,0,79,8,Action-Adventure,,,,,,TBD,,3.566666667,,
Heroes of Might & Magic: Olden Era (Game Preview),PC,,Active,04/30/2026,,3.733333333,04/30/2026,0,,18,Strategy,,,,,,TBD,,3.733333333,,
inKonbini: One Store. Many Stories ,Xbox / PC,Yes,Active,04/30/2026,,3.733333333,04/30/2026,0,82,7,Action-Adventure,,Handheld Optimized,,,,TBD,,3.733333333,,
Sledding Game (Game Preview),Xbox / PC,Yes,Active,04/30/2026,,3.733333333,04/30/2026,0,,,Sports,Exclusive,,,,,TBD,,3.733333333,,
TerraTech Legion,Xbox / PC,Yes,Active,04/30/2026,,3.733333333,04/30/2026,0,85,4,Action-Adventure,Exclusive,,,,,TBD,,3.733333333,,
Trepang2,Xbox / PC,Yes,Active,04/29/2026,,3.766666667,06/21/2023,2.855555556,79,5,Shooter,Exclusive,,,,,Active,04/29/2026,0,,
Aphelion,Xbox / PC,Yes,Active,04/28/2026,,3.8,04/28/2026,0,63,7,Action-Adventure,Exclusive,Handheld Optimized,,,,TBD,,3.8,,
Kiln,Xbox / PC,Yes,Active,04/23/2026,,3.966666667,04/23/2026,0,68,6,Shooter,Exclusive,Handheld Optimized,,,,TBD,,3.966666667,,
Vampire Crawlers: The Turbo Wildcard from Vampire Survivors,Xbox / PC,Yes,Active,04/21/2026,,4.033333333,04/21/2026,0,83,14,Card Battle,Exclusive,Handheld Optimized,,,,TBD,,4.033333333,,
Call of Duty: Modern Warfare (2019),Xbox / PC,Yes,Active,04/17/2026,,4.166666667,10/25/2019,6.477777778,80,6,Shooter,,,,,,Active,04/17/2026,0,,
NHL 26,Xbox,Yes,Active,04/16/2026,,4.2,09/12/2025,0.5944444444,73,20,Sports,Exclusive,,,,,TBD,,4.2,,
Hades II,Xbox / PC,Yes,Active,04/14/2026,,4.266666667,09/25/2025,0.5527777778,95,22,RPG,Exclusive,Handheld Optimized,,,,Active,04/14/2026,0,,
REPLACED,Xbox / PC,Yes,Active,04/14/2026,,4.266666667,04/14/2026,0,76,11,Action-Adventure,Exclusive,,,,,TBD,,4.266666667,,
The Thaumaturge,Xbox / PC,Yes,Active,04/14/2026,,4.266666667,03/04/2024,2.111111111,74,16,RPG,Exclusive,,,,,Active,04/14/2026,0,,
Tiny Bookshop,Xbox / PC,Yes,Active,04/10/2026,,4.4,08/07/2025,0.675,81,16,Tycoon,Exclusive,Handheld Optimized,,,,Active,04/10/2026,0,,
Planet Coaster 2,Xbox / PC,Yes,Active,04/09/2026,,4.433333333,11/06/2024,1.425,76,32,Simulation,Exclusive,,,,,Active,04/09/2026,0,,
Final Fantasy IV,Xbox / PC,Yes,Active,04/07/2026,,4.5,09/17/2014,11.55555556,67,23,RPG,Exclusive,,,,,Active,04/07/2026,0,,
Barbie Horse Trails,Xbox / PC,Yes,Active,04/02/2026,,4.666666667,10/13/2008,17.46944444,80,6,Action-Adventure,,Handheld Optimized,,,,Active,04/02/2026,0,,
Resident Evil 7: Biohazard,Xbox / PC,Yes,Active,03/31/2026,,4.733333333,01/24/2017,9.183333333,86,9,Action-Adventure,,"Returning title: Joined 9/3/20, left 5/31/22",,,,Active,03/31/2026,0,,
Super Meat Boy 3D,Xbox / PC,Yes,Active,03/31/2026,,4.733333333,03/31/2026,0,75,6,Platformer,Exclusive,Handheld Optimized,,,,TBD,,4.733333333,,
The Long Dark,Xbox / PC,Yes,Active,03/30/2026,,4.733333333,08/01/2017,8.663888889,77,20,Action-Adventure,,"Returning title: Joined 4/16/20, left 4/15/23",,,,Active,03/30/2026,0,,
Easy Delivery Co.,Xbox / PC,Yes,Active,03/26/2026,,4.866666667,09/18/2025,0.5222222222,73,5,Action-Adventure,,Handheld Optimized,,,,Active,03/26/2026,0,,
Nova Roma (Game Preview),PC,,Active,03/26/2026,,4.866666667,03/26/2026,0,,7,Strategy,,,,,,TBD,,4.866666667,,
Absolum,Xbox / PC,Yes,Active,03/25/2026,,4.9,10/09/2025,0.4611111111,87,9,Beat-’Em-Up,Exclusive,,,,,Active,03/25/2026,0,,
Like a Dragon: Infinite Wealth,Xbox / PC,Yes,Active,03/24/2026,,4.933333333,01/26/2024,2.161111111,89,45,RPG,,Handheld Optimized,,,,Active,03/24/2026,0,,
Disco Elysium,Xbox / PC,Yes,Active,03/19/2026,,5.1,10/15/2019,6.427777778,91,23,RPG,Exclusive,,,,,Active,03/19/2026,0,,
DreamWorks Gabby's Dollhouse: Ready to Party,Xbox / PC,Yes,Active,03/17/2026,,5.166666667,09/19/2025,0.4944444444,80,3,Action-Adventure,Exclusive,,,,,Active,03/17/2026,0,,
Construction Simulator,Xbox / PC,Yes,Active,03/10/2026,,5.4,11/06/2019,6.344444444,72,43,Simulation,,,,,,Active,03/10/2026,0,,
Cyberpunk 2077,Xbox,Yes,Active,03/10/2026,,5.4,12/10/2020,5.25,86,18,RPG,,,,,,Active,03/10/2026,0,,
Planet of Lana II: Children of the Leaf,Xbox / PC,Yes,Active,03/05/2026,,5.566666667,03/05/2026,0,83,6,Action-Adventure,Exclusive,Handheld Optimized,,,,TBD,,5.566666667,,
F1 25,Xbox / PC,Yes,Active,03/04/2026,,5.6,03/04/2026,0,80,6,Racing,Exclusive,,,,,TBD,,5.6,,
Final Fantasy III,Xbox / PC,Yes,Active,03/03/2026,,5.633333333,07/28/1990,35.59722222,77,28,RPG,Exclusive,,,,,Active,03/03/2026,0,,
Kingdom Come: Deliverance II,Xbox / PC,Yes,Active,03/03/2026,,5.633333333,02/11/2025,1.061111111,88,40,Action-Adventure,Exclusive,,,,,Active,03/03/2026,0,,
Minishoot' Adventures,Xbox / PC,Yes,Active,03/03/2026,,5.633333333,04/02/2024,1.919444444,87,8,Strategy,,,,,,Active,03/03/2026,0,,
Dice A Million,PC,,Active,02/25/2026,,5.9,02/25/2026,0,85,5,Strategy,,,,,,TBD,,5.9,,
TCG Card Shop Simulator (Game Preview),Xbox / PC,Yes,Active,02/24/2026,,5.933333333,09/15/2023,2.441666667,,32,Simulation,Exclusive,Handheld Optimized,,,,Active,02/24/2026,0,,
Beyond Zork: The Coconut of Quendor,Xbox / PC,Yes,Active,02/19/2026,,6.1,10/01/1987,38.38333333,,,Action-Adventure,,Retro Classics: DOS,,,,Active,02/19/2026,0,,
Kabobber,Xbox / PC,Yes,Active,02/19/2026,,6.1,01/01/1983,43.13333333,,,,,Retro Classics: Atari 2600,,,,Active,02/19/2026,0,,
Return to Zork,Xbox / PC,Yes,Active,02/19/2026,,6.1,08/11/1993,32.52222222,,,Point and Click,,Retro Classics: DOS,,,,Active,02/19/2026,0,,
Seaquest,Xbox / PC,Yes,Active,02/19/2026,,6.1,02/01/1983,43.05,,,Strategy,,Retro Classics: Atari 2600,,,,Active,02/19/2026,0,,
Stampede,Xbox / PC,Yes,Active,02/19/2026,,6.1,12/01/1981,44.21666667,,,,,Retro Classics: Atari 2600,,,,Active,02/19/2026,0,,
EA Sports College Football 26,Xbox,Yes,Active,02/19/2026,,6.1,07/18/2025,0.5861111111,82,6,Sports,Exclusive,,,,,TBD,,6.1,,
Aerial_Knight's DropShot,Xbox / PC,Yes,Active,02/17/2026,,6.166666667,02/15/2024,2.005555556,60,2,Action-Adventure,Exclusive,Handheld Optimized,,,,Coming Soon,08/25/2026,6.266666667,,
Avatar: Frontiers of Pandora,Xbox / PC,Yes,Active,02/17/2026,,6.166666667,12/07/2023,2.194444444,72,18,Shooter,Exclusive,Handheld Optimized,,,,TBD,,6.166666667,,
High on Life 2,Xbox / PC,Yes,Active,02/13/2026,,6.3,02/13/2026,0,73,12,Shooter,Exclusive,,,,,TBD,,6.3,,
Kingdom Come: Deliverance,Xbox / PC,Yes,Active,02/13/2026,,6.3,02/13/2018,8,78,50,Action-Adventure,,"Returning title: Joined 8/22/19, left 8/14/20",,,,Active,02/13/2026,0,,
BlazBlue Entropy Effect X,Xbox / PC,Yes,Active,02/12/2026,,6.333333333,02/12/2026,0,83,13,Action-Adventure,Exclusive,,,,,Active,08/19/2026,6.233333333,,
Roadside Research (Game Preview),Xbox / PC,,Active,02/12/2026,,6.333333333,02/12/2026,0,,24,Action-Adventure,Exclusive,,,,,TBD,,6.333333333,,
Diablo II: Resurrected,Xbox / PC,Yes,Active,02/11/2026,,6.366666667,09/23/2021,4.383333333,80,22,RPG,,,,,,Active,02/11/2026,0,,
Starsand Island,Xbox / PC,Yes,Active,02/11/2026,,6.366666667,02/12/2026,-0.002777777778,90,66,Action-Adventure,Exclusive,,,,,Active,08/20/2026,6.3,,
Relooted,Xbox / PC,Yes,Active,02/10/2026,,6.4,02/10/2026,0,76,6,Action-Adventure,Exclusive,,,,,Active,08/19/2026,6.3,,
Madden NFL 26,Xbox / PC,Yes,Active,02/05/2026,,6.566666667,08/14/2025,0.475,77,4,Sports,,,,,,TBD,,6.566666667,,
Final Fantasy II,Xbox / PC,Yes,Active,02/03/2026,,6.633333333,07/28/2021,4.513888889,77,20,Action-Adventure,Exclusive,,,,,Active,02/03/2026,0,,
Like A Dragon: Pirate Yakuza in Hawaii,Xbox / PC,Yes,Active,02/02/2026,,6.666666667,02/21/2025,0.9472222222,80,35,Action-Adventure,,Handheld Optimized,,,,Active,02/02/2026,0,,
INDIKA,Xbox / PC,Yes,Active,02/02/2026,,6.666666667,05/02/2024,1.75,80,4,Action-Adventure,Exclusive,,,,,Active,02/02/2026,0,,
MySims: Cozy Bundle,PC,,Active,01/29/2026,,6.766666667,11/19/2024,1.194444444,72,44,Simulation,,,,,,TBD,,6.766666667,,
"Warhammer 40,000: Space Marine II",Xbox / PC,Yes,Active,01/29/2026,,6.766666667,09/05/2024,1.4,82,9,Shooter,Exclusive,,,,,Active,01/29/2026,0,,
ANNO: Mutationem,Xbox / PC,Yes,Active,01/28/2026,,6.8,03/17/2022,3.863888889,71,11,Action-Adventure,,,,,,Active,01/28/2026,0,,
Drop Duchy,Xbox / PC,Yes,Active,01/28/2026,,6.8,01/28/2026,0,83,5,Action-Adventure,,,,,,Active,01/28/2026,0,,
The Talos Principle 2: Road to Elysium,Xbox / PC,,Active,01/27/2026,,6.833333333,06/14/2024,1.619444444,88,20,Action-Adventure,Exclusive,,,,,Active,01/27/2026,0,,
Death Stranding: Director's Cut,Xbox / PC,Yes,Active,01/21/2026,,7.033333333,01/21/2021,5,85,38,Action-Adventure,Exclusive,Handheld Optimized,,,,Active,01/21/2026,0,,
Ninja Gaiden: Ragebound,Xbox / PC,Yes,Active,01/21/2026,,7.033333333,07/31/2025,0.475,84,6,Action-Adventure,Exclusive,,,,,Active,01/21/2026,0,,
Resident Evil Village,Xbox / PC,Yes,Active,01/20/2026,,7.066666667,05/07/2021,4.702777778,84,9,Action-Adventure,,,,,,Active,01/20/2026,0,,
MIO: Memories in Orbit,Xbox / PC,Yes,Active,01/20/2026,,7.066666667,01/20/2026,0,83,16,Action-Adventure,Exclusive,Handheld Optimized,,,,Active,08/13/2026,6.766666667,,
Star Wars Outlaws,Xbox / PC,Yes,Active,01/13/2026,,7.3,08/27/2024,1.377777778,75,19,Action-Adventure,Exclusive,Ubisoft Connect launcher,,,,TBD,,7.3,,
Quarantine Zone: The Last Check,PC,,Active,01/12/2026,,7.333333333,01/12/2026,0,67,9,Action-Adventure,,,,,,TBD,,7.333333333,,
FINAL FANTASY,Xbox / PC,Yes,Active,01/08/2026,,7.466666667,06/26/2007,18.53333333,67,16,Action-Adventure,Exclusive,,,,,Active,01/08/2026,0,,
Brews & Bastards,Xbox / PC,Yes,Active,01/06/2026,,7.533333333,09/22/2025,0.2888888889,60,4,Action-Adventure,Exclusive,,,,,Active,01/06/2026,0,,
Little Nightmares: Enhanced Edition,Xbox / PC,Yes,Active,01/06/2026,,7.533333333,05/18/2018,7.633333333,79,4,Action-Adventure,Exclusive,Handheld Optimized,,,,Active,01/06/2026,0,,
Mortal Kombat 1,Xbox / PC,Yes,Active,12/10/2025,,8.4,09/19/2023,2.225,83,7,Action-Adventure,Exclusive,,,,,Active,12/10/2025,0,,
A Game About Digging A Hole,Xbox / PC,Yes,Active,12/09/2025,,8.433333333,02/07/2025,0.8388888889,75,2.35,Adventure,,Handheld Optimized,,,,Active,12/09/2025,0,,
Death Howl,Xbox / PC,Yes,Active,12/09/2025,,8.433333333,12/09/2025,0,82,25,Adventure,Exclusive,"Handheld Optimized, joined console and cloud 2/18/26",,,,Active,02/18/2026,2.3,,
Dome Keeper,Xbox / PC,Yes,Active,12/09/2025,,8.433333333,09/27/2022,3.2,90,5,Action,,Handheld Optimized,,,,Active,12/09/2025,0,,
ROUTINE,Xbox / PC,Yes,Active,12/04/2025,,8.6,12/04/2025,0,79,6,Action-Adventure,,Handheld Optimized,,,,TBD,,8.6,,
Lost Records: Bloom & Rage,Xbox / PC,Yes,Active,12/02/2025,,8.666666667,02/18/2025,0.7888888889,74,11,Action-Adventure,Exclusive,,,,,Active,12/02/2025,0,,
Marvel Cosmic Invasion,Xbox / PC,Yes,Active,12/01/2025,,8.7,12/01/2025,0,81,4,Beat ’em up,,Handheld Optimized,,,,TBD,,8.7,,
Banishers: Ghosts of New Eden,Xbox / PC,Yes,Active,11/25/2025,,8.9,02/13/2024,1.783333333,78,27,Action-Adventure,Exclusive,Handheld Optimized,,,,Active,11/25/2025,0,,
Kill It With Fire! 2,Xbox / PC,Yes,Active,11/25/2025,,8.9,11/25/2025,0,70,8,Shooter,,,,,,Active,11/25/2025,0,,
Young Suns,Xbox / PC,Yes,Active,11/25/2025,,8.9,11/25/2025,0,,2,Virtual Life,,,,,,Coming Soon,08/31/2026,9.166666667,,
Clover Pit,Xbox / PC,Yes,Active,11/20/2025,,9.066666667,09/26/2025,0.15,77,8,Action-Adventure,,Handheld Optimized,,,,TBD,,9.066666667,,
Monsters are Coming! Rock & Road,PC,,Active,11/20/2025,,9.066666667,11/20/2025,0,79,3,Action-Adventure,,,,,,Active,08/06/2026,8.533333333,,
The Crew Motorfest,Xbox / PC,Yes,Active,11/20/2025,,9.066666667,09/14/2023,2.183333333,76,21,Racing,,,,,,TBD,,9.066666667,,
Total Chaos (2025),Xbox / PC,Yes,Active,11/20/2025,,9.066666667,11/20/2025,0,80,11,Action-Adventure,Exclusive,,,,,TBD,,9.066666667,,
Moonlighter 2: The Endless Vault (Game Preview),PC,,Active,11/19/2025,,9.1,11/19/2025,0,,13,Action-Adventure,,,,,,TBD,,9.1,,
Call of Duty: Black Ops 7,Xbox / PC,Yes,Active,11/14/2025,,9.266666667,11/14/2025,0,65,5,Shooter,,,,,,TBD,,9.266666667,,
Relic Hunters Legend,Xbox / PC,Yes,Active,11/12/2025,,9.333333333,08/14/2025,0.2444444444,,29,Shoot-’Em-Up,,,,,,Active,11/12/2025,0,,
Winter Burrow,Xbox / PC,Yes,Active,11/12/2025,,9.333333333,11/12/2025,0,68,8,Action-Adventure,,,,,,TBD,,9.333333333,,
Great God Grove,Xbox / PC,Yes,Active,11/11/2025,,9.366666667,11/15/2024,0.9888888889,81,6,Action-Adventure,Exclusive,,,,,Active,11/11/2025,0,,
Lara Croft and the Temple of Osiris,Xbox / PC,Yes,Active,11/11/2025,,9.366666667,12/09/2014,10.92222222,74,5,Action-Adventure,,,,,,Active,11/11/2025,0,,
Pigeon Simulator,Xbox / PC,Yes,Active,11/11/2025,,9.366666667,11/11/2025,0,64,7,Sandbox,Exclusive,,,,,TBD,,9.366666667,,
Voidtrain,Xbox / PC,Yes,Active,11/07/2025,,9.5,11/07/2025,0,82,19,Shooter,Exclusive,,,,,Active,11/07/2025,0,,
Egging On,Xbox / PC,Yes,Active,11/06/2025,,9.533333333,11/06/2025,0,80,8,Platformer,Exclusive,,,,,Active,08/18/2026,9.4,,
Dead Static Drive,Xbox / PC,Yes,Active,11/05/2025,,9.566666667,11/05/2025,0,35,,Survival,,,,,,TBD,,9.566666667,,
Pacific Drive,Xbox / PC,Yes,Active,10/23/2025,,9.966666667,02/21/2024,1.672222222,79,20,Driving,Exclusive,,,,,Active,10/23/2025,0,,
1000xResist,Xbox / PC,Yes,Active,11/04/2025,,9.6,05/09/2025,0.4861111111,86,11,Action-Adventure,Exclusive,,,,,TBD,,9.6,,
Football Manager 26,PC,,Active,11/04/2025,,9.6,11/04/2025,0,68,64,Management,,,,,,Active,04/13/2026,5.3,,
The Outer Worlds 2,Xbox / PC,Yes,Active,10/29/2025,,9.766666667,10/29/2025,0,83,16,RPG,Exclusive,,,,,TBD,,9.766666667,,
Halls of Torment,Xbox / PC,Yes,Active,10/28/2025,,9.8,11/24/2025,-0.07222222222,88,12,Shoot-'Em-Up,Exclusive,,,,,Active,10/28/2025,0,,
PowerWash Simulator 2,Xbox / PC,Yes,Active,10/23/2025,,9.966666667,10/23/2025,0,82,37,Simulation,Exclusive,,,,,Active,08/06/2026,9.433333333,,
Bounty Star: The Morose Tale of Graveyard Clem,Xbox / PC,Yes,Active,10/23/2025,,9.966666667,10/23/2025,0,74,13,Shooter,Exclusive,,,,,Active,08/11/2026,9.6,,
Evil West,Xbox / PC,Yes,Active,10/21/2025,,10.03333333,11/22/2022,2.913888889,73,11,Shooter,,"Returning title: Joined 3/21/24, left 3/15/25",M,"Blood and Gore, Intense Violence, Strong Language",,Active,10/21/2025,0,,
Ninja Gaiden 4,Xbox / PC,Yes,Active,10/21/2025,,10.03333333,10/21/2025,0,82,12,Action-Adventure,Exclusive,,,,,TBD,,10.03333333,,
Keeper (2025),Xbox / PC,Yes,Active,10/17/2025,,10.16666667,10/17/2025,0,80,5,Action-Adventure,Exclusive,,,,,TBD,,10.16666667,,
BattleTech: The Crescent Hawk's Inception,Xbox / PC,Yes,Active,10/15/2025,,10.23333333,11/01/1989,35.95555556,,8,RPG,,Retro Classics: Amagi,,,,Active,10/15/2025,0,,
BattleTech: The Crescent Hawk's Revenge,Xbox / PC,Yes,Active,10/15/2025,,10.23333333,01/01/1990,35.78888889,,,Strategy,,Retro Classics: DOS,,,,Active,10/15/2025,0,,
Ice Hockey,Xbox / PC,Yes,Active,10/15/2025,,10.23333333,12/01/1981,43.87222222,,1,Sports,,Retro Classics: Atari 2600,,,,Active,10/15/2025,0,,
Moonsweeper,Xbox / PC,Yes,Active,10/15/2025,,10.23333333,01/01/1983,42.78888889,,,Action-Adventure,,Retro Classics: Atari 2600,,,,Active,10/15/2025,0,,
Pax Dei,PC,,Active,10/16/2025,,10.2,10/16/2025,0,,,RPG,,,,,,TBD,,10.2,,
Ball x Pit,Xbox / PC,Yes,Active,10/15/2025,,10.23333333,10/15/2025,0,84,19,Shoot-'Em-Up,,,,,,Active,08/12/2026,9.9,,
The Casting of Frank Stone,Xbox / PC,Yes,Active,10/14/2025,,10.26666667,09/03/2024,1.113888889,68,6,Action-Adventure,Exclusive,,,,,TBD,,10.26666667,,
Heroes of Might and Magic II: Gold Edition,PC,,Active,10/10/2025,,10.4,09/30/1996,29.02777778,,80,Strategy,,Ubisoft games joining with price increase,,,,TBD,,10.4,,
Heroes of Might and Magic III: Complete Edition,PC,,Active,10/10/2025,,10.4,02/28/1999,26.61666667,65,153,Strategy,,Ubisoft games joining with price increase,,,,TBD,,10.4,,
Little Rocket Lab,Xbox / PC,Yes,Active,10/08/2025,,10.46666667,10/07/2025,0.002777777778,83,42,Sandbox,,,,,,Active,04/21/2026,6.433333333,,
Supermarket Simulator,Xbox / PC,Yes,Active,10/08/2025,,10.46666667,06/19/2025,0.3027777778,76.66666667,22,Simulation,,,,,,TBD,,10.46666667,,
Sopa: Tale of the Stolen Potato,Xbox / PC,Yes,Active,10/07/2025,,10.5,10/07/2025,0,79,3,Action-Adventure,,,,,,Active,04/21/2026,6.466666667,,
Hogwarts Legacy,Xbox / PC,Yes,Active,10/01/2025,,10.7,02/07/2023,2.65,84,27,Action-Adventure,,Ubisoft games joining with price increase,,,,Active,10/01/2025,0,,
Assassin's Creed II,Xbox / PC,,Active,10/01/2025,,10.7,11/17/2009,15.87222222,90,19,Action-Adventure,,Ubisoft games joining with price increase,,,,TBD,,10.7,,
Assassin's Creed III: Remastered,Xbox / PC,Yes,Active,10/01/2025,,10.7,03/29/2019,6.505555556,72,15,Action-Adventure,,Ubisoft games joining with price increase,,,,TBD,,10.7,,
Assassin's Creed IV Black Flag,Xbox / PC,Yes,Active,10/01/2025,,10.7,10/29/2013,11.92222222,88,24,Action-Adventure,,Ubisoft games joining with price increase,,,,TBD,,10.7,,
Assassin's Creed IV Black Flag: Freedom Cry,Xbox / PC,,Active,10/01/2025,,10.7,12/18/2013,11.78611111,71,4,Action-Adventure,,Ubisoft games joining with price increase,,,,TBD,,10.7,,
Assassin's Creed Brotherhood,Xbox / PC,,Active,10/01/2025,,10.7,11/16/2010,14.875,89,15,Action-Adventure,,Ubisoft games joining with price increase,,,,TBD,,10.7,,
Assassin's Creed Chronicles: China,Xbox / PC,Yes,Active,10/01/2025,,10.7,04/21/2015,10.44444444,69,6,Action-Adventure,,Ubisoft games joining with price increase,,,,TBD,,10.7,,
Assassin's Creed Chronicles: India,Xbox / PC,Yes,Active,10/01/2025,,10.7,01/13/2016,9.716666667,63,6,Action-Adventure,,Ubisoft games joining with price increase,,,,TBD,,10.7,,
Assassin's Creed Chronicles: Russia,Xbox / PC,Yes,Active,10/01/2025,,10.7,02/09/2016,9.644444444,62,7,Action-Adventure,,Ubisoft games joining with price increase,,,,TBD,,10.7,,
Assassin's Creed Liberation HD,Xbox / PC,,Active,10/01/2025,,10.7,01/15/2014,11.71111111,62,8,Action-Adventure,,Ubisoft games joining with price increase,,,,TBD,,10.7,,
Assassin's Creed Revelations,Xbox / PC,,Active,10/01/2025,,10.7,11/15/2011,13.87777778,80,13,Action-Adventure,,Ubisoft games joining with price increase,,,,TBD,,10.7,,
Assassin's Creed Rogue: Remastered,Xbox / PC,Yes,Active,10/01/2025,,10.7,03/20/2018,7.530555556,71,11,Action-Adventure,,Ubisoft games joining with price increase,,,,TBD,,10.7,,
Assassin's Creed Syndicate,Xbox / PC,Yes,Active,10/01/2025,,10.7,10/23/2015,9.938888889,76,19,Action-Adventure,,Ubisoft games joining with price increase,,,,TBD,,10.7,,
Assassin's Creed: The Ezio Collection,Xbox / PC,Yes,Active,10/01/2025,,10.7,11/15/2016,8.877777778,72,72,Action-Adventure,,Ubisoft games joining with price increase,,,,TBD,,10.7,,
Assassin's Creed Unity,Xbox / PC,Yes,Active,10/01/2025,,10.7,11/11/2014,10.88888889,72,17,Action-Adventure,,Ubisoft games joining with price increase,,,,TBD,,10.7,,
Child of Light,Xbox / PC,Yes,Active,10/01/2025,,10.7,04/29/2014,11.42222222,82,11,RPG,,Ubisoft games joining with price increase,,,,TBD,,10.7,,
Far Cry 3,Xbox / PC,Yes,Active,10/01/2025,,10.7,12/04/2012,12.825,88,16,Action-Adventure,,Ubisoft games joining with price increase,,,,TBD,,10.7,,
Far Cry 3: Blood Dragon,Xbox / PC,Yes,Active,10/01/2025,,10.7,05/01/2013,12.41666667,80,5,Action-Adventure,,Ubisoft games joining with price increase,,,,TBD,,10.7,,
Far Cry Primal,Xbox / PC,Yes,Active,10/01/2025,,10.7,02/23/2016,9.605555556,76,15,Action-Adventure,,Ubisoft games joining with price increase,,,,TBD,,10.7,,
Hungry Shark World,Xbox / PC,Yes,Active,10/01/2025,,10.7,07/17/2018,7.205555556,58,8,Action-Adventure,,Ubisoft games joining with price increase,,,,TBD,,10.7,,
Monopoly Madness,Xbox / PC,Yes,Active,10/01/2025,,10.7,12/19/2022,2.783333333,,6,Party,,Ubisoft games joining with price increase,,,,TBD,,10.7,,
Monopoly (2024),Xbox / PC,Yes,Active,10/01/2025,,10.7,09/26/2024,1.013888889,74,14,Board,,Ubisoft games joining with price increase,,,,TBD,,10.7,,
OddBallers,Xbox / PC,Yes,Active,10/01/2025,,10.7,01/26/2023,2.680555556,71,8,Party,,Ubisoft games joining with price increase,,,,TBD,,10.7,,
Prince of Persia: The Lost Crown,Xbox / PC,Yes,Active,10/01/2025,,10.7,01/18/2024,1.702777778,86,17,Metroidvania,,Ubisoft games joining with price increase,,,,TBD,,10.7,,
Rabbids Invasion: The Interactive TV Show,Xbox,Yes,Active,10/01/2025,,10.7,11/08/2014,10.89722222,53,10,Party,,Ubisoft games joining with price increase,,,,TBD,,10.7,,
Rabbids: Party of Legends,Xbox / PC,Yes,Active,10/01/2025,,10.7,06/30/2022,3.252777778,69,3,Party,,Ubisoft games joining with price increase,,,,TBD,,10.7,,
Rayman Legends,Xbox / PC,Yes,Active,10/01/2025,,10.7,09/03/2013,12.07777778,92,10,Platformer,,Ubisoft games joining with price increase,,,,TBD,,10.7,,
Risk: Urban Assault,Xbox,Yes,Active,10/01/2025,,10.7,08/02/2016,9.163888889,61,4,Board,,Ubisoft games joining with price increase,,,,TBD,,10.7,,
Skull and Bones,Xbox / PC,Yes,Active,10/01/2025,,10.7,02/16/2024,1.625,59,32,Action-Adventure,,Ubisoft games joining with price increase,,,,TBD,,10.7,,
South Park: The Stick of Truth,Xbox / PC,Yes,Active,10/01/2025,,10.7,03/04/2014,11.575,85,12,RPG,,Ubisoft games joining with price increase,,,,TBD,,10.7,,
Starlink: Battle for Atlas,Xbox / PC,Yes,Active,10/01/2025,,10.7,10/16/2018,6.958333333,74,15,Simulation,,Ubisoft games joining with price increase,,,,TBD,,10.7,,
Steep,Xbox / PC,Touch Controls,Active,10/01/2025,,10.7,11/29/2016,8.838888889,71,12,Sports,FPS Boost S Only,"Returning title: Joined 5/6/21, left 5/15/22. Ubisoft games joining with price increase",,,,TBD,,10.7,,
The Crew 2,Xbox / PC,Yes,Active,10/01/2025,,10.7,06/26/2018,7.263888889,64,21,Racing,,Ubisoft games joining with price increase,,,,TBD,,10.7,,
The Settlers: New Allies,Xbox / PC,Yes,Active,10/01/2025,,10.7,02/17/2023,2.622222222,54,35,Management,,Ubisoft games joining with price increase,,,,TBD,,10.7,,
Tom Clancy's Ghost Recon Breakpoint,Xbox / PC,Yes,Active,10/01/2025,,10.7,10/01/2019,6,56,23,Shooter,,Ubisoft games joining with price increase,,,,TBD,,10.7,,
Tom Clancy's Rainbow Six: Extraction,Xbox / PC,Yes,Active,10/01/2025,,10.7,01/20/2022,3.697222222,71.5,8,Shooter,,"Returning game: added 1/20/22, left 4/15/23. Ubisoft Connect launcher. Ubisoft games joining with price increase",M,"Blood, Drug Reference, Strong Language, Violence",,TBD,,10.7,,
Tom Clancy's The Division,Xbox / PC,Yes,Active,10/01/2025,,10.7,03/08/2016,9.563888889,80,24,Shooter,,"Returning title: Joined 12/1/19, left 6/10/18. Ubisoft games joining with price increase",,,,TBD,,10.7,,
Trackmania Turbo,Xbox / PC,Yes,Active,10/01/2025,,10.7,03/22/2016,9.525,81,13,Racing,,Ubisoft games joining with price increase,,,,TBD,,10.7,,
Transference,Xbox,Yes,Active,10/01/2025,,10.7,09/18/2018,7.036111111,71,2,Action-Adventure,,Ubisoft games joining with price increase,,,,TBD,,10.7,,
Trials Fusion,Xbox / PC,Yes,Active,10/01/2025,,10.7,04/15/2014,11.46111111,79,7,Racing,,Ubisoft games joining with price increase,,,,TBD,,10.7,,
Trials of the Blood Dragon,Xbox / PC,Yes,Active,10/01/2025,,10.7,06/13/2016,9.3,55,3,Racing,,Ubisoft games joining with price increase,,,,TBD,,10.7,,
Trials Rising,Xbox / PC,Yes,Active,10/01/2025,,10.7,02/26/2019,6.597222222,79,18,Racing,,Ubisoft games joining with price increase,,,,TBD,,10.7,,
Uno,Xbox / PC,Yes,Active,10/01/2025,,10.7,05/09/2006,19.39444444,81,3,Board,,Ubisoft games joining with price increase,,,,TBD,,10.7,,
Valiant Hearts: The Great War,Xbox / PC,Yes,Active,10/01/2025,,10.7,06/24/2014,11.26944444,77,7,Platformer,,Ubisoft games joining with price increase,,,,TBD,,10.7,,
Watch_Dogs,Xbox / PC,Yes,Active,10/01/2025,,10.7,05/27/2014,11.34444444,80,20,Action-Adventure,,Ubisoft games joining with price increase,,,,TBD,,10.7,,
Wheel of Fortune,Xbox,Yes,Active,10/01/2025,,10.7,11/07/2017,7.9,80,2,Trivia,,Ubisoft games joining with price increase,,,,TBD,,10.7,,
Zombi,Xbox / PC,Yes,Active,10/01/2025,,10.7,08/18/2015,10.11944444,65,12,Survival,,Ubisoft games joining with price increase,,,,TBD,,10.7,,
Lara Croft and the Guardian of Light,Xbox / PC,Yes,Active,09/30/2025,,10.73333333,02/27/2015,10.59166667,84,7,Action-Adventure,,,,,,Active,09/30/2025,0,,
Visions of Mana,Xbox / PC,Yes,Active,09/25/2025,,10.9,08/29/2024,1.072222222,75,29,RPG,Exclusive,,,,,Active,09/25/2025,0,,
SWORN,Xbox / PC,Yes,Active,09/23/2025,,10.96666667,09/23/2025,0,77.66666667,10,RPG,Exclusive,,,,,Active,10/01/2025,0.2666666667,,
Hades,Xbox / PC,Touch Controls,Active,09/19/2025,,11.1,12/07/2018,6.783333333,93.5,21,Action / RPG,Optimized,"Game Pass Essential (10/1/25). Returning title: Joined 8/13/21, left 8/31/22",T,"Blood, Suggestive Themes, Alcohol Reference, Mild Language, Violence",,Active,09/19/2025,0,10/01/2025,0.4
Wobbly Life,Xbox / PC,Yes,Active,09/18/2025,,11.13333333,08/29/2025,0.05277777778,80,3,Action-Adventure,Exclusive,,,,,Active,09/18/2025,0,,
Deep Rock Galactic: Survivor,Xbox / PC,Yes,Active,09/17/2025,,11.16666667,09/17/2025,0,86,15,Shooter,Exclusive,,,,,Active,10/01/2025,0.4666666667,,
RoadCraft,Xbox / PC,Yes,Active,09/16/2025,,11.2,05/20/2025,0.3222222222,77,51,Racing,Exclusive,Joined PC 1/21/26,,,,Active,09/16/2025,0,,
Hollow Knight: Silksong,Xbox / PC,Yes,Active,09/04/2025,,11.6,09/04/2025,0,90,28,Metroidvania,,Handheld Optimized,,,,Active,03/12/2026,6.266666667,,
Cataclismo,PC,,Active,09/04/2025,,11.6,03/20/2025,0.4555555556,82,16,Defense,,,,,,Active,10/01/2025,0.9,,
Dragon Age: The Veilguard,Xbox / PC,Yes,Active,08/28/2025,,11.8,10/31/2024,0.8277777778,82,29,RPG,Exclusive,,,,,TBD,,11.8,,
Gears of War: Reloaded,Xbox / PC,Yes,Active,08/26/2025,,11.86666667,08/26/2025,0,79,7,Shooter,Exclusive,,,,,TBD,,11.86666667,,
Herdling,Xbox / PC,Yes,Active,08/21/2025,,12.03333333,08/21/2025,0,77,4,Action-Adventure,Exclusive,,,,,TBD,,12.03333333,,
The Rogue Prince of Persia,Xbox / PC,Yes,Active,08/20/2025,,12.06666667,08/20/2025,0,81,8,Platformer,,,,,,TBD,,12.06666667,,
VOID/BREAKER,PC,,Active,08/19/2025,,12.1,08/19/2025,0,,3,Shooter,,,,,,TBD,,12.1,,
9 Kings (Game Preview),PC,,Active,08/14/2025,,12.26666667,08/14/2025,0,,3,Card Battle,,,,,,Active,10/01/2025,1.566666667,,
Caesar III,Xbox / PC,Yes,Active,08/14/2025,,12.26666667,09/30/1998,26.87222222,,,Strategy,,Retro Classics: Windows 9x,,,,Active,08/14/2025,0,,
Climber 5,Xbox / PC,Yes,Active,08/14/2025,,12.26666667,01/01/1987,38.61944444,,,,,Retro Classics: Atari 2600,,,,Active,08/14/2025,0,,
The Colonel's Bequest,Xbox / PC,Yes,Active,08/14/2025,,12.26666667,10/01/1989,35.86944444,,3.5,Action-Adventure,,Retro Classics: Amiga,,,,Active,08/14/2025,0,,
Private Eye,Xbox / PC,Yes,Active,08/14/2025,,12.26666667,02/01/1984,41.53611111,,,,,Retro Classics: Atari 2600,,,,Active,08/14/2025,0,,
Oystron,Xbox / PC,Yes,Active,08/14/2025,,12.26666667,01/01/1997,28.61944444,,,,,Retro Classics: Atari 2600,,,,Active,08/14/2025,0,,
Shootin' Gallery,Xbox / PC,Yes,Active,08/14/2025,,12.26666667,01/01/1982,43.61944444,,,,,Retro Classics: Atari 2600,,,,Active,08/14/2025,0,,
Wing War,Xbox / PC,Yes,Active,08/14/2025,,12.26666667,12/31/1983,41.62222222,,,,,Retro Classics: Atari 2600,,,,Active,08/14/2025,0,,
Assassin's Creed Mirage,Xbox / PC,Yes,Active,08/07/2025,,12.5,10/05/2023,1.838888889,76,16,RPG,,,,,,TBD,,12.5,,
Heretic + Hexen,Xbox / PC,Yes,Active,08/07/2025,,12.5,08/07/2025,0,82,27,Compilation,,,,,,Active,08/04/2026,11.9,,
Farming Simulator 25,Xbox / PC,Yes,Active,08/01/2025,,12.7,11/12/2024,0.7194444444,75,,Simulation,,,,,,Active,08/01/2025,0,,
Grounded 2 (Game Preview),Xbox / PC,Yes,Active,07/29/2025,,12.76666667,07/29/2025,0,,,Sandbox,Exclusive,,,,,Active,08/11/2026,12.4,,
WUCHANG: Fallen Feathers,Xbox / PC,Yes,Active,07/24/2025,,12.93333333,07/24/2025,0,74,32,RPG,Exclusive,,,,,TBD,,12.93333333,,
Wheel World,Xbox / PC,Yes,Active,07/23/2025,,12.96666667,07/23/2025,0,71,5,Action-Adventure,Exclusive,,,,,TBD,,12.96666667,,
Abiotic Factor,Xbox / PC,Yes,Active,07/22/2025,,13,07/22/2025,0,88,33,Survival,Exclusive,,,,,Active,10/01/2025,2.3,,
Descenders Next (Game Preview),Xbox / PC,Yes,Active,07/21/2025,,13.03333333,07/21/2025,0,,,Sports,,,,,,TBD,,13.03333333,,
Caesar,Xbox / PC,Yes,Active,07/21/2025,,13.03333333,01/01/1992,33.55555556,,,City‑building,,Retro Classics: Amiga,,,,Active,07/21/2025,0,,
Conquests of Camelot: The Search for the Grail,Xbox / PC,Yes,Active,07/21/2025,,13.03333333,01/01/1990,35.55555556,,4,Action-Adventure,,Retro Classics: Amiga,,,,Active,07/21/2025,0,,
Gabriel Knight: Sins of the Fathers,Xbox / PC,Yes,Active,07/21/2025,,13.03333333,01/01/1993,32.55555556,,11,Action-Adventure,,Retro Classics: DOS,,,,Active,07/21/2025,0,,
Hard Head,Xbox / PC,Yes,Active,07/21/2025,,13.03333333,01/01/1983,42.55555556,,,,,Retro Classics: Atari 2600,,,,Active,07/21/2025,0,,
Okie Dokie,Xbox / PC,Yes,Active,07/21/2025,,13.03333333,01/01/1996,29.55555556,,,,,Retro Classics: Atari 2600,,,,Active,07/21/2025,0,,
Skate Boardin',Xbox / PC,Yes,Active,07/21/2025,,13.03333333,07/14/1987,38.01944444,,,,,Retro Classics: Atari 2600,,,,Active,07/21/2025,0,,
Skeleton+,Xbox / PC,Yes,Active,07/21/2025,,13.03333333,01/01/2003,22.55555556,,,,,Retro Classics: Atari 2600,,,,Active,07/21/2025,0,,
RoboCop: Rogue City,Xbox / PC,Yes,Active,07/17/2025,,13.16666667,11/02/2023,1.708333333,72,12,Shooter,Exclusive,,,,,Active,07/17/2025,0,,
High on Life,Xbox / PC,M+KB,Active,07/15/2025,,13.23333333,12/13/2022,2.588888889,67,9,First-Person Shooter,,"Returning title: Joined 12/12/22, left 6/15/24",M,"Violence, Blood, Sexual Themes, Use of Drugs, Strong Language, Crude Humor",,Active,07/15/2025,0,,
Tony Hawk's Pro Skater 3 + 4,Xbox / PC,Yes,Active,07/11/2025,,13.36666667,07/11/2025,0,82,18,Skating,,,,,,Active,07/02/2026,11.7,,
Cosmic Commuter,Xbox / PC,Yes,Active,07/01/2025,,13.7,01/01/1985,40.5,,,Shooter,,Retro Classics: Atari 2600,,,,Active,07/01/2025,0,,
Heart of China,Xbox / PC,Yes,Active,07/01/2025,,13.7,01/01/1991,34.5,,4,Adventure,,Retro Classics: DOS,,,,Active,07/01/2025,0,,
Skiing,Xbox / PC,Yes,Active,07/01/2025,,13.7,01/01/1980,45.5,,1,Sports,,Retro Classics: Atari 2600,,,,Active,07/01/2025,0,,
Solar Storm,Xbox / PC,Yes,Active,07/01/2025,,13.7,01/01/1983,42.5,,,Action-Adventure,,Retro Classics: Atari 2600,,,,Active,07/01/2025,0,,
Subterranea,Xbox / PC,Yes,Active,07/01/2025,,13.7,01/01/1983,42.5,,,Shooter,,Retro Classics: Atari 2600,,,,Active,07/01/2025,0,,
Little Nightmares II,Xbox / PC,Yes,Active,07/01/2025,,13.7,02/11/2021,4.388888889,82,6,Action-Adventure,,,,,,Active,07/01/2025,0,,
Call of Duty: WWII,Xbox / PC,,Active,06/30/2025,,13.73333333,11/03/2017,7.658333333,79,7,Shooter,,,,,,Active,06/30/2025,0,,
Warcraft I: Remastered,PC,,Active,06/26/2025,,13.86666667,11/13/2024,0.6194444444,71,15,Strategy,,,,,,Active,10/01/2025,3.166666667,,
Warcraft II: Remastered,PC,,Active,06/26/2025,,13.86666667,11/13/2024,0.6194444444,71.5,21,Strategy,,,,,,Active,10/01/2025,3.166666667,,
Warcraft III: Reforged,PC,,Active,06/26/2025,,13.86666667,01/28/2020,5.411111111,59,31,Strategy,,,,,,Active,10/01/2025,3.166666667,,
Rematch,Xbox / PC,Yes,Active,06/19/2025,,14.1,06/19/2025,0,78,37,Sports,Exclusive,,,,,Active,01/07/2026,6.6,,
FBC: Firebreak,Xbox / PC,Yes,Active,06/17/2025,,14.16666667,06/17/2025,0,64,7,Shooter,Exclusive,,,,,Active,04/08/2026,9.7,,
Crash Bandicoot 4: It's About Time,Xbox / PC,,Active,06/17/2025,,14.16666667,10/02/2020,4.708333333,85,10,Plaformer,,,,,,Active,06/17/2025,0,,
Lost in Random: The Eternal Die,Xbox / PC,Yes,Active,06/17/2025,,14.16666667,06/17/2025,0,78,6,Action-Adventure,Exclusive,,,,,Active,01/07/2026,6.666666667,,
The Alters,Xbox / PC,Yes,Active,06/13/2025,,14.3,06/13/2025,0,84,19,Survival,Exclusive,,,,,Active,03/18/2026,9.166666667,,
EA Sports FC 25,Xbox / PC,Yes,Active,06/12/2025,,14.33333333,09/27/2024,0.7083333333,76,35,Sports,,,,,,TBD,,14.33333333,,
Baldur's Gate: Enhanced Edition,Xbox / PC,Yes,Active,06/05/2025,,14.56666667,11/28/2012,12.51944444,78,31,RPG,,Joined PC 10/9/25,,,,Active,06/05/2025,0,,
Baldur's Gate II: Enhanced Edition,Xbox / PC,Yes,Active,06/05/2025,,14.56666667,11/15/2013,11.55555556,78,45,RPG,,Joined PC 10/9/25,,,,Active,06/05/2025,0,,
Symphonia (2024),Xbox / PC,Yes,Active,06/03/2025,,14.63333333,12/05/2024,0.4944444444,85,5,Platformer,,,,,,Active,06/03/2025,0,,
To a T,Xbox / PC,Yes,Active,05/28/2025,,14.8,05/28/2025,0,73,6,Action-Adventure,Exclusive,,,,,TBD,,14.8,,
Tom Clancy's The Division 2,Xbox / PC,Yes,Active,05/27/2025,,14.83333333,03/12/2019,6.208333333,82,26,Shooter,,,,,,Active,05/27/2025,0,,
Tales of Kenzera: ZAU,Xbox / PC,Yes,Active,05/22/2025,,15,04/23/2024,1.080555556,76,8,Metroidvania ,Exclusive,,,,,TBD,,15,,
Activision Prototype #1,Xbox / PC,Yes,Active,05/21/2025,,15.03333333,01/01/1983,42.38888889,,,,,"Retro Classics: Atari 2600, Publisher",,,,Active,05/21/2025,0,,
Atlantis,Xbox / PC,Yes,Active,05/21/2025,,15.03333333,04/22/1988,37.08055556,78,,Shooter,,Retro Classics: Atari 2600,,,,Active,05/21/2025,0,,
Atlantis II,Xbox / PC,Yes,Active,05/21/2025,,15.03333333,04/22/1988,37.08055556,,7,Shooter,,Retro Classics: Atari 2600,,,,Active,05/21/2025,0,,
Barnstorming,Xbox / PC,Yes,Active,05/21/2025,,15.03333333,03/01/1982,43.22222222,62,,Racing,,Retro Classics: Atari 2600,,,,Active,05/21/2025,0,,
Baseball,Xbox / PC,Yes,Active,05/21/2025,,15.03333333,03/12/1988,37.19166667,,,Sports,,Retro Classics: Atari 2600,,,,Active,05/21/2025,0,,
Beamrider,Xbox / PC,Yes,Active,05/21/2025,,15.03333333,01/24/1984,41.325,76,,Shooter,,Retro Classics: Atari 2600,,,,Active,05/21/2025,0,,
Bloody Human Freeway,Xbox / PC,Yes,Active,05/21/2025,,15.03333333,07/01/1981,43.88888889,,,,,Retro Classics: Atari 2600,,,,Active,05/21/2025,0,,
Boxing,Xbox / PC,Yes,Active,05/21/2025,,15.03333333,07/01/1980,44.88888889,,,Sports,,Retro Classics: Atari 2600,,,,Active,05/21/2025,0,,
Bridge,Xbox / PC,Yes,Active,05/21/2025,,15.03333333,12/01/1980,44.47222222,,,,,Retro Classics: Atari 2600,,,,Active,05/21/2025,0,,
Caesar II,Xbox / PC,Yes,Active,05/21/2025,,15.03333333,01/01/1995,30.38888889,,7,Strategy,,"Retro Classics: DOS, Sierra Entertainment (defunct) publisher",,,,Active,05/21/2025,0,,
Checkers,Xbox / PC,Yes,Active,05/21/2025,,15.03333333,07/01/1980,44.88888889,,,,,Retro Classics: Atari 2600,,,,Active,05/21/2025,0,,
Chopper Command,Xbox / PC,Yes,Active,05/21/2025,,15.03333333,05/01/1982,43.05555556,,,Shooter,,Retro Classics: Atari 2600,,,,Active,05/21/2025,0,,
Commando,Xbox / PC,Yes,Active,05/21/2025,,15.03333333,03/18/1983,42.175,,,Shooter,,Retro Classics: Atari 2600,,,,Active,05/21/2025,0,,
Conquests of the Longbow: The Legend of Robin Hood,Xbox / PC,Yes,Active,05/21/2025,,15.03333333,01/01/1991,34.38888889,,6,Action‑Adventure,,"Retro Classics: DOS, Sierra Entertainment (defunct) publisher",,,,Active,05/21/2025,0,,
Cosmic Ark,Xbox / PC,Yes,Active,05/21/2025,,15.03333333,08/01/1982,42.80555556,,,Action‑Adventure,,Retro Classics: Atari 2600,,,,Active,05/21/2025,0,,
Crackpots,Xbox / PC,Yes,Active,05/21/2025,,15.03333333,05/16/1983,42.01388889,,,,,Retro Classics: Atari 2600,,,,Active,05/21/2025,0,,
Decathlon,Xbox / PC,Yes,Active,05/21/2025,,15.03333333,03/18/1983,42.175,,,Sports,,Retro Classics: Atari 2600,,,,Active,05/21/2025,0,,
Demon Attack,Xbox / PC,Yes,Active,05/21/2025,,15.03333333,04/22/1988,37.08055556,,,Shooter,,Retro Classics: Atari 2600,,,,Active,05/21/2025,0,,
Dolphin,Xbox / PC,Yes,Active,05/21/2025,,15.03333333,12/27/1983,41.4,,,Action,,Retro Classics: Atari 2600,,,,Active,05/21/2025,0,,
Dragster,Xbox / PC,Yes,Active,05/21/2025,,15.03333333,07/01/1980,44.88888889,,,Racing,,Retro Classics: Atari 2600,,,,Active,05/21/2025,0,,
Enduro,Xbox / PC,Yes,Active,05/21/2025,,15.03333333,02/01/1983,42.30555556,,1,Racing,,Retro Classics: Atari 2600,,,,Active,05/21/2025,0,,
Fathom,Xbox / PC,Yes,Active,05/21/2025,,15.03333333,08/01/1983,41.80555556,,,Action‑Adventure,,Retro Classics: Atari 2600,,,,Active,05/21/2025,0,,
Fire Fighter,Xbox / PC,Yes,Active,05/21/2025,,15.03333333,09/01/1982,42.72222222,,,Action‑Adventure,,Retro Classics: Atari 2600,,,,Active,05/21/2025,0,,
Fishing Derby,Xbox / PC,Yes,Active,05/21/2025,,15.03333333,07/01/1980,44.88888889,,,Sports,,Retro Classics: Atari 2600,,,,Active,05/21/2025,0,,
Freddy Pharkas: Frontier Pharmacist,Xbox / PC,Yes,Active,05/21/2025,,15.03333333,01/01/1993,32.38888889,,17,Adventure,,"Retro Classics: DOS, Sierra Entertainment (defunct) publisher",,,,Active,05/21/2025,0,,
Freeway,Xbox / PC,Yes,Active,05/21/2025,,15.03333333,07/01/1981,43.88888889,,,Racing,,Retro Classics: Atari 2600,,,,Active,05/21/2025,0,,
Frostbite,Xbox / PC,Yes,Active,05/21/2025,,15.03333333,08/14/1983,41.76944444,,,Action‑Adventure,,Retro Classics: Atari 2600,,,,Active,05/21/2025,0,,
Grand Prix,Xbox / PC,Yes,Active,05/21/2025,,15.03333333,03/01/1982,43.22222222,,,Racing,,Retro Classics: Atari 2600,,,,Active,05/21/2025,0,,
H.E.R.O.,Xbox / PC,Yes,Active,05/21/2025,,15.03333333,03/23/1984,41.16111111,,,Action‑Adventure,,Retro Classics: Atari 2600,,,,Active,05/21/2025,0,,
Kaboom!,Xbox / PC,Yes,Active,05/21/2025,,15.03333333,01/01/1984,41.38888889,,,Action‑Adventure,,Retro Classics: Atari 2600,,,,Active,05/21/2025,0,,
Laser Blast,Xbox / PC,Yes,Active,05/21/2025,,15.03333333,03/01/1981,44.22222222,,,Shooter,,Retro Classics: Atari 2600,,,,Active,05/21/2025,0,,
MechWarrior,Xbox / PC,Yes,Active,05/21/2025,,15.03333333,12/01/1989,35.47222222,,,Shooter,,Retro Classics: SNES,,,,Active,05/21/2025,0,,
MechWarrior 2: 31st Century Combat,Xbox / PC,Yes,Active,05/21/2025,,15.03333333,07/24/1995,29.825,,,Shooter,,Retro Classics: PSX,,,,Active,05/21/2025,0,,
Megamania,Xbox / PC,Yes,Active,05/21/2025,,15.03333333,04/09/1982,43.11666667,,,Shooter,,Retro Classics: Atari 2600,,,,Active,05/21/2025,0,,
Pitfall II: Lost Caverns,Xbox / PC,Yes,Active,05/21/2025,,15.03333333,09/16/1983,41.68055556,,,Platform,,Retro Classics: Atari 2600,,,,Active,05/21/2025,0,,
Pitfall!,Xbox / PC,Yes,Active,05/21/2025,,15.03333333,04/20/1982,43.08611111,,,Platform,,Retro Classics: Atari 2600,,,,Active,05/21/2025,0,,
Police Quest,Xbox / PC,Yes,Active,05/21/2025,,15.03333333,01/01/1987,38.38888889,,,Adventure,,"Retro Classics: Amiga, Sierra Entertainment (defunct) publisher",,,,Active,05/21/2025,0,,
Pressure Cooker,Xbox / PC,Yes,Active,05/21/2025,,15.03333333,02/22/1983,42.24722222,,,Simulation,,Retro Classics: Atari 2600,,,,Active,05/21/2025,0,,
Quest for Glory: So You Want to Be a Hero,Xbox / PC,Yes,Active,05/21/2025,,15.03333333,10/01/1989,35.63888889,,,Action‑Adventure,,"Retro Classics: DOS, Sierra Entertainment (defunct) publisher",,,,Active,05/21/2025,0,,
Riddle of the Sphinx,Xbox / PC,Yes,Active,05/21/2025,,15.03333333,01/01/1982,43.38888889,,,Action‑Adventure,,Retro Classics: Atari 2600,,,,Active,05/21/2025,0,,
River Raid,Xbox / PC,Yes,Active,05/21/2025,,15.03333333,08/01/1982,42.80555556,,,Shooter,,Retro Classics: Atari 2600,,,,Active,05/21/2025,0,,
River Raid II,Xbox / PC,Yes,Active,05/21/2025,,15.03333333,07/28/1988,36.81388889,,,Shooter,,Retro Classics: Atari 2600,,,,Active,05/21/2025,0,,
Robot Tank,Xbox / PC,Yes,Active,05/21/2025,,15.03333333,03/24/1983,42.15833333,,,Shooter,,Retro Classics: Atari 2600,,,,Active,05/21/2025,0,,
Sky Jinks,Xbox / PC,Yes,Active,05/21/2025,,15.03333333,11/01/1982,42.55555556,,,Shooter,,Retro Classics: Atari 2600,,,,Active,05/21/2025,0,,
Space Quest 2,Xbox / PC,Yes,Active,05/21/2025,,15.03333333,01/01/1987,38.38888889,,,Action‑Adventure,,"Retro Classics: Amiga, Sierra Entertainment (defunct) publisher",,,,Active,05/21/2025,0,,
Space Quest 6,Xbox / PC,Yes,Active,05/21/2025,,15.03333333,01/01/1995,30.38888889,,,Action‑Adventure,,"Retro Classics: DOS, Sierra Entertainment (defunct) publisher",,,,Active,05/21/2025,0,,
Space Treat Deluxe,Xbox / PC,Yes,Active,05/21/2025,,15.03333333,04/03/2003,22.13333333,,,,,Retro Classics: Atari 2600,,,,Active,05/21/2025,0,,
Spider Fighter,Xbox / PC,Yes,Active,05/21/2025,,15.03333333,01/01/1983,42.38888889,,,Shooter,,Retro Classics: Atari 2600,,,,Active,05/21/2025,0,,
Star Voyager,Xbox / PC,Yes,Active,05/21/2025,,15.03333333,04/01/1982,43.13888889,,,Shooter,,Retro Classics: Atari 2600,,,,Active,05/21/2025,0,,
Tennis,Xbox / PC,Yes,Active,05/21/2025,,15.03333333,03/01/1981,44.22222222,,,Sports,,Retro Classics: Atari 2600,,,,Active,05/21/2025,0,,
The Adventures of Willy Beamish,Xbox / PC,Yes,Active,05/21/2025,,15.03333333,01/01/1991,34.38888889,,,Action‑Adventure,,"Retro Classics: Amiga, Sierra Entertainment (defunct) publisher",,,,Active,05/21/2025,0,,
The Dagger of Amon Ra,Xbox / PC,Yes,Active,05/21/2025,,15.03333333,01/01/1992,33.38888889,,,Action‑Adventure,,"Retro Classics: DOS, Sierra Entertainment (defunct) publisher",,,,Active,05/21/2025,0,,
Thwocker,Xbox / PC,Yes,Active,05/21/2025,,15.03333333,01/01/1984,41.38888889,,,,,Retro Classics: Atari 2600,,,,Active,05/21/2025,0,,
Title Match Pro Wrestling,Xbox / PC,Yes,Active,05/21/2025,,15.03333333,07/14/1987,37.85277778,,,Sports,,Retro Classics: Atari 2600,,,,Active,05/21/2025,0,,
Torin's Passage,Xbox / PC,Yes,Active,05/21/2025,,15.03333333,10/31/1995,29.55833333,,,Action‑Adventure,,"Retro Classics: DOS, Sierra Entertainment (defunct) publisher",,,,Active,05/21/2025,0,,
Trick Shot,Xbox / PC,Yes,Active,05/21/2025,,15.03333333,01/01/1982,43.38888889,,,Sports,,Retro Classics: Atari 2600,,,,Active,05/21/2025,0,,
Vault Assault,Xbox / PC,Yes,Active,05/21/2025,,15.03333333,08/11/2001,23.77777778,,,Shooter,,Retro Classics: Atari 2600,,,,Active,05/21/2025,0,,
Venetian Blinds,Xbox / PC,Yes,Active,05/21/2025,,15.03333333,01/01/1981,44.38888889,,,,,Retro Classics: Atari 2600,,,,Active,05/21/2025,0,,
Zork I: The Great Underground ,Xbox / PC,Yes,Active,05/21/2025,,15.03333333,01/01/1980,45.38888889,,,Action‑Adventure,,Retro Classics: DOS,,,,Active,05/21/2025,0,,
Zork Zero: The Revenge of Megaboz,Xbox / PC,Yes,Active,05/21/2025,,15.03333333,10/19/1988,36.58888889,,,Action‑Adventure,,Retro Classics: DOS,,,,Active,05/21/2025,0,,
Monster Train 2,Xbox / PC,Yes,Active,05/21/2025,,15.03333333,05/21/2025,0,90,6,Card Battle,Exclusive,,,,,Active,12/03/2025,6.4,,
DOOM: The Dark Ages,Xbox / PC,Yes,Active,05/15/2025,,15.23333333,05/15/2025,0,85,13,Shooter,Exclusive,,,,,TBD,,15.23333333,,
Firefighting Simulator: The Squad,Xbox / PC,Yes,Active,05/20/2025,,15.06666667,12/06/2022,2.455555556,60,10,Simulation,,,,,,Active,05/20/2025,0,,
Police Simulator: Patrol Officers,Xbox / PC,Yes,Active,05/20/2025,,15.06666667,11/10/2022,2.527777778,58,16,Simulation,,,,,,Active,05/20/2025,0,,
Warhammer: Vermintide 2,Xbox,Yes,Active,05/13/2025,,15.3,03/08/2018,7.180555556,83,20,Action / First-Person Shooter,Optimized,"Game Pass Essential (4/8/26). Returning title: joined 9/24/20, left 9/30/21. Left 7/1/19",,,,Active,05/13/2025,0,04/08/2026,10.83333333
DREDGE,Xbox / PC,Yes,Active,05/06/2025,,15.53333333,03/30/2023,2.1,80,10,Action-Adventure,Exclusive,,,,,Active,05/06/2025,0,,
Anno 1800,Xbox / PC,Yes,Active,05/01/2025,,15.7,04/16/2019,6.041666667,81,15,Management,Exclusive,,,,,Active,05/01/2025,0,,
Call of Duty: Modern Warfare II,Xbox / PC,Yes,Active,05/01/2025,,15.7,10/28/2022,2.508333333,75,8,Shooter,,,,,,Active,09/17/2025,4.533333333,,
Far Cry 4,Xbox / PC,Yes,Active,04/30/2025,,15.73333333,11/18/2014,10.45,85,18,Shooter,,,,,,Active,04/30/2025,0,,
Towerborne,Xbox / PC,Yes,Active,04/29/2025,,15.76666667,04/29/2025,0,,,Beat-'Em-Up ,Exclusive,"Handheld Optimized, leaves preview 2/26/26",,,,TBD,,15.76666667,,
Clair Obscur: Expedition 33,Xbox / PC,Yes,Active,04/24/2025,,15.93333333,04/24/2025,0,92,26,RPG,Exclusive,,,,,Active,04/02/2026,11.26666667,,
The Elder Scrolls IV: Oblivion - Remastered,Xbox / PC,Yes,Active,04/22/2025,,16,04/22/2025,0,82,14,RPG,Exclusive,,,,,Active,04/16/2026,11.8,,
Crime Scene Cleaner,Xbox / PC,Yes,Active,04/17/2025,,16.16666667,08/14/2024,0.675,76.66666667,13,Simulation,Exclusive,,,,,Active,10/01/2025,5.466666667,,
Tempopo,Xbox / PC,Yes,Active,04/17/2025,,16.16666667,04/17/2025,0,74,5,Acton Puzzle,,,,,,TBD,,16.16666667,,
SpongeBob SquarePants: The Patrick Star Game,Xbox / PC,Yes,Active,04/16/2025,,16.2,10/04/2024,0.5333333333,67,4,Platformer,,,,,,Active,04/16/2025,0,,
Blue Prince,Xbox / PC,Yes,Active,04/10/2025,,16.4,04/10/2025,0,93,14,Action-Adventure,Exclusive,,,,,TBD,,16.4,,
NHL 25,Xbox,,Active,04/15/2025,,16.23333333,04/10/2025,0.01388888889,66,15,Sports,,,,,,TBD,,16.23333333,,
Commandos: Origins,Xbox / PC,Yes,Active,04/09/2025,,16.43333333,04/09/2025,0,76,31,Strategy,Exclusive,,,,,Active,10/22/2025,6.433333333,,
Diablo III: Reaper of Souls - Ultimate Evil Edition,Xbox / PC,,Active,04/08/2025,,16.46666667,08/19/2014,10.63611111,90,19,RPG,,,,,,Active,04/08/2025,0,,
South of Midnight,Xbox / PC,,Active,04/08/2025,,16.46666667,04/08/2025,0,77,10,Action-Adventure,Exclusive,,,,,Active,03/18/2026,11.33333333,,
Atomfall,Xbox / PC,Yes,Active,03/27/2025,,16.83333333,03/27/2025,0,75,9,Action-Adventure,,,,,,Active,01/07/2026,9.333333333,,
EA Sports College Football 25,Xbox,Yes,Active,03/27/2025,,16.83333333,07/19/2024,0.6888888889,83,11,Sports,Exclusive,,,,,TBD,,16.83333333,,
Blizzard Arcade Collection,Xbox / PC,Yes,Active,03/25/2025,,16.9,02/19/2021,4.1,75,5,Compilation,,"Blackthorne, The Lost Vikings, The Lost Vikings 2, Rock N Roll Racing, RPM Racing",,,,Active,03/25/2025,0,,
33 Immortals,Xbox / PC,Yes,Active,03/18/2025,,17.13333333,03/18/2025,0,79,5,RPG,Exclusive,1.0 launches 6/11/26,,,,Active,12/04/2025,8.533333333,,
Mullet Madjack,Xbox / PC,Yes,Active,03/13/2025,,17.3,05/15/2024,0.8277777778,88,4,Shooter,Exclusive,,,,,Active,10/01/2025,6.6,,
Watch Dogs: Legion,Xbox / PC,Yes,Active,02/25/2025,,17.9,10/29/2020,4.322222222,76,18,Action-Adventure,,,,,,Active,02/25/2025,0,,
Balatro,Xbox / PC,Yes,Active,02/24/2025,,17.93333333,11/20/2024,0.2611111111,90,7,Card Battle,,,,,,Active,02/24/2025,0,,
F1 24,Xbox / PC,Yes,Active,02/20/2025,,18.06666667,05/31/2024,0.7222222222,72,7,Racing,,,,,,TBD,,18.06666667,,
"Warhammer 40,000: Rogue Trader",Xbox / PC,Yes,Active,02/20/2025,,18.06666667,09/24/2024,0.4055555556,86,65,RPG,Exclusive,,,,,Active,02/20/2025,0,,
Avowed,Xbox / PC,Yes,Active,02/18/2025,,18.13333333,02/18/2025,0,81,17,RPG,Exclusive,,,,,Active,02/17/2026,11.96666667,,
Kingdom: Two Crowns,Xbox / PC,Yes,Active,02/13/2025,,18.3,12/11/2018,6.172222222,84,28.5,Strategy,,"Returning title: Originally joined 12/11/18, left 11/15/19 (console only). Joins PC 6/11/25",,,,TBD,,18.3,,
Madden NFL 25 (2024),Xbox / PC,Yes,Active,02/06/2025,,18.53333333,08/16/2024,0.4722222222,70,3.1,Sports,,,,,,TBD,,18.53333333,,
Far Cry: New Dawn,Xbox / PC,Yes,Active,02/04/2025,,18.6,02/15/2019,5.969444444,71,11,Shooter,,,,,,Active,02/04/2025,0,,
Eternal Strands,Xbox / PC,Yes,Active,01/28/2025,,18.8,01/28/2025,0,68,18,Action-Adventure,,,,,,Active,10/15/2025,8.566666667,,
Ninja Gaiden II: Black,Xbox / PC,Yes,Active,01/23/2025,,18.96666667,01/23/2025,0,80,10,Action-Adventure,,,,,,Active,10/15/2025,8.733333333,,
Diablo,PC,,Active,01/14/2025,,19.26666667,12/31/1996,28.03888889,94,7,RPG,,,,,,Active,10/01/2025,8.566666667,,
EA Sports UFC 5,Xbox,Yes,Active,01/14/2025,,19.26666667,10/27/2023,1.213888889,78,14,Fighting,Exclusive,,,,,TBD,,19.26666667,,
For The King II,Xbox / PC,Yes,Active,12/12/2024,,20.33333333,11/02/2023,1.111111111,76,15,Roguelike,,,,,,Active,09/17/2025,9.166666667,,
Indiana Jones and the Great Circle,Xbox / PC,Yes,Active,12/09/2024,,20.43333333,12/09/2024,0,86,15,Action-Adventure,Exclusive,Coming to PS5 Spring 2025,,,,Active,12/04/2025,11.83333333,,
EA Sports WRC,Xbox / PC,Yes,Active,12/05/2024,,20.56666667,11/03/2023,1.088888889,80,11,Racing,Exclusive,,,,,TBD,,20.56666667,,
Overthrown (Game Preview),Xbox / PC,Yes,Active,12/05/2024,,20.56666667,12/05/2024,0,,,Sandbox,Exclusive,,,,,Active,09/17/2025,9.4,,
Crash Team Racing: Nitro-Fueled,Xbox,,Active,12/04/2024,,20.6,06/21/2019,5.452777778,83,6,Racing,,Game Pass Essential (12/4/24),,,,Active,12/04/2024,0,12/04/2024,0
Aliens: Dark Descent,Xbox / PC,Yes,Active,11/27/2024,,20.83333333,06/20/2023,1.436111111,75,24,Strategy,,,,,,Active,11/27/2024,0,,
Nine Sols,Xbox / PC,Yes,Active,11/26/2024,,20.86666667,05/28/2024,0.4944444444,83,21,Platformer,Exclusive,Joins GP in time for day one on console,,,,Active,09/03/2025,9.233333333,,
Microsoft Flight Simulator 2024,Xbox / PC,Yes,Active,11/19/2024,,21.1,11/19/2024,0,78,50,Simulation,Exclusive,,,,,Active,10/22/2025,11.1,,
Spyro Reignited Trilogy,Xbox / PC,,Active,11/12/2024,,21.33333333,11/13/2018,5.997222222,82,17,Platformer,,,,,,Active,11/12/2024,0,,
Starcraft: Remastered,PC,,Active,11/05/2024,,21.56666667,08/14/2017,7.225,85,25,Strategy,,,,,,TBD,,21.56666667,,
Starcraft II: Campaign Collection,PC,,Active,11/05/2024,,21.56666667,11/05/2024,0,85,55,Strategy,,,,,,TBD,,21.56666667,,
Call of Duty: Black Ops 6,Xbox / PC,Yes,Active,10/25/2024,,21.9,10/25/2024,0,83,9,Shooter,,GP standard only users only have campaign access,,,,Active,10/25/2024,0,,
Call of Duty: Warzone,Xbox / PC,Yes,Active,10/25/2024,,21.9,11/16/2022,1.941666667,79,99,Shooter,,"Joins cloud on 10/25/24 (GPU only), free to play",,,,TBD,,21.9,,
Donut County,Xbox / PC,Touch Controls,Active,10/17/2024,,22.16666667,08/28/2018,6.136111111,82,2,Action,,"Returning title: Originally joined 1/21/21, left 1/31/23, Official PC Mod Support",E,"Mild Fantasy Violence, Comic Mischief",,Active,10/17/2024,0,,
Mechwarrior 5: Clans,Xbox / PC,Yes,Active,10/17/2024,,22.16666667,10/17/2024,0,79,23,Simulation,Exclusive,,,,,Active,08/06/2025,9.633333333,,
South Park: The Fractured but Whole,Xbox / PC,Yes,Active,10/16/2024,,22.2,07/31/2018,6.211111111,75,18,RPG,,,,,,TBD,,22.2,,
Inscryption,Xbox / PC,Yes,Active,10/10/2024,,22.4,10/19/2021,2.975,85,13,Card Battle,,,,,,Active,10/10/2024,0,,
SIFU,Xbox / PC,Yes,Active,10/02/2024,,22.66666667,02/08/2022,2.65,81,9,Xbox / PC,,,,,,TBD,,22.66666667,,
Legend of Mana (2021),Xbox / PC,Yes,Active,09/26/2024,,22.86666667,06/24/2021,3.255555556,72,18,RPG,,,,,,Active,07/02/2025,9.2,,
Trials of Mana (2020),Xbox / PC,Yes,Active,09/26/2024,,22.86666667,04/24/2020,4.422222222,76,21,RPG,,,,,,Active,07/02/2025,9.2,,
Ara: History Untold,PC,,Active,09/24/2024,,22.93333333,09/24/2024,0,76,13,Strategy,,,,,,Active,10/01/2025,12.23333333,,
Frostpunk 2,Xbox / PC,Yes,Active,09/20/2024,,23.06666667,09/20/2024,0,86,11,Simulation,Exclusive,Joins console and cloud 9/18/25,,,,Active,10/01/2025,12.36666667,,
Overwatch 2,Xbox / PC,,Active,09/17/2024,,23.16666667,08/10/2023,1.102777778,79,57,Shooter,,,,,,TBD,,23.16666667,,
Train Sim World 5,Xbox / PC,Yes,Active,09/17/2024,,23.16666667,09/26/2023,0.975,77,,Simulation,,,,,,Active,03/19/2025,6.066666667,,
Riders Republic,Xbox / PC,Yes,Active,09/11/2024,,23.36666667,10/28/2021,2.869444444,77,18,Sports,,,,,,Active,09/12/2024,0.03333333333,,
Age of Mythology: Retold,Xbox / PC,Yes,Active,09/04/2024,,23.6,09/04/2024,0,84,21,Strategy,Exclusive,,,,,Active,10/01/2025,12.9,,
Star Trucker,Xbox / PC,Yes,Active,09/03/2024,,23.63333333,09/03/2024,0,74,25,Simulation,,,,,,Active,06/18/2025,9.5,,
DOOM + DOOM II: Enhanced,Xbox / PC,Yes,Active,08/08/2024,,24.46666667,08/08/2024,0,82,12,Shooter,,Enhanced versions,,,,Active,09/12/2024,1.133333333,,
Crash Bandicoot N. Sane Trilogy,Xbox / PC,Yes,Active,08/08/2024,,24.46666667,06/30/2017,7.105555556,80,15,Platformer,,,,,,Active,09/12/2024,1.133333333,,
Call of Duty: Modern Warfare III,Xbox / PC,Yes,Active,07/24/2024,,24.93333333,10/12/2023,0.7833333333,56,5,Shooter,,Joins cloud on 10/25/24 (GPU only),,,,TBD,,24.93333333,,
Cricket 24,Xbox / PC,Yes,Active,07/09/2024,,25.43333333,10/05/2023,0.7611111111,57,15,Sports,,,RP,,,Active,09/12/2024,2.1,,
Nickelodeon All-Star Brawl 2,Xbox / PC,Yes,Active,07/03/2024,,25.63333333,11/07/2023,0.6555555556,77,4,Fighting,,,E10+,"Comic Mischief, Fantasy Violence",,Active,09/12/2024,2.3,,
Moving Out 2,Xbox / PC,Yes,Active,05/28/2024,,26.8,08/15/2023,0.7861111111,80,10,Simulation,Exclusive,,E,Crude Humor,,Active,09/12/2024,3.466666667,,
Hellblade II: Senua’s Saga,Xbox / PC,Yes,Active,05/21/2024,,27.03333333,05/21/2024,0,80,7,Action / Action-Adventure,Exclusive,,M,"Blood and Gore, Intense Violence, Strong Language",,Active,10/01/2025,16.33333333,,
Immortals of Aveum,Xbox / PC,Yes,Active,05/15/2024,,27.23333333,08/22/2023,0.7305555556,69,15,Shooter,Exclusive,,M,"Blood, Strong Language, Violence",,Active,09/12/2024,3.9,,
"Little Kitty, Big City",Xbox / PC,Yes,Active,05/09/2024,,27.43333333,05/09/2024,0,79,3,Action-Adventure,,,RP,,,Active,11/20/2024,6.366666667,,
Manor Lords (Game Preview),PC,,Active,04/26/2024,,27.86666667,04/26/2024,0,,7,Strategy,,,RP,,,Active,10/01/2025,17.16666667,,
Star Wars Jedi: Survivor,Xbox / PC,,Active,04/25/2024,,27.9,04/28/2023,0.9916666667,85,20,Action-Adventure,,Joins last gen consoles on 9/17/24,T,"Mild Language, Violence",,Active,09/12/2024,4.566666667,,
Populous: The Beginning,PC,,Active,04/16/2024,,28.2,11/30/1998,25.37777778,88,23,Strategy,,,RP,,,TBD,,28.2,,
Sid Meier's Alpha Centauri,PC,,Active,04/16/2024,,28.2,02/12/1999,25.17777778,92,25,Strategy,,,E,Mild Animated Violence,,TBD,,28.2,,
SimCity 3000: Unlimited,PC,,Active,04/16/2024,,28.2,05/16/2000,23.91666667,77,4,Strategy,,,E,,,TBD,,28.2,,
EA Sports PGA Tour,Xbox / PC,Yes,Active,04/04/2024,,28.6,04/04/2023,1,76,,Sports,Exclusive,,E,,,Active,09/12/2024,5.266666667,,
Superhot: Mind Control Delete,Xbox / PC,Yes,Active,04/02/2024,,28.66666667,07/16/2020,3.711111111,82,5.5,First-Person Shooter,Optimized,"Game Pass Essential (4/23/24), Returning title: Added 12/10/20, left 5/31/22",T,Violence,,Active,09/12/2024,5.333333333,04/23/2024,0.7
Ark: Survival Ascended,Xbox / PC,M+KB,Active,04/01/2024,,28.7,11/30/2023,0.3361111111,66.66666667,380,Sandbox,Exclusive,,T,"Language, Violence",,Active,09/12/2024,5.366666667,,
Diablo IV,Xbox / PC,,Active,03/28/2024,,28.8,06/01/2023,0.825,86,27,RPG,,,M,"Blood and Gore, Intense Violence, Language",,Active,10/01/2025,18.1,,
Minecraft: Preview,Xbox / PC,,Active,03/17/2024,,29.16666667,11/18/2011,12.33055556,88,116,Action-Adventure,,,E10+,Fantasy Violence,,Active,09/12/2024,5.833333333,,
Control: Ultimate Edition,Xbox / PC,Yes,Active,03/13/2024,,29.3,02/02/2021,3.113888889,85,13,Action,,"Returning title: Joined 12/3/20, left 2/15/22 (base game)",M,"Blood, Strong Language, Violence",,Active,09/12/2024,5.966666667,,
Bluey: The Videogame,Xbox / PC,Yes,Active,02/22/2024,,30,11/17/2023,0.2638888889,56,1,Adventure,,,E,,,Active,09/12/2024,6.666666667,,
Dead Island 2,Xbox / PC,Yes,Active,02/20/2024,,30.06666667,04/21/2023,0.8305555556,73,16,Shooter,,"Joins PC 10/31/24, Epic exclusive until April, hence no PC version yet",M,"Blood and Gore, Intense Violence, Strong Language, Suggestive Themes, Use of Drugs",,Active,09/12/2024,6.733333333,,
PlateUp!,Xbox / PC,Yes,Active,02/15/2024,,30.23333333,08/04/2022,1.530555556,73,19,Strategy,,,E,Alcohol Reference,,Active,11/20/2024,9.166666667,,
Resident Evil 3,Xbox / PC,Yes,Active,02/13/2024,,30.3,04/03/2020,3.861111111,79,6,Shooter / Action-Adventure,,,M,"Blood and Gore, Intense Violence, Strong Language",,Active,09/12/2024,6.966666667,,
Brotato,Xbox / PC,Yes,Active,01/30/2024,,30.73333333,02/27/2022,1.925,76,5,Action,,,RP,,,Active,09/12/2024,7.4,,
Palworld,Xbox / PC,Yes,Active,01/19/2024,,31.1,01/19/2024,0,,31,Action,,"1.0 launched 7/10, leaves game preview",RP,,,Active,09/12/2024,7.766666667,,
Resident Evil 2 (2019),Xbox / PC,Yes,Active,01/16/2024,,31.2,01/15/2019,5.002777778,91,9,Shooter / Action-Adventure,,,,,,Active,09/12/2024,7.866666667,,
Super Mega Baseball 4,Xbox / PC,Yes,Active,01/11/2024,,31.36666667,06/02/2023,0.6083333333,79,,Sports/Baseball,,,,,,Active,09/12/2024,8.033333333,,
We Happy Few,Xbox / PC,Yes,Active,01/11/2024,,31.36666667,08/10/2018,5.419444444,64,21,Adventure / First-Person Shooter,Optimized,"Returning title: Added 1/17/19, left 1/15/23",M,"Use Of Drugs And Alcohol, Blood, Suggestive Themes, Strong Language, Violence",,Active,09/12/2024,8.033333333,,
Assassin's Creed Valhalla,Xbox / PC,Yes,Active,01/09/2024,,31.43333333,11/10/2020,3.163888889,80,61,RPG / Action-Adventure,,Ubisoft Connect launcher,,,,Active,09/12/2024,8.1,,
Far Cry 6,Xbox / PC,Yes,Active,12/14/2023,,32.26666667,10/07/2021,2.186111111,73,24,First-Person Shooter,,Ubisoft Connect launcher,,,,Active,09/12/2024,8.933333333,,
Goat Simulator 3,Xbox / PC,Yes,Active,12/07/2023,,32.5,11/17/2022,1.055555556,68,8,Simulation,Exclusive,,,,,Active,09/12/2024,9.166666667,,
Clone Drone in the Danger Zone,Xbox / PC,Yes,Active,12/05/2023,,32.56666667,11/28/2016,7.019444444,82,2,Action / Simulation / Fighting / Brawler,Exclusive,,,,,Active,09/12/2024,9.233333333,,
World War Z: Aftermath,Xbox / PC,Yes,Active,12/05/2023,,32.56666667,04/16/2019,4.636111111,73,7,Action,,"Game Pass Essential (12/3/25), Returning title: Joined 10/10/19, left 8/31/22 (original game)",M,"Blood and Gore, Intense Violence, Strong Language",,Active,09/12/2024,9.233333333,12/03/2025,23.93333333
Wild Hearts,Xbox / PC,Yes,Active,11/09/2023,,33.43333333,02/17/2023,0.7277777778,79,46,Action-Adventure,,,,,,Active,09/12/2024,10.1,,
Wartales,Xbox / PC,Yes,Active,10/31/2023,,33.73333333,12/01/2021,1.913888889,80,38,Strategy / Adventure / RPG,,Joined xbox one ine June 2024,,,,Active,09/12/2024,10.4,,
Dead Space (2023),Xbox / PC,Yes,Active,10/26/2023,,33.86666667,01/27/2023,0.7472222222,88,12,Shooter / Action-Adventure,Exclusive,,M,"Blood and Gore, Intense Violence, Strong Language",,Active,09/12/2024,10.53333333,,
Cities: Skylines II,PC,,Active,10/24/2023,,33.93333333,10/24/2023,0,75,25,Simulation,,,RP,,,Active,10/01/2025,23.23333333,,
Forza Motorsport (2023),Xbox / PC,Yes,Active,10/10/2023,,34.4,10/10/2023,0,85,8,Driving/Racing,Exclusive,,RP,,,Active,12/04/2024,13.8,,
Spiritfarer,Xbox / PC,Touch Controls,Active,09/13/2023,,35.3,08/18/2020,3.069444444,86,21,Adventure,,"Game Pass Essential launch title (9/14/23), Returning title: Joined 8/18/20, left 8/31/22",T,"Language, Use of Tobacco, Violent References",,Active,09/12/2024,11.96666667,09/14/2023,0.03333333333
Starfield,Xbox / PC,Yes,Active,09/06/2023,,35.53333333,09/06/2023,0,84,20,RPG / Action-Adventure,Exclusive,,M,"Blood, Strong Language, Suggestive Themes, Use of Drugs, Violence",,Active,02/05/2025,16.96666667,,
Call of the Wild: The Angler,Xbox / PC,,Active,08/29/2023,,35.76666667,08/31/2022,0.9972222222,63,,Sports / Fishing,,,E,"Mild Language, Tobacco Reference, Violent References",,Active,09/12/2024,12.43333333,,
Limbo,Xbox / PC,Yes,Active,08/09/2023,,36.43333333,07/21/2010,13.05,85,3.5,Puzzle / Platformer,,"Game Pass Essential launch title (9/14/23), Returning title: Joined 8/1/17, left 6/15/22",T,"Blood, Violence",,Active,09/12/2024,13.1,09/14/2023,1.166666667
The Cave,Xbox,Yes,Active,07/18/2023,,37.13333333,11/22/2013,9.655555556,69,5,Adventure / Platformer,,,T,"Fantasy Violence, Blood",,Active,09/12/2024,13.8,,
Need for Speed: Unbound,Xbox / PC,Yes,Active,06/22/2023,,38,11/29/2022,0.5638888889,77,23,Driving/Racing,Exclusive,,T,"Language, Mild Suggestive Themes, Mild Violence",,Active,09/12/2024,14.66666667,,
Stacking,Xbox,Yes,Active,06/08/2023,,38.46666667,02/08/2011,12.33333333,82,4,Adventure / Puzzle,,"Returning title: Joined 6/1/17, left 1/15/19",E10+,"Crude Humor, Use of Tobacco, Mild Fantasy Violence, Mild Suggestive Themes",,Active,09/12/2024,15.13333333,,
Car Mechanic Simulator 2021,Xbox / PC,Yes,Active,06/01/2023,,38.7,08/11/2021,1.805555556,70,23,Simulation,,,E,,,Active,09/12/2024,15.36666667,,
Massive Chalice,Xbox,Yes,Active,05/25/2023,,38.9,06/01/2015,7.983333333,72,15.5,Strategy / RPG,,"Returning title: Joined 6/1/17, left 2/1/19",T,"Fantasy Violence, Alcohol Reference, Language",,Active,09/12/2024,15.56666667,,
Redfall,Xbox / PC,Yes,Active,05/02/2023,,39.66666667,05/02/2023,0,55,11,First-Person Shooter,Exclusive,"Persistent online requirement, may be removed",M,"Blood, Drug Reference, Strong Language, Violence",,Active,09/12/2024,16.33333333,,
Minecraft: Legends,Xbox / PC,Yes,Active,04/18/2023,,40.13333333,04/18/2023,0,69,8,Action / Strategy,Exclusive,,E10+,"Mild Blood, Violence, Mild Suggestive Themes, Language",,Active,09/12/2024,16.8,,
Ghostwire: Tokyo,Xbox / PC,Yes,Active,04/12/2023,,40.33333333,03/25/2022,1.047222222,76,11,Action-Adventure,Exclusive,,T,"Language, Violence",,Active,09/12/2024,17,,
Iron Brigade,Xbox,,Active,04/06/2023,,40.53333333,06/22/2011,11.78888889,82,6.5,Strategy / Shooter,,"Returning title: Originally joined 6/1/17, left 7/15/19",T,"Language, Mild Suggestive Themes, Use of Tobacco, Violence",,Active,09/12/2024,17.2,,
Ni no Kuni II: Revenant Kingdom - The Prince's Edition,Xbox / PC,,Active,03/21/2023,,41.03333333,03/23/2018,4.994444444,81,39,Action / RPG,,,T,"Fantasy Violence, Mild Blood",,Active,09/12/2024,17.7,,
GoldenEye 007 (2023),Xbox,Yes,Active,01/27/2023,,42.83333333,01/27/2023,0,96,10,First-Person Shooter,,,T,,,Active,09/12/2024,19.5,,
Hi-Fi RUSH,Xbox / PC,Yes,Active,01/25/2023,,42.9,01/25/2023,0,89,10,Action / Music/Rhythm,Exclusive,,T,"Fantasy Violence, Language",,Active,09/12/2024,19.56666667,,
Crysis 2: Remastered,PC,,Active,12/06/2022,,44.53333333,10/15/2021,1.141666667,70,9,Action / First-Person Shooter,,,M,"Blood, Strong Language, Violence",Check the EA App for the remastered version,TBD,,44.53333333,,
Crysis 3: Remastered,PC,,Active,12/06/2022,,44.53333333,10/15/2021,1.141666667,80,7,Action / First-Person Shooter,,,M,"Blood, Strong Language, Violence",Check the EA App for the remastered version,TBD,,44.53333333,,
Crysis Trilogy: Remastered,PC,,Active,12/06/2022,,44.53333333,10/15/2021,1.141666667,80,26,Action / First-Person Shooter,,,M,"Blood, Strong Language, Violence",Check the EA App for the remastered version,TBD,,44.53333333,,
League of Legends,PC,,Active,12/12/2022,,44.33333333,10/27/2009,13.125,78,1439,MOBA,,LoL: Wild Rift (mobile game) perks included,T,"Blood, Language, Violence",Riot Games and Xbox Game Pass Benefits | Riot Games | Riot Games,TBD,,44.33333333,,
Legends of Runeterra,PC,,Active,12/12/2022,,44.33333333,04/30/2020,2.616666667,87,44,Card Game,,Mobile game perks included,T,"Alcohol Reference, Blood, Fantasy Violence, Mild Suggestive Themes",Riot Games and Xbox Game Pass Benefits | Riot Games | Riot Games,TBD,,44.33333333,,
Teamfight Tactics,PC,,Active,12/12/2022,,44.33333333,06/29/2019,3.452777778,79,71,Strategy / Trivia/Board Game,,Mobile game perks included,T,"Violence, Blood, Suggestive Themes",Riot Games and Xbox Game Pass Benefits | Riot Games | Riot Games,TBD,,44.33333333,,
Valorant,Xbox / PC,,Active,12/12/2022,,44.33333333,06/02/2020,2.527777778,80,65,First-Person Shooter / MOBA,,,T,"Blood, Language, Violence",Riot Games and Xbox Game Pass Benefits | Riot Games | Riot Games,TBD,,44.33333333,,
LEGO Star Wars: The Skywalker Saga,Xbox / PC,Yes,Active,12/06/2022,,44.53333333,04/05/2022,0.6694444444,80,19,Shooter / Brawler / Action-Adventure,,,E10+,"Cartoon Violence, Comic Mischief",,Active,09/12/2024,21.2,,
The Walking Dead: The Final Season,Xbox / PC,Yes,Active,12/01/2022,,44.7,08/13/2018,4.3,78,10,Adventure,,"Left PC 11,33/24",M,"Blood and Gore, Intense Violence, Strong Language",,Active,09/12/2024,21.36666667,,
"Warhammer 40,000: Darktide",Xbox / PC,Yes,Active,11/30/2022,,44.73333333,11/30/2022,0,78,41,Action,Exclusive,Game Pass Essential (10/1/25). Joined cloud and console 10/4/23,M,"Intense Violence, Blood and Gore",,Active,09/12/2024,21.4,10/01/2025,34.03333333
Battlefield 2042,Xbox / PC,Yes,Active,11/22/2022,,45,11/12/2021,1.027777778,66,58,First-Person Shooter,,,M,"Blood, Strong Language, Violence",Seperate Xbox Gen8 (Xbox One) and Gen9 (Xbox Series X|S) versions (Not Smart Delivery enabled),Active,09/12/2024,21.66666667,,
Pentiment,Xbox / PC,"Touch Controls, M+KB",Active,11/15/2022,,45.23333333,11/15/2022,0,87,18.5,Adventure,,,M,"Blood and Gore, Sexual Themes, Strong Language, Violence",,Active,09/12/2024,21.9,,
A Plague Tale: Requiem,Xbox / PC,Yes,Active,10/18/2022,,46.13333333,10/18/2022,0,85,15,Action-Adventure,Exclusive,,M,"Intense Violence, Blood, Language",,Active,09/12/2024,22.8,,
Costume Quest,Xbox,Yes,Active,10/11/2022,,46.36666667,10/20/2010,11.975,74,5.5,RPG,,,E10+,"Fantasy Violence, Tobacco Reference",,Active,09/12/2024,23.03333333,,
Chivalry II,Xbox / PC,Yes,Active,10/04/2022,,46.6,06/08/2021,1.322222222,82,42.5,Action,,Game Pass Essential (12/6/23),M,"Use of Alcohol, Blood and Gore, Mild Sexual Themes, Language, Intense Violence",,Active,09/12/2024,23.26666667,12/06/2023,14.06666667
DEATHLOOP,Xbox / PC,Yes,Active,09/20/2022,,47.06666667,09/14/2021,1.016666667,89,16,Action / Strategy,Exclusive,,M,"Blood and Gore, Sexual Themes, Drug Reference, Strong Language, Intense Violence",,Active,09/12/2024,23.73333333,,
Assassin's Creed Odyssey,Xbox / PC,Touch Controls,Active,09/15/2022,,47.23333333,10/02/2018,3.952777778,87,44.5,RPG / Action-Adventure,,Ubisoft Connect launcher,M,"Blood and Gore, Sexual Themes, Strong Language, Intense Violence",,Active,09/12/2024,23.9,,
Ni no Kuni: Wrath of the White Witch - Remastered,Xbox / PC,Touch Controls,Active,09/15/2022,,47.23333333,09/20/2019,2.986111111,82,44.5,RPG / Action-Adventure,,,E10+,"Fantasy Violence, Mild Language, Simulated Gambling, Alcohol and Tobacco Reference",,Active,09/12/2024,23.9,,
Disney Dreamlight Valley: Founder's Edition,Xbox / PC,Touch Controls,Active,09/06/2022,,47.53333333,09/06/2022,0,75,15.5,Simulation,,Game Pass Essential (10/1/25),E,,,Active,09/12/2024,24.2,10/01/2025,36.83333333
GRID: Legends,Xbox / PC,Yes,Active,09/01/2022,,47.7,02/25/2022,0.5166666667,75,6,Driving/Racing,,Joined cloud 2/2/23,E10+,"Mild Language, Mild Suggestive Themes, Mild Violence",,Active,09/12/2024,24.36666667,,
Immortals Fenyx Rising,Xbox / PC,Touch Controls,Active,08/30/2022,,47.73333333,12/03/2020,1.741666667,81,25.5,RPG / Action-Adventure,,Ubisoft Connect launcher,T,"Language, Suggestive Themes, Violence",,Active,09/12/2024,24.4,,
An Elder Scrolls Legend: Battlespire,PC,,Active,08/18/2022,,48.13333333,11/30/1997,24.71666667,56,15.5,Action / RPG,,,M,"Animated Blood and Gore, Mature Sexual Themes",,Active,10/01/2025,37.43333333,,
The Elder Scrolls Adventures: Redguard,PC,,Active,08/18/2022,,48.13333333,10/31/1998,23.8,73,17,Action-Adventure,,,T,"Violence, Use of Alcohol And Tobacco",,Active,10/01/2025,37.43333333,,
Return to Castle Wolfenstein,PC,,Active,08/18/2022,,48.13333333,11/19/2001,20.74722222,88,8,First-Person Shooter,,,M,"Blood and Gore, Violence",,Active,10/01/2025,37.43333333,,
Quake 4,PC,,Active,08/18/2022,,48.13333333,10/18/2005,16.83333333,81,8,First-Person Shooter,,,M,"Blood and Gore, Intense Violence, Strong Language",,Active,10/01/2025,37.43333333,,
Wolfenstein 3D,Xbox / PC,Yes,Active,08/18/2022,,48.13333333,05/05/1992,30.28611111,85,6.5,Action / First-Person Shooter,,Joined console and cloud on 8/12/26,M,"Blood and Gore, Violence",,Active,10/01/2025,37.43333333,,
Cooking Simulator,Xbox / PC,Yes,Active,08/11/2022,,48.36666667,06/06/2019,3.180555556,64,8.5,Simulation,,,E,Alcohol Reference,,Active,09/12/2024,25.03333333,,
Tom Clancy's Ghost Recon: Wildlands,Xbox / PC,Yes,Active,08/01/2022,,48.7,03/07/2017,5.4,76,26.5,Shooter,,Ubisoft Connect launcher,M,"Blood and Gore, Intense Violence, Partial Nudity, Sexual Themes, Strong Language, Use of Drugs",,Active,09/12/2024,25.36666667,,
Inside,Xbox / PC,Yes,Active,07/21/2022,,49.03333333,06/29/2016,6.061111111,93,3.5,Puzzle / Platformer,,Game Pass Essential launch title (9/14/23),M,"Blood and Gore, Violence",,Active,09/12/2024,25.7,09/14/2023,13.76666667
As Dusk Falls,Xbox / PC,Touch Controls,Active,07/19/2022,,49.1,07/19/2022,0,78,6,Adventure,,,M,"Blood, Strong Language, Suggestive Themes, Use of Drugs and Alcohol, Violence",,Active,09/12/2024,25.76666667,,
Watch_Dogs 2,Xbox / PC,Yes,Active,07/19/2022,,49.1,11/15/2016,5.677777778,78,19,Driving/Racing / Shooter / Action-Adventure,,,M,"Blood, Intense Violence, Nudity, Sexual Themes, Strong Language, Use of Drugs",,Active,09/12/2024,25.76666667,,
Far Cry 5,Xbox / PC,Yes,Active,07/01/2022,,49.7,03/27/2018,4.261111111,80,18,First-Person Shooter,,,M,"Blood and Gore, Intense Violence, Sexual Themes, Strong Language, Use of Drugs and Alcohol",,Active,09/12/2024,26.36666667,,
House Flipper,Xbox / PC,M+KB,Active,06/30/2022,,49.73333333,05/17/2018,4.119444444,68,12,Simulation,,,E,,,Active,09/12/2024,26.4,,
Shadowrun Trilogy,Xbox / PC,Touch Controls,Active,06/21/2022,,50.03333333,08/20/2015,6.836111111,79.33333333,53.5,Strategy / RPG,,Joins PC 5/9/23,M,"Blood and Gore, Drug Reference, Sexual Themes, Strong Language, Violence","Consists of three games (seperate listings, must be installed seperately); Shadowrun Returns, Shadowrun Dragonfall, Shadowrun Hong Kong",Active,09/12/2024,26.7,,
Assassin's Creed Origins,Xbox / PC,Touch Controls,Active,06/07/2022,,50.5,10/27/2017,4.611111111,84.5,30,RPG / Action-Adventure,,Ubisoft Connect launcher,M,"Blood and Gore, Drug Reference, Intense Violence, Nudity, Sexual Content, Strong Language, Use of Alcohol",,Active,09/12/2024,27.16666667,,
Vampire Survivors,Xbox / PC,Yes,Active,05/19/2022,,51.1,12/17/2021,0.4222222222,87,4.5,Action,,"Game Pass Essential launch title (9/14/23), Joins console 11/10/22",E10+,Fantasy Violence,,Active,09/12/2024,27.76666667,09/14/2023,15.83333333
Fortnite,,M+KB (Browser),Active,05/05/2022,,51.56666667,07/25/2017,4.777777778,83,65.5,Shooter,,First free to play game on xCloud,T,Violence,,Active,09/12/2024,28.23333333,,
Tunic,Xbox / PC,Yes,Active,03/16/2022,,53.2,03/16/2022,0,83.5,12,Action-Adventure,,Game Pass Essential (3/26/25),E10+,Fantasy Violence,,Active,09/12/2024,29.86666667,03/26/2025,36.33333333
Super Mega Baseball 3,Xbox / PC,Touch Controls,Active,02/24/2022,,53.93333333,05/13/2020,1.780555556,81.5,24,Sports / Baseball,,,E,,,Active,09/12/2024,30.6,,
Roboquest (2020),Xbox / PC,,Active,02/22/2022,,54,08/20/2020,1.505555556,,6,Action / First-Person Shooter,,"Joined console 1/30/23, 1.0 launch 11/7/23",E10+,Fantasy Violence,,Active,09/12/2024,30.66666667,,
Contrast,Xbox,Touch Controls,Active,02/03/2022,,54.63333333,11/15/2013,8.216666667,63.5,3.5,Puzzle / Platformer / Action-Adventure,,,T,"Fantasy Violence, Suggestive Themes, Use of Tobacco",,Active,09/12/2024,31.3,,
Peggle Nights,PC,,Active,02/05/2022,,54.56666667,09/17/2008,13.38333333,76,3.5,Puzzle / Pinball / Block-Breaking,,,E,,,TBD,,54.56666667,,
Mass Effect: Legendary Edition,Xbox / PC,Yes,Active,01/06/2022,,55.53333333,05/14/2021,0.6444444444,88,106,RPG / Shooter / Compilation,,,M,"Use of Alcohol, Blood, Sexual Content, Partial Nudity, Drug Reference, Strong Language, Violence","If you encounter problems with HDR on Series X|S, try disabling Auto HDR in the game's compatibility settings (Mass Effect LE has a native HDR implementation)",Active,09/12/2024,32.2,,
Broken Age,Xbox / PC,Touch Controls,Active,12/16/2021,,56.2,01/14/2014,7.922222222,77,10,Adventure,,,E10+,"Fantasy Violence, Crude Humor, Mild Blood, Mild Language",,Active,09/12/2024,32.86666667,,
The Gunk,Xbox / PC,Touch Controls,Active,12/16/2021,,56.2,12/16/2021,0,68.33333333,4.5,Puzzle / Action-Adventure,,,T,"Violence, Blood, Language",,Active,09/12/2024,32.86666667,,
Halo: Infinite,Xbox / PC,M+KB,Active,12/08/2021,,56.46666667,12/08/2021,0,83.5,10,First-Person Shooter,,"Multiplayer beta available 11/15/21, Halo's and Xbox's 20th anniversary",T,"Violence, Blood, Mild Language",,Active,09/12/2024,33.13333333,,
Stardew Valley,Xbox / PC,Touch Controls,Active,12/02/2021,,56.66666667,02/26/2016,5.766666667,89,52.5,RPG / Simulation / Fishing / Action-Adventure,,Game Pass Essential launch title (9/14/23),E10+,"Fantasy Violence, Mild Blood, Mild Language, Simulated Gambling, Use of Alcohol And Tobacco",,Active,09/12/2024,33.33333333,09/14/2023,21.4
Forza Horizon 5,Xbox / PC,Yes,Active,11/09/2021,,57.43333333,11/09/2021,0,91.5,17,Driving/Racing,,,E,,,Active,09/12/2024,34.1,,
It Takes Two,Xbox / PC,Yes,Active,11/04/2021,,57.6,03/26/2021,0.6055555556,88.5,12,Platformer / Action-Adventure,Optimized,,T,"Fantasy Violence, Comic Mischief, Language, Animated Blood",,Active,09/12/2024,34.26666667,,
Age of Empires IV: Anniversary Edition,Xbox / PC,Yes,Active,10/28/2021,,57.8,10/28/2021,0,81,24.5,Real-Time Strategy,,Joined PC and cloud 8/22/23,T,"Mild Blood, Mild Violence",,Active,09/12/2024,34.46666667,,
Crysis: Remastered,PC,,Active,09/30/2021,,58.73333333,09/18/2020,1.033333333,69,10,Action / First-Person Shooter,,,M,"Blood, Strong Language, Violence",Check the EA App for the remastered version,TBD,,58.73333333,,
Superliminal,Xbox / PC,Touch Controls,Active,09/16/2021,,59.2,11/12/2019,1.844444444,77,2.5,Puzzle,,Game Pass Essential launch title (9/14/23),E,Mild Blood,,Active,09/12/2024,35.86666667,09/14/2023,23.93333333
Psychonauts 2,Xbox / PC,Touch Controls,Active,08/25/2021,,59.9,08/25/2021,0,89,14,Platformer / Action-Adventure,,Game Pass Essential launch title (9/14/23),T,"Fantasy Violence, Crude Humor, Use of Tobacco, Alcohol Reference, Mild Language, Mild Suggestive Themes",,Active,09/12/2024,36.56666667,09/14/2023,24.63333333
Quake,Xbox / PC,M+KB,Active,08/19/2021,,60.1,07/23/1996,25.07222222,94,5.5,First-Person Shooter,,,M,"Blood and Gore, Violence",,Active,09/12/2024,36.76666667,,
Quake II,Xbox / PC,M+KB,Active,08/19/2021,,60.1,12/09/1997,23.69444444,89,8,Action / First-Person Shooter,,Joined console 8/10/23,M,"Violence, Blood and Gore, Language",,Active,09/12/2024,36.76666667,,
Quake III: Arena,PC,,Active,08/19/2021,,60.1,12/02/1999,21.71388889,90,5.5,First-Person Shooter,,,M,"Blood and Gore, Language, Violence",,Active,10/01/2025,49.4,,
Syndicate (1993),PC,,Active,08/17/2021,,60.16666667,06/09/1993,28.18888889,84,12,Action / Strategy / RPG,,,T,,,TBD,,60.16666667,,
Ultima Underworld 1,PC,,Active,08/17/2021,,60.16666667,03/27/1992,29.38888889,94,19.5,Action / RPG,,,E,Animated Violence,,TBD,,60.16666667,,
Ultima Underworld 2,PC,,Active,08/17/2021,,60.16666667,01/01/1993,28.62777778,90,17,Action / RPG,,,E,Animated Violence,,TBD,,60.16666667,,
Microsoft Solitaire Collection: Premium Edition,PC,,Active,08/17/2021,,60.16666667,10/26/2012,8.808333333,70,80,Card Game / Minigame Collection,,,E,,,TBD,,60.16666667,,
DiRT Rally 2.0,Xbox,,Active,08/10/2021,,60.4,02/26/2019,2.455555556,82,10,Driving/Racing,,"GP: Added 9/26/19, left 9/30/20",E,,,Active,09/12/2024,37.06666667,,
Skate,Xbox,Touch Controls,Active,08/05/2021,,60.56666667,09/14/2007,13.89166667,86,11.5,Sports / Simulation / Skateboarding,,,T,"Mild Violence, Crude Humor, Blood and Gore, Tobacco Reference, Language",,Active,09/12/2024,37.23333333,,
Crimson Skies: High Road to Revenge,Xbox / PC,Touch Controls,Active,07/26/2021,,60.86666667,10/21/2003,17.76388889,88,8,Flight Simulator / Vehicular Combat,,XBOX Backward Compatibility on PC (7/22/26),T,"Xbox 360, PlayStation 3",OG Xbox,Active,09/12/2024,37.53333333,07/22/2026,59.86666667
Blinx: The Time Sweeper,Xbox / PC,Touch Controls,Active,07/22/2021,,61,10/07/2002,18.79166667,71,10,Action,,XBOX Backward Compatibility on PC (7/22/26),E,,OG Xbox,Active,09/12/2024,37.66666667,07/22/2026,60
EA Sports UFC 4,Xbox,,Active,07/08/2021,,61.46666667,08/14/2020,0.9,82,12,Sports / Fighting,FPS Boost,,T,"Blood, Language, Mild Suggestive Themes, Violence",,Active,09/12/2024,38.13333333,,
Gang Beasts,Xbox / PC,Yes,Active,07/01/2021,,61.7,08/29/2014,6.838888889,67,3.5,Brawler,,Game Pass Essential launch title (9/14/23),E10+,Cartoon Violence,,Active,09/12/2024,38.36666667,09/14/2023,26.43333333
Need for Speed: Hot Pursuit - Remastered,Xbox / PC,Touch Controls,Active,06/24/2021,,61.93333333,11/06/2020,0.6333333333,76,15.5,Driving/Racing,,,E10+,"Mild Violence, Mild Lyrics",,Active,09/12/2024,38.6,,
Medieval Dynasty,Xbox / PC,Yes,Active,06/17/2021,,62.16666667,09/17/2020,0.75,73,29.5,RPG / Simulation / Action-Adventure,,"Joined console and cloud 10/6/22, left game preview 9/23/21, joined xbox one 4/20/23",T,"Use of Alcohol, Blood, Suggestive Themes, Mild Language, Violence",,Active,09/12/2024,38.83333333,,
Arx Fatalis,PC,,Active,06/13/2021,,62.3,11/11/2002,18.58888889,77,20,Action / Adventure / RPG,,Official PC Mod Support,M,"Violence, Blood, Simulated Gambling",,Active,10/01/2025,51.6,,
Dishonored: Death of the Outsider,Xbox / PC,Yes,Active,06/13/2021,,62.3,09/15/2017,3.744444444,82.5,6.5,Action-Adventure,FPS Boost,,M,"Blood and Gore, Strong Language, Intense Violence",,Active,09/12/2024,38.96666667,,
Fallout,PC,,Active,06/13/2021,,62.3,09/30/1997,23.70277778,89,16,RPG,,Official PC Mod Support,M,"Blood and Gore, Strong Language, Suggestive Themes, Violence",,Active,10/01/2025,51.6,,
Fallout 2,PC,,Active,06/13/2021,,62.3,09/30/1998,22.70277778,86,30.5,RPG,,Official PC Mod Support,M,"Blood and Gore, Sexual Content, Strong Language, Violence",,Active,10/01/2025,51.6,,
Fallout Tactics: Brotherhood of Steel,PC,,Active,06/13/2021,,62.3,03/14/2001,20.24722222,82,31,Action / Strategy / RPG,,Official PC Mod Support,M,"Violence, Blood, Strong Language",,Active,10/01/2025,51.6,,
The Evil Within 2,Xbox / PC,Yes,Active,06/13/2021,,62.3,10/13/2017,3.666666667,81,13.5,Shooter,FPS Boost,,M,"Blood and Gore, Partial Nudity, Strong Language, Intense Violence",,Active,09/12/2024,38.96666667,,
For Honor: Marching Fire Edition,Xbox / PC,Yes,Active,06/03/2021,,62.63333333,12/14/2017,3.469444444,77.5,7,Action / Strategy / Fighting / MOBA,Optimized,"Ubisoft Connect launcher, Matching Fire Edition replaced standard version 6/1/22",M,"Blood and Gore, Intense Violence",,Active,09/12/2024,39.3,,
SnowRunner,Xbox / PC,Yes,Active,05/18/2021,,63.13333333,04/28/2020,1.055555556,81,90,Driving/Racing / Simulation,,,E,,,Active,09/12/2024,39.8,,
Psychonauts,Xbox / PC,Touch Controls,Active,05/13/2021,,63.3,04/19/2005,16.06666667,87.5,12.5,Platformer / Action-Adventure,,Official PC Mod Support,T,"Crude Humor, Language, Cartoon Violence",OG Xbox,Active,09/12/2024,39.96666667,,
Zombie Army 4: Dead War,Xbox / PC,M+KB,Active,04/08/2021,,64.46666667,02/04/2020,1.177777778,75.5,11.5,First-Person Shooter / Action-Adventure,Optimized,,M,"Blood and Gore, Language, Intense Violence",,Active,09/12/2024,41.13333333,,
Genesis Noir,Xbox / PC,Touch Controls,Active,03/25/2021,,64.9,03/25/2021,0,79,4.5,Adventure,,,T,"Mild Blood, Mild Violence, Sexual Themes, Use of Alcohol And Tobacco",,Active,09/12/2024,41.56666667,,
Command & Conquer: Remastered Collection,PC,,Active,03/18/2021,,65.13333333,06/05/2020,0.7861111111,82,29.5,Action / Strategy / Shooter / Flight Simulator,,,T,"Blood, Mild Language, Use of Alcohol and Tobacco, Violence",,TBD,,65.13333333,,
Dungeon Keeper,PC,,Active,03/18/2021,,65.13333333,06/26/1997,23.72777778,88,15,Strategy / RPG,,,M,"Animated Violence, Animated Blood, Blood and Gore",,TBD,,65.13333333,,
Dungeon Keeper 2,PC,,Active,03/18/2021,,65.13333333,06/30/1999,21.71666667,88,17.5,Action / Real-Time Strategy,,,M,"Animated Blood, Blood and Gore, Animated Violence",,TBD,,65.13333333,,
Jade Empire: Special Edition,PC,,Active,03/18/2021,,65.13333333,04/12/2005,15.93333333,81,15,RPG / Action-Adventure,,,M,"Blood and Gore, Intense Violence, Mild Language, Suggestive Themes",,TBD,,65.13333333,,
Medal of Honor: Allied Assault - War Chest,PC,,Active,03/18/2021,,65.13333333,01/20/2002,19.16111111,91,27,First-Person Shooter,,,T,Violence,,TBD,,65.13333333,,
Need for Speed: Most Wanted,PC,,Active,03/18/2021,,65.13333333,10/30/2012,8.383333333,78,10,Driving/Racing,,,E10+,"Alcohol Reference, Comic Mischief, Violence",,TBD,,65.13333333,,
Populous,PC,,Active,03/18/2021,,65.13333333,01/01/1989,32.21388889,89,13,Strategy,,,T,Violence,,TBD,,65.13333333,,
Populous II: Trials of the Olympian Gods,PC,,Active,03/18/2021,,65.13333333,08/31/1991,29.55,80,12,Simulation / Real-Time Strategy,,,T,"Fantasy Violence, Partial Nudity",,TBD,,65.13333333,,
Rebel Galaxy,PC,,Active,03/18/2021,,65.13333333,10/20/2015,5.411111111,75,22,Action / RPG,,Removed 3/28/22,T,"Violence, Drug Reference, Language",,TBD,,65.13333333,,
SimCity 2000: Special Edition,PC,,Active,03/18/2021,,65.13333333,02/07/1995,26.11388889,77,30,Strategy / Simulation,,,E,,,TBD,,65.13333333,,
SimCity 4: Deluxe Party Edition,PC,,Active,03/18/2021,,65.13333333,01/12/2003,18.18333333,84,12,Simulation,,,E,Violence,,TBD,,65.13333333,,
SimCity: Complete Edition,PC,,Active,03/18/2021,,65.13333333,03/05/2013,8.036111111,64,25.5,Simulation,,,E10+,Mild Violence,,TBD,,65.13333333,,
SPORE,PC,,Active,03/18/2021,,65.13333333,09/07/2008,12.53055556,84,12.5,Strategy / Adventure / Simulation,,,E10+,"Comic Mischief, Fantasy Violence, Animated Blood",,TBD,,65.13333333,,
Star Wars Squadrons,Xbox / PC,Touch Controls,Active,03/18/2021,,65.13333333,10/02/2020,0.4611111111,78.5,9,Action / Flight Simulator,Optimized,Added to cloud 4/7/22,T,"Fantasy Violence, Mild Language",,Active,09/12/2024,41.8,,
The Saboteur,PC,,Active,03/18/2021,,65.13333333,12/08/2009,11.27777778,76,11,Shooter / Action-Adventure,,,M,"Blood, Intense Violence, Nudity, Sexual Themes, Strong Language",,TBD,,65.13333333,,
The Sims 3,PC,,Active,03/18/2021,,65.13333333,06/02/2009,11.79444444,86,68.5,Simulation,,,T,"Crude Humor, Sexual Themes, Violence",,TBD,,65.13333333,,
Dishonored: Definitive Edition,Xbox / PC,Yes,Active,03/12/2021,,65.33333333,08/25/2018,2.547222222,76,12.5,RPG / First-Person Shooter / Action-Adventure,FPS Boost,,M,"Blood and Gore, Sexual Themes, Strong Language, Intense Violence",,Active,09/12/2024,42,,
DOOM 3,Xbox / PC,Yes,Active,03/12/2021,,65.33333333,08/03/2004,16.60833333,88,11,First-Person Shooter,,,M,"Intense Violence, Blood and Gore",,Active,09/12/2024,42,,
DOOM 64,Xbox / PC,M+KB,Active,03/12/2021,,65.33333333,03/31/1997,23.95,77,7,First-Person Shooter,,,M,"Violence, Blood and Gore",,Active,09/12/2024,42,,
Generation Zero,Xbox / PC,Yes,Active,12/01/2021,,56.7,03/26/2019,2.680555556,50.5,21.5,First-Person Shooter,,,T,"Violence, Language",,Active,09/12/2024,33.36666667,,
The Elder Scrolls III: Morrowind,Xbox / PC,Yes,Active,03/12/2021,,65.33333333,05/01/2002,18.86388889,88,44.5,RPG,,Official PC Mod Support,T,Violence,OG Xbox,Active,09/12/2024,42,,
The Evil Within,Xbox / PC,Yes,Active,03/12/2021,,65.33333333,10/14/2014,6.411111111,73.5,16,Shooter,,,M,"Blood and Gore, Strong Language, Intense Violence",,Active,09/12/2024,42,,
Wolfenstein: The Old Blood,Xbox / PC,Yes,Active,03/12/2021,,65.33333333,05/05/2015,5.852777778,75.5,6,First-Person Shooter,,,M,"Blood and Gore, Intense Violence, Strong Language",,Active,09/12/2024,42,,
DiRT 5,Xbox / PC,Touch Controls,Active,02/25/2021,,65.9,10/16/2020,0.3583333333,79.33333333,8,Driving/Racing,Optimized,Joined EA Play 8/10/21,E,,,Active,09/12/2024,42.56666667,,
Pillars of Eternity II: Deadfire - Ultimate Edition,Xbox / PC,Touch Controls,Active,02/18/2021,,66.13333333,05/08/2018,2.777777778,88,42,RPG,,Official PC Mod Support,M,"Nudity, Blood and Gore, Sexual Themes, Strong Language, Violence",,Active,09/12/2024,42.8,,
Wreckfest,Xbox / PC,Touch Controls,Active,02/18/2021,,66.13333333,06/14/2018,2.677777778,82,19.5,Driving/Racing,,Game Pass Essential (4/23/24),T,"Mild Violence, Mild Lyrics",,Active,09/12/2024,42.8,04/23/2024,38.16666667
Among Us,Xbox / PC,Touch Controls,Active,12/17/2020,,68.16666667,06/16/2018,2.502777778,85,14,Strategy,,"Game Pass Essential launch title (9/14/23), Joined console and cloud 12/14/21",E10+,"Fantasy Violence, Mild Blood",,Active,09/12/2024,44.83333333,09/14/2023,32.9
The Elder Scrolls V: Skyrim Special Edition,Xbox / PC,Yes,Active,12/15/2020,,68.23333333,10/28/2016,4.130555556,82,25.5,RPG,FPS Boost,Official PC Mod Support,M,"Use of Alcohol, Blood and Gore, Sexual Themes, Language, Intense Violence",,Active,09/12/2024,44.9,,
Monster Sanctuary,Xbox / PC,Touch Controls,Active,12/08/2020,,68.46666667,08/28/2019,1.277777778,82,27,Adventure / Platformer,,Game Pass Essential (3/26/25),E10+,"Fantasy Violence, Mild Blood, Tobacco Reference",,Active,09/12/2024,45.13333333,03/26/2025,51.6
NHL 94 Rewind,Xbox,,Active,12/03/2020,,68.63333333,10/30/2020,0.09166666667,100,14.5,Sports / Soccer,,,E,,,Active,09/12/2024,45.3,,
Halo 4,Xbox / PC,,Active,11/17/2020,,69.16666667,11/05/2012,8.033333333,87,8,Action / First-Person Shooter,,,M,"Blood and Gore, Violence, Language",,Active,09/12/2024,45.83333333,,
A Way Out,Xbox / PC,,Active,11/10/2020,,69.4,03/23/2018,2.630555556,79,6,Action / Action-Adventure,,,M,"Nudity, Blood, Sexual Content, Strong Language, Intense Violence",,Active,09/12/2024,46.06666667,,
Alice: Madness Returns,Xbox / PC,,Active,11/10/2020,,69.4,06/14/2011,9.405555556,70,14,Platformer / Action-Adventure,,Joins PC 2/28/22,M,"Blood and Gore, Sexual Themes, Strong Language, Violence",Xbox 360,Active,09/12/2024,46.06666667,,
Army of Two,Xbox,,Active,11/10/2020,,69.4,03/04/2008,12.68333333,72,6.5,Action / Shooter,,,M,"Blood, Strong Language, Intense Violence",Xbox 360,Active,09/12/2024,46.06666667,,
Battlefield 1: Revolution,Xbox / PC,Yes,Active,11/10/2020,,69.4,10/21/2016,4.052777778,87,6.5,First-Person Shooter,FPS Boost X Only,,M,"Blood, Strong Language, Violence",Does not FPS boost on Series S,Active,09/12/2024,46.06666667,,
Battlefield 3: Premium Edition,Xbox / PC,,Active,11/10/2020,,69.4,10/25/2011,9.041666667,84,6,First-Person Shooter / Vehicular Combat,,Enhanced edition only on PC,M,"Blood, Strong Language, Intense Violence",Xbox 360,Active,09/12/2024,46.06666667,,
Battlefield 4: Premium Edition,Xbox / PC,Yes,Active,11/10/2020,,69.4,10/29/2013,7.030555556,81,6,First-Person Shooter,FPS Boost,Enhanced edition only on PC,M,"Blood and Gore, Strong Language, Intense Violence",,Active,09/12/2024,46.06666667,,
Battlefield V: Year Two Edition,Xbox / PC,Yes,Active,11/10/2020,,69.4,11/15/2018,1.986111111,78,6,Action / First-Person Shooter,FPS Boost X Only,Enhanced edition only on PC,M,"Blood, Strong Language, Violence",Does not FPS boost on Series S,Active,09/12/2024,46.06666667,,
Battlefield: Hardline - Ultimate Edition,Xbox / PC,,Active,11/10/2020,,69.4,03/17/2015,5.647222222,71,7.5,First-Person Shooter,FPS Boost,Enhanced edition only on PC,M,"Blood and Gore, Use of Drugs, Strong Language, Intense Violence",,Active,09/12/2024,46.06666667,,
Bejeweled 2,Xbox,,Active,11/10/2020,,69.4,11/05/2004,16.01388889,69,1.5,Puzzle,,,E,,Xbox 360,Active,09/12/2024,46.06666667,,
Bejeweled 3,Xbox,,Active,11/10/2020,,69.4,12/07/2010,9.925,78,4.5,Strategy / Puzzle,,,E,,Xbox 360,Active,09/12/2024,46.06666667,,
BLACK,Xbox,,Active,11/10/2020,,69.4,02/28/2006,14.7,77,6,First-Person Shooter,,,M,"Strong Language, Violence",OG Xbox,Active,09/12/2024,46.06666667,,
Burnout: Paradise - Remastered,Xbox / PC,,Active,11/10/2020,,69.4,01/22/2008,12.8,79,10.5,Driving/Racing,,,E10+,"Mild Violence, Mild Suggestive Themes",Xbox 360,Active,09/12/2024,46.06666667,,
Crysis,Xbox / PC,,Active,11/10/2020,,69.4,11/13/2007,12.99166667,81,10,Action / First-Person Shooter,,,M,"Blood, Strong Language, Violence",Xbox 360,Active,09/12/2024,46.06666667,,
Crysis 2: Maximum Edition,Xbox / PC,,Active,11/10/2020,,69.4,03/22/2011,9.633333333,84,9,First-Person Shooter,,Enhanced edition only on PC,M,"Blood, Partial Nudity, Strong Language, Violence",Xbox 360,Active,09/12/2024,46.06666667,,
Crysis 3,Xbox / PC,,Active,11/10/2020,,69.4,02/19/2013,7.725,76,7,First-Person Shooter,,,M,"Blood, Strong Language, Violence",Xbox 360,Active,09/12/2024,46.06666667,,
Dante's Inferno,Xbox,,Active,11/10/2020,,69.4,02/09/2010,10.75277778,73,8,Action,,,M,"Blood and Gore, Intense Violence, Nudity, Sexual Content",Xbox 360,Active,09/12/2024,46.06666667,,
Dead Space,Xbox / PC,Yes,Active,11/10/2020,,69.4,10/14/2008,12.07222222,89,11,Action,,,M,"Blood and Gore, Strong Language, Intense Violence",Xbox 360,Active,09/12/2024,46.06666667,,
Dead Space 2,Xbox / PC,Yes,Active,11/10/2020,,69.4,01/25/2011,9.791666667,90,9,Action / Shooter,FPS Boost,Joined cloud 3/9/23,M,"Blood and Gore, Strong Language, Intense Violence",Xbox 360,Active,09/12/2024,46.06666667,,
Dead Space 3,Xbox / PC,Yes,Active,11/10/2020,,69.4,02/05/2013,7.763888889,78,13,Action / Shooter,FPS Boost,Joined cloud 3/9/23,M,"Blood and Gore, Strong Language, Intense Violence",Xbox 360,Active,09/12/2024,46.06666667,,
Dead Space: Ignition,Xbox,,Active,11/10/2020,,69.4,10/12/2010,10.07777778,35,1.5,Puzzle,,,M,"Blood and Gore, Strong Language, Intense Violence",Xbox 360,Active,09/12/2024,46.06666667,,
Dragon Age II,Xbox / PC,Touch Controls,Active,11/10/2020,,69.4,03/08/2011,9.672222222,79,26.5,RPG,FPS Boost,Added to cloud 4/7/22,M,"Blood and Gore, Sexual Content, Violence, Language",Xbox 360,Active,09/12/2024,46.06666667,,
Dragon Age: Inquisition - Game of the Year Edition,Xbox / PC,Yes,Active,11/10/2020,,69.4,11/18/2014,5.977777778,86,46.5,Action / RPG,FPS Boost,Enhanced edition only on PC,M,"Nudity, Blood, Sexual Content, Strong Language, Intense Violence",,Active,09/12/2024,46.06666667,,
Dragon Age: Origins - Ultimate Edition,Xbox / PC,Touch Controls,Active,11/10/2020,,69.4,11/03/2009,11.01944444,86,40.5,RPG,FPS Boost,Enhanced edition only on PC,M,"Blood, Intense Violence, Language, Partial Nudity, Sexual Themes",Xbox 360,Active,09/12/2024,46.06666667,,
Fe,Xbox / PC,,Active,11/10/2020,,69.4,02/16/2018,2.733333333,70,5.5,Action-Adventure,,,E,Mild Fantasy Violence,,Active,09/12/2024,46.06666667,,
Feeding Frenzy,Xbox,,Active,11/10/2020,,69.4,03/15/2006,14.65277778,65,2,Action,,,E,,Xbox 360,Active,09/12/2024,46.06666667,,
Feeding Frenzy 2: Shipwreck Showdown,Xbox,,Active,11/10/2020,,69.4,02/06/2006,14.76111111,65,2.5,Action,,,E,Comic Mischief,Xbox 360,Active,09/12/2024,46.06666667,,
Fight Night: Champion,Xbox,,Active,11/10/2020,,69.4,03/01/2011,9.691666667,86,4.5,Simulation / Fighting / Boxing,,,M,"Blood, Suggestive Themes, Strong Language, Violence",Xbox 360,Active,09/12/2024,46.06666667,,
Heavy Weapon,Xbox,,Active,11/10/2020,,69.4,01/17/2007,13.81388889,77,2,Dual-Joystick Shooter,,,E10+,"Fantasy Violence, Use of Tobacco",Xbox 360,TBD,,69.4,,
Mass Effect 2: Digital Deluxe Edition,Xbox / PC,,Active,11/10/2020,,69.4,01/26/2010,10.78888889,96,24.5,RPG / Action-Adventure,,Enhanced edition only on PC,M,"Blood, Sexual Content, Drug Reference, Strong Language, Violence",Xbox 360,Active,09/12/2024,46.06666667,,
Mass Effect 3: N7 Digital Deluxe Edition,Xbox / PC,,Active,11/10/2020,,69.4,03/06/2012,8.677777778,93,24,RPG / Shooter / Action-Adventure,,Enhanced edition only on PC,M,"Blood, Sexual Content, Partial Nudity, Strong Language, Violence",Xbox 360,Active,09/12/2024,46.06666667,,
Mass Effect: Andromeda - Deluxe Edition,Xbox / PC,Yes,Active,11/10/2020,,69.4,03/21/2017,3.636111111,76,18.5,RPG / Action-Adventure,,Enhanced edition only on PC,M,"Nudity, Blood, Strong Sexual Content, Strong Language, Violence",,Active,09/12/2024,46.06666667,,
Medal of Honor: Airborne,Xbox / PC,,Active,11/10/2020,,69.4,09/04/2007,13.18333333,73,6,Action / First-Person Shooter,FPS Boost,,M,"Blood, Strong Language, Violence",Xbox 360,Active,09/12/2024,46.06666667,,
Mirror's Edge,Xbox / PC,,Active,11/10/2020,,69.4,04/01/2010,10.60833333,79,6,Action / Platformer,FPS Boost,,T,"Blood, Violence, Language",Xbox 360,Active,09/12/2024,46.06666667,,
Mirror's Edge: Catalyst,Xbox / PC,Yes,Active,11/10/2020,,69.4,06/07/2016,4.425,72,8.5,Action-Adventure,FPS Boost X Only,,T,"Mild Language, Violence",Does not FPS boost on Series S,Active,09/12/2024,46.06666667,,
Need for Speed: Deluxe Edition,Xbox / PC,,Active,11/10/2020,,69.4,11/03/2015,5.019444444,65,15.5,Driving/Racing,,Enhanced edition only on PC,T,"Mild Violence, Language",,Active,09/12/2024,46.06666667,,
Need for Speed: Heat - Deluxe Edition,Xbox / PC,Touch Controls,Active,11/10/2020,,69.4,11/08/2019,1.005555556,74,12.5,Driving/Racing,,Enhanced edition only on PC,T,"Mild Violence, Language",,Active,09/12/2024,46.06666667,,
Need for Speed: Payback - Deluxe Edition,Xbox / PC,,Active,11/10/2020,,69.4,11/10/2017,3,61,18.5,Driving/Racing,,Enhanced edition only on PC,T,"Mild Violence, Mild Suggestive Themes, Language",,Active,09/12/2024,46.06666667,,
Need for Speed: Rivals - Complete Edition,Xbox / PC,,Active,11/10/2020,,69.4,11/15/2013,6.986111111,75,13,Driving/Racing,,Enhanced edition only on PC,E10+,Mild Violence,,Active,09/12/2024,46.06666667,,
Peggle,Xbox / PC,,Active,11/10/2020,,69.4,04/11/2007,13.58055556,89,4,Puzzle / Block-Breaking,,,E,,Xbox 360,Active,09/12/2024,46.06666667,,
Peggle 2,Xbox,Touch Controls,Active,11/10/2020,,69.4,09/12/2013,7.161111111,89,6,Puzzle,,,E,Comic Mischief,,Active,09/12/2024,46.06666667,,
Plants vs. Zombies: Game of the Year Edition,Xbox / PC,,Active,11/10/2020,,69.4,05/05/2009,11.51388889,89,8,Strategy / Puzzle,,Enhanced edition only on PC,E10+,"Animated Blood, Cartoon Violence",Xbox 360,Active,09/12/2024,46.06666667,,
Plants vs. Zombies: Battle for Neighborville - Deluxe Edition,Xbox / PC,Yes,Active,11/10/2020,,69.4,10/18/2019,1.061111111,76,4.5,Shooter,FPS Boost,Enhanced edition only on PC,E10+,"Fantasy Violence, Comic Mischief",,Active,09/12/2024,46.06666667,,
Plants vs. Zombies: Garden Warfare,Xbox / PC,Yes,Active,11/10/2020,,69.4,02/18/2014,6.727777778,76,67.5,Shooter,FPS Boost,Added to cloud 4/7/22,E10+,"Fantasy Violence, Crude Humor, Animated Blood",,Active,09/12/2024,46.06666667,,
Plants vs. Zombies: Garden Warfare 2 - Deluxe Edition,Xbox / PC,Yes,Active,11/10/2020,,69.4,02/23/2016,4.713888889,80,12.5,Action,FPS Boost,Enhanced edition only on PC,E10+,"Fantasy Violence, Crude Humor, Animated Blood",,Active,09/12/2024,46.06666667,,
Sea of Solitude,Xbox / PC,,Active,11/10/2020,,69.4,07/05/2019,1.347222222,72,3,Adventure,FPS Boost,,T,"Fantasy Violence, Language",,TBD,,69.4,,
Skate 3,Xbox,Yes,Active,11/10/2020,,69.4,05/11/2010,10.49722222,80,9,Skateboarding,,,T,"Crude Humor, Drug Reference, Language, Mild Violence, Suggestive Themes",Xbox 360,Active,09/12/2024,46.06666667,,
SSX,Xbox,,Active,11/10/2020,,69.4,02/28/2012,8.7,82,11.5,Sports / Snowboarding/Skiing,,,E,"Mild Lyrics, Mild Violence",Xbox 360,Active,09/12/2024,46.06666667,,
Star Wars Battlefront: Ultimate Edition,Xbox / PC,,Active,11/10/2020,,69.4,11/17/2015,4.980555556,75,14.5,Action / Shooter,FPS Boost,Enhanced edition only on PC,T,Violence,,Active,09/12/2024,46.06666667,,
Star Wars Battlefront II: Celebration Edition,Xbox / PC,Yes,Active,11/10/2020,,69.4,11/17/2017,2.980555556,66,6,Action / First-Person Shooter,FPS Boost X Only,Enhanced edition only on PC,T,Violence,Does not FPS boost on Series S,Active,09/12/2024,46.06666667,,
Star Wars Jedi: Fallen Order,Xbox / PC,Yes,Active,11/10/2020,,69.4,11/15/2019,0.9861111111,81,24,Action-Adventure,Optimized,,T,"Mild Language, Violence",,Active,09/12/2024,46.06666667,,
The Sims 4: Deluxe Party Edition,Xbox / PC,M+KB,Active,11/10/2020,,69.4,09/02/2014,6.188888889,66,40,Simulation,,Enhanced edition only on PC,T,"Crude Humor, Sexual Themes, Violence",,Active,09/12/2024,46.06666667,,
Titanfall 2: Ultimate Edition,Xbox / PC,,Active,11/10/2020,,69.4,10/28/2016,4.033333333,87,6,First-Person Shooter,FPS Boost,Enhanced edition only on PC,M,"Blood and Gore, Language, Violence",,Active,09/12/2024,46.06666667,,
Unravel,Xbox / PC,,Active,11/10/2020,,69.4,02/09/2016,4.752777778,75,6,Puzzle / Platformer,,,E,Mild Fantasy Violence,,Active,09/12/2024,46.06666667,,
Unravel Two,Xbox / PC,Yes,Active,11/10/2020,,69.4,06/09/2018,2.419444444,81,5,Puzzle / Platformer,FPS Boost,,E,Mild Fantasy Violence,,Active,09/12/2024,46.06666667,,
Zuma,Xbox,,Active,11/10/2020,,69.4,12/12/2003,16.91111111,78,5,Puzzle,,,E,,Xbox 360,Active,09/12/2024,46.06666667,,
Zuma's Revenge!,Xbox,,Active,11/10/2020,,69.4,09/15/2009,11.15277778,76,5,Puzzle,,,E,"Violence, Blood, Use of Alcohol, Language",Xbox 360,Active,09/12/2024,46.06666667,,
Deep Rock Galactic,Xbox / PC,M+KB,Active,11/05/2020,,69.56666667,05/13/2020,0.4777777778,84,119,First-Person Shooter,,Game Pass Essential (4/23/24),T,,,Active,09/12/2024,46.23333333,04/23/2024,41.6
Day of the Tentacle Remastered,Xbox / PC,,Active,10/29/2020,,69.76666667,03/22/2016,4.602777778,84,4.5,Adventure,,,T,"Fantasy Violence, Suggestive Themes, Use of Tobacco",,Active,09/12/2024,46.43333333,,
Full Throttle Remastered,Xbox / PC,,Active,10/29/2020,,69.76666667,04/18/2017,3.530555556,76,4,Adventure,,,T,"Violence, Blood, Mild Language, Use of Alcohol and Tobacco",,Active,09/12/2024,46.43333333,,
Grim Fandango Remastered,Xbox / PC,,Active,10/29/2020,,69.76666667,01/27/2015,5.755555556,80,11,Adventure,,,T,"Crude Humor, Fantasy Violence, Mild Language, Mild Suggestive Themes, Use of Alcohol and Tobacco",,Active,09/12/2024,46.43333333,,
Tom Clancy's Rainbow Six: Siege - Deluxe Edition,Xbox / PC,Yes,Active,10/22/2020,,70,12/01/2015,4.891666667,74,7.5,First-Person Shooter,Optimized,"Ubisoft Connect launcher, joined PC 1/20/21",M,"Blood, Drug Reference, Strong Language, Violence",,Active,09/12/2024,46.66666667,,
Age of Empires III: Definitive Edition,PC,,Active,10/15/2020,,70.23333333,10/15/2020,0,76,10.5,Strategy / Real-Time Strategy,,,T,"Mild Blood, Violence",,Active,10/01/2025,59.53333333,,
Brütal Legend,Xbox,,Active,10/08/2020,,70.46666667,10/13/2009,10.98611111,82,9,Real-Time Strategy / Action-Adventure,,,M,"Blood and Gore, Intense Violence, Partial Nudity, Strong Language, Suggestive Themes",Xbox 360,Active,09/12/2024,47.13333333,,
DOOM Eternal,Xbox / PC,Yes,Active,10/01/2020,,70.7,03/20/2020,0.5305555556,88,13.5,First-Person Shooter,Optimized,Game Pass Essential launch title (9/14/23),M,"Blood and Gore, Intense Violence",,Active,09/12/2024,47.36666667,09/14/2023,35.43333333
Halo 3: ODST,Xbox / PC,Yes,Active,09/22/2020,,71,09/22/2009,11,83,7,Action / First-Person Shooter,,,M,"Blood, Language, Violence",Xbox 360,Active,09/12/2024,47.66666667,,
Wasteland 3,Xbox / PC,Touch Controls,Active,08/28/2020,,71.8,08/28/2020,0,86,36.5,RPG,FPS Boost,,M,"Blood and Gore, Sexual Content, Use of Drugs, Strong Language, Intense Violence",,Active,09/12/2024,48.46666667,,
Tell Me Why,Xbox / PC,Touch Controls,Active,08/27/2020,,71.83333333,08/27/2020,0,80,9,Adventure,,,M,"Mild Blood, Drug Reference, Strong Language, Violence",,Active,09/12/2024,48.5,,
Battletoads,Xbox / PC,Yes,Active,08/20/2020,,72.06666667,08/20/2020,0,72.5,4,Brawler,,,E10+,"Crude Humor, Mild Language, Animated Blood, Cartoon Violence",,Active,09/12/2024,48.73333333,,
New Super Lucky's Tale,Xbox / PC,Touch Controls,Active,08/20/2020,,72.06666667,11/08/2019,0.7833333333,76,7.5,Platformer,FPS Boost,,E,Mild Cartoon Violence,,Active,09/12/2024,48.73333333,,
Microsoft Flight Simulator (2020): Game of the Year Edition,Xbox / PC,Yes,Active,08/18/2020,,72.13333333,08/18/2020,0,92,41.5,Simulation / Flight Simulator,"Exclusive, Optimized","Joining Xbox Series X|S on 7/27/21, PC 3/1/22",E,,,Active,09/12/2024,48.8,,
Trailmakers,Xbox / PC,Yes,Active,08/06/2020,,72.53333333,09/18/2019,0.8833333333,70,11.5,Driving/Racing,,,E10+,Fantasy Violence,,Active,09/12/2024,49.2,,
Grounded,Xbox / PC,M+KB,Active,07/28/2020,,72.8,07/28/2020,0,65,6.5,Action-Adventure,Optimized,"Game Pass Essential launch title (9/14/23), Game launches with campaign 9/27/22, game preview up until then",T,"Violence, Blood, Drug Reference, Language",,Active,09/12/2024,49.46666667,09/14/2023,37.53333333
Halo 3,Xbox / PC,,Active,07/14/2020,,73.26666667,09/25/2007,12.80277778,88,9,First-Person Shooter,,,M,"Blood and Gore, Violence, Language",Xbox 360,Active,09/12/2024,49.93333333,,
Fallout 76,Xbox / PC,Yes,Active,07/09/2020,,73.43333333,11/14/2018,1.652777778,68,29.5,Sci-Fi / Alternate Historical / Post-Apocalyptic,FPS Boost,"Game Pass Essential launch title (9/14/23), Official PC Mod Support",M,"Use of Alcohol, Blood and Gore, Suggestive Themes, Drug Reference, Strong Language, Intense Violence",,Active,09/12/2024,50.1,09/14/2023,38.16666667
The Bard's Tale ARPG: Remastered and Resnarkled,Xbox / PC,Touch Controls,Active,06/18/2020,,74.13333333,06/18/2020,0,90,14,RPG,,,T,"Blood, Mild Language, Suggestive Themes, Use of Alcohol, Violence",,Active,09/12/2024,50.8,,
BattleTech,PC,,Active,06/11/2020,,74.36666667,04/24/2018,2.130555556,78,54,Strategy / RPG,,,T,"Violence, Use of Alcohol And Tobacco, Language",,Active,10/01/2025,63.66666667,,
No Man's Sky,Xbox / PC,Yes,Active,06/11/2020,,74.36666667,08/09/2016,3.838888889,69,30.5,Simulation / Action-Adventure,Optimized,,T,"Fantasy Violence, Animated Blood",,Active,09/12/2024,51.03333333,,
Minecraft: Dungeons,Xbox / PC,Touch Controls,Active,05/26/2020,,74.86666667,05/26/2020,0,72.5,5,RPG / Action-Adventure,Optimized,,E10+,Fantasy Violence,,Active,09/12/2024,51.53333333,,
Halo 2: Anniversary,Xbox / PC,,Active,05/12/2020,,75.33333333,11/09/2004,15.50833333,71,8,First-Person Shooter,,,M,"Blood and Gore, Violence, Language",,Active,09/12/2024,52,,
DayZ,Xbox / PC,Yes,Active,05/07/2020,,75.5,12/13/2013,6.4,56,65.5,RPG / Simulation / First-Person Shooter,,Game Pass Essential (12/4/24). Joins PC on 4/8/26,M,"Blood, Strong Language, Violence",,Active,09/12/2024,52.16666667,12/04/2024,54.9
MechWarrior 5: Mercenaries,Xbox / PC,Yes,Active,05/07/2020,,75.5,12/10/2019,0.4083333333,74,46.5,Action / Simulation / Shooter,,,T,"Language, Mild Blood, Violence",,Active,09/12/2024,52.16666667,,
Gears Tactics,Xbox / PC,M+KB,Active,04/28/2020,,75.8,04/28/2020,0,81,22.5,Strategy,Optimized,,M,"Blood and Gore, Strong Language, Intense Violence",,Active,09/12/2024,52.46666667,,
Totally Reliable Delivery Service,Xbox / PC,Yes,Active,04/01/2020,,76.7,04/01/2020,0,60,1,Action / Simulation,FPS Boost,"Game Pass Essential (12/6/23), Joined PC 12/1/22",E10+,"Crude Humor, Mild Fantasy Violence",,Active,09/12/2024,53.36666667,12/06/2023,44.16666667
Bleeding Edge,Xbox / PC,Yes,Active,03/24/2020,,76.93333333,03/24/2020,0,70,6.5,Action,,,T,"Blood, Violence",,Active,09/12/2024,53.6,,
Ori and the Will of the Wisps,Xbox / PC,Yes,Active,03/11/2020,,77.36666667,03/11/2020,0,90,11,Action / Platformer,Optimized,Game Pass Essential launch title (9/14/23),E,Mild Fantasy Violence,,Active,09/12/2024,54.03333333,09/14/2023,42.1
Halo: Combat Evolved - Anniversary,Xbox / PC,,Active,03/03/2020,,77.63333333,11/15/2001,18.3,79,10,First-Person Shooter,,,M,"Blood and Gore, Violence, Language",,Active,09/12/2024,54.3,,
Wasteland Remastered,Xbox / PC,Touch Controls,Active,02/25/2020,,77.9,02/25/2020,0,60,18.5,Strategy / RPG,,,T,"Violence, Blood, Sexual Content, Use of Alcohol, Simulated Gambling",,Active,09/12/2024,54.56666667,,
Wolfenstein: Youngblood,Xbox / PC,Yes,Active,02/06/2020,,78.53333333,07/25/2019,0.5305555556,68,9,First-Person Shooter,,,M,"Blood and Gore, Strong Language, Intense Violence",,Active,09/12/2024,55.2,,
Phoenix Point,Xbox / PC,Touch Controls,Active,12/20/2019,,80.06666667,12/03/2019,0.04722222222,74,32,Strategy,,Joined console 10/1/21,T,"Blood, Violence, Language",,Active,09/12/2024,56.73333333,,
Totally Accurate Battle Simulator,Xbox / PC,Touch Controls,Active,12/20/2019,,80.06666667,04/01/2019,0.7194444444,76,4.5,Strategy / Simulation,,,T,Violence,,Active,09/12/2024,56.73333333,,
Pillars of Eternity: Definitive Edition,Xbox / PC,Touch Controls,Active,12/19/2019,,80.1,03/26/2015,4.730555556,86,35.5,RPG,,Upgraded from complete to definitive edition on 12/13/23,M,"Blood, Sexual Themes, Strong Language, Violence",,Active,09/12/2024,56.76666667,,
Overcooked! 2,Xbox / PC,Touch Controls,Active,12/12/2019,,80.33333333,08/07/2018,1.347222222,83,6.5,Simulation,FPS Boost,Game Pass Essential launch title (9/14/23),E,,,Active,09/12/2024,57,09/14/2023,45.06666667
Halo: Reach,Xbox / PC,,Active,12/03/2019,,80.63333333,09/14/2010,9.219444444,91,8,Action / Shooter / First-Person Shooter,,,M,"Blood and Gore, Violence, Language",Xbox 360,Active,09/12/2024,57.3,,
Age of Empires II: Definitive Edition,Xbox / PC,,Active,11/14/2019,,81.26666667,11/14/2019,0,84,35.5,Strategy,,Joined console 1/31/23,T,"Mild Blood, Mild Language, Violence",,Active,09/12/2024,57.93333333,,
RAGE 2,Xbox / PC,Yes,Active,11/14/2019,,81.26666667,05/14/2019,0.5,72,10,First-Person Shooter,,,M,"Blood and Gore, Suggestive Themes, Strong Language, Intense Violence",,Active,09/12/2024,57.93333333,,
The Outer Worlds,Xbox / PC,Yes,Active,10/25/2019,,81.9,10/25/2019,0,85,12,RPG / First-Person Shooter,,,M,"Blood and Gore, Strong Language, Intense Violence",,Active,09/12/2024,58.56666667,,
Fallout: New Vegas - Ultimate Edition,Xbox / PC,Yes,Active,10/17/2019,,82.16666667,10/19/2010,8.994444444,84,27.5,RPG / First-Person Shooter,FPS Boost,"Official PC Mod Support, enhanced edition only on PC",M,"Blood and Gore, Intense Violence, Strong Language, Use of Drugs, Sexual Content",Xbox 360,Active,09/12/2024,58.83333333,,
Dishonored 2,Xbox / PC,Yes,Active,10/03/2019,,82.63333333,11/11/2016,2.894444444,88,12.5,Action-Adventure,,Game Pass Essential launch title (9/14/23),M,"Blood and Gore, Suggestive Themes, Strong Language, Intense Violence",,Active,09/12/2024,59.3,09/14/2023,47.36666667
Gears 5: Game of the Year Edition,Xbox / PC,Touch Controls,Active,09/10/2019,,83.4,09/10/2019,0,83,10.5,Action,Optimized,Game Pass Essential launch title (9/14/23),M,"Blood and Gore, Strong Language, Intense Violence",,Active,09/12/2024,60.06666667,09/14/2023,48.13333333
Dead Cells,Xbox / PC,Touch Controls,Active,09/05/2019,,83.56666667,05/10/2017,2.319444444,91,13,Platformer / Action-Adventure,,"Game Pass Essential launch title (9/14/23), Left EA Play 10/23/21",T,"Blood and Gore, Language, Violence",,Active,09/12/2024,60.23333333,09/14/2023,48.3
The Bard's Tale IV: Director's Cut,Xbox / PC,Touch Controls,Active,08/27/2019,,83.83333333,09/18/2018,0.9416666667,70,59.5,RPG,,,T,"Use of Alcohol, Blood, Violence, Language",,Active,09/12/2024,60.5,,
Age of Empires: Definitive Edition,PC,,Active,08/19/2019,,84.1,02/19/2018,1.5,83,39.5,Strategy,,,T,"Blood, Mild Violence",,Active,10/01/2025,73.4,,
The Bard's Tale Trilogy,Xbox / PC,Touch Controls,Active,08/13/2019,,84.3,08/14/2018,0.9972222222,70,24,RPG,,,T,"Fantasy Violence, Use of Alcohol, Simulated Gambling",,Active,09/12/2024,60.96666667,,
Killer Instinct 2 Classic,Xbox,,Active,07/25/2019,,84.9,11/22/2013,5.675,59,1,Fighting,,,M,"Blood and Gore, Suggestive Themes, Violence",,Active,09/12/2024,61.56666667,,
Killer Instinct Classic,Xbox,,Active,07/25/2019,,84.9,10/28/1994,24.74166667,85,1,Fighting,,,M,"Blood and Gore, Suggestive Themes, Mild Crude Humor, Violence",,Active,09/12/2024,61.56666667,,
Killer Instinct (2013): Anniversary Edition,Xbox / PC,Touch Controls,Active,07/25/2019,,84.9,11/22/2013,5.675,86,2,Fighting,,Anniversary Edition added 11/28/23,M,"Blood and Gore, Suggestive Themes, Violence, Mild Language, Mild Crude Humor",,Active,09/12/2024,61.56666667,,
Torment: Tides of Numenera,Xbox / PC,Touch Controls,Active,06/27/2019,,85.83333333,02/28/2017,2.330555556,81,26,RPG,,"Joined Xbox and cloud 7/21/22, originally only on PC",M,"Blood, Sexual Themes, Violence, Language",,Active,09/12/2024,62.5,,
Perfect Dark,Xbox,Yes,Active,06/20/2019,,86.06666667,08/28/2000,18.81111111,79,9,Action / Shooter,,,M,"Blood, Violence",,Active,09/12/2024,62.73333333,,
Rare Replay,Xbox,,Active,06/20/2019,,86.06666667,08/04/2015,3.877777778,84,44,Compilation,,,M,"Violence, Blood, Language, Use of Alcohol, Use of Tobacco",,Active,09/12/2024,62.73333333,,
ASTRONEER,Xbox / PC,Yes,Active,06/09/2019,,86.43333333,12/16/2016,2.480555556,72,18.5,Adventure,,Game Pass Essential launch title (9/14/23),E,Mild Fantasy Violence,,Active,09/12/2024,63.1,09/14/2023,51.16666667
Batman: Arkham Knight,Xbox / PC,Yes,Active,06/09/2019,,86.43333333,06/23/2015,3.961111111,85,16.5,Action-Adventure,,Game Pass Essential (3/26/25). Joined PC 65/16/26,M,"Blood, Suggestive Themes, Violence, Language",,Active,09/12/2024,63.1,03/26/2025,69.56666667
Halo: Spartan Strike,PC,,Active,06/09/2019,,86.43333333,04/16/2015,4.147222222,66,5.5,Action / Dual-Joystick Shooter,,,E10+,"Fantasy Violence, Mild Blood",,Active,10/01/2025,75.73333333,,
Hollow Knight: Voidheart Edition,Xbox / PC,Yes,Active,06/09/2019,,86.43333333,02/24/2017,2.291666667,89,25,Platformer / Action-Adventure,FPS Boost,,E10+,"Fantasy Violence, Mild Blood",,Active,09/12/2024,63.1,,
Moonlighter,Xbox / PC,Yes,Active,06/09/2019,,86.43333333,05/29/2018,1.027777778,84,14,Action / RPG,,Left EA Play 10/23/21,E10+,Fantasy Violence,,Active,09/12/2024,63.1,,
Rise of Nations: Extended Edition,PC,,Active,06/09/2019,,86.43333333,05/20/2003,16.05277778,89,18,Strategy / Real-Time Strategy / Trivia/Board Game,,,T,"Blood and Gore, Violence",,Active,10/01/2025,75.73333333,,
Dead by Daylight: Special Edition,Xbox / PC,Yes,Active,05/30/2019,,86.73333333,06/14/2016,2.961111111,58,608,Action,Optimized,,M,"Blood and Gore, Strong Language, Intense Violence",,Active,09/12/2024,63.4,,
Descenders,Xbox / PC,Yes,Active,05/07/2019,,87.5,02/09/2018,1.244444444,77,4,Sports / Driving/Racing,Optimized,Game Pass Essential launch title (9/14/23),E,,,Active,09/12/2024,64.16666667,09/14/2023,52.23333333
Wolfenstein II: The New Colossus,Xbox / PC,Yes,Active,05/02/2019,,87.66666667,10/27/2017,1.513888889,88,10.5,First-Person Shooter,,,M,"Blood and Gore, Sexual Content, Partial Nudity, Use of Drugs, Strong Language, Intense Violence",,Active,09/12/2024,64.33333333,,
The Walking Dead: A New Frontier,Xbox / PC,Touch Controls,Active,04/18/2019,,88.13333333,12/20/2016,2.327777778,73,8,Adventure,,"Joined PC 11/1/22, left 9/30/24",M,"Violence, Blood, Use of Drugs, Strong Language",,Active,09/12/2024,64.8,,
Prey,Xbox / PC,Yes,Active,04/11/2019,,88.36666667,05/05/2017,1.933333333,83,16,First-Person Shooter / Action-Adventure,FPS Boost,,M,"Use of Alcohol, Blood, Violence, Language",,Active,09/12/2024,65.03333333,,
Minecraft,Xbox / PC,,Active,04/04/2019,,88.6,11/18/2011,7.377777778,88,116,Action-Adventure,,Joined PC 11/2/21 (Java and Bedrock Editions),E10+,Fantasy Violence,,Active,09/12/2024,65.26666667,,
Fallout 4,Xbox / PC,Yes,Active,03/14/2019,,89.26666667,11/10/2015,3.344444444,88,26.5,RPG / Shooter,FPS Boost,"Game Pass Essential launch title (9/14/23), Official PC Mod Support",M,"Blood and Gore, Use of Drugs, Strong Language, Intense Violence",,Active,09/12/2024,65.93333333,09/14/2023,54
The Walking Dead: Michonne,Xbox / PC,Touch Controls,Active,03/28/2019,,88.8,02/23/2016,3.097222222,64,4,Adventure,,"Joined PC 11/1/22, left 9/30/24",M,"Intense Violence, Blood, Use of Drugs, Language",,Active,09/12/2024,65.46666667,,
Crackdown 3,Xbox / PC,Yes,Active,02/15/2019,,90.23333333,02/15/2019,0,60,6.5,Action-Adventure,,,M,"Blood, Sexual Themes, Drug Reference, Strong Language, Violence",,Active,09/12/2024,66.9,,
The Walking Dead: The Complete First Season,Xbox / PC,Touch Controls,Active,02/07/2019,,90.5,12/05/2017,1.172222222,89,13,Light-Gun Shooter,,"Joined PC 10/6/22, leaves PC 9/30/24",M,"Blood and Gore, Sexual Themes, Drug Reference, Strong Language, Intense Violence",,Active,09/12/2024,67.16666667,,
The Walking Dead: Season Two,Xbox / PC,Touch Controls,Active,02/28/2019,,89.8,12/17/2013,5.197222222,83,9.5,Adventure,,"Joined PC 10/6/22, leaves PC 9/30/24",M,"Blood and Gore, Intense Violence, Strong Language",,Active,09/12/2024,66.46666667,,
ARK: Ultimate Survivor Edition ,Xbox / PC,Yes,Active,01/03/2019,,91.63333333,12/06/2016,2.075,69,123,Action-Adventure,Optimized,"New edition joins 2/14/22, Previously ARK: Survival Evolved - Explorer's Edition",T,"Use of Alcohol, Crude Humor, Blood, Violence",,Active,09/12/2024,68.3,,
Ori and the Blind Forest: Definitive Edition,Xbox / PC,Yes,Active,12/20/2018,,92.06666667,03/11/2015,3.775,88,8.5,Puzzle / Platformer / Action-Adventure,,,E,Mild Fantasy Violence,,Active,09/12/2024,68.73333333,,
Hellblade: Senua's Sacrifice,Xbox / PC,Touch Controls,Active,12/17/2018,,92.16666667,08/08/2017,1.358333333,88,7.5,Action / Action-Adventure,Optimized,Game Pass Essential launch title (9/14/23),M,"Blood and Gore, Strong Language, Intense Violence",,Active,09/12/2024,68.83333333,09/14/2023,56.9
Wolfenstein: The New Order,Xbox / PC,Yes,Active,10/01/2018,,94.7,05/20/2014,4.363888889,80,11.5,First-Person Shooter,,,M,"Blood and Gore, Strong Sexual Content, Use of Drugs, Strong Language, Intense Violence",,Active,09/12/2024,71.36666667,,
Halo: The Master Chief Collection,Xbox / PC,Yes,Active,09/01/2018,,95.7,11/11/2014,3.805555556,85,52.5,Compilation / First-Person Shooter,Optimized,,M,"Blood and Gore, Violence, Language",,Active,09/12/2024,72.36666667,,
Quantum Break,Xbox / PC,,Active,09/01/2018,,95.7,04/05/2016,2.405555556,77,10,Shooter,,"Joined 9/1/18, briefly left 4/15/23 due to licensing issues, PC added when game returned",M,"Blood, Strong Language, Intense Violence",,Active,09/12/2024,72.36666667,,
DOOM (2016),Xbox,Yes,Active,08/10/2018,,96.4,05/13/2016,2.241666667,87,11.5,First-Person Shooter,,Game Pass Essential launch title (9/14/23),M,"Blood and Gore, Strong Language, Intense Violence",,Active,09/12/2024,73.06666667,09/14/2023,61.13333333
RAGE,Xbox,Yes,Active,08/01/2018,,96.7,10/04/2011,6.825,81,11,First-Person Shooter / Vehicular Combat,,,M,"Blood and Gore, Intense Violence, Strong Language",Xbox 360,Active,09/12/2024,73.36666667,,
Rush: A Disney Pixar Adventure,Xbox / PC,Yes,Active,08/01/2018,,96.7,03/20/2012,6.363888889,68,3,Minigame Collection / Platformer,,,E10+,Cartoon Violence,,Active,09/12/2024,73.36666667,,
Ryse: Son of Rome,Xbox,Yes,Active,08/01/2018,,96.7,11/22/2013,4.691666667,60,6.5,Action / Brawler,,Joined cloud 2/18/25,M,"Blood and Gore, Sexual Content, Partial Nudity, Strong Language, Intense Violence",,Active,09/12/2024,73.36666667,,
Fallout 3: Game of the Year Edition,Xbox / PC,Yes,Active,07/01/2018,,97.7,10/28/2008,9.675,93,22.5,RPG / First-Person Shooter,FPS Boost,"Official PC Mod Support, enhanced edition only on PC",M,"Blood and Gore, Intense Violence, Sexual Themes, Strong Language, Use of Drugs",Xbox 360,Active,09/12/2024,74.36666667,,
Human: Fall Flat,Xbox / PC,Yes,Active,07/01/2018,,97.7,07/22/2016,1.941666667,73,5.5,Puzzle,Optimized,Game Pass Essential launch title (9/14/23),E,,,Active,09/12/2024,74.36666667,09/14/2023,62.43333333
The Elder Scrolls IV: Oblivion,Xbox / PC,Yes,Active,07/01/2018,,97.7,03/20/2006,12.28055556,94,27.5,Action / RPG,FPS Boost,Official PC Mod Support,M,"Use of Alcohol, Blood and Gore, Sexual Themes, Violence, Language",Xbox 360,Active,09/12/2024,74.36666667,,
The Elder Scrolls Online,Xbox / PC,,Active,06/10/2018,,98.4,04/04/2014,4.183333333,77,87,MMORPG,,"Joins PC 6/2/26. Game Pass Essential launch title (9/14/23), Temporarily removed from cloud 2/22/22 due to disconnect issues, reinstated 12/20/22",M,"Use of Alcohol, Blood and Gore, Sexual Themes, Violence",,Active,09/12/2024,75.06666667,09/14/2023,63.13333333
Disneyland Adventures,Xbox / PC,Yes,Active,06/01/2018,,98.7,11/15/2011,6.544444444,67,16,Adventure / Minigame Collection,,,E10+,,,Active,09/12/2024,75.36666667,,
Wasteland 2: Director's Cut,Xbox / PC,Touch Controls,Active,06/01/2018,,98.7,09/18/2014,3.702777778,77,39.5,RPG,,,M,"Blood and Gore, Sexual Content, Drug Reference, Strong Language, Violence",,Active,09/12/2024,75.36666667,,
State of Decay 2: Juggernaut Edition,Xbox / PC,M+KB,Active,05/22/2018,,99,05/18/2018,0.01111111111,78,36.5,Action-Adventure,Optimized,"Game Pass Essential launch title (9/14/23), Official PC Mod Support",M,"Blood and Gore, Drug Reference, Strong Language, Intense Violence",,Active,09/12/2024,75.66666667,09/14/2023,63.73333333
Cities: Skylines - Remastered,Xbox / PC,M+KB,Active,04/01/2018,,100.7,03/10/2015,3.058333333,83,25.5,Simulation,,Game Pass Essential (10/1/25). Remasted coming to Xbox Series X|S and cloud exclusively beginning 2/15/23. PC version is not remastered,E,,,Active,09/12/2024,77.36666667,10/01/2025,90
theHunter: Call of the Wild,Xbox / PC,Yes,Active,04/01/2018,,100.7,02/15/2017,1.127777778,83,20.5,Simulation / First-Person Shooter,,Joined PC 12/1/2021,T,"Blood, Violence",,Active,09/12/2024,77.36666667,,
Sea of Thieves,Xbox / PC,"Touch Controls, M+KB",Active,03/20/2018,,101.0666667,03/20/2018,0,69,33.5,Action-Adventure,Optimized,,T,"Use of Alcohol, Crude Humor, Violence",,Active,09/12/2024,77.73333333,,
Super Lucky's Tale,Xbox / PC,,Active,03/01/2018,,101.7,11/07/2017,0.3166666667,64,6,Platformer,FPS Boost,,E,Mild Cartoon Violence,,Active,09/12/2024,78.36666667,,
Fable Anniversary,Xbox,Touch Controls,Active,02/01/2018,,102.7,02/04/2014,3.991666667,68,14,RPG / Action-Adventure,,Game Pass Essential launch title (9/14/23),M,"Blood and Gore, Language, Use of Alcohol, Violence, Sexual Content",Xbox 360,Active,09/12/2024,79.36666667,09/14/2023,67.43333333
Halo Wars 2,Xbox / PC,Touch Controls,Active,02/01/2018,,102.7,02/17/2017,0.9555555556,79,8,Real-Time Strategy,FPS Boost,Game Pass Essential launch title (9/14/23),T,"Mild Blood, Mild Language, Violence",,Active,09/12/2024,79.36666667,09/14/2023,67.43333333
Zoo Tycoon: Ultimate Animal Collection,Xbox / PC,,Active,01/01/2018,,103.7,10/31/2017,0.1694444444,68,14,Simulation,,,E,,,Active,09/12/2024,80.36666667,,
Gears of War 4,Xbox / PC,Yes,Active,12/01/2017,,104.7,10/07/2016,1.15,84,9,Shooter,FPS Boost,,M,"Blood and Gore, Strong Language, Intense Violence",,Active,09/12/2024,81.36666667,,
Mass Effect,Xbox / PC,,Active,12/01/2017,,104.7,11/20/2007,10.03055556,90,17,RPG / Shooter,,,M,"Blood, Sexual Themes, Partial Nudity, Violence, Language",Xbox 360,Active,09/12/2024,81.36666667,,
Halo Wars: Definitive Edition,Xbox / PC,Touch Controls,Active,11/01/2017,,105.7,02/26/2009,8.680555556,81,9,Action / RPG,,,T,"Violence, Mild Blood, Mild Language",,Active,09/12/2024,82.36666667,,
Costume Quest 2,Xbox,,Active,10/01/2017,,106.7,10/07/2014,2.983333333,65,6.5,RPG,,,E10+,Fantasy Violence,,Active,09/12/2024,83.36666667,,
State of Decay: Year One Survival Edition,Xbox,,Active,10/01/2017,,106.7,04/28/2015,2.425,72,17.5,Strategy / Shooter / Action-Adventure,,,M,"Blood and Gore, Drug Reference, Strong Language, Intense Violence",,Active,09/12/2024,83.36666667,,
Fable II,Xbox,Touch Controls,Active,09/01/2017,,107.7,10/21/2008,8.861111111,89,13,Adventure,,,M,"Use of Alcohol, Blood, Sexual Themes, Violence, Language",Xbox 360,Active,09/12/2024,84.36666667,,
ReCore: Definitive Edition,Xbox / PC,Yes,Active,08/29/2017,,107.7666667,09/13/2016,0.9611111111,61,12,Adventure,FPS Boost,,T,Violence,,Active,09/12/2024,84.43333333,,
Banjo-Kazooie,Xbox,Touch Controls,Active,06/01/2017,,110.7,06/29/1998,18.92222222,77,11,Adventure,,,E,Violence,,Active,09/12/2024,87.36666667,,
Banjo-Kazooie: Nuts & Bolts,Xbox,Yes,Active,06/01/2017,,110.7,11/11/2008,8.555555556,79,15.5,Adventure,,,E10+,"Crude Humor, Cartoon Violence",Xbox 360,Active,09/12/2024,87.36666667,,
Banjo-Tooie,Xbox,Touch Controls,Active,06/01/2017,,110.7,11/19/2000,16.53333333,73,16,Adventure,,,E,,,Active,09/12/2024,87.36666667,,
Fable III,Xbox,Touch Controls,Active,06/01/2017,,110.7,10/26/2010,6.597222222,80,12.5,Adventure,FPS Boost,,M,"Use of Alcohol, Blood, Sexual Content, Violence, Language",Xbox 360,Active,09/12/2024,87.36666667,,
Fuzion Frenzy,Xbox / PC,Touch Controls,Active,06/01/2017,,110.7,11/14/2001,15.54722222,70,4,Minigame Collection,,XBOX Backward Compatibility on PC (7/22/26),E,Violence,OG Xbox,Active,09/12/2024,87.36666667,07/22/2026,109.7
Gears of War,Xbox,,Active,06/01/2017,,110.7,11/07/2006,10.56666667,94,9,Shooter,FPS Boost,,M,,Xbox 360,Active,09/12/2024,87.36666667,,
Gears of War 2,Xbox,Yes,Active,06/01/2017,,110.7,11/07/2008,8.566666667,93,10,Action / Shooter,FPS Boost,,M,"Blood and Gore, Strong Language, Intense Violence",Xbox 360,Active,09/12/2024,87.36666667,,
Gears of War 3,Xbox,Yes,Active,06/01/2017,,110.7,09/20/2011,5.697222222,91,9.5,Action / Shooter,FPS Boost,,M,"Blood and Gore, Strong Language, Intense Violence",Xbox 360,Active,09/12/2024,87.36666667,,
Gears of War: Judgment,Xbox,Yes,Active,06/01/2017,,110.7,03/19/2013,4.2,79,7,Action / Shooter,FPS Boost,,M,"Blood and Gore, Strong Language, Intense Violence",Xbox 360,Active,09/12/2024,87.36666667,,
Gears of War: Ultimate Edition,Xbox / PC,Yes,Active,06/01/2017,,110.7,11/07/2006,10.56666667,82,9,Shooter,FPS Boost,,M,"Blood and Gore, Strong Language, Intense Violence",,Active,09/12/2024,87.36666667,,
Halo 5: Guardians,Xbox,Yes,Active,06/01/2017,,110.7,10/27/2015,1.594444444,84,8,First-Person Shooter,,Game Pass Essential launch title (9/14/23),T,"Blood, Mild Language, Violence",,Active,09/12/2024,87.36666667,09/14/2023,75.43333333
Halo: Spartan Assault,Xbox / PC,Touch Controls,Active,06/01/2017,,110.7,07/18/2013,3.869444444,53,4,Dual-Joystick Shooter,FPS Boost,,T,"Blood, Violence",,Active,09/12/2024,87.36666667,,
Jetpac Refuelled,Xbox,Touch Controls,Active,06/01/2017,,110.7,03/28/2007,10.175,73,4.5,Action / Shooter,,,E,Mild Fantasy Violence,Xbox 360,Active,09/12/2024,87.36666667,,
Joy Ride Turbo,Xbox,Touch Controls,Active,06/01/2017,,110.7,05/23/2012,5.022222222,67,2,Driving/Racing,,,E,Mild Fantasy Violence,Xbox 360,Active,09/12/2024,87.36666667,,
Kameo: Elements of Power,Xbox,Yes,Active,06/01/2017,,110.7,11/14/2005,11.54722222,79,9.5,Action-Adventure,FPS Boost,,T,Violence,Xbox 360,Active,09/12/2024,87.36666667,,
Max: The Curse of Brotherhood,Xbox,,Active,06/01/2017,,110.7,12/20/2013,3.447222222,72,6,Puzzle / Platformer,,,E10+,3,,Active,09/12/2024,87.36666667,,
Perfect Dark Zero,Xbox,Yes,Active,06/01/2017,,110.7,06/07/2006,10.98333333,81,8,First-Person Shooter,,,M,"Blood, Violence, Language",Xbox 360,Active,09/12/2024,87.36666667,,
ScreamRide,Xbox,,Active,06/01/2017,,110.7,03/03/2015,2.244444444,71,6,Action,,,E10+,Mild Violence,,Active,09/12/2024,87.36666667,,
Sunset Overdrive,Xbox / PC,,Active,06/01/2017,,110.7,10/28/2014,2.591666667,81,10,Shooter / Platformer / Action-Adventure,,,M,"Blood and Gore, Sexual Themes, Drug Reference, Strong Language, Violence",,Active,09/12/2024,87.36666667,,
Terraria,Xbox,M+KB,Active,06/01/2017,,110.7,05/16/2011,6.041666667,84,94,Platformer / Action-Adventure,,,T,"Use of Alcohol, Blood and Gore, Mild Suggestive Themes, Cartoon Violence",,Active,09/12/2024,87.36666667,,
Viva Piñata,Xbox,Touch Controls,Active,06/01/2017,,110.7,11/09/2006,10.56111111,84,19,Strategy / Simulation,,,E,"Crude Humor, Mild Cartoon Violence",Xbox 360,Active,09/12/2024,87.36666667,,
Viva Piñata: Trouble in Paradise,Xbox,Touch Controls,Active,06/01/2017,,110.7,09/02/2008,8.747222222,82,26.5,Strategy / Simulation,,,E,"Crude Humor, Mild Cartoon Violence",Xbox 360,Active,09/12/2024,87.36666667,,
NBA 2K26,Xbox / PC,Yes,Leaving Soon,04/03/2026,09/06/2026,5.1,09/05/2025,0.5777777778,82,41,Sports,,Handheld Optimized,,,,Leaving Soon,04/03/2026,0,,
The Witcher 3: Wild Hunt - Complete Edition,Xbox,Yes,Leaving Soon,02/19/2026,08/31/2026,6.366666667,08/30/2016,9.469444444,92,51,Action-Adventure,,,,,,Leaving Soon,02/19/2026,0,,
I Am Your Beast,Xbox / PC,Yes,Leaving Soon,09/01/2025,08/31/2026,11.96666667,09/10/2024,0.975,79,3,Shooter,Exclusive,,,,,Leaving Soon,09/01/2025,0,,
One Lonely Outpost,Xbox / PC,Yes,Leaving Soon,03/06/2025,08/31/2026,17.8,06/26/2023,1.694444444,60,,Virtual Life,,,,,,Leaving Soon,10/01/2025,6.833333333,,
Another Crab's Treasure,Xbox / PC,Yes,Leaving Soon,04/25/2024,08/31/2026,28.16666667,04/25/2024,0,79,12,Action-Adventure,,,RP,,,Leaving Soon,02/05/2025,9.333333333,,
Neon Abyss,Xbox / PC,Yes,Leaving Soon,07/14/2020,08/31/2026,73.53333333,07/14/2020,0,77,12,Action / Platformer,,,T,"Blood and Gore, Simulated Gambling, Violence, Comic Mischief",,Leaving Soon,09/12/2024,49.93333333,,
Menace (2026) (Game Preview),PC,,Removed,02/05/2026,08/15/2026,6.333333333,02/05/2026,0,,20,Strategy,,,,,,TBD,,6.566666667,,
Aliens: Fireteam Elite,Xbox / PC,Yes,Removed,08/12/2025,08/15/2026,12.1,08/30/2022,2.95,69,9,Shooter,,"Handheld Optimized. Returning title: Originally joined 12/14/21, left 12/15/22",,,,Removed,08/12/2025,0,,
Atlas Fallen: Reign of Sand,Xbox / PC,Yes,Removed,08/22/2024,08/15/2026,23.76666667,08/10/2023,1.033333333,64,11,RPG,Exclusive,,,,,Removed,09/12/2024,0.6666666667,,
Firewatch,Xbox / PC,Touch Controls,Removed,08/17/2023,08/15/2026,35.93333333,02/09/2016,7.522222222,83,4,Adventure,,"Game Pass Essential launch title (9/14/23), Returning title: Joined 2/16/21, left 12/15/22",M,"Nudity, Suggestive Themes, Alcohol Reference, Drug Reference, Strong Language",,Removed,09/12/2024,12.83333333,09/14/2023,0.9
Whiskerwood,PC,,Removed,11/06/2025,07/31/2026,8.8,11/06/2025,0,,14,Strategy,,,,,,TBD,,9.533333333,,
Rain World,Xbox / PC,Yes,Removed,08/05/2025,07/31/2026,11.83333333,03/28/2017,8.352777778,59,21,Platformer,,,,,,Removed,08/05/2025,0,,
Back to the Dawn,Xbox / PC,Yes,Removed,07/18/2025,07/31/2026,12.4,07/18/2025,0,81,12,Action-Adventure,,,,,,TBD,,13.13333333,,
My Friendly Neighborhood,Xbox / PC,Yes,Removed,07/17/2025,07/31/2026,12.43333333,07/18/2023,1.997222222,81,5,Survival,,,,,,Removed,10/01/2025,2.466666667,,
Sniper Elite: Resistance,Xbox / PC,Yes,Removed,01/30/2025,07/31/2026,18,01/30/2025,0,75,9,Shooter,,,,,,Removed,11/05/2025,9.166666667,,
Celeste,Xbox / PC,Touch Controls,Removed,08/01/2023,07/31/2026,35.96666667,01/25/2018,5.516666667,91,8,Platformer,,"Game Pass Essential launch title (9/14/23), Returning title: Joined 11/5/20, left 10/31/21",E10+,"Alcohol Reference, Fantasy Violence, Mild Language",,Removed,09/12/2024,13.36666667,09/14/2023,1.433333333
Mount & Blade II: Bannerlord,Xbox / PC,M+KB,Removed,02/14/2023,07/31/2026,41.53333333,03/30/2020,2.872222222,75,39,Action / Adventure / RPG / Simulation,,,M,"Blood, Violence",,Removed,09/12/2024,18.93333333,,
Crusader Kings III,Xbox / PC,Yes,Removed,09/01/2020,07/31/2026,70.96666667,09/01/2020,0,91,12.5,Strategy,Exclusive,Joined Xbox 3/29/22,M,"Violence, Blood, Sexual Themes, Partial Nudity, Use of Drugs, Language",,Removed,09/12/2024,48.36666667,,
Super Fantasy Kingdom (Game Preview),PC,,Removed,10/24/2025,07/15/2026,8.7,10/24/2025,0,,13,Defense,,,,,,TBD,,9.933333333,,
Minami Lane,Xbox / PC,Yes,Removed,07/09/2025,07/15/2026,12.2,02/28/2024,1.363888889,78,3,Tycoon,,,,,,Removed,10/01/2025,2.733333333,,
Dungeons Of Hinterberg,Xbox / PC,Yes,Removed,07/18/2024,07/15/2026,23.9,07/18/2024,0,82,13,Action-Adventure,Exclusive,Joins xbox one 12/4/24 (series exclusive before),,,,Removed,05/07/2025,9.633333333,,
EA Sports FC 24,Xbox / PC,Yes,Removed,06/25/2024,07/15/2026,24.66666667,09/29/2023,0.7388888889,75,34,Sports,,,E,,,Removed,09/12/2024,2.566666667,,
Shadow of the Tomb Raider: Definitive Edition,Xbox / PC,Yes,Removed,04/11/2024,07/15/2026,27.13333333,09/14/2018,5.575,82,13,Action-Adventure,,"Returning title: Added 2/1/19, left 2/15/20 (base game only)",M,"Blood and Gore, Intense Violence, Strong Language",,Removed,09/12/2024,5.033333333,,
Techtonica (Game Preview),Xbox / PC,Yes,Removed,07/18/2023,07/15/2026,35.9,07/18/2023,0,,,Strategy / Simulation,,,RP,,,Removed,09/12/2024,13.8,,
PowerWash Simulator,Xbox / PC,Yes,Removed,07/14/2022,07/15/2026,48.03333333,05/19/2021,1.152777778,76,21.5,Simulation,,Game Pass Essential launch title (9/14/23),E,,,Removed,09/12/2024,25.93333333,09/14/2023,14
Golf With Your Friends,Xbox / PC,Touch Controls,Removed,05/19/2020,07/15/2026,73.86666667,05/19/2020,0,68,23.5,Sports / Golf,FPS Boost,Game Pass Essential launch title (9/14/23),E10+,"Mild Blood, Mild Fantasy Violence",,Removed,09/12/2024,51.76666667,09/14/2023,39.83333333
Stellaris,Xbox / PC,Yes,Removed,08/19/2019,07/15/2026,82.86666667,05/09/2016,3.277777778,81,21,Strategy,Optimized,Game Pass Essential (12/3/25),E10+,"Violent References, Mild Language",,Removed,09/12/2024,60.76666667,12/03/2025,75.46666667
Ultimate Chicken Horse,Xbox / PC,Yes,Removed,07/03/2025,06/30/2026,11.9,09/25/2018,6.772222222,80,7,Platformer,,,,,,Removed,07/03/2025,0,,
Rise of the Tomb Raider,Xbox / PC,Yes,Removed,07/01/2025,06/30/2026,11.96666667,11/10/2015,9.641666667,86,13.5,Action-Adventure,,"Returning title: Joined 12/5/23, left 12/15/24. Joined 3/1/18, left 5/15/20",,,,Removed,07/01/2025,0,,
Volcano Princess,Xbox / PC,Yes,Removed,06/24/2025,06/30/2026,12.2,04/20/2023,2.177777778,80,9,RPG,,,,,,Removed,10/01/2025,3.233333333,,
Tomb Raider: Definitive Edition,Xbox / PC,Yes,Removed,05/02/2024,06/30/2026,25.93333333,03/05/2013,11.15833333,86,11.5,Shooter / Platformer / Action-Adventure,FPS Boost,"Returning title: Added 1/1/19, left 1/15/20 (console only)",M,"Blood and Gore, Drug Reference, Intense Violence, Strong Language",,Removed,09/12/2024,4.333333333,,
Unpacking,Xbox / PC,Touch Controls,Removed,11/02/2021,06/30/2026,55.93333333,11/02/2021,0,82,3.5,Simulation / Puzzle,,Game Pass Essential launch title (9/14/23),E,,,Removed,09/12/2024,34.33333333,09/14/2023,22.4
Slay the Spire,Xbox / PC,Touch Controls,Removed,08/14/2019,06/30/2026,82.53333333,11/15/2017,1.747222222,88,10.5,Strategy / Card Game,,"Game Pass Essential launch title (9/14/23), Left EA Play 10/23/21",E10+,"Fantasy Violence, Mild Blood, Tobacco Reference",,Removed,09/12/2024,60.93333333,09/14/2023,49
Payday 2: Crimewave Edition,Xbox,,Removed,06/01/2017,06/30/2026,108.9666667,08/13/2013,3.8,65,24.5,First-Person Shooter,,Game Pass Essential launch title (9/14/23),M,"Blood and Gore, Suggestive Themes, Drug Reference, Strong Language, Intense Violence",,Removed,09/12/2024,87.36666667,09/14/2023,75.43333333
Scott Pilgrim vs. The World: The Game,Xbox / PC,Yes,Removed,10/01/2025,06/15/2026,8.466666667,01/14/2021,4.713888889,79,5,Beat-'Em-Up,,Ubisoft games joining with price increase,,,,TBD,,10.7,,
"Warhammer 40,000: Space Marine - Master Crafted Edition",Xbox / PC,Yes,Removed,06/10/2025,06/15/2026,12.16666667,09/06/2011,13.76111111,76,8,Shooter,Exclusive,,,,,Removed,01/07/2026,6.9,,
Jurassic World Evolution 2,Xbox / PC,Yes,Removed,05/17/2022,06/15/2026,48.93333333,11/09/2021,0.5222222222,79,6,Simulation,,,T,"Mild Blood, Violence",,Removed,09/12/2024,27.83333333,,
Teenage Mutant Ninja Turtles: Shredder's Revenge,Xbox / PC,Touch Controls,Removed,06/16/2022,06/15/2026,47.96666667,06/16/2022,0,86,2.5,Brawler,,Game Pass Essential launch title (9/14/23),E10+,Fantasy Violence,,Removed,09/12/2024,26.86666667,09/14/2023,14.93333333
Lost In Random,Xbox / PC,Touch Controls,Removed,04/12/2022,06/15/2026,50.1,09/10/2021,0.5888888889,76,11.5,RPG / Card Game / Action-Adventure,,,E10+,"Fantasy Violence, Language, Use of Alcohol",,Removed,09/12/2024,29,,
Persona 4: Golden,Xbox / PC,Yes,Removed,08/20/2025,05/31/2026,9.333333333,06/14/2012,13.18333333,90,68.5,RPG,,"Returning title: Joined 1/19/23, left 1/15/24",M,"Alcohol Reference, Animated Blood, Language, Partial Nudity, Sexual Themes, Violence",,Removed,08/20/2025,0,,
Crypt Custodian,Xbox / PC,Yes,Removed,06/03/2025,05/31/2026,11.9,08/27/2024,0.7666666667,82,10,Action-Adventure,,,,,,Removed,06/03/2025,0,,
Spray Paint Simulator,Xbox / PC,Yes,Removed,05/29/2025,05/31/2026,12.03333333,05/29/2025,0,78,9,Simulation,Exclusive,,,,,Removed,12/03/2025,6.133333333,,
Metaphor: ReFantazio,Xbox / PC,Yes,Removed,05/29/2025,05/31/2026,12.03333333,10/11/2024,0.6333333333,94,66,RPG,Exclusive,,,,,Removed,05/29/2025,0,,
Against the Storm,Xbox / PC,,Removed,12/08/2023,05/31/2026,29.73333333,10/18/2021,2.138888889,90,93,Strategy,,Joins console 6/26/25,,,,Removed,10/01/2025,21.76666667,,
PAW Patrol Rescue Wheels: Championship,Xbox / PC,Yes,Removed,02/05/2026,05/15/2026,3.333333333,10/31/2025,0.2638888889,63,4,Racing,,Handheld Optimized,,,,Removed,02/05/2026,0,,
Kulebra and the Souls of Limbo,Xbox / PC,Yes,Removed,05/16/2025,05/15/2026,11.96666667,05/16/2025,0,73,10,Action-Adventure,,,,,,Removed,11/19/2025,6.1,,
Galacticare,Xbox / PC,Yes,Removed,05/23/2024,05/15/2026,23.73333333,05/23/2024,0,80,20,Tycoon,Exclusive,,,,,Removed,03/05/2025,9.4,,
Go Mecha Ball,Xbox / PC,Yes,Removed,01/25/2024,05/15/2026,27.66666667,01/25/2024,0,68,3,Action,,,RP,,,Removed,11/06/2024,9.366666667,,
Planet of Lana,Xbox / PC,Yes,Removed,05/23/2023,05/15/2026,35.73333333,05/23/2023,0,80,5,Adventure / Puzzle,,,RP,,,Removed,09/12/2024,15.63333333,,
ENDLESS Legend II (Game Preview),PC,,Removed,09/22/2025,04/30/2026,7.266666667,09/22/2025,0,,9,Strategy,,,,,,Removed,04/08/2026,6.533333333,,
Revenge of the Savage Planet,Xbox / PC,Yes,Removed,05/08/2025,04/30/2026,11.73333333,05/08/2025,0,77,9,Action-Adventure,Exclusive,,,,,Removed,11/19/2025,6.366666667,,
Dragon Ball Xenoverse 2,Xbox / PC,Yes,Removed,05/07/2025,04/30/2026,11.76666667,10/25/2016,8.533333333,72,20,Fighting,,,,,,Removed,05/07/2025,0,,
Hunt: Showdown 1896,Xbox / PC,Yes,Removed,12/12/2024,04/30/2026,16.6,08/15/2024,0.325,80,41,Shooter,Exclusive,Joined PC 4/15/2025,,,,Removed,12/12/2024,0,,
Goat Simulator: Remastered,Xbox / PC,Yes,Removed,11/07/2024,04/30/2026,17.76666667,11/07/2024,0,65,3,Action-Adventure,Exclusive,,,,,Removed,08/20/2025,9.433333333,,
Creatures of Ava,Xbox / PC,Yes,Removed,08/07/2024,04/30/2026,20.76666667,08/07/2024,0,75,9,Action-Adventure,Exclusive,,,,,Removed,05/22/2025,9.5,,
NHL 24,Xbox,Yes,Removed,04/18/2024,04/30/2026,24.4,10/06/2023,0.5333333333,71,,Sports,,Joins cloud 5/16/24,E10+,Mild Violence,,Removed,09/12/2024,4.8,,
Citizen Sleeper,Xbox / PC,Touch Controls,Removed,05/05/2022,04/30/2026,47.83333333,05/05/2022,0,82,6,Adventure / RPG,,,T,"Fantasy Violence, Use of Alcohol, Language",,Removed,09/12/2024,28.23333333,,
My Little Pony: A Zephyr Heights Mystery,Xbox / PC,Yes,Removed,01/15/2026,04/15/2026,3,05/17/2024,1.661111111,80,5,Action-Adventure,,Handheld Optimized,,,,Removed,01/15/2026,0,,
Grand Theft Auto V,Xbox / PC,Yes,Removed,04/15/2025,04/15/2026,12,09/17/2013,11.57777778,97,31.5,Driving/Racing / Action-Adventure,,"Returning title: returned 7/5/23, removed 1/5/24, returned 4/8/21, removed 8/8/21, joined 1/30/20, Removed 5/30/20,",M,"Blood and Gore, Intense Violence, Mature Humor, Nudity, Strong Language, Strong Sexual Content, Use of Drugs and Alcohol",,Removed,04/15/2025,0,,
Ashen,Xbox / PC,,Removed,10/29/2024,04/15/2026,17.53333333,12/07/2018,5.894444444,78,15.5,Action / RPG / Action-Adventure,,"Returning title: Originally joined 12/31/18, left 12/1/19",,,,Removed,10/29/2024,0,,
Eiyuden Chronicle: Hundred Heroes,Xbox / PC,Yes,Removed,04/23/2024,04/15/2026,23.73333333,04/23/2024,0,79,44,RPG,,,RP,,,Removed,02/05/2025,9.4,,
Terra Invicta (Game Preview),PC,,Removed,03/26/2024,04/15/2026,24.63333333,11/30/2023,0.3222222222,,60,Strategy,,,RP,,,Removed,10/01/2025,18.16666667,,
Peppa Pig: World Adventures,Xbox / PC,Yes,Removed,09/25/2025,03/31/2026,6.166666667,03/17/2023,2.522222222,72,2,Action-Adventure,Exclusive,,,,,Removed,09/25/2025,0,,
Mad Streets,Xbox / PC,Yes,Removed,10/07/2024,03/31/2026,17.76666667,08/27/2021,3.111111111,55,2,Beat-'Em-Up ,,,,,,Removed,10/07/2024,0,,
Bratz: Rhythm & Style,Xbox / PC,Yes,Removed,12/11/2025,03/15/2026,3.133333333,09/12/2025,0.2472222222,75,6,Action-Adventure,,,,,,Removed,12/11/2025,0,,
He Is Coming (Game Preview),PC,,Removed,07/17/2025,03/15/2026,7.933333333,07/17/2025,0,,6,RPG,,,,,,Removed,10/15/2025,2.933333333,,
Mythwrecked: Ambrosia Island,Xbox / PC,Yes,Removed,03/20/2025,03/15/2026,11.83333333,12/05/2024,0.2916666667,62,9,Action-Adventure,,,,,,Removed,03/20/2025,0,,
Enter the Gungeon,Xbox / PC,Touch Controls,Removed,03/11/2025,03/15/2026,12.13333333,04/05/2016,8.933333333,85,18.5,Action-Adventure,,"Returning title: Originally joined 9/12/19, left 5/15/22",E10+,"Fantasy Violence, Use of Tobacco, Blood, Mild Language",,Removed,03/11/2025,0,,
Lightyear Frontier (Game Preview),Xbox / PC,Yes,Removed,03/19/2024,03/15/2026,23.86666667,03/19/2024,0,,,Sandbox,Exclusive,,RP,,,Removed,01/08/2025,9.633333333,,
F1 23,Xbox / PC,Yes,Removed,01/18/2024,03/15/2026,25.9,06/16/2023,0.5888888889,82,8,Driving/Racing,,,,,,Removed,09/12/2024,7.8,,
Monster Train,Xbox / PC,Touch Controls,Removed,03/04/2025,02/28/2026,11.8,05/21/2020,4.786111111,85,1.5,Strategy,,"Returning title: Originally joined 12/7/20, left 12/31/23",E,Mild Fantasy Violence,,Removed,03/04/2025,0,,
Expeditions: A MudRunner Game,Xbox / PC,Yes,Removed,09/05/2024,02/28/2026,17.76666667,03/05/2024,0.5,77,50,Simulation,,,,,,Removed,09/12/2024,0.2333333333,,
Injustice 2,Xbox / PC,Yes,Removed,01/07/2021,02/28/2026,61.7,05/16/2017,3.641666667,87.5,5.5,Fighting,,,T,"Blood, Suggestive Themes, Alcohol Reference, Violence, Language",,Removed,09/12/2024,44.16666667,,
Middle-earth: Shadow of War,Xbox / PC,Yes,Removed,07/04/2019,02/28/2026,79.8,10/10/2017,1.733333333,81,20.5,Action / RPG / Action-Adventure,,,M,"Blood and Gore, Intense Violence",,Removed,09/12/2024,62.26666667,,
Madden NFL 24,Xbox / PC,Yes,Removed,02/08/2024,02/15/2026,24.23333333,08/18/2023,0.4722222222,65,14,Sports / Football,,,E,Mild Lyrics,,Removed,09/12/2024,7.133333333,,
PAW Patrol World,Xbox / PC,Yes,Removed,09/10/2025,01/31/2026,4.666666667,09/29/2023,1.947222222,79,7,Action-Adventure,,"Returning title: Joined 3/7/24, left 2/28/25",E,,,Removed,09/10/2025,0,,
Citizen Sleeper 2: Starward Vector,Xbox / PC,Yes,Removed,01/31/2025,01/31/2026,12,01/31/2025,0,85,10,RPG,Exclusive,,,,,Removed,08/06/2025,6.2,,
Shady Part of Me,Xbox / PC,Yes,Removed,01/29/2025,01/31/2026,12.03333333,12/10/2020,4.136111111,78,5,Action-Adventure,,,,,,Removed,01/29/2025,0,,
Orcs Must Die! Deathtrap,Xbox / PC,Yes,Removed,01/28/2025,01/31/2026,12.06666667,01/28/2025,0,70,21,Roguelike,Exclusive,,,,,Removed,08/06/2025,6.266666667,,
Lonely Mountain: Snow Riders,Xbox / PC,Yes,Removed,01/21/2025,01/31/2026,12.3,05/07/2020,4.705555556,84,3,Biking,Exclusive,,,,,Removed,08/06/2025,6.5,,
Starbound,Xbox / PC,Yes,Removed,12/08/2020,01/31/2026,61.73333333,07/22/2016,4.377777778,81,21.5,Platformer / Action-Adventure,,"Official PC Mod Support, joins console and cloud 1/22/25",E10+,"Fantasy Violence, Crude Humor, Mild Blood, Alcohol Reference",,TBD,,68.46666667,,
The Grinch: Christmas Adventures,Xbox / PC,Yes,Removed,10/15/2025,01/15/2026,3,10/13/2023,2.005555556,68.33333333,3,Platformer,,,,,,TBD,,10.23333333,,
The Ascent,Xbox / PC,Touch Controls,Removed,07/08/2025,01/15/2026,6.233333333,07/29/2021,3.941666667,69.5,9,Action / RPG,Optimized,"Returning title: Joined 7/29/21, left 7/31/23",M,"Blood, Sexual Themes, Simulated Gambling, Strong Language, Violence",,Removed,07/08/2025,0,,
Road 96,Xbox / PC,Touch Controls,Removed,01/07/2025,01/15/2026,12.26666667,08/16/2021,3.391666667,79,7.5,Adventure,,"Returning title: Originally joined 7/7/22, left 6/30/23",T,"Drug Reference, Language, Mild Blood, Suggestive Themes, Use of Alcohol and Tobacco, Violence",,Removed,01/07/2025,0,,
Flintlock: The Siege of Dawn,Xbox / PC,Yes,Removed,07/18/2024,01/15/2026,17.9,07/18/2024,0,71,9,Action-Adventure,Exclusive,,,,,Removed,05/07/2025,9.633333333,,
Neon White,Xbox / PC,Yes,Removed,07/11/2024,01/15/2026,18.13333333,06/16/2022,2.069444444,89,11,First-Person Shooter,,,T,"Fantasy Violence, Language, Mild Blood, Mild Suggestive Themes, Use of Tobacco",,Removed,04/16/2025,9.166666667,,
Carrion,Xbox / PC,Yes,Removed,01/02/2025,12/31/2025,11.93333333,07/23/2020,4.441666667,76,4,Action,,"Returning title: Originally joined 7/23/20, left 7/15/22",M,"Blood and Gore, Violence",,Removed,01/02/2025,0,,
Hell Let Loose,Xbox / PC,Yes,Removed,01/04/2024,12/31/2025,23.86666667,06/06/2019,4.577777778,79,30,Action / First-Person Shooter / Vehicular Combat,Exclusive,,,,,Removed,09/12/2024,8.266666667,,
Wildfrost,Xbox / PC,Yes,Removed,12/10/2024,12/15/2025,12.16666667,04/12/2023,1.661111111,80,13,Card Battle,,,,,,Removed,06/18/2025,6.266666667,,
Still Wakes the Deep,Xbox / PC,Yes,Removed,06/18/2024,12/15/2025,17.9,06/18/2024,0,74,5,Survival,Exclusive,,M,"Blood and Gore, Strong Language, Violence",,Removed,04/03/2025,9.5,,
Mortal Kombat 11,Xbox / PC,Yes,Removed,12/16/2021,12/15/2025,47.96666667,04/23/2015,6.647222222,82,6,Fighting,,,M,"Blood and Gore, Strong Language, Intense Violence",,Removed,09/12/2024,32.86666667,,
Barbie Project Friendship,Xbox / PC,Yes,Removed,06/11/2025,11/30/2025,5.633333333,10/25/2024,0.6277777778,80,8,Action-Adventure,,,,,,Removed,06/11/2025,0,,
Octopath Traveler,Xbox / PC,Touch Controls,Removed,06/06/2024,11/30/2025,17.8,07/12/2018,5.9,83,61,RPG,,"Returning title: Originally joined 3/25/21, left 2/28/23",T,"Blood, Fantasy Violence, Mild Language, Suggestive Themes, Use of Alcohol",,Removed,09/12/2024,3.2,,
Octopath Traveler II,Xbox / PC,Yes,Removed,06/06/2024,11/30/2025,17.8,02/24/2023,1.283333333,85,61,RPG,Exclusive,,T,"Fantasy Violence, Mild Blood, Mild Language, Suggestive Themes, Use of Alcohol and Tobacco",,Removed,03/19/2025,9.433333333,,
Lords of the Fallen,Xbox / PC,Yes,Removed,05/30/2024,11/30/2025,18,10/13/2023,0.6305555556,75,15,RPG,Exclusive,,M,"Blood and Gore, Partial Nudity, Strong Language, Violence",,Removed,09/12/2024,3.4,,
SteamWorld Build,Xbox / PC,Yes,Removed,12/01/2023,11/30/2025,23.96666667,12/01/2023,0,74,9,Strategy / Simulation,,,,,,Removed,09/12/2024,9.366666667,,
Blacksmith Master,PC,,Removed,08/19/2025,11/15/2025,2.866666667,05/15/2025,0.2611111111,,12,Tycoon,,,,,,Removed,10/01/2025,1.4,,
S.T.A.L.K.E.R. 2: Heart of Chornobyl,Xbox / PC,Yes,Removed,11/20/2024,11/15/2025,11.83333333,11/20/2024,0,73,31,Action-Adventure,Exclusive,,,,,Removed,05/22/2025,6.066666667,,
Spirittea,Xbox / PC,Yes,Removed,11/13/2023,11/15/2025,24.06666667,11/13/2023,0,76,33,Strategy / Adventure / RPG / Simulation,,,,,,Removed,09/12/2024,9.966666667,,
Football Manager 2024,Xbox / PC,Yes,Removed,11/06/2023,11/15/2025,24.3,11/06/2023,0,84,11,Simulation / Soccer,,,,,,Removed,09/12/2024,10.2,,
Frostpunk,Xbox / PC,Touch Controls,Removed,01/09/2020,11/15/2025,70.2,04/24/2018,1.708333333,84,10,Simulation,,,M,"Mild Violence, Blood, Mild Sexual Themes, Strong Language",,Removed,09/12/2024,56.1,,
Metal Slug: Tactics,Xbox / PC,Yes,Removed,11/05/2024,10/31/2025,11.83333333,11/05/2024,0,79,8,Strategy,,,,,,Removed,05/07/2025,6.066666667,,
Jusant,Xbox / PC,Yes,Removed,10/31/2023,10/31/2025,24,10/31/2023,0,83,4,Adventure,,,RP,,,Removed,09/12/2024,10.4,,
Return to Monkey Island,Xbox / PC,Yes,Removed,11/08/2022,10/31/2025,35.73333333,09/19/2022,0.1361111111,87,10.5,Adventure,Exclusive,,E10+,"Alcohol Reference, Fantasy Violence",,Removed,09/12/2024,22.13333333,,
NBA LIVE 19,Xbox,,Removed,11/10/2020,10/23/2025,59.43333333,09/07/2018,2.175,75,27.5,Sports / Basketball,,,E,,,Removed,09/12/2024,46.06666667,,
Teenage Mutant Ninja Turtles: Mutants Unleashed,Xbox / PC,Yes,Removed,05/08/2025,10/15/2025,5.233333333,10/18/2024,0.5555555556,66,12,Action-Adventure,,,,,,Removed,05/08/2025,0,,
Core Keeper,Xbox / PC,Yes,Removed,08/27/2024,10/15/2025,13.6,08/27/2024,0,85,27,Sandbox,Exclusive,,,,,TBD,,23.83333333,,
Cocoon,Xbox / PC,,Removed,09/29/2023,10/15/2025,24.53333333,09/29/2023,0,89,5,Puzzle,,,RP,,,Removed,09/12/2024,11.43333333,,
NINJA GAIDEN: Master Collection,Xbox / PC,Touch Controls,Removed,06/02/2022,09/30/2025,39.93333333,06/10/2021,0.9777777778,71.5,29.5,Action / Compilation,,,M,"Blood and Gore, Intense Violence, Partial Nudity, Strong Language, Suggestive Themes",,Removed,09/12/2024,27.33333333,,
All You Need Is Help,Xbox / PC,Yes,Removed,09/26/2024,09/15/2025,11.63333333,09/26/2024,0,,4,Puzzle,,,,,,Removed,04/03/2025,6.233333333,,
We Love Katamari Reroll + Royal Reverie,Xbox / PC,Yes,Removed,09/26/2024,09/15/2025,11.63333333,06/02/2023,1.316666667,81,5,Action-Adventure,,,,,,Removed,09/26/2024,0,,
Wargroove 2,Xbox / PC,Yes,Removed,09/19/2024,09/15/2025,11.86666667,10/05/2023,0.9555555556,85,21,Strategy,,,,,,Removed,04/03/2025,6.466666667,,
Borderlands 3: Ultimate Edition,Xbox / PC,Yes,Removed,04/03/2025,08/31/2025,4.9,10/06/2023,1.491666667,77,33,Shooter,,,,,,Removed,04/03/2025,0,,
Sea of Stars,Xbox / PC,Yes,Removed,08/29/2023,08/31/2025,24.03333333,08/29/2023,0,90,20,RPG,,,E10+,"Fantasy Violence, Mild Blood, Mild Language",,Removed,09/12/2024,12.43333333,,
This War of Mine: Final Cut,Xbox / PC,Touch Controls,Removed,05/10/2022,08/31/2025,39.66666667,11/14/2014,7.488888889,80.5,10.5,Strategy / Adventure,Exclusive,,M,"Blood, Mild Sexual Themes, Strong Language, Use of Alcohol and Tobacco, Violence",,Removed,09/12/2024,28.06666667,,
PAW Patrol Mighty Pups: Save Adventure Bay,Xbox / PC,Touch Controls,Removed,12/16/2021,08/31/2025,44.46666667,11/06/2020,1.111111111,65,5,Action,,,E,,,Removed,09/12/2024,32.86666667,,
Persona 3: Reload,Xbox / PC,Yes,Removed,02/02/2024,08/15/2025,18.43333333,02/02/2024,0,87,49,RPG,,,M,"Blood, Partial Nudity, Sexual Themes, Strong Language, Violence",,Removed,09/12/2024,7.333333333,,
Farming Simulator 22,Xbox / PC,Yes,Removed,05/19/2022,08/15/2025,38.86666667,11/22/2021,0.4916666667,75.5,466,Simulation,,,E,,,Removed,09/12/2024,27.76666667,,
Anthem,Xbox / PC,,Removed,11/10/2020,08/15/2025,57.16666667,02/15/2019,1.736111111,62,12.5,Action / RPG,FPS Boost X Only,,T,"Mild Blood, Use of Tobacco, Alcohol Reference, Violence, Language",Does not FPS boost on Series S,Removed,09/12/2024,46.06666667,,
Gigantic: Rampage Edition,Xbox / PC,Yes,Removed,01/22/2025,07/31/2025,6.266666667,04/09/2024,0.7861111111,65,16,MOBA,,,,,,TBD,,19,,
Kunitsu-Gami: Path of the Goddess,Xbox / PC,Yes,Removed,07/19/2024,07/31/2025,12.36666667,07/19/2024,0,80,16,Action-Adventure,,,,,,Removed,01/22/2025,6.1,,
Turnip Boy Robs a Bank,Xbox / PC,Yes,Removed,01/18/2024,07/31/2025,18.4,01/18/2024,0,82,4,Action-Adventure,,,RP,,,Removed,11/06/2024,9.6,,
Mafia: Definitive Edition,Xbox / PC,Yes,Removed,08/13/2024,07/15/2025,11.06666667,09/25/2020,3.883333333,76,11,Shooter,,,,,,Removed,09/12/2024,0.9666666667,,
Flock (2024),Xbox / PC,Yes,Removed,07/16/2024,07/15/2025,11.96666667,07/16/2024,0,74,4,Action-Adventure,,,E,,,Removed,01/22/2025,6.2,,
Magical Delicacy,Xbox / PC,Yes,Removed,07/16/2024,07/15/2025,11.96666667,07/16/2024,0,84,27,Strategy,,,RP,,,Removed,01/22/2025,6.2,,
Tchia,Xbox / PC,Yes,Removed,07/11/2024,07/15/2025,12.13333333,03/21/2023,1.305555556,77,7,Action-Adventure,Exclusive,,T,"Blood and Gore, Crude Humor, Language, Violence",,Removed,01/22/2025,6.366666667,,
The Case of the Golden Idol,Xbox / PC,Yes,Removed,07/09/2024,07/15/2025,12.2,10/13/2022,1.738888889,84,6,Point and Click,,,RP,,,Removed,01/22/2025,6.433333333,,
The Callisto Protocol,Xbox / PC,Yes,Removed,06/13/2024,07/15/2025,13.06666667,12/02/2022,1.530555556,69,10,Survival,,,M,"Blood and Gore, Intense Violence, Strong Language",,Removed,09/12/2024,2.966666667,,
Journey to the Savage Planet,Xbox / PC,Yes,Removed,07/03/2024,06/30/2025,11.9,01/28/2020,4.430555556,76,7,First-Person Shooter / Action-Adventure,,"Returning title: Added 4/9/20, left 3/31/21 (xbox and cloud)",T,"Blood and Gore, Crude Humor, Language, Use of Drugs, Violence",,Removed,09/12/2024,2.3,,
Robin Hood: Sherwood Builders,Xbox / PC,Yes,Removed,06/27/2024,06/30/2025,12.1,02/29/2024,0.3277777778,80.33333333,16,Action-Adventure,Exclusive,,RP,,,Removed,01/08/2025,6.366666667,,
SteamWorld Dig,Xbox,Yes,Removed,06/26/2024,06/30/2025,12.13333333,08/08/2013,10.88333333,82,5,Metroidvania,,,E10+,Fantasy Violence,,Removed,09/12/2024,2.533333333,,
SteamWorld Dig 2,Xbox / PC,,Removed,06/26/2024,06/30/2025,12.13333333,09/21/2017,6.763888889,88,8,Metroidvania,,"Returning title: Originally joined 6/9/19, left 6/30/20",E10+,Fantasy Violence,,Removed,09/12/2024,2.533333333,,
Arcade Paradise,Xbox / PC,,Removed,07/03/2023,06/30/2025,23.9,08/11/2022,0.8944444444,81,26,Simulation,,,T,"Blood, Fantasy Violence, Lyrics",,Removed,09/12/2024,14.3,,
Keplerth,PC,,Removed,06/20/2024,06/15/2025,11.83333333,05/23/2022,2.075,81,20,Sandbox,,,RP,,,TBD,,26.06666667,,
My Time at Sandrock,Xbox / PC,Yes,Removed,06/19/2024,06/15/2025,11.86666667,11/02/2023,0.6305555556,80,79,RPG,,,E10+,"Alcohol Reference, Comic Mischief, Fantasy Violence, Mild Language, Mild Suggestive Themes",,Removed,01/08/2025,6.633333333,,
Isonzo,Xbox / PC,Yes,Removed,06/13/2024,06/15/2025,12.06666667,09/13/2022,1.75,67,15,First-Person Shooter,,,M,"Blood and Gore, Violence",,Removed,09/12/2024,2.966666667,,
Depersonalization,PC,,Removed,06/12/2024,06/15/2025,12.1,12/19/2022,1.480555556,80,6,RPG,,,RP,,,TBD,,26.33333333,,
"Rolling Hills: Make Sushi, Make Friends",Xbox / PC,Yes,Removed,06/04/2024,06/15/2025,12.36666667,06/04/2024,0,73,9,Simulation,,,RP,,,Removed,01/08/2025,7.133333333,,
Dordogne,Xbox / PC,Yes,Removed,06/13/2023,06/15/2025,24.06666667,06/13/2023,0,74,4,Adventure / Puzzle,,,E,Mild Language,,Removed,09/12/2024,14.96666667,,
Hypnospace Outlaw,Xbox / PC,Yes,Removed,06/06/2023,06/15/2025,24.3,03/12/2019,4.233333333,82,5.5,Adventure / Simulation / Puzzle,,"Returning title: Joined 18/27/20, left 2/28/22",T,"Violence, Blood, Suggestive Themes, Drug Reference",,Removed,09/12/2024,15.2,,
Firework,PC,,Removed,06/04/2024,05/31/2025,11.86666667,02/03/2021,3.336111111,80,4,Action-Adventure,,,RP,,,TBD,,26.6,,
Humanity,Xbox / PC,Yes,Removed,05/30/2024,05/31/2025,12,05/16/2023,1.038888889,86,12,Puzzle,,,RP,,,Removed,12/04/2024,6.133333333,,
Slayers X: Terminal Aftermath - Vengance of the Slayer,Xbox / PC,Yes,Removed,06/01/2023,05/31/2025,23.96666667,06/01/2023,0,80,4,First-Person Shooter,,,RP,,,Removed,09/12/2024,15.36666667,,
Cassette Beasts,Xbox / PC,,Removed,04/26/2023,05/31/2025,25.13333333,04/26/2023,0,83,17,RPG,,Joined console 5/25/23,RP,,,Removed,09/12/2024,16.53333333,,
Hauntii,Xbox / PC,Yes,Removed,05/23/2024,05/15/2025,11.73333333,05/23/2024,0,69,8,Action-Adventure,,,RP,,,Removed,12/04/2024,6.366666667,,
Chants of Sennaar,Xbox / PC,Yes,Removed,05/15/2024,05/15/2025,12,09/05/2023,0.6944444444,85,9,Adventure / Puzzle,,,RP,,,Removed,09/12/2024,3.9,,
Brothers: A Tale of Two Sons,Xbox / PC,Yes,Removed,05/14/2024,05/15/2025,12.03333333,08/07/2013,10.76944444,81,3,Adventure / Puzzle,,"Returning title: Added 6/1/17, left 5/31/20",T,"Blood, Mild Language, Violence",,Removed,09/12/2024,3.933333333,,
The Big Con,Xbox / PC,Yes,Removed,06/01/2023,05/15/2025,23.46666667,08/31/2021,1.752777778,77,4,Adventure,,,T,"Language, Drug Reference, Use of Tobacco",,Removed,09/12/2024,15.36666667,,
Dune: Spice Wars,Xbox / PC,Yes,Removed,11/17/2022,05/15/2025,29.93333333,04/26/2022,0.5583333333,72,7,Strategy,,"Left Game Preview 9/14/23, joined cloud and console 11/28/23",T,"Fantasy Violence, Drug Reference",,Removed,09/12/2024,21.83333333,,
Kona II: Brume,Xbox / PC,Yes,Removed,05/07/2024,04/30/2025,11.76666667,10/18/2023,0.5527777778,79,8,Action-Adventure,,,RP,,,Removed,09/12/2024,4.166666667,,
Have A Nice Death,Xbox / PC,Yes,Removed,04/30/2024,04/30/2025,12,03/22/2023,1.105555556,81,9,Platformer,,,T,"Alcohol and Tobacco Reference, Blood, Fantasy Violence, Mild Language",,Removed,09/12/2024,4.4,,
The Rewinder,Xbox / PC,Yes,Removed,04/29/2024,04/30/2025,12.03333333,09/10/2021,2.636111111,78,5,Action-Adventure,,,RP,,,Removed,11/06/2024,6.233333333,,
Thirsty Suitors,Xbox / PC,Yes,Removed,11/02/2023,04/30/2025,17.93333333,11/02/2023,0,80,8,Adventure / RPG,,,T,,,Removed,09/12/2024,10.33333333,,
The Last Case of Benedict Fox,Xbox / PC,,Removed,04/27/2023,04/30/2025,24.1,04/27/2023,0,66,11,Horror,,,RP,,,Removed,09/12/2024,16.5,,
NHL 23,Xbox,,Removed,04/13/2023,04/30/2025,24.56666667,10/11/2022,0.5055555556,71,12,Sports / Hockey,,,E10+,Mild Violence,,Removed,09/12/2024,16.96666667,,
Sniper Elite 5,Xbox / PC,M+KB,Removed,05/26/2022,04/30/2025,35.13333333,05/26/2022,0,77,9,Action / Shooter,,,M,"Blood and Gore, Language, Intense Violence",,Removed,09/12/2024,27.53333333,,
Orcs Must Die! 3,Xbox / PC,Yes,Removed,04/17/2024,04/15/2025,11.93333333,07/23/2021,2.733333333,77,10,Strategy,,,T,"Blood and Gore, Violence",,Removed,09/12/2024,4.833333333,,
Harold Halibut,Xbox / PC,Yes,Removed,04/16/2024,04/15/2025,11.96666667,04/16/2024,0,70,10,Adventure,Exclusive,,RP,,,TBD,,28.2,,
Botany Manor,Xbox / PC,Yes,Removed,04/09/2024,04/15/2025,12.2,04/09/2024,0,84,3,Adventure,Exclusive,,RP,,,Removed,11/04/2024,6.833333333,,
Kona,Xbox,Yes,Removed,04/09/2024,04/15/2025,12.2,03/10/2016,8.080555556,71,5.5,Adventure,,"Returning title: Added 3/19/20, left 3/15/21",T,"Blood, Sexual Themes, Use of Alcohol and Tobacco, Violence",,Removed,09/12/2024,5.1,,
Homestead Arcana,Xbox / PC,Yes,Removed,04/21/2023,04/15/2025,23.8,04/21/2023,0,59,13,Sandbox,Exclusive,,E10+,Fantasy Violence,,Removed,09/12/2024,16.7,,
Coral Island,Xbox / PC,Yes,Removed,10/11/2022,04/15/2025,30.13333333,10/11/2022,0,,23,Strategy / Adventure / RPG / Simulation,Exclusive,Joins cloud and console and leaves preview on 11/14/23,E10+,"Fantasy Violence, Alcohol Reference, Comic Mischief",,Removed,09/12/2024,23.03333333,,
Turbo Golf Racing (Game Preview),Xbox / PC,Touch Controls,Removed,08/04/2022,04/15/2025,32.36666667,08/04/2022,0,,,Driving/Racing,Exclusive,,E,,,Removed,09/12/2024,25.26666667,,
Lil Gator Game,Xbox / PC,Yes,Removed,04/04/2024,03/31/2025,11.86666667,04/14/2022,1.972222222,84,3,Action,,,RP,,,Removed,09/12/2024,5.266666667,,
Hot Wheels Unleashed 2: Turbocharged,Xbox / PC,Yes,Removed,03/28/2024,03/31/2025,12.06666667,10/19/2023,0.4416666667,77,8,Driving/Racing,,,E,,,Removed,09/12/2024,5.466666667,,
Open Roads,Xbox / PC,Yes,Removed,03/28/2024,03/31/2025,12.06666667,03/28/2024,0,67,3,Adventure,,,T,"Alcohol and Tobacco Reference, Language, Mild Blood, Mild Suggestive Themes",,TBD,,28.8,,
MLB The Show 24,Xbox,Yes,Removed,03/19/2024,03/31/2025,12.36666667,03/19/2024,0,78,14,Sports/Baseball,,Joined cloud 2/27/24,E,,,TBD,,29.1,,
The Lamplighters League,Xbox / PC,Yes,Removed,10/03/2023,03/31/2025,17.9,10/03/2023,0,76,26,Strategy / RPG,Exclusive,,RP,,,Removed,09/12/2024,11.3,,
Monster Hunter: Rise,Xbox / PC,Yes,Removed,01/20/2023,03/31/2025,26.33333333,03/26/2021,1.816666667,86,21,Action / RPG,,,T,"Alcohol Reference, Blood, Violence",,Removed,09/12/2024,19.73333333,,
Yakuza 0,Xbox / PC,Touch Controls,Removed,07/05/2022,03/31/2025,32.83333333,03/12/2015,7.313888889,85,31,RPG / Simulation / Brawler,,"Returning title: Originally joined 2/26/20, left 12/31/21",M,"Blood, Intense Violence, Sexual Content, Strong Language, Use of Alcohol",,Removed,09/12/2024,26.23333333,,
Yakuza Kiwami,Xbox / PC,Touch Controls,Removed,07/05/2022,03/31/2025,32.83333333,01/21/2016,6.455555556,80,18,Brawler / Action-Adventure,,"Returning title: Originally joined 4/22/20, left 12/31/21",M,"Blood, Intense Violence, Partial Nudity, Sexual Themes, Strong Language, Use of Alcohol",,Removed,09/12/2024,26.23333333,,
Yakuza Kiwami 2,Xbox / PC,Touch Controls,Removed,07/05/2022,03/31/2025,32.83333333,12/07/2017,4.577777778,82,18.5,Brawler / Action-Adventure,,"Returning title: Originally joined 7/30/20, left 12/31/21",M,"Blood, Intense Violence, Sexual Themes, Strong Language, Use of Alcohol",,Removed,09/12/2024,26.23333333,,
Yakuza: Like a Dragon,Xbox / PC,Touch Controls,Removed,06/13/2021,03/31/2025,45.56666667,01/16/2020,1.408333333,86,45.5,RPG,Optimized,,M,"Use of Alcohol, Blood, Sexual Themes, Strong Language, Intense Violence",,Removed,09/12/2024,38.96666667,,
No More Heroes III,Xbox / PC,Yes,Removed,03/14/2024,03/15/2025,12.03333333,08/27/2021,2.547222222,75,12,Action,,,M,"Blood and Gore, Intense Violence, Strong Language, Suggestive Themes",,Removed,09/12/2024,5.933333333,,
SpongeBob SquarePants: Battle for Bikini Bottom - Rehydrated,Xbox / PC,Yes,Removed,03/12/2024,03/15/2025,12.1,06/23/2020,3.719444444,68,9,Platformer,,,E10+,"Cartoon Violence, Comic Mischief",,Removed,09/12/2024,6,,
Lies of P,Xbox / PC,Yes,Removed,09/19/2023,03/15/2025,17.86666667,09/19/2023,0,81,18,RPG  Action-Adventure,,,RP,,,Removed,09/12/2024,11.76666667,,
Solar Ash,Xbox / PC,Yes,Removed,09/14/2023,03/15/2025,18.03333333,12/02/2021,1.783333333,78,6,Action,,,T,"Blood, Fantasy Violence, Mild Language",,Removed,09/12/2024,11.93333333,,
Yakuza 6: The Song of Life,Xbox / PC,Touch Controls,Removed,03/25/2021,03/15/2025,47.66666667,12/08/2016,4.297222222,83,19,RPG / Brawler / Action-Adventure,FPS Boost,,M,"Use of Alcohol, Blood, Sexual Content, Partial Nudity, Strong Language, Intense Violence",,Removed,09/12/2024,41.56666667,,
Yakuza 5: Remastered,Xbox / PC,Touch Controls,Removed,01/28/2021,03/15/2025,49.56666667,02/11/2020,0.9638888889,82,38.5,RPG / Brawler / Action-Adventure,,,M,"Blood, Intense Violence, Partial Nudity, Sexual Themes, Strong Language, Use of Alcohol",,Removed,09/12/2024,43.46666667,,
"Warhammer 40,000: Boltgun",Xbox / PC,Yes,Removed,03/05/2024,02/28/2025,11.76666667,05/23/2023,0.7833333333,75,10,Shooter,,,M,"Blood and Gore, Violence",,Removed,09/12/2024,6.233333333,,
Space Engineers,Xbox / PC,Yes,Removed,02/29/2024,02/28/2025,11.96666667,04/15/2020,3.872222222,68,20,Sandbox,,,T,"Drug Reference, Fantasy Violence, Mild Language",,Removed,09/12/2024,6.433333333,,
Maneater,Xbox / PC,Yes,Removed,02/27/2024,02/28/2025,12.03333333,05/22/2020,3.763888889,70.5,8,Action / RPG,Optimized,"Returning title: Added 5/25/21, left 6/15/23",M,"Blood and Gore, Mild Language, Drug Reference, Intense Violence, Mature Humor",,Removed,09/12/2024,6.5,,
GRIS,Xbox / PC,Yes,Removed,09/05/2023,02/28/2025,17.76666667,12/31/2018,4.680555556,84,3.5,Puzzle / Platformer,,"Returning title: Joined 1/16/20, left 1/29/21",E,,,Removed,09/12/2024,12.23333333,,
Yakuza 3: Remastered,Xbox / PC,Touch Controls,Removed,01/28/2021,02/28/2025,49,08/20/2019,1.438888889,77,17.5,RPG / Brawler / Action-Adventure,,,M,"Use of Alcohol, Blood, Sexual Themes, Strong Language, Violence",,Removed,09/12/2024,43.46666667,,
Yakuza 4: Remastered,Xbox / PC,Touch Controls,Removed,01/28/2021,02/28/2025,49,10/29/2019,1.247222222,78,22.5,RPG / Brawler / Action-Adventure,,,M,"Use of Alcohol, Blood, Sexual Themes, Strong Language, Violence",,Removed,09/12/2024,43.46666667,,
F1 22,Xbox / PC,,Removed,03/02/2023,02/28/2025,23.86666667,06/28/2022,0.6777777778,81,23,Driving/Racing / Simulation,,,E,,,Removed,09/12/2024,18.33333333,,
Indivisible,Xbox / PC,Yes,Removed,02/28/2024,02/15/2025,11.56666667,10/08/2019,4.388888889,82,18.5,Action / RPG,,"Returning title: Added 1/23/20, left 1/29/21",T,"Blood, Fantasy Violence, Suggestive Themes",,Removed,09/12/2024,6.466666667,,
Return to Grace,Xbox / PC,Yes,Removed,02/20/2024,02/15/2025,11.83333333,05/30/2023,0.7222222222,79,3,Adventure,,,RP,,,Removed,09/12/2024,6.733333333,,
Tales of Arise,Xbox / PC,Yes,Removed,02/20/2024,02/15/2025,11.83333333,09/10/2021,2.444444444,87,41,RPG,,,T,"Alcohol Reference, Blood, Language, Suggestive Themes, Violence",,Removed,09/12/2024,6.733333333,,
A Little to the Left,Xbox / PC,Yes,Removed,02/14/2024,02/15/2025,12.03333333,11/08/2022,1.266666667,75,4,Puzzle,,,RP,,,Removed,09/12/2024,6.933333333,,
Bloodstained: Ritual of the Night,Xbox / PC,Yes,Removed,02/14/2024,02/15/2025,12.03333333,06/18/2019,4.655555556,84,13.5,RPG / Platformer / Action-Adventure,,"Returning title: Added 9/19/19, left 3/15/21",T,"Blood, Partial Nudity, Violence",,Removed,09/12/2024,6.933333333,,
Merge & Blade,Xbox / PC,Yes,Removed,02/28/2023,02/15/2025,23.56666667,02/28/2023,0,70,8,Puzzle,,,E10+,"Fantasy Violence, Mild Blood",,Removed,09/12/2024,18.46666667,,
Madden NFL 23,Xbox / PC,,Removed,02/09/2023,02/15/2025,24.2,08/18/2022,0.475,69,28,Sports / Football,,,E,Mild Lyrics,,Removed,09/12/2024,19.1,,
EA Sports UFC 3,Xbox,,Removed,11/10/2020,02/15/2025,51.16666667,02/02/2018,2.772222222,77,9,Sports / Fighting,,,T,"Blood, Suggestive Themes, Violence, Language",,Removed,09/12/2024,46.06666667,,
Anuchard,Xbox / PC,Yes,Removed,02/06/2024,01/31/2025,11.8,04/21/2022,1.791666667,70,9,RPG,,,T,"Fantasy Violence, Language",,Removed,09/12/2024,7.2,,
Broforce Forever,Xbox / PC,Yes,Removed,08/08/2023,01/31/2025,17.73333333,08/08/2023,0,80,,Action / Shooter / Platformer,,,RP,,,Removed,09/12/2024,13.13333333,,
Serious Sam: Siberian Mayhem,Xbox / PC,Yes,Removed,07/25/2023,01/31/2025,18.16666667,01/25/2022,1.5,70,5,First-Person Shooter,Exclusive,,M,"Blood and Gore, Intense Violence, Strong Language, Suggestive Themes",,Removed,09/12/2024,13.56666667,,
Maquette,Xbox / PC,Yes,Removed,07/19/2023,01/31/2025,18.36666667,03/02/2021,2.380555556,70,4,Puzzle,,,E10+,"Alcohol Reference, Lyrics",,Removed,09/12/2024,13.76666667,,
Darkest Dungeon,Xbox / PC,Yes,Removed,02/02/2023,01/31/2025,23.93333333,01/19/2016,7.036111111,84,56,RPG,,"Returning title: Originally joined 6/10/21, left 6/15/22",T,"Fantasy Violence, Mild Blood, Sexual Themes, Partial Nudity",,Removed,09/12/2024,19.33333333,,
Death's Door,Xbox / PC,Touch Controls,Removed,01/20/2022,01/31/2025,36.33333333,07/20/2021,0.5,86,8.5,Action-Adventure,,,T,"Blood, Fantasy Violence, Language, Use of Alcohol and Tobacco",,Removed,09/12/2024,31.73333333,,
Those Who Remain,Xbox / PC,Yes,Removed,01/16/2024,01/15/2025,11.96666667,05/28/2020,3.633333333,49,6,Adventure,,,,,,Removed,09/12/2024,7.866666667,,
Figment,Xbox / PC,Yes,Removed,01/09/2024,01/15/2025,12.2,09/22/2017,6.297222222,75,5,Puzzle / Action-Adventure,,,,,,Removed,09/12/2024,8.1,,
Exoprimal,Xbox / PC,Yes,Removed,07/14/2023,01/15/2025,18.03333333,07/14/2023,0,73,6,Action,,,M,,,Removed,09/12/2024,13.93333333,,
Common'hood,Xbox / PC,Yes,Removed,07/11/2023,01/15/2025,18.13333333,11/10/2022,0.6694444444,,23,Simulation,,,RP,,,Removed,09/12/2024,14.03333333,,
Insurgency: Sandstorm,Xbox / PC,Yes,Removed,11/29/2022,01/15/2025,25.53333333,09/18/2018,4.197222222,80,33,Action / Shooter,,Joined PC 7/11/23,M,"Blood and Gore, Strong Language, Violence",,Removed,09/12/2024,21.43333333,,
Escape Academy,Xbox / PC,Touch Controls,Removed,07/14/2022,01/15/2025,30.03333333,07/14/2022,0,81,4.5,Adventure / Puzzle,,,T,Violence,,Removed,09/12/2024,25.93333333,,
LEGO 2K Drive,Xbox,Yes,Removed,04/03/2024,12/31/2024,8.9,05/16/2023,0.8805555556,73,7,Driving/Racing,,,E10+,Fantasy Violence,,Removed,09/12/2024,5.3,,
Close to the Sun,Xbox / PC,Yes,Removed,01/02/2024,12/31/2024,11.93333333,10/29/2019,4.175,66,4,Adventure,,,,,,Removed,09/12/2024,8.333333333,,
Party Animals,Xbox,Yes,Removed,09/20/2023,12/31/2024,15.33333333,09/20/2023,0,77,1,Fighting / Minigame Collection,,,T,"Cartoon Violence, Crude Humor, Suggestive Themes",,Removed,09/12/2024,11.73333333,,
McPixel 3,Xbox / PC,Yes,Removed,07/06/2023,12/31/2024,17.8,11/14/2022,0.6444444444,75,5,Minigame Collection,,,RP,,,Removed,09/12/2024,14.2,,
BlazBlue: Cross Tag Battle - Special Edition,Xbox / PC,Yes,Removed,04/27/2023,12/31/2024,20.1,05/31/2018,4.908333333,72,4,Fighting,,,T,"Language, Suggestive Themes, Violence",,Removed,09/12/2024,16.5,,
Humankind,Xbox / PC,Yes,Removed,08/17/2021,12/31/2024,40.43333333,08/17/2021,0,78,14.5,Strategy,,Joined cloud and console 8/22/23,E10+,"Mild Violence, Alcohol Reference, Mild Language",,Removed,09/12/2024,36.83333333,,
The Quarry,Xbox,,Removed,03/20/2024,12/15/2024,8.833333333,06/10/2022,1.777777778,79,9,Adventure,,,M,"Blood and Gore, Intense Violence, Mild Sexual Themes, Strong Language",,Removed,09/12/2024,5.733333333,,
Tin Hearts,Xbox / PC,Yes,Removed,12/12/2023,12/15/2024,12.1,11/08/2018,5.094444444,66,31,Puzzle,,,,,,Removed,09/12/2024,9,,
Amnesia: The Bunker,Xbox / PC,Yes,Removed,06/06/2023,12/15/2024,18.3,06/06/2023,0,77,5,Adventure,,,RP,,,Removed,09/12/2024,15.2,,
Rainbow Billy: The Curse of the Leviathan,Xbox / PC,Yes,Removed,12/15/2022,12/15/2024,24,10/05/2021,1.194444444,86,12,RPG / Action-Adventure,,,E,,,Removed,09/12/2024,20.9,,
Forager,Xbox / PC,Yes,Removed,07/16/2020,12/15/2024,52.96666667,04/18/2019,1.244444444,78,13.5,Adventure,,,E10+,"Fantasy Violence, Mild Blood, Crude Humor",,Removed,09/12/2024,49.86666667,,
Forza Horizon 4,Xbox / PC,Yes,Removed,10/02/2018,12/15/2024,74.43333333,09/28/2018,0.01111111111,92,11,Driving/Racing,Optimized,Game Pass Essential launch title (9/14/23),E,,,Removed,09/12/2024,71.33333333,09/14/2023,59.4
While the Iron's Hot,Xbox / PC,Yes,Removed,12/05/2023,11/30/2024,11.83333333,12/05/2023,0,63,17,Adventure / Puzzle,,,,,,Removed,09/12/2024,9.233333333,,
Spirit of the North: Enhanced Edition,Xbox / PC,Yes,Removed,12/01/2023,11/30/2024,11.96666667,11/01/2019,4.083333333,64,5,Platformer / Action-Adventure,,,,,,Removed,09/12/2024,9.366666667,,
Remnant: From the Ashes,Xbox / PC,Yes,Removed,11/29/2023,11/30/2024,12.03333333,08/20/2019,4.275,81,13.5,Action / RPG / Shooter,,"Returning title: Joined 11/14/19, left 5/15/22",M,"Blood, Strong Language, Violence",Region lock,Removed,09/12/2024,9.433333333,,
Rollerdrome,Xbox / PC,Yes,Removed,11/28/2023,11/30/2024,12.06666667,08/16/2022,1.283333333,79,5,Action,Exclusive,,,,,Removed,09/12/2024,9.466666667,,
Hello Neighbor 2,Xbox / PC,Yes,Removed,12/06/2022,11/30/2024,23.8,12/06/2022,0,56,5,Strategy / Puzzle,,,E10+,Mild Violence,,Removed,09/12/2024,21.2,,
Soccer Story,Xbox / PC,Yes,Removed,11/29/2022,11/30/2024,24.03333333,11/29/2022,0,71,10,RPG / Soccer,,,E,,,Removed,09/12/2024,21.43333333,,
Conan Exiles,Xbox / PC,Yes,Removed,05/25/2021,11/30/2024,42.16666667,05/18/2018,3.019444444,64,33,Action / RPG,Optimized,,M,"Nudity, Use of Alcohol, Blood and Gore, Language, Intense Violence",,Removed,09/12/2024,39.56666667,,
Persona 5: Tactica,Xbox / PC,Yes,Removed,11/17/2023,11/15/2024,11.93333333,11/17/2023,0,75,23,Strategy / RPG,,,RP,,,Removed,09/12/2024,9.833333333,,
Dungeons 4,Xbox / PC,Yes,Removed,11/09/2023,11/15/2024,12.2,11/09/2023,0,76,27,Strategy / Simulation,,,,,,Removed,09/12/2024,10.1,,
Like a Dragon Gaiden: The Man Who Erased His Name,Xbox / PC,Yes,Removed,11/09/2023,11/15/2024,12.2,11/09/2023,0,79,11,Action-Adventure,,,RP,,,Removed,09/12/2024,10.1,,
Like a Dragon: Ishin!,Xbox / PC,Yes,Removed,10/17/2023,11/15/2024,12.93333333,02/21/2023,0.6555555556,81,24,Brawler / Action-Adventure,,,,,,Removed,09/12/2024,10.83333333,,
Goat Simulator,Xbox / PC,Yes,Removed,04/04/2023,11/15/2024,19.36666667,04/01/2014,9.008333333,58,2,Simulation,,"Game Pass Essential (12/4/24), Returning title: Joined 6/27/19, left 3/215/23",T,"Blood, Violence",,Removed,09/12/2024,17.26666667,12/04/2024,20
Somerville,Xbox / PC,,Removed,11/15/2022,11/15/2024,24,11/15/2022,0,82,3,Adventure,,,E10+,Mild Violence,,Removed,09/12/2024,21.9,,
Dicey Dungeons,Xbox / PC,Touch Controls,Removed,11/11/2021,11/15/2024,36.13333333,08/13/2019,2.244444444,80,25.5,RPG,,,E10+,"Fantasy Violence, Mild Blood",,Removed,09/12/2024,34.03333333,,
Headbangers: Rhythm Royale,Xbox / PC,Yes,Removed,10/31/2023,10/31/2024,12,10/31/2023,0,74,4,Minigame Collection / Music/Rhythm,,,RP,,,Removed,09/12/2024,10.4,,
Mineko's Night Market,Xbox / PC,Yes,Removed,10/26/2023,10/31/2024,12.13333333,09/26/2023,0.08333333333,66,18,Adventure,,,RP,,,Removed,09/12/2024,10.53333333,,
Inkulinati (Game Preview),Xbox / PC,M+KB,Removed,01/31/2023,10/31/2024,21,01/31/2023,0,,,Strategy,,,E,"Mild Fantasy Violence, Mild Language, Comic Mischief",,Removed,09/12/2024,19.4,,
Frog Detective: The Entire Mystery,Xbox / PC,Yes,Removed,10/27/2022,10/31/2024,24.1,10/27/2022,0,77,4,Adventure / Compilation,,Joined cloud and console 10/26/23,E,,,Removed,09/12/2024,22.5,,
Lonely Mountains: Downhill,Xbox / PC,Yes,Removed,10/23/2019,10/31/2024,60.23333333,10/23/2019,0,79,5.5,Sports / Driving/Racing,,,E10+,Mild Blood,,Removed,09/12/2024,58.63333333,,
F1 Manager 2023,Xbox / PC,Yes,Removed,10/19/2023,10/15/2024,11.86666667,07/31/2023,0.2194444444,79,16,Driving/Racing / Simulation,,,,,,Removed,09/12/2024,10.76666667,,
From Space,Xbox / PC,Yes,Removed,10/12/2023,10/15/2024,12.1,10/12/2023,0,60,13,Action / Shooter,,,,,,Removed,09/12/2024,11,,
Scorn,Xbox / PC,Touch Controls,Removed,10/14/2022,10/15/2024,24.03333333,10/14/2022,0,71,6,Adventure,Exclusive,,M,"Intense Violence, Blood and Gore, Sexual Themes",,Removed,09/12/2024,22.93333333,,
Dyson Sphere Program (Game Preview),PC,,Removed,10/13/2022,10/15/2024,24.06666667,01/21/2021,1.727777778,,65,Strategy / Simulation,,,E,,,TBD,,46.3,,
Everspace 2,Xbox / PC,Yes,Removed,10/21/2021,10/15/2024,35.8,01/18/2021,0.7583333333,75.5,7.5,Action / Shooter,Exclusive,Joins Xbox Series and cloud 8/15/23. 1.0 release 4/16/23 out of early accesss,T,"Violence, Blood, Language",,Removed,09/12/2024,34.7,,
Gotham Knights,Xbox / PC,Yes,Removed,10/03/2023,09/30/2024,11.9,10/21/2022,0.95,66,17,RPG / Brawler / Action-Adventure,Exclusive,,RP,,Region lock,Removed,09/12/2024,11.3,,
Phoenix Wright: Ace Attorney Trilogy,Xbox / PC,Yes,Removed,09/26/2023,09/30/2024,12.13333333,04/07/2012,11.46944444,80,66,Adventure / Compilation / Puzzle,,,T,"Violence, Blood, Suggestive Themes, Use of Tobacco",,Removed,09/12/2024,11.53333333,,
Loop Hero,Xbox / PC,,Removed,04/04/2023,09/30/2024,17.86666667,03/04/2021,2.083333333,82,29,Strategy / Card Game,,,T,"Fantasy Violence, Language, Mild Suggestive Themes",,Removed,09/12/2024,17.26666667,,
PAW Patrol Grand Prix,Xbox / PC,Yes,Removed,09/30/2022,09/30/2024,24,09/30/2022,0,70,1,Action,,,E,,,Removed,09/12/2024,23.4,,
Let's Build A Zoo,Xbox / PC,Yes,Removed,09/29/2022,09/30/2024,24.03333333,11/05/2021,0.9,78,35.5,Simulation,,,E10+,"Alcohol Reference, Comic Mischief, Mild Blood, Mild Violence",,Removed,09/12/2024,23.43333333,,
Valheim (Game Preview),Xbox / PC,M+KB,Removed,09/29/2022,09/30/2024,24.03333333,02/02/2021,1.658333333,,71,Action-Adventure,,Joined console 3/14/23,T,"Violence, Blood, Use of Alcohol, Crude Humor",,Removed,09/12/2024,23.43333333,,
My Time at Portia,Xbox / PC,Yes,Removed,07/04/2019,09/30/2024,62.86666667,04/16/2019,0.2166666667,73,64,RPG / Simulation,FPS Boost,,E10+,"Fantasy Violence, Crude Humor, Alcohol Reference, Mild Suggestive Themes",,Removed,09/12/2024,62.26666667,,
PAYDAY 3,Xbox / PC,Yes,Removed,09/21/2023,09/15/2024,11.8,09/21/2023,0,68,10,First-Person Shooter,Exclusive,,RP,,,TBD,,35.03333333,,
FIFA 23,Xbox / PC,Yes,Removed,05/16/2023,09/15/2024,15.96666667,10/01/2021,1.625,78,94,Sports / Soccer,,,E,,,Removed,09/12/2024,15.86666667,,
Slime Rancher 2 (Game Preview),Xbox / PC,"Touch Controls, M+KB",Removed,09/22/2022,09/15/2024,23.76666667,09/22/2022,0,,8.5,Adventure / First-Person Shooter,Exclusive,,E10+,Fantasy Violence,,Removed,09/12/2024,23.66666667,,
SpiderHeck,Xbox / PC,Touch Controls,Removed,09/22/2022,09/15/2024,23.76666667,09/22/2022,0,83,9,Party,,,E10+,"Fantasy Violence, Mild Blood",,Removed,09/12/2024,23.66666667,,
You Suck at Parking,Xbox / PC,Touch Controls,Removed,09/14/2022,09/15/2024,24.03333333,09/14/2022,0,77,8.5,Action / Driving/Racing,,,E,,,Removed,09/12/2024,23.93333333,,
Ashes of the Singularity: Escalation,PC,,Removed,09/13/2022,09/15/2024,24.06666667,11/10/2016,5.841666667,81,16,Real-Time Strategy,,,E10+,"Fantasy Violence, Language",,TBD,,47.3,,
NBA 2K24,Xbox,Yes,Removed,03/11/2024,08/31/2024,5.633333333,09/08/2023,0.5083333333,68,,Sports / Basketball,,,,,,,,,,
Guilty Gear -Strive-,Xbox / PC,Yes,Removed,03/07/2023,08/31/2024,17.76666667,06/11/2021,1.738888889,85,5,Fighting,,,T,"Blood, Language, Mild Suggestive Themes, Violence",,,,,,
Atomic Heart,Xbox / PC,M+KB,Removed,02/21/2023,08/31/2024,18.3,02/21/2023,0,72,16,Adventure / First-Person Shooter,,,M,"Intense Violence, Blood and Gore, Nudity, Language",,,,,,
DOOM,Xbox / PC,Yes,Removed,03/12/2021,08/20/2024,41.26666667,12/10/1993,27.25555556,83,4.5,First-Person Shooter,,,M,"Intense Violence, Blood and Gore",,,,,,
DOOM II: Hell on Earth,Xbox / PC,Yes,Removed,03/12/2021,08/20/2024,41.26666667,09/30/1994,26.45,80,7,First-Person Shooter,,,M,"Intense Violence, Blood and Gore",,,,,,
The Texas Chainsaw Massacre,Xbox / PC,Yes,Removed,08/18/2023,08/15/2024,11.9,08/18/2023,0,72,,Action,,,M,"Blood and Gore, Intense Violence, Strong Language",,,,,,
Airborne Kingdom,Xbox / PC,Yes,Removed,08/10/2023,08/15/2024,12.16666667,12/17/2020,2.647222222,76,8,Strategy / Real-Time Strategy,,,RP,,,,,,,
Shadow Warrior 3: Definitive Edition,Xbox / PC,Yes,Removed,02/16/2023,08/15/2024,17.96666667,03/01/2022,0.9583333333,71,6,First-Person Shooter / Action-Adventure,,,M,"Blood and Gore, Intense Violence, Mild Sexual Themes, Strong Language",,,,,,
Offworld Trading Company,PC,,Removed,08/11/2022,08/15/2024,24.13333333,04/28/2016,6.286111111,78,8,Real-Time Strategy,,,E,Mild Fantasy Violence,,,,,,
Train Sim World 4,Xbox / PC,Yes,Removed,02/07/2024,07/31/2024,5.766666667,09/26/2023,0.3638888889,80,,Simulation,,,E,,,,,,,
A Short Hike,Xbox / PC,Yes,Removed,08/03/2023,07/31/2024,11.9,07/30/2019,4.008333333,82,2,Action-Adventure,,,E,,,,,,,
Venba,Xbox / PC,,Removed,07/31/2023,07/31/2024,12,07/31/2023,0,79,2,Adventure,,,RP,,,,,,,
Figment 2: Creed Valley,Xbox / PC,Yes,Removed,07/20/2023,07/15/2024,11.83333333,03/09/2023,0.3638888889,74,4,Action-Adventure,,,RP,,,,,,,
The Wandering Village,Xbox / PC,Yes,Removed,07/20/2023,07/15/2024,11.83333333,09/14/2022,0.85,,14,Strategy / Simulation,,,RP,,,,,,,
TOEM,Xbox / PC,Yes,Removed,07/18/2023,07/15/2024,11.9,09/17/2021,1.836111111,79,4,Adventure / Puzzle,,,RP,,,,,,,
Coffee Talk Episode 2: Hibiscus & Butterfly,Xbox / PC,Yes,Removed,04/20/2023,07/15/2024,14.83333333,04/20/2023,0,78,7,Adventure,,,T,"Alcohol Reference, Language, Mild Suggestive Themes, Use of Tobacco",,,,,,
Sins of a Solar Empire: Rebellion,PC,,Removed,07/21/2022,07/15/2024,23.8,06/05/2013,9.127777778,82,10,Real-Time Strategy,,,E10+,Fantasy Violence,,,,,,
Cricket 22,Xbox / PC,Yes,Removed,04/05/2022,07/05/2024,27,12/02/2021,0.3416666667,61,22,Sports / Cricket,,,E,,,,,,,
Sword and Fairy: Together Forever,Xbox / PC,Yes,Removed,07/06/2023,06/30/2024,11.8,10/21/2021,1.708333333,73,24,RPG / Action-Adventure,,,T,"Blood, Language, Use of Alcohol, Violence",,,,,,
Story of Seasons: Friends of Mineral Town,Xbox / PC,,Removed,06/29/2023,06/30/2024,12.03333333,10/17/2019,3.7,72,30,Simulation,,,E10+,"Comic Mischief, Suggestive Themes, Use of Alcohol",,,,,,
F.I.S.T.: Forged In Shadow Torch,Xbox / PC,Yes,Removed,06/27/2023,06/30/2024,12.1,09/07/2021,1.805555556,81,12,Brawler / Platformer / Action-Adventure,Exclusive,,E10+,"Fantasy Violence, Language, Mild Suggestive Themes, Use of Alcohol",,,,,,
Stranded Deep,Xbox / PC,Yes,Removed,01/03/2023,06/30/2024,17.9,01/23/2015,7.944444444,75,18,Adventure / Simulation,,,T,"Blood, Crude Humor, Mild Violence",,,,,,
FIFA 22,Xbox / PC,,Removed,06/23/2022,06/30/2024,24.23333333,10/01/2021,0.7277777778,75.5,94.5,Sports / Soccer,,,E,,,,,,,
Bramble: The Mountain King,Xbox / PC,Yes,Removed,06/27/2023,06/15/2024,11.6,04/27/2023,0.1666666667,80,5,Adventure / Platformer,,,M,"Blood and Gore, Intense Violence, Partial Nudity",Seperate Xbox Gen8 (Xbox One) and Gen9 (Xbox Series X|S) versions (Not Smart Delivery enabled),,,,,
The Bookwalker: Thief of Tales,Xbox / PC,,Removed,06/22/2023,06/15/2024,11.76666667,06/22/2023,0,75,6,Adventure,,,RP,,,,,,,
Rune Factory 4: Special,Xbox / PC,Yes,Removed,06/08/2023,06/15/2024,12.23333333,07/19/2012,10.88611111,82,39,Action / RPG,,,T,"Fantasy Violence, Mild Language, Mild Suggestive Themes, Use of Alcohol",,,,,,
Spacelines from the Far Out,Xbox / PC,Touch Controls,Removed,06/07/2022,06/15/2024,24.26666667,06/07/2022,0,83,1.5,Action / Simulation,,,E10+,Crude Humor,,,,,,
Chicory: A Colorful Tale,Xbox / PC,,Removed,05/30/2023,05/31/2024,12,06/10/2021,1.972222222,90,10,Action-Adventure,,,E,"Mild Fantasy Violence, Comic Mischief",,,,,,
Farworld Pioneers,Xbox / PC,,Removed,05/30/2023,05/31/2024,12,05/30/2023,0,58,,Sandbox,,,RP,,,,,,,
Railway Empire 2,Xbox / PC,Yes,Removed,05/24/2023,05/31/2024,12.2,05/25/2023,-0.002777777778,79,28,Strategy / Simulation,,,RP,,,,,,,
JoJo's Bizarre Adventure: All-Star Battle R,Xbox / PC,Yes,Removed,01/31/2023,05/31/2024,16,09/01/2022,0.4138888889,73,10,Fighting,,,T,"Language, Mild Blood, Suggestive Themes, Use of Tobacco, Violence",,,,,,
Pac-Man Museum+,Xbox / PC,Yes,Removed,05/27/2022,05/31/2024,24.1,05/27/2022,0,64,2.5,Compilation / Platformer,,,E,"Mild Cartoon Violence, Comic Mischief",,,,,,
Little Witch in the Woods (Game Preview),Xbox / PC,Touch Controls,Removed,05/17/2022,05/31/2024,24.43333333,05/16/2022,0.002777777778,,8,RPG,,,T,Alcohol Reference,,,,,,
Eastern Exorcist,Xbox / PC,,Removed,05/18/2023,05/15/2024,11.9,07/08/2021,1.861111111,73,7,Action / RPG,,,M,"Blood, Violence",,,,,,
Supraland: Six Inches Under,Xbox / PC,Yes,Removed,05/18/2023,05/15/2024,11.9,01/14/2022,1.344444444,86,8,Action-Adventure,,,RP,,,,,,,
Fuga: Melodies of Steel 2,Xbox / PC,Yes,Removed,05/11/2023,05/15/2024,12.13333333,05/11/2023,0,85,22,Strategy / RPG,,,RP,,,,,,,
SD Gundam Battle Alliance,Xbox / PC,Yes,Removed,02/09/2023,05/15/2024,15.2,08/25/2022,0.4555555556,71,11,Action / Strategy / RPG,,,T,"Fantasy Violence, Mild Blood, Mild Language, Use of Alcohol",,,,,,
Ghostlore,Xbox / PC,,Removed,11/17/2022,05/15/2024,17.93333333,04/14/2022,0.5916666667,6,6,RPG,,Left game preview and joined console 5/17/23,E10+,"Fantasy Violence, Mild Blood",,,,,,
Eiyuden Chronicle: Rising,Xbox / PC,Touch Controls,Removed,05/10/2022,05/15/2024,24.16666667,05/10/2022,0,71,11,RPG / Action-Adventure,,,E10+,Fantasy Violence,,,,,,
Norco,Xbox / PC,M+KB,Removed,03/24/2022,05/15/2024,25.7,03/24/2022,0,87,5.5,Adventure,,Joined cloud and console 11/17/22,M,"Violence, Blood, Drug Reference, Strong Language",,,,,,
Just Cause 4: Reloaded,Xbox / PC,Yes,Removed,05/13/2021,05/15/2024,36.06666667,12/04/2018,2.441666667,69,16,Action-Adventure,,,M,"Blood, Strong Language, Intense Violence",,,,,,
Ravenlok,Xbox / PC,Yes,Removed,05/04/2023,04/30/2024,11.86666667,05/04/2023,0,66,4,Action / RPG,,,E10+,"Fantasy Violence, Mild Blood",,,,,,
Besiege,Xbox / PC,Touch Controls,Removed,05/01/2023,04/30/2024,11.96666667,02/10/2022,1.225,88.33333333,5,Strategy / Simulation,,"Returning title: Joined 2/10/22, left 2/15/23 while in game preview, rejoins post full release",T,"Violence, Blood and Gore",,,,,,
NHL 22,Xbox,,Removed,05/12/2022,04/30/2024,23.6,10/15/2021,0.575,74,85,Sports / Hockey,,,E10+,Mild Violence,,,,,,
Loot River,Xbox / PC,Touch Controls,Removed,05/03/2022,04/30/2024,23.9,05/03/2022,0,66,4,Action,,,T,"Violence, Blood",,,,,,
7 Days to Die (Game Preview),Xbox / PC,Yes,Removed,04/26/2022,04/30/2024,24.13333333,12/13/2013,8.369444444,35,54,Simulation / First-Person Shooter / Action-Adventure / Block-Breaking,,,M,"Blood and Gore, Strong Language, Violence",,,,,,
Pikuniku,Xbox / PC,Yes,Removed,03/12/2020,04/30/2024,49.6,01/24/2019,1.133333333,76,3,Puzzle / Platformer,,,E,"Mild Fantasy Violence, Mild Language",,,,,,
Amnesia: Collection,Xbox / PC,Touch Controls,Removed,10/20/2022,04/15/2024,17.83333333,11/22/2016,5.911111111,79,15.5,Adventure / Compilation,,,M,"Violence, Blood and Gore, Nudity, Strong Language",,,,,,
Amnesia: Rebirth,Xbox / PC,Touch Controls,Removed,10/20/2022,04/15/2024,17.83333333,10/20/2020,2,80,8.5,Adventure,,,M,"Blood and Gore, Intense Violence, Nudity, Strong Language",,,,,,
Phantom Abyss (Game Preview),Xbox / PC,Yes,Removed,10/20/2022,04/15/2024,17.83333333,06/22/2021,1.327777778,,20,Puzzle / Platformer,Exclusive,,E10+,Fantasy Violence,,,,,,
SOMA,Xbox / PC,Touch Controls,Removed,10/20/2022,04/15/2024,17.83333333,09/22/2015,7.077777778,83,9,Adventure,,,M,"Violence, Blood, Nudity, Strong Language",,,,,,
Research and Destroy,Xbox / PC,Touch Controls,Removed,04/26/2022,04/15/2024,23.63333333,04/26/2022,0,73,6.5,Strategy / Shooter,,,T,"Violence, Blood",,,,,,
Back 4 Blood,Xbox / PC,Yes,Removed,10/12/2021,04/15/2024,30.1,10/12/2021,0,76.5,8.5,First-Person Shooter,Optimized,,M,"Intense Violence, Blood and Gore, Strong Language, Drug Reference",Left 4 Dead successor,,,,,
INFINITE GUITARS,Xbox / PC,Yes,Removed,03/30/2023,03/31/2024,12,12/13/2022,0.2972222222,62,12,RPG / Music/Rhythm,,,E10+,"Fantasy Violence, Mild Language",,,,,,
MLB The Show 23,Xbox,Yes,Removed,03/28/2023,03/31/2024,12.06666667,03/28/2023,0,80,57,Sports / Baseball,,,E,,,,,,,
Hot Wheels Unleashed: Game of the Year Edition,Xbox / PC,Yes,Removed,02/07/2023,03/31/2024,13.76666667,09/30/2021,1.352777778,72,9,Driving/Racing,,,E,,,,,,,
Hardspace: Shipbreaker,Xbox / PC,Yes,Removed,05/24/2022,03/15/2024,21.7,06/16/2020,1.938888889,82,26.5,Simulation,Exclusive,Joined Xbox Series and clod 9/20/22,T,Violence,,,,,,
Shredders,Xbox / PC,Yes,Removed,03/17/2022,03/15/2024,23.93333333,03/17/2022,0,69,3.5,Sports / Snowboarding/Skiing,Exclusive,,E,,,,,,,
Soul Hackers 2,Xbox / PC,Yes,Removed,02/28/2023,02/29/2024,12.03333333,08/25/2022,0.5083333333,74,32,RPG,,,M,"Blood and Gore, Partial Nudity, Strong Language, Violence",,,,,,
Madden NFL 22,Xbox / PC,,Removed,02/17/2022,02/29/2024,24.4,08/20/2021,0.4916666667,70,19,Sports / Football,,,E,Mild Lyrics,,,,,,
Opus: Echo of Starsong - Full Bloom Edition,Xbox / PC,Touch Controls,Removed,08/25/2022,02/15/2024,17.66666667,08/31/2021,0.9861111111,90,9.5,Adventure,,,E10+,"Mild Language, Mild Violence",,,,,,
Galactic Civilizations III,PC,,Removed,02/24/2022,02/15/2024,23.7,03/27/2014,7.908333333,81,23,Strategy,,,E10+,"Alcohol Reference, Fantasy Violence, Mild Suggestive Themes",,,,,,
F1 2021,Xbox,Yes,Removed,03/24/2022,01/31/2024,22.2,07/15/2021,0.6916666667,84,7.5,Driving/Racing,,,E,Mild Language,,,,,,
HITMAN: World of Assassination,Xbox / PC,Touch Controls,Removed,01/20/2022,01/31/2024,24.33333333,01/20/2022,0,85.33333333,25,Compilation / Action-Adventure,,,M,"Blood, Drug Reference, Intense Violence, Strong Language",,,,,,
Persona 3: Portable,Xbox / PC,Yes,Removed,01/19/2023,01/15/2024,11.86666667,11/01/2009,13.21666667,89,65.5,RPG,,,M,"Blood, Language, Partial Nudity, Sexual Themes, Violence",,,,,,
MotoGP 22,Xbox / PC,Yes,Removed,07/21/2022,01/15/2024,17.8,04/21/2022,0.25,81,10.5,Driving/Racing / Simulation,,,E,"Mild Violence, Use of Alcohol",,,,,,
Garden Story,Xbox / PC,Touch Controls,Removed,07/18/2022,01/15/2024,17.9,08/11/2021,0.9361111111,70,10,RPG,,,E10+,Fantasy Violence,,,,,,
NARAKA: BLADEPOINT,Xbox / PC,Yes,Removed,06/23/2022,12/31/2023,18.23333333,08/12/2021,0.8638888889,71,48,Action,,,T,Violence,,,,,,
Potion Craft,Xbox / PC,,Removed,12/13/2022,12/15/2023,12.06666667,12/13/2022,0,76,10,Simulation,,,E10+,"Violent References, Alcohol Reference",,,,,,
Chained Echoes,Xbox / PC,Yes,Removed,12/08/2022,12/15/2023,12.23333333,12/08/2022,0,92,31,RPG,,,M,,,,,,,
Opus Magnum,PC,,Removed,09/06/2022,12/15/2023,15.3,12/07/2017,4.747222222,90,15,Puzzle,,"Returning title: Joined 6/9/19, left 5/31/20",T,"Violent References, Suggestive Themes",,,,,,
Rubber Bandits,Xbox / PC,Touch Controls,Removed,12/02/2021,12/15/2023,24.43333333,12/02/2021,0,74,2.5,Brawler,,,E10+,Fantasy Violence,,,,,,
Eastward,Xbox / PC,Yes,Removed,12/01/2022,11/30/2023,11.96666667,12/16/2021,0.9583333333,82,20,Adventure / RPG,,,T,"Blood, Fantasy Violence, Language, Suggestive Themes, Use of Alcohol",,,,,,
Disc Room (2020),Xbox / PC,Touch Controls,Removed,06/07/2022,11/30/2023,17.76666667,10/22/2020,1.625,83,3,Action-Adventure,,,T,"Blood and Gore, Violence",,,,,,
ANVIL: Vault Breaker (Game Preview),Xbox / PC,Touch Controls,Removed,12/02/2021,11/30/2023,23.93333333,09/01/2021,0.2527777778,,3,Action / Dual-Joystick Shooter,,,T,"Violence, Blood",,,,,,
GRID (2019),Xbox,,Removed,08/10/2021,11/30/2023,27.66666667,09/11/2019,1.913888889,79,21,Driving/Racing,,,E,,,,,,,
Battlefield 1943,Xbox,,Removed,11/10/2020,11/30/2023,36.66666667,07/08/2009,11.33888889,83,24,Action / First-Person Shooter / Vehicular Combat,,Delisted 4/28/23,T,Violence,Xbox 360,,,,,
Battlefield: Bad Company,Xbox,,Removed,11/10/2020,11/30/2023,36.66666667,06/23/2008,12.38055556,83,7.5,Action / First-Person Shooter,,Delisted 4/28/23,T,"Alcohol Reference, Strong Language, Violence",Xbox 360,,,,,
Battlefield: Bad Company 2,Xbox / PC,,Removed,11/10/2020,11/30/2023,36.66666667,03/02/2010,10.68888889,88,7,First-Person Shooter,,Delisted 4/28/23,M,"Blood, Strong Language, Violence",Xbox 360,,,,,
Gungrave G.O.R.E,Xbox / PC,Yes,Removed,11/22/2022,11/15/2023,11.76666667,11/22/2022,0,56,13,Action,,,M,"Blood and Gore, Drug Reference, Strong Language, Intense Violence",,,,,,
Lapin (Game Preview),Xbox / PC,Yes,Removed,11/17/2022,11/15/2023,11.93333333,11/17/2022,0,,6,Platformer,,,E,,,,,,,
Football Manager 2023,Xbox / PC,Touch Controls,Removed,11/08/2022,11/15/2023,12.23333333,11/08/2022,0,81,42.5,Sports / Simulation / Soccer,,,E,,,,,,,
Ghost Song,Xbox / PC,Touch Controls,Removed,11/03/2022,11/15/2023,12.4,11/03/2022,0,86,7.5,Platformer / Action-Adventure,,,T,"Violence, Blood, Partial Nudity",,,,,,
Exapunks,PC,,Removed,08/25/2022,11/15/2023,14.66666667,10/22/2018,3.841666667,80,26.5,Simulation,,,M,Strong Language,,,,,,
Coffee Talk,Xbox / PC,Touch Controls,Removed,08/16/2022,11/15/2023,14.96666667,01/29/2020,2.547222222,75,4,Adventure,,,T,"Sexual Themes, Use of Tobacco, Language",,,,,,
Townscaper,Xbox / PC,Touch Controls,Removed,12/02/2021,11/15/2023,23.43333333,06/30/2020,1.422222222,86,3,Simulation,,,E,,,,,,,
Rocket Arena,Xbox / PC,,Removed,11/10/2020,11/14/2023,36.13333333,07/14/2020,0.3222222222,71,3,First-Person Shooter,,,T,Fantasy Violence,,,,,,
Gunfire Reborn,Xbox / PC,Yes,Removed,10/27/2022,10/31/2023,12.1,11/17/2021,0.9444444444,77,3,First-Person Shooter / Action-Adventure,Exclusive,,T,Violence,,,,,,
Signalis,Xbox / PC,Yes,Removed,10/27/2022,10/31/2023,12.1,10/27/2022,0,81,9,Action-Adventure,,,M,"Blood, Violence",,,,,,
Kill It With Fire,Xbox / PC,Yes,Removed,11/04/2021,10/31/2023,23.86666667,08/13/2020,1.225,73,3,Action / Simulation,,,E10+,"Fantasy Violence, Mild Blood",,,,,,
Solasta: Crown of the Magister,Xbox / PC,Yes,Removed,05/27/2021,10/31/2023,29.1,10/20/2020,0.6027777778,78,39.5,Adventure / RPG,,Joined console and cloud on 7/18/22,T,"Violence, Blood, Suggestive Themes, Use of Alcohol, Language",,,,,,
The Legend of Tianding,Xbox / PC,Yes,Removed,10/31/2022,10/15/2023,11.5,10/31/2022,0,80,5,Action / Platformer,,,T,"Blood, Mild Language, Violence",,,,,,
Eville,Xbox / PC,Yes,Removed,10/11/2022,10/15/2023,12.13333333,10/11/2022,0,71,8,Action-Adventure,,,T,"Blood, Violence",,,,,,
Shenzhen I/O,PC,,Removed,08/04/2022,10/15/2023,14.36666667,10/06/2016,5.827777778,88,25,Puzzle,,,T,"Drug Reference, Mild Language",,,,,,
Overwhelm,PC,,Removed,07/14/2022,10/15/2023,15.03333333,07/11/2018,4.008333333,74,6,Action / Platformer,,,E10+,Fantasy Violence,,,,,,
Trek to Yomi,Xbox / PC,Yes,Removed,05/05/2022,10/15/2023,17.33333333,05/05/2022,0,72,5,Action,,,M,"Blood and Gore, Violence",,,,,,
Turnip Boy Commits Tax Evasion,Xbox / PC,Touch Controls,Removed,04/19/2022,10/15/2023,17.86666667,04/22/2021,0.9916666667,72,2,Action / Adventure,,,E10+,"Crude Humor, Fantasy Violence, Mild Language",,,,,,
Despot's Game,Xbox / PC,Yes,Removed,09/29/2022,09/30/2023,12.03333333,09/29/2022,0,80,9.5,Strategy,,,T,"Violence, Blood, Language",,,,,,
Moonscars,Xbox / PC,Yes,Removed,09/27/2022,09/30/2023,12.1,09/27/2022,0,76,8.5,Action-Adventure,,,T,"Violence, Blood, Partial Nudity",,,,,,
Beacon Pines,Xbox / PC,Yes,Removed,09/22/2022,09/30/2023,12.26666667,09/22/2022,0,83,5,Adventure,,,T,Language,,,,,,
Last Call BBS,PC,,Removed,07/05/2022,09/30/2023,14.83333333,07/05/2022,0,80,64.5,Compilation / Puzzle,,,T,,,,,,,
Weird West: Definitive Edition,Xbox / PC,Yes,Removed,03/31/2022,09/30/2023,18,03/31/2022,0,79.5,21,Action / RPG / Simulation,,Xbox Series X|S versions available 5/8/23,M,"Blood and Gore, Strong Language, Violence",,,,,,
Prodeus,Xbox / PC,Yes,Removed,06/24/2021,09/30/2023,27.2,11/09/2020,0.625,85.5,5.5,First-Person Shooter,,Game left preview/launched 9/23/22,M,"Violence, Blood and Gore",,,,,,
Outriders,Xbox / PC,Yes,Removed,04/01/2021,09/30/2023,29.96666667,04/01/2021,0,78,15,RPG / Action-Adventure,Optimized,Joined PC 10/19/21,M,"Blood and Gore, Suggestive Themes, Strong Language, Intense Violence",,,,,,
Sid Meier's Civilization VI,Xbox / PC,Yes,Removed,03/16/2023,09/15/2023,5.966666667,10/21/2016,6.402777778,87,23,Strategy,,,E10+,"Drug Reference, Language, Mild Violence, Suggestive Themes",,,,,,
Danganronpa V3: Killing Harmony,Xbox / PC,Touch Controls,Removed,09/15/2022,09/15/2023,12,01/12/2017,5.675,80,39,Adventure / Shooter / Music/Rhythm,,,M,"Blood, Drug Reference, Intense Violence, Partial Nudity, Sexual Themes, Strong Language",,,,,,
Fuga: Melodies of Steel,Xbox / PC,Touch Controls,Removed,09/15/2022,09/15/2023,12,07/28/2021,1.130555556,87,19.5,Action / Strategy / RPG,,,T,"Fantasy Violence, Mild Blood, Suggestive Themes, Language",,,,,,
Metal: Hellsinger,Xbox / PC,Yes,Removed,09/15/2022,09/15/2023,12,09/15/2022,0,79,6,Music/Rhythm / First-Person Shooter,,Joined last gen Xbox One on 12/8/22,T,"Violence, Blood, Use of Tobacco",Seperate Xbox Gen8 (Xbox One) and Gen9 (Xbox Series X|S) versions (Not Smart Delivery enabled),,,,,
Amazing Cultivation Simulator,PC,,Removed,09/14/2022,09/15/2023,12.03333333,01/11/2019,3.675,73,100,Strategy / Simulation,,,E10+,"Fantasy Violence, Mild Blood, Crude Humor",,,,,,
DC League of Super-Pets: The Adventures of Krypto and Ace,Xbox / PC,Touch Controls,Removed,09/13/2022,09/15/2023,12.06666667,07/15/2022,0.1611111111,60,3,Flight Simulator / Shoot 'Em Up,,,E10+,Fantasy Violence,,,,,,
Train Sim World 3,Xbox / PC,,Removed,09/06/2022,09/15/2023,12.3,09/06/2022,0,78,466,Simulation,,,E,,,,,,,
Tainted Grail: Conquest,Xbox / PC,Touch Controls,Removed,03/22/2022,09/15/2023,17.76666667,06/18/2020,1.761111111,82,13.5,RPG / Card Game,,,M,"Violence, Blood",,,,,,
Aragami 2,Xbox / PC,Touch Controls,Removed,09/17/2021,09/15/2023,23.93333333,09/17/2021,0,69,13.5,Action,,,M,"Blood, Violence",,,,,,
Blue Fire,XB1/Series X|S,,GwG Temporary,08/01/2023,08/31/2023,0.9666666667,02/04/2021,2.491666667,71,,Action-Adventure,,Backwards Compatible,,,,,,,,
Inertial Drift,XB1/Series X|S,,GwG Temporary,08/01/2023,08/31/2023,0.9666666667,09/11/2020,2.888888889,77,,Racing,Enhanced,Backwards Compatible,,,,,,,,
Commandos 3: HD Remaster,Xbox / PC,Yes,Removed,08/30/2022,08/31/2023,12,08/30/2022,0,60,10,Real-Time Strategy,,,T,"Violence, Blood, Use of Alcohol And Tobacco","""Commandos 3: Destination Berlin"" metacritic score: 72",,,,,
Immortality,Xbox / PC,Yes,Removed,08/30/2022,08/31/2023,12,08/30/2022,0,91,5,Adventure / Simulation,Exclusive,,M,"Violence, Blood, Sexual Content, Nudity, Use of Drugs, Strong Language",,,,,,
Tinykin,Xbox / PC,,Removed,08/30/2022,08/31/2023,12,08/30/2022,0,81,6,Adventure / Platformer,,,E10+,"Fantasy Violence, Mild Language, Comic Mischief",,,,,,
Nuclear Throne,Xbox / PC,Yes,Removed,09/09/2021,08/31/2023,23.7,12/05/2015,5.761111111,89,15.5,Action / Shooter,,,E10+,"Fantasy Violence, Mild Blood, Mild Language",,,,,,
Surgeon Simulator 2: Access All Areas,Xbox / PC,Yes,Removed,09/02/2021,08/31/2023,23.93333333,08/27/2020,1.013888889,69,4,Simulation,,,M,"Intense Violence, Blood and Gore",,,,,,
Black Desert,Xbox,Yes,Removed,05/09/2019,08/31/2023,51.7,03/03/2016,3.183333333,75,72,MMORPG,,,T,"Use of Alcohol, Blood, Suggestive Themes, Mild Language, Violence",,,,,,
When the Past was Around,XB1/Series X|S,,GwG Temporary,07/16/2023,08/15/2023,0.9666666667,01/29/2021,2.463888889,80,,Adventure,,,,,,,,,,
DEATH STRANDING,PC,,Removed,08/23/2022,08/15/2023,11.73333333,11/08/2019,2.791666667,86,40.5,Action-Adventure,,,M,"Blood, Intense Violence, Partial Nudity, Strong Language",,,,,,
Midnight Fight Express,Xbox / PC,Yes,Removed,08/23/2022,08/15/2023,11.73333333,08/23/2022,0,75,5,Action / Brawler,,,M,"Violence, Blood, Suggestive Themes, Strong Language",,,,,,
Total War: Warhammer III,PC,,Removed,02/17/2022,08/15/2023,17.93333333,02/17/2022,0,88,28.5,Strategy,,,T,"Violence, Blood, Crude Humor",,,,,,
Edge of Eternity,Xbox / PC,Touch Controls,Removed,02/10/2022,08/15/2023,18.16666667,12/05/2018,3.180555556,67,30.5,RPG / Action-Adventure,,,T,"Language, Mild Blood, Mild Suggestive Themes, Partial Nudity, Violence",,,,,,
Darkwood,XB1/Series X|S,,GwG Temporary,07/01/2023,07/31/2023,0.9666666667,05/14/2019,4.130555556,84,,Action-Adventure,Enhanced,,,,,,,,,
Expeditions: Rome,PC,,Removed,08/11/2022,07/31/2023,11.63333333,01/20/2022,0.5583333333,80,39,Strategy / RPG,,,T,"Violence, Blood",,,,,,
Two Point Campus,Xbox / PC,Touch Controls,Removed,08/09/2022,07/31/2023,11.7,08/09/2022,0,84,27,Simulation,,,T,"Crude Humor, Mild Suggestive Themes",,,,,,
Dreamscaper,Xbox / PC,Touch Controls,Removed,02/03/2022,07/31/2023,17.9,08/14/2020,1.469444444,80,12,RPG / Brawler / Action-Adventure,,,E10+,"Fantasy Violence, Alcohol Reference, Mild Language, Mild Suggestive Themes",,,,,,
Marvel's Avengers,Xbox / PC,Yes,Removed,09/30/2021,07/31/2023,22,09/04/2020,1.072222222,67,11.5,Action / RPG / Brawler,,,T,"Language, Mild Blood, Violence",,,,,,
The Vale: Shadow of the Crown,XB1/Series X|S,,GwG Temporary,06/16/2023,07/15/2023,0.9666666667,11/14/2023,-0.4111111111,70,,Action-Adventure,,,,,,,,,,
PAW Patrol The Movie: Adventure City Calls,Xbox / PC,Touch Controls,Removed,07/14/2022,07/15/2023,12.03333333,08/13/2021,0.9194444444,40,2,Action,,,E,,,,,,,
Spelunky 2,Xbox / PC,Touch Controls,Removed,01/13/2022,07/15/2023,18.06666667,09/15/2020,1.327777778,89,28,Platformer / Action-Adventure,,,T,"Violence, Blood, Simulated Gambling",,,,,,
Exo One,Xbox / PC,Touch Controls,Removed,11/18/2021,07/15/2023,19.9,11/18/2021,0,79.5,2,Adventure / Simulation / Puzzle,,,E,,,,,,,
Adios,XB1/Series X|S,,GwG Temporary,06/01/2023,06/30/2023,0.9666666667,03/14/2023,0.2138888889,76,,Action-Adventure,,Backwards Compatible,,,,,,,,
DJMax Respect V,Xbox / PC,Yes,Removed,07/07/2022,06/30/2023,11.76666667,12/18/2019,2.552777778,75,44,Music/Rhythm,,,T,"Violence, Suggestive Themes",,,,,,
Matchpoint: Tennis Championships,Xbox / PC,Touch Controls,Removed,07/07/2022,06/30/2023,11.76666667,07/07/2022,0,60,10.5,Sports / Tennis,,,E,,,,,,,
OMORI,Xbox / PC,Yes,Removed,06/16/2022,06/30/2023,12.46666667,12/25/2020,1.475,87,20.5,RPG,,,M,"Blood, Strong Language, Violence","Contains content which some viewers may find disturbing, viewer discretion advised (This game contains depictions of depression, anxiety, and suicide, and may not be suitable for all audiences. It also contains bright flashing imagery that may cause discomfort and/or seizures for those with photosensitive epilepsy. Viewer discretion is advised.)",,,,,
Olija,Xbox / PC,Yes,Removed,01/04/2022,06/30/2023,17.86666667,01/28/2021,0.9333333333,78,5,Action-Adventure,,,T,"Blood, Fantasy Violence, Mild Language",,,,,,
Empire of Sin,Xbox / PC,Touch Controls,Removed,03/18/2021,06/30/2023,27.4,12/01/2020,0.2972222222,65.5,8,Strategy / RPG,,,M,"Blood, Sexual Themes, Alcohol Reference, Strong Language, Violence",,,,,,
Hoa,XB1/Series X|S,,GwG Temporary,05/16/2023,06/15/2023,0.9666666667,09/01/2021,1.708333333,79,,Puzzle,,,,,,,,,,
Mortal Shell: Enhanced Edition,Xbox / PC,Yes,Removed,01/05/2023,06/15/2023,5.333333333,08/18/2020,2.380555556,76,10,Action / RPG,,"Returning title: Joined 11/23/21, left 11/30/22",M,"Blood and Gore, Violence",,,,,,
Total War: Three Kingdoms,PC,,Removed,06/21/2022,06/15/2023,11.8,05/23/2019,3.077777778,85,48,Strategy,,,T,Violence,,,,,,
Chorus,Xbox / PC,Touch Controls,Removed,06/07/2022,06/15/2023,12.26666667,12/03/2021,0.5111111111,78,14.5,Action,,,T,"Fantasy Violence, Mild Language",,,,,,
Serious Sam 4,Xbox / PC,Yes,Removed,12/07/2021,06/15/2023,18.26666667,09/24/2020,1.202777778,68,9.5,First-Person Shooter,Exclusive,,M,"Intense Violence, Blood and Gore, Parital Nudity, Drug Reference, Language",,,,,,
Bridge Constructor: Portal,Xbox / PC,Touch Controls,Removed,06/09/2019,06/15/2023,48.2,12/20/2017,1.469444444,78,13.5,Puzzle,,,E,Mild Fantasy Violence,,,,,,
Star Wars Episode I Racer,XB1/Series X|S,,GwG Temporary,05/01/2023,05/31/2023,0.9666666667,05/12/1997,25.96944444,80,,Racing,,,,,,,,,,
Floppy Knights,Xbox / PC,Touch Controls,Removed,05/24/2022,05/31/2023,12.2,05/24/2022,0,81,8,Strategy / Card Game,,,E10+,Fantasy Violence,,,,,,
Lawn Mowing Simulator,Xbox / PC,Touch Controls,Removed,12/02/2021,05/31/2023,17.93333333,08/10/2021,0.3111111111,70.5,17,Simulation,,Joined Xbox One 3/10/22,E,,,,,,,
Evil Genius 2: World Domination,Xbox / PC,Yes,Removed,11/30/2021,05/31/2023,18,03/20/2021,0.6944444444,76,28.5,Strategy / Simulation,,,T,"Fantasy Violence, Mild Language",Satirical evil lair builder strategy game,,,,,
FIFA 21,Xbox / PC,,Removed,05/06/2021,05/31/2023,24.8,10/06/2020,0.5833333333,77,81,Sports / Soccer,Optimized,,E,,,,,,,
Europa Universalis IV,PC,,Removed,12/04/2019,05/31/2023,41.86666667,08/13/2013,6.308333333,87,225,Strategy,,,T,"Mild Violence, Mild Language, Drug Reference, Mild Sexual Themes",,,,,,
Peaky Blinders: Mastermind,XB1/Series X|S,,GwG Temporary,04/16/2023,05/15/2023,0.9666666667,06/10/2022,0.85,57,,Puzzle,,,,,,,,,,
Her Story,PC,,Removed,05/17/2022,05/15/2023,11.93333333,06/24/2015,6.897222222,86,2,Adventure / Simulation / Puzzle,,,M,"Sexual Themes, Strong Language",,,,,,
Umurangi Generation - Special Edition,Xbox / PC,Touch Controls,Removed,05/17/2022,05/15/2023,11.93333333,06/05/2021,0.95,84,2.5,Adventure,,,T,Alcohol Reference,,,,,,
Danganronpa 2: Goodbye Despair - Anniversary Edition,Xbox / PC,Touch Controls,Removed,05/10/2022,05/15/2023,12.16666667,07/26/2012,9.788888889,83,33.5,Adventure / Shooter / Music/Rhythm,,,M,"Blood, Sexual Themes, Strong Language, Violence",,,,,,
Before We Leave,Xbox / PC,Yes,Removed,12/01/2021,05/15/2023,17.46666667,05/13/2021,0.55,72,11.5,Simulation,,,E10+,Fantasy Violence,,,,,,
My Friend Pedro,Xbox / PC,Yes,Removed,11/18/2021,05/15/2023,17.9,06/20/2019,2.411111111,80,4,Action,FPS Boost,"Returning title: Joined 12/5/19, left 1/15/21",M,"Blood and Gore, Language, Violence",,,,,,
Hearts of Iron IV: Cadet Edition,PC,,Removed,11/15/2019,05/15/2023,42,06/06/2016,3.441666667,83,42.5,Strategy,,,T,"Violence, Blood, Use of Tobacco",,,,,,
Out of Space: Couch Edition,XB1/Series X|S,,GwG Temporary,04/01/2023,04/30/2023,0.9666666667,05/21/2020,2.861111111,72,,Simulation,Enhanced,,,,,,,,,
Bugsnax,Xbox / PC,Touch Controls,Removed,04/28/2022,04/30/2023,12.06666667,11/12/2020,1.461111111,77,7.5,Adventure,,,E10+,"Animated Blood, Crude Humor, Fantasy Violence, Suggestive Themes",,,,,,
Unsouled,Xbox / PC,Yes,Removed,04/28/2022,04/30/2023,12.06666667,11/17/2021,0.4472222222,84,2,Action / RPG,,,M,"Violence, Blood and Gore",,,,,,
Dragon Quest Builders 2,Xbox / PC,Yes,Removed,05/04/2021,04/30/2023,23.86666667,07/12/2019,1.811111111,85,56,Adventure / RPG,,,E10+,"Alcohol Reference, Fantasy Violence, Mild Blood, Mild Language, Suggestive Themes, Comic Mischief",,,,,,
Destroy All Humans! (2020),Xbox / PC,Yes,Removed,04/29/2021,04/30/2023,24.03333333,07/28/2020,0.7527777778,69.5,7.5,Action,,,T,"Crude Humor, Sexual Themes, Drug Reference, Violence, Language, Animated Blood",,,,,,
NHL 21,Xbox,,Removed,04/12/2021,04/30/2023,24.6,10/16/2020,0.4888888889,81,9,Sports / Hockey,,,E10+,Mild Violence,,,,,,
Tetris Effect: Connected,Xbox / PC,,Removed,11/10/2020,04/30/2023,29.66666667,11/10/2020,0,84,2.5,Puzzle,Optimized,,E,,,,,,,
Lamentum,XB1/Series X|S,,GwG Temporary,03/16/2023,04/15/2023,0.9666666667,03/09/2023,0.01944444444,75,,Survival,,Backwards Compatible,,,,,,,,
Life Is Strange: True Colors,Xbox / PC,Touch Controls,Removed,04/12/2022,04/15/2023,12.1,09/10/2021,0.5888888889,79,10,Adventure,,,M,"Use of Alcohol, Blood, Suggestive Themes, Drug Reference, Strong Language, Violence",,,,,,
Panzer Corps 2,PC,,Removed,04/12/2022,04/15/2023,12.1,03/19/2020,2.063888889,86,59.5,Strategy,,,E10+,"Mild Violence, Mild Language",,,,,,
The Dungeon of Naheulbeuk: The Amulet of Chaos,Xbox / PC,Touch Controls,Removed,03/17/2022,04/15/2023,12.93333333,08/27/2020,1.555555556,74.5,31,Strategy / RPG / Action-Adventure,,,M,"Blood, Violence, Suggestive Themes, Strong Language",,,,,,
Moonglow Bay,Xbox / PC,Touch Controls,Removed,10/26/2021,04/15/2023,17.63333333,10/26/2021,0,75.5,23,Adventure / Fishing,Optimized,,E,,,,,,,
The Riftbreaker,Xbox / PC,Yes,Removed,10/14/2021,04/15/2023,18.03333333,10/14/2021,0,80.5,21.5,Action / Strategy,"Exclusive, Optimized",,T,"Blood and Gore, Violence",RTS/Twin stick shooter singleplayer,,,,,
Trüberbrook,XB1/Series X|S,,GwG Temporary,03/01/2023,03/31/2023,0.9666666667,04/25/2017,5.85,70,,Adventure,,,,,,,,,,
Sudden Strike 4 - Complete Collection,XB1/Series X|S,,GwG Temporary,03/01/2023,03/31/2023,0.9666666667,09/08/2017,5.480555556,64,,Strategy,,Backwards Compatible,,,,,,,,
Chinatown Detective Agency,Xbox / PC,Touch Controls,Removed,04/07/2022,03/31/2023,11.76666667,04/07/2022,0,67,7,Puzzle / Action-Adventure,,,T,"Violence, Blood, Suggestive Themes, Use of Alcohol And Tobacco, Language",,,,,,
MLB The Show 22,Xbox,Touch Controls,Removed,04/05/2022,03/31/2023,11.83333333,04/05/2022,0,80,214,Sports / Baseball,,,E,,,,,,,
A Memoir Blue,Xbox / PC,Touch Controls,Removed,03/24/2022,03/31/2023,12.2,03/24/2022,0,74,1,Adventure,,,E,,,,,,,
Kraken Academy!!,Xbox / PC,Touch Controls,Removed,03/22/2022,03/31/2023,12.26666667,03/22/2022,0,60,7.5,Adventure,,,E10+,"Crude Humor, Mild Fantasy Violence",,,,,,
Power Rangers: Battle for the Grid,Xbox / PC,Yes,Removed,03/26/2020,03/31/2023,36.13333333,03/26/2019,1,53,2,Fighting,FPS Boost,,T,Violence,,,,,,
ClusterTruck,Xbox / PC,Yes,Removed,04/01/2018,03/31/2023,59.96666667,09/27/2016,1.511111111,69,3.5,Platformer,,,E,Mild Violence,,,,,,
Double Dragon Neon,Xbox,Touch Controls,Removed,06/01/2017,03/31/2023,69.96666667,09/11/2012,4.722222222,66,3.5,Adventure,,,T,"Fantasy Violence, Partial Nudity, Suggestive Themes",,,,,,
Guts N Goals,XB1/Series X|S,,GwG Temporary,02/16/2023,03/15/2023,0.9666666667,07/29/2021,1.547222222,65,,Sports,,,,,,,,,,
Zero Escape: The Nonary Games,Xbox / PC,Touch Controls,Removed,03/22/2022,03/15/2023,11.76666667,03/24/2017,4.994444444,86,33.5,Adventure / Compilation / Puzzle,,,M,"Blood, Drug Reference, Sexual Themes, Strong Language, Violence",,,,,,
Paradise Killer,Xbox / PC,Touch Controls,Removed,03/16/2022,03/15/2023,11.96666667,09/24/2020,1.477777778,81,12,Adventure,,,M,"Violence, Blood, Sexual Themes, Strong Language",,,,,,
Kentucky Route Zero,Xbox / PC,Touch Controls,Removed,03/10/2022,03/15/2023,12.16666667,02/22/2013,9.05,86.5,10,Adventure,,,T,"Language, Use of Drugs",,,,,,
Marvel's Guardians of the Galaxy,Xbox / PC,Yes,Removed,03/10/2022,03/15/2023,12.16666667,10/26/2021,0.3722222222,81,17,Action-Adventure,,,T,"Language, Mild Blood, Mild Suggestive Themes, Use of Alcohol, Violence",,,,,,
Young Souls,Xbox / PC,Touch Controls,Removed,03/10/2022,03/15/2023,12.16666667,08/17/2021,0.5638888889,83,21.5,Brawler / Action-Adventure,,,M,"Drug Reference, Fantasy Violence, Strong Language",,,,,,
F1 2020,Xbox,,Removed,08/10/2021,03/15/2023,19.16666667,07/10/2020,1.083333333,91,31.5,Driving/Racing,,,E,,,,,,,
Undertale,Xbox / PC,Yes,Removed,07/04/2019,03/15/2023,44.36666667,09/15/2015,3.802777778,92,6.5,RPG,,,E10+,"Fantasy Violence, Mild Blood, Use of Tobacco, Mild Language, Simulated Gambling",,,,,,
For the King,XB1/Series X|S,,GwG Temporary,02/01/2023,02/28/2023,0.9,04/18/2018,4.786111111,78,,Strategy,,,,,,,,,,
Lightning Returns: Final Fantasy XIII,Xbox / PC,,Removed,03/03/2022,02/28/2023,11.83333333,11/21/2013,8.283333333,67.5,33.5,Action / RPG,,,T,"Blood, Mild Language, Suggestive Themes, Use of Alcohol, Violence",,,,,,
FAR: Changing Tides,Xbox / PC,Touch Controls,Removed,03/01/2022,02/28/2023,11.9,03/01/2022,0,76.5,5,Adventure / Puzzle,,,E,,,,,,,
Dragon Ball FighterZ,Xbox / PC,Yes,Removed,10/21/2021,02/28/2023,16.23333333,01/26/2018,3.736111111,85.5,12,Fighting,,Joined PC 2/24/22,T,"Cartoon Violence, Mild Language, Mild Suggestive Themes",,,,,,
Crown Trick,Xbox / PC,Touch Controls,Removed,09/07/2021,02/28/2023,17.7,10/16/2020,0.8916666667,83,17,Strategy / RPG / Action-Adventure,,,T,"Fantasy Violence, Simulated Gambling",,,,,,
Madden NFL 21,Xbox / PC,,Removed,03/02/2021,02/28/2023,23.86666667,08/28/2020,0.5111111111,66,21.5,Sports / Football,Optimized,,E,Mild Lyrics,,,,,,
Alien: Isolation,Xbox / PC,,Removed,02/28/2019,02/28/2023,48,10/07/2014,4.391666667,78,18.5,Action-Adventure,FPS Boost,,M,"Blood, Strong Language, Violence",,,,,,
Autonauts,XB1/Series X|S,,GwG Temporary,01/16/2023,02/15/2023,0.9666666667,03/21/2019,3.819444444,74,,Simulation,Enhanced,,,,,,,,,
Infernax,Xbox / PC,Yes,Removed,02/12/2022,02/15/2023,12.1,02/12/2022,0,84.5,7,Action-Adventure,,,M,"Blood and Gore, Violence, Partial Nudity",,,,,,
CrossfireX,Xbox,Yes,Removed,02/10/2022,02/15/2023,12.16666667,02/10/2022,0,43,3,Shooter,,"2 campaigns, Operation Catalyst included, Operation Spectre not included. Multiplayer free",M,"Intense Violence, Blood, Language",,,,,,
Skul: The Hero Slayer,Xbox / PC,Yes,Removed,02/10/2022,02/15/2023,12.16666667,02/19/2020,1.975,80,21.5,Platformer,,,T,"Blood, Violence",,,,,,
The Last Kids on Earth and the Staff of Doom,Xbox / PC,Touch Controls,Removed,02/10/2022,02/15/2023,12.16666667,06/04/2021,0.6833333333,60,6,Action / RPG,,,E10+,Fantasy Violence,,,,,,
Recompile,Xbox / PC,Yes,Removed,08/19/2021,02/15/2023,17.86666667,08/19/2021,0,63.5,4.5,Action-Adventure,"Exclusive, Optimized",,T,Violence,,,,,,
Iris Fall,XB1/Series X|S,,GwG Temporary,01/01/2023,01/31/2023,0.9666666667,11/14/2019,3.130555556,74,,Puzzle,,,,,,,,,,
Telling Lies,Xbox / PC,Touch Controls,Removed,02/03/2022,01/31/2023,11.9,08/23/2019,2.444444444,82,4,Adventure,,,M,"Drug Reference, Sexual Content, Strong Language, Violence",,,,,,
Taiko no Tatsujin: The Drum Master,Xbox / PC,,Removed,01/27/2022,01/31/2023,12.1,01/20/2022,0.01944444444,80,2.5,Music/Rhythm,,,T,"Suggestive Themes, Drug Reference",,,,,,
Worms W.M.D,Xbox / PC,Yes,Removed,07/23/2019,01/31/2023,42.23333333,08/23/2016,2.916666667,75,13,Action,,Left EA Play 10/23/21,E10+,"Cartoon Violence, Crude Humor, Language",,,,,,
Bladed Fury,XB1/Series X|S,,GwG Temporary,12/16/2022,01/15/2023,0.9666666667,05/18/2018,4.577777778,73,,Action-Adventure,,,,,,,,,,
Pupperazzi,Xbox / PC,Touch Controls,Removed,01/20/2022,01/15/2023,11.83333333,01/20/2022,0,68,1.5,Adventure,,,E,Alcohol Reference,,,,,,
Windjammers 2,Xbox / PC,Touch Controls,Removed,01/20/2022,01/15/2023,11.83333333,01/20/2022,0,73.5,1,Action / Sports,,,E,,,,,,,
Danganronpa: Trigger Happy Havoc - Anniversary Edition,Xbox / PC,Touch Controls,Removed,01/18/2022,01/15/2023,11.9,11/25/2010,11.14722222,82,25,Adventure / Shooter / Music/Rhythm,,,M,"Blood, Intense Violence, Strong Language, Suggestive Themes",,,,,,
Nobody Saves the World,Xbox / PC,Yes,Removed,01/18/2022,01/15/2023,11.9,01/18/2022,0,78.5,13.5,Action / RPG,,,T,"Violence, Blood, Sexual Themes, Language",,,,,,
The Anacrusis (Game Preview),Xbox / PC,Yes,Removed,01/13/2022,01/15/2023,12.06666667,01/13/2022,0,55,5.5,Shooter,,,T,"Violence, Blood",,,,,,
Colt Canyon,XB1/Series X|S,,GwG Temporary,12/01/2022,12/31/2022,0.9666666667,05/28/2020,2.508333333,76,,Shooter,,,,,,,,,,
Embr,Xbox / PC,Yes,Removed,01/06/2022,12/31/2022,11.8,05/21/2020,1.625,72,7.5,Action,,,E10+,"Mild Violence, Comic Mischief, Alcohol Reference",,,,,,
Outer Wilds,Xbox / PC,Yes,Removed,01/06/2022,12/31/2022,11.8,05/29/2019,2.602777778,85,15,Adventure,,"Returning title: Added 5/30/19, left 6/30/21",E10+,"Fantasy Violence, Alcohol Reference",,,,,,
Gorogoa,Xbox / PC,Yes,Removed,01/04/2022,12/31/2022,11.86666667,12/14/2017,4.055555556,82,2,Adventure / Puzzle,,,E,,,,,,,
The Pedestrian,Xbox / PC,Touch Controls,Removed,01/04/2022,12/31/2022,11.86666667,01/29/2020,1.930555556,81,4,Puzzle / Platformer,,,E10+,"Fantasy Violence, Mild Blood",,,,,,
Scarlet Nexus,Xbox / PC,Yes,Removed,09/30/2021,12/31/2022,15,06/25/2021,0.2638888889,78,25,Action / RPG,,,T,"Alcohol Reference, Blood, Mild Language, Violence",,,,,,
Immortal Realms: Vampire Wars,Xbox / PC,Yes,Removed,07/01/2021,12/31/2022,17.96666667,10/11/2019,1.722222222,68.5,20.5,Strategy / Card Game,,,M,"Blood, Violence",,,,,,
Iron Harvest,PC,,Removed,06/24/2021,12/31/2022,18.2,09/01/2020,0.8138888889,75,23,Real-Time Strategy,,,M,"Violence, Blood, Strong Language",,,,,,
Tropico 6,Xbox / PC,Touch Controls,Removed,03/18/2021,12/31/2022,21.4,03/29/2019,1.969444444,78,27,Strategy / Simulation,,Removed from EA Play 5/20/21,T,"Mild Language, Drug Reference, Violence",,,,,,
Secret Neighbor,Xbox / PC,Yes,Removed,10/23/2019,12/31/2022,38.23333333,10/23/2019,0,70,3,Action,,,T,Mild Violence,,,,,,
Dead End Job,XB1/Series X|S,,GwG Temporary,11/16/2022,12/15/2022,0.9666666667,12/15/2020,1.919444444,70,,Action-Adventure,,,,,,,,,,
Lake,Xbox / PC,Touch Controls,Removed,12/16/2021,12/15/2022,11.96666667,09/01/2021,0.2916666667,72.5,6.5,Adventure,,,M,"Suggestive Themes, Use Of Drugs And Alcohol, Strong Language",,,,,,
Race With Ryan,Xbox / PC,Touch Controls,Removed,12/16/2021,12/15/2022,11.96666667,11/01/2019,2.125,51,1,Driving/Racing,,,E,Comic Mischief,also 3MGP's waifu,,,,,
Record of Lodoss War: Deedlit in Wonder Labyrinth,Xbox / PC,Yes,Removed,12/16/2021,12/15/2022,11.96666667,03/13/2020,1.758333333,73,5.5,Platformer / Action-Adventure,,,E10+,"Fantasy Violence, Mild Blood, Mild Language",3MGP's waifu,,,,,
Transformers: Battlegrounds,Xbox / PC,Touch Controls,Removed,12/16/2021,12/15/2022,11.96666667,10/23/2020,1.147222222,71,9,Strategy,,,E10+,Fantasy Violence,,,,,,
One Piece: Pirate Warriors 4,Xbox / PC,Touch Controls,Removed,12/09/2021,12/15/2022,12.2,03/26/2020,1.702777778,76,16,Brawler,,,T,"Suggestive Themes, Violence, Language, Use of Alcohol And Tobacco",,,,,,
Breathedge,Xbox / PC,Yes,Removed,09/09/2021,12/15/2022,15.2,09/13/2018,2.988888889,71,5.5,Adventure,,"EA Play: joined 3/18/21, left 3/29/21",T,"Blood, Crude Humor, Mild Language, Mild Violence, Suggestive Themes, Use of Alcohol And Tobacco",,,,,,
Neoverse,Xbox / PC,Touch Controls,Removed,12/17/2020,12/15/2022,23.93333333,01/09/2019,1.938888889,68,3,Strategy / RPG / Card Game,,,T,"Violence, Blood, Suggestive Themes",,,,,,
Dragon Quest XI S: Echoes of an Elusive Age - Definitive Edition,Xbox / PC,Touch Controls,Removed,12/04/2020,12/15/2022,24.36666667,07/29/2017,3.347222222,91,56,RPG,,,T,"Use of Alcohol, Fantasy Violence, Crude Humor, Mild Blood, Suggestive Themes, Simulated Gambling",,,,,,
Rory McIlroy PGA Tour,Xbox,,Removed,11/10/2020,12/15/2022,25.16666667,07/14/2015,5.322222222,60,40,Sports / Golf,,,E,,,,,,,
Praetorians - HD Remaster,XB1/Series X|S,,GwG Temporary,11/01/2022,11/30/2022,0.9666666667,06/22/2020,2.358333333,66,,Strategy,,,,,,,,,,
Space Warlord Organ Trading Simulator,Xbox / PC,Touch Controls,Removed,12/07/2021,11/30/2022,11.76666667,12/07/2021,0,70,2,Simulation,,,T,"Violence, Blood, Suggestive Themes, Drug Reference, Language",,,,,,
Archvale,Xbox / PC,Touch Controls,Removed,12/02/2021,11/30/2022,11.93333333,12/02/2021,0,84,9,Dual-Joystick Shooter / Action-Adventure,,,T,"Blood, Violence",,,,,,
Final Fantasy XIII-2,Xbox / PC,,Removed,12/02/2021,11/30/2022,11.93333333,12/15/2011,9.963888889,78.5,28,RPG,,,T,"Mild Language, Drug Reference, Violence, Simulated Gambline, Mild Suggestive Themes",,,,,,
"Warhammer 40,000: Battlesector",Xbox / PC,Yes,Removed,12/02/2021,11/30/2022,11.93333333,07/15/2021,0.3805555556,74,19.5,Strategy,,,M,"Violence, Blood",,,,,,
Mind Scanners,Xbox / PC,Yes,Removed,12/01/2021,11/30/2022,11.96666667,05/20/2021,0.5305555556,75,2.5,Adventure / RPG / Strategy / Simulation,,,M,"Blood, Sexual Themes, Strong Language, Use of Drugs, Violence",,,,,,
DEEEER Simulator,Xbox / PC,Yes,Removed,11/23/2021,11/30/2022,12.23333333,01/21/2020,1.838888889,46.66666667,1,Action,,,T,Violence,,,,,,
Undungeon,Xbox / PC,Touch Controls,Removed,11/18/2021,11/30/2022,12.4,11/18/2021,0,69.83333333,4,RPG,,,T,"Violence, Blood, Use of Tobacco, Language",,,,,,
Bomber Crew Deluxe Edition,XB1/Series X|S,,GwG Temporary,10/16/2022,11/15/2022,0.9666666667,03/01/2018,4.625,77,,Strategy,,Backwards Compatible,,,,,,,,
Fae Tactics,Xbox / PC,Touch Controls,Removed,11/18/2021,11/15/2022,11.9,07/31/2020,1.3,77,32.5,Strategy / RPG,,,E10+,"Fantasy Violence, Mild Blood, Mild Language",,,,,,
Next Space Rebels,Xbox / PC,Yes,Removed,11/17/2021,11/15/2022,11.93333333,11/17/2021,0,71.66666667,18,Simulation,,,M,"Suggestive Themes, Drug Reference, Strong Language",Youtuber + Rocket Building Simulator,,,,,
One Step from Eden,Xbox / PC,Touch Controls,Removed,11/11/2021,11/15/2022,12.13333333,03/26/2020,1.625,82,7.5,Action / Card Game,,,E10+,"Fantasy Violence, Mild Blood, Mild Language, Suggestive Themes",,,,,,
art of rally,Xbox / PC,Touch Controls,Removed,08/12/2021,11/15/2022,15.1,09/23/2020,0.8861111111,80,16.5,Driving/Racing,Optimized,,E,,,,,,,
Supraland,Xbox / PC,,Removed,10/22/2020,11/15/2022,24.76666667,04/05/2019,1.547222222,82,13,Action-Adventure,,,T,"Crude Humor, Fantasy Violence, Mild Language",,,,,,
Subnautica,Xbox / PC,Yes,Removed,11/07/2019,11/15/2022,36.26666667,01/23/2018,1.788888889,81,27,Adventure,Optimized,,E10+,"Fantasy Violence, Mild Language",,,,,,
Football Manager 2022,Xbox / PC,Touch Controls,Removed,11/09/2021,11/08/2022,11.96666667,11/09/2021,0,86,85,Sports / Simulation / Soccer,,,E,,,,,,,
Windbound,XB1/Series X|S,,GwG Temporary,10/01/2022,10/31/2022,0.9666666667,08/28/2019,3.091666667,71,,Action-Adventure,,,,,,,,,,
Alan Wake's American Nightmare,Xbox / PC,,Removed,10/28/2021,10/31/2022,12.06666667,02/22/2012,9.683333333,75,3.5,Shooter / Action-Adventure,,,T,"Suggestive Themes, Violence, Blood, Language",,,,,,
Bassmaster Fishing 2022,Xbox / PC,Yes,Removed,10/28/2021,10/31/2022,12.06666667,10/28/2021,0,75,,Sports / Fishing,Optimized,,E,,,,,,,
Nongunz: Doppelganger Edition,Xbox / PC,Yes,Removed,10/28/2021,10/31/2022,12.06666667,05/05/2021,0.4805555556,77.5,20,Action / Action-Adventure,,,T,"Blood and Gore, Violence",,,,,,
The Forgotten City,Xbox / PC,Touch Controls,Removed,10/28/2021,10/31/2022,12.06666667,07/28/2021,0.25,85.5,5,Adventure / RPG,Optimized,,T,"Alcohol Reference, Blood, Mild Language, Suggestive Themes, Violence",Based off of a popular Skyrim mod!,,,,,
Project Wingman,Xbox / PC,Yes,Removed,07/29/2021,10/31/2022,15.03333333,12/01/2020,0.6611111111,75,11,Action / Flight Simulator,,,T,"Mild Violence, Language",,,,,,
Backbone,Xbox / PC,Yes,Removed,06/08/2021,10/31/2022,16.73333333,06/08/2021,0,73,4.5,Action / Adventure / RPG / Puzzle,Optimized,Joined console on 10/28,M,"Sexual Themes, Use of Drugs, Strong Language",,,,,,
Second Extinction (Game Preview),Xbox / PC,Yes,Removed,04/28/2021,10/31/2022,18.06666667,10/13/2020,0.5416666667,68.75,5.5,First-Person Shooter,Optimized,,M,"Intense Violence, Blood, Language",,,,,,
Sniper Elite 4,Xbox,Yes,Removed,11/01/2018,10/31/2022,47.96666667,02/14/2017,1.713888889,81,10,Action / Adventure / Shooter,,,M,"Blood and Gore, Language, Intense Violence",,,,,,
Double Kick Heroes,XB1/Series X|S,,GwG Temporary,09/16/2022,10/15/2022,0.9666666667,10/16/2020,1.916666667,74,,Action-Adventure,,,,,,,,,,
Echo Generation,Xbox / PC,Touch Controls,Removed,10/21/2021,10/15/2022,11.8,10/21/2021,0,75.5,7,Adventure,Optimized,,E10+,"Fantasy Violence, Mild Blood, Mild Language",,,,,,
Into the Pit,Xbox / PC,Yes,Removed,10/19/2021,10/15/2022,11.86666667,10/19/2021,0,70.5,4,First-Person Shooter,,,T,"Violence, Blood",,,,,,
The Good Life,Xbox / PC,Touch Controls,Removed,10/15/2021,10/15/2022,12,10/15/2021,0,61,19.5,Action / Adventure / RPG / Simulation,,,T,"Blood, Violence, Use of Alcohol and Tobacco, Mild Language, Crude Humor",,,,,,
Ring of Pain,Xbox / PC,Touch Controls,Removed,10/14/2021,10/15/2022,12.03333333,10/15/2020,0.9972222222,74,7.5,Strategy / Card Game,,,E10+,Fantasy Violence,,,,,,
Sable,Xbox / PC,Touch Controls,Removed,09/23/2021,10/15/2022,12.73333333,09/23/2021,0,73.5,7,Adventure,,,E10+,"Mild Language, Crude Humor",,,,,,
Bloodroots,Xbox / PC,Touch Controls,Removed,07/15/2021,10/15/2022,15,02/28/2020,1.380555556,76,5.5,Action,,,M,"Violence, Blood and Gore, Strong Language",,,,,,
DiRT 4,Xbox,,Removed,08/10/2021,10/03/2022,13.76666667,06/06/2017,4.177777778,86,31,Sports / Driving/Racing / Simulation,FPS Boost X Only,"GP: Added 7/1/18, left 2/15/21",E,,Does not FPS boost on Series S,,,,,
DiRT Rally,Xbox,,Removed,08/10/2021,10/03/2022,13.76666667,12/07/2015,5.675,86,27.5,Driving/Racing,,"GP: Added 8/1/17, left 8/1/17",E,,,,,,,
Portal 2,XB360/OG Xbox,,GwG Permanent,09/15/2022,09/30/2022,0.5,04/19/2011,11.40555556,95,,Puzzle,,Backwards Compatible,,,,,,,,
Gods Will Fall,XB1/Series X|S,,GwG Temporary,09/01/2022,09/30/2022,0.9666666667,06/08/2021,1.230555556,73,,Action-Adventure,,,,,,,,,,
The Procession to Calvary,Xbox / PC,Touch Controls,Removed,10/07/2021,09/30/2022,11.76666667,04/09/2020,1.494444444,78,3,Adventure,,,M,"Blood, Language, Partial Nudity, Sexual Themes, Violence",,,,,,
Visage,Xbox / PC,Touch Controls,Removed,10/07/2021,09/30/2022,11.76666667,10/02/2018,3.013888889,79.5,6,Adventure / Puzzle,Optimized,,M,"Blood and Gore, Intense Violence, Strong Language, Use of Alcohol",,,,,,
AI: The Somnium Files,Xbox / PC,Yes,Removed,09/30/2021,09/30/2022,12,09/17/2019,2.036111111,86,23.5,Adventure,,,M,"Blood and Gore, Intense Violence, Strong Language, Suggestive Themes",,,,,,
Astria Ascending,Xbox / PC,Touch Controls,Removed,09/30/2021,09/30/2022,12,09/30/2021,0,68,30,RPG,,,T,"Fantasy Violence, Suggestive Themes",Publisher takes forever to patch this version vs other platforms,,,,,
Unsighted,Xbox / PC,,Removed,09/30/2021,09/30/2022,12,09/30/2021,0,80,8,Action-Adventure,,,T,"Blood, Violence",,,,,,
Dandy Ace,Xbox / PC,Touch Controls,Removed,09/28/2021,09/30/2022,12.06666667,03/25/2021,0.5083333333,80,8,Action,,,E10+,Fantasy Violence,,,,,,
Lemnis Gate,Xbox / PC,,Removed,09/28/2021,09/30/2022,12.06666667,09/28/2021,0,78,60,First-Person Shooter,,,T,Violence,Time travel shooter chess match,,,,,
Subnautica: Below Zero,Xbox / PC,Yes,Removed,09/23/2021,09/30/2022,12.23333333,01/30/2019,2.647222222,82.5,20,Adventure,,,E10+,"Animated Blood, Fantasy Violence, Mild Language",,,,,,
Going Under,Xbox / PC,Touch Controls,Removed,06/29/2021,09/30/2022,15.03333333,09/24/2020,0.7638888889,75.5,8,Action,,,T,"Fantasy Violence, Mild Blood, Mild Language, Mild Suggestive Themes",,,,,,
Slime Rancher,Xbox / PC,Yes,Removed,12/03/2020,09/30/2022,21.9,08/01/2017,3.338888889,80,15,Adventure / First-Person Shooter,,,E10+,Fantasy Violence,,,,,,
ScourgeBringer,XB1/Series X|S,,GwG Temporary,08/16/2022,09/16/2022,1,05/19/2021,1.241666667,80,,Action,,,,,,,,,,
Thrillville,XB360/OG Xbox,,GwG Permanent,09/01/2022,09/15/2022,0.4666666667,11/01/2006,15.83333333,71,,Simulation,,Backwards Compatible,,,,,,,,
Mighty Goose,Xbox / PC,Touch Controls,Removed,09/30/2021,09/15/2022,11.5,06/05/2021,0.3194444444,71,2,Action / Shooter,,,T,"Blood, Violence",,,,,,
Lost Words: Beyond the Page,Xbox / PC,Touch Controls,Removed,09/23/2021,09/15/2022,11.73333333,03/27/2020,1.488888889,77,4.5,Adventure / Platformer,,,E,"Mild Fantasy Violence, Mild Language",,,,,,
I Am Fish,Xbox / PC,Touch Controls,Removed,09/16/2021,09/15/2022,11.96666667,09/16/2021,0,68.5,5,Adventure / Simulation,,,T,"Violence, Blood, Use of Alcohol, Crude Humor",,,,,,
SkateBird,Xbox / PC,Touch Controls,Removed,09/16/2021,09/15/2022,11.96666667,09/16/2021,0,62,5.5,Skateboarding,,,T,Lyrics,,,,,,
Flynn: Son of Crimson,Xbox / PC,Touch Controls,Removed,09/15/2021,09/15/2022,12,09/15/2021,0,85,6,Action / Platformer,,,E10+,Fantasy Violence,,,,,,
The Artful Escape,Xbox / PC,Touch Controls,Removed,09/09/2021,09/15/2022,12.2,09/09/2021,0,81,4.5,Platformer,,,E10+,"Use of Tobacco, Alcohol Reference, Mild Suggestive Themes, Language",,,,,,
Craftopia,Xbox / PC,Yes,Removed,09/02/2021,09/15/2022,12.43333333,09/04/2020,0.9944444444,70,27,Action-Adventure,,,T,"Violence, Crude Humor",,,,,,
Final Fantasy XIII,Xbox / PC,,Removed,09/02/2021,09/15/2022,12.43333333,03/09/2010,11.48055556,73.5,48.5,RPG,,,T,"Suggestive Themes, Strong Language, Violence",,,,,,
Bug Fables: The Everlasting Sapling,Xbox / PC,Touch Controls,Removed,07/01/2021,09/15/2022,14.46666667,11/21/2019,1.611111111,86,25.5,RPG,,,E,Mild Fantasy Violence,,,,,,
A Plague Tale: Innocence,Xbox / PC,Yes,Removed,01/23/2020,09/15/2022,31.73333333,05/14/2019,0.6916666667,83,10.5,Action-Adventure,Optimized,,M,"Blood and Gore, Strong Language, Violence",,,,,,
Monaco: What's Yours is Mine,XB360/OG Xbox,,GwG Permanent,08/15/2022,08/31/2022,0.5,04/24/2013,9.308333333,84,,Stealth,,Backwards Compatible,,,,,,,,
Calico,XB1/Series X|S,,GwG Temporary,08/01/2022,08/31/2022,0.9666666667,09/23/2021,0.8555555556,75,,Simulation,,Backwards Compatible,,,,,,,,
NBA 2K22,Xbox,Yes,Removed,04/28/2022,08/31/2022,4.066666667,09/10/2021,0.6333333333,76,125,Sports / Basketball,,,E,,,,,,,
Signs of the Sojourner,Xbox / PC,Touch Controls,Removed,09/02/2021,08/31/2022,11.93333333,05/14/2020,1.3,77,4,Card Game,,,E10+,"Mild Language, Mild Violence, Alcohol And Tobacco Reference",Xbox 360,,,,,
Myst (2021),Xbox / PC,Yes,Removed,08/26/2021,08/31/2022,12.13333333,08/26/2021,0,79,5.5,Adventure / Puzzle,,"Remake released first as VR experience on Oculus Quest, this is day and date for PC and Xbox release, though the dev confirmed Game Pass will not get the VR version",E,,,,,,,
Twelve Minutes,Xbox / PC,Yes,Removed,08/19/2021,08/31/2022,12.36666667,08/19/2021,0,74,4.5,Adventure,Optimized,,M,"Violence, Blood and Gore, Sexual Content, Strong Language",Do yourself a favor and watch a playthrough instead of playing this game,,,,,
Two Point Hospital,Xbox / PC,Touch Controls,Removed,02/25/2020,08/31/2022,30.16666667,04/30/2018,1.819444444,83,30.5,Simulation,FPS Boost,,E10+,"Crude Humor, Animated Blood",,,,,,
What Remains of Edith Finch,Xbox / PC,Touch Controls,Removed,03/21/2019,08/31/2022,41.3,04/25/2017,1.905555556,92,2,Adventure / Puzzle,,,T,"Blood, Drug Reference, Violence, Language",,,,,,
Saints Row 2,XB360/OG Xbox,,GwG Permanent,08/01/2022,08/15/2022,0.4666666667,10/14/2008,13.79722222,82,,Action-Adventure,,Backwards Compatible,,,,,,,,
Relicta,XB1/Series X|S,,GwG Temporary,07/16/2022,08/15/2022,0.9666666667,08/06/2020,1.944444444,72,,Puzzle,Enhanced,Backwards Compatible,,,,,,,,
Train Sim World 2,Xbox / PC,Touch Controls,Removed,08/19/2021,08/15/2022,11.86666667,08/20/2020,0.9972222222,80,,Simulation,Optimized,,E,,,,,,,
Boyfriend Dungeon,Xbox / PC,Touch Controls,Removed,08/11/2021,08/15/2022,12.13333333,08/11/2021,0,71.5,5,Action,,,T,"Fantasy Violence, Language, Sexual Theme",,,,,,
Library of Ruina,Xbox / PC,Yes,Removed,08/11/2021,08/15/2022,12.13333333,05/15/2020,1.238888889,95,96.5,RPG,,,M,"Blood and Gore, Strong Language, Violence",,,,,,
Curse of the Dead Gods,Xbox / PC,Touch Controls,Removed,08/05/2021,08/15/2022,12.33333333,02/22/2021,0.4527777778,84,25,Action-Adventure,,,T,"Violence, Blood, Partial Nudity",,,,,,
Starmancer (Game Preview),Xbox / PC,Yes,Removed,08/05/2021,08/15/2022,12.33333333,08/05/2021,0,62,,Simulation,,,T,"Fantasy Violence, Mild Blood, Use of Alcohol, Crude Humor",,,,,,
Torchlight,XB360/OG Xbox,,GwG Permanent,07/16/2022,07/31/2022,0.4666666667,10/27/2009,12.71944444,83,,RPG,,Backwards Compatible,,,,,,,,
Beasts of Maravilla Island,XB1/Series X|S,,GwG Temporary,07/01/2022,07/31/2022,0.9666666667,10/13/2021,0.7166666667,76,,Adventure,,Backwards Compatible,,,,,,,,
Dodgeball Academia,Xbox / PC,Yes,Removed,08/05/2021,07/31/2022,11.83333333,08/05/2021,0,77,8,Sports,,,E,Mild Fantasy Violence,,,,,,
Katamari Damacy Reroll,Xbox / PC,Touch Controls,Removed,08/05/2021,07/31/2022,11.83333333,12/07/2018,2.661111111,77,4.5,Action / Puzzle,,,E,"Mild Fantasy Violence, Alcohol And Tobacco Reference",,,,,,
Lumines: Remastered,Xbox / PC,Touch Controls,Removed,08/05/2021,07/31/2022,11.83333333,06/26/2018,3.108333333,81,5,Strategy / Puzzle / Music/Rhythm,,,E10+,,,,,,,
OMNO,Xbox / PC,Touch Controls,Removed,07/29/2021,07/31/2022,12.03333333,11/26/2018,2.675,77,3,Adventure / Puzzle / Platformer,,,E,,,,,,,
Raji: An Ancient Epic,Xbox / PC,Touch Controls,Removed,07/22/2021,07/31/2022,12.26666667,10/15/2020,0.7694444444,70,5,Action-Adventure,,,E10+,Fantasy Violence,,,,,,
Thrillville: Off the Rails,XB360/OG Xbox,,GwG Permanent,07/01/2022,07/15/2022,0.4666666667,11/07/2007,14.65,70,,Simulation,,Backwards Compatible,,,,,,,,
Project Highrise: Architect's Edition,XB1/Series X|S,,GwG Temporary,06/16/2022,07/15/2022,0.9666666667,11/21/2016,5.569444444,77,,Simulation,,,,,,,,,,
Lethal League Blaze,Xbox / PC,Touch Controls,Removed,07/29/2021,07/15/2022,11.53333333,10/24/2018,2.763888889,82,2,Fighting / Baseball,,,T,"Fantasy Violence, Language",,,,,,
Atomicrops,Xbox / PC,Yes,Removed,07/22/2021,07/15/2022,11.76666667,09/05/2019,1.880555556,78,7,Action,,,E10+,"Fantasy Violence, Mild Blood, Comic Mischief",,,,,,
Cris Tales,Xbox / PC,Touch Controls,Removed,07/20/2021,07/15/2022,11.83333333,07/20/2021,0,75,21,RPG,,,T,"Fantasy Violence, Mild Language",,,,,,
Children of Morta,Xbox / PC,Yes,Removed,01/16/2020,07/15/2022,29.96666667,09/03/2019,0.3694444444,77,13.5,RPG / Action-Adventure,,,T,"Blood, Mild Language, Violence",,,,,,
FIFA 20,Xbox / PC,,Removed,11/10/2020,07/01/2022,19.7,09/27/2019,1.119444444,79,23.5,Sports / Soccer,,,E,,,,,,,
Raskulls,XB360/OG Xbox,,GwG Permanent,06/16/2022,06/30/2022,0.4666666667,08/13/2013,8.841666667,71,,Arcade,,Backwards Compatible,,,,,,,,
Aven Colony,XB1/Series X|S,,GwG Temporary,06/01/2022,06/30/2022,0.9666666667,07/25/2017,4.85,70,,Simulation,,,,,,,,,,
Last Stop,Xbox / PC,Touch Controls,Removed,07/22/2021,06/30/2022,11.26666667,07/22/2021,0,67,6,Adventure,,,T,"Blood, Drug Reference, Language, Sexual Themes, Use of Alcohol, Violence",ff,,,,,
Jurassic World Evolution,Xbox,Yes,Removed,02/11/2021,06/30/2022,16.63333333,06/12/2018,2.663888889,76,24.5,Strategy / Simulation,,,T,"Mild Blood, Violence",,,,,,
MotoGP 20,Xbox / PC,Yes,Removed,12/17/2020,06/30/2022,18.43333333,04/23/2020,0.65,81.5,61.5,Driving/Racing,FPS Boost S Only,,E,,Does not FPS boost on Series X,,,,,
Super Meat Boy,XB360/OG Xbox,,GwG Permanent,06/01/2022,06/15/2022,0.4666666667,10/20/2010,11.61388889,88,,Platformer,,Backwards Compatible,,,,,,,,
The Inner World – The Last Wind Monk,XB1/Series X|S,,GwG Temporary,05/16/2022,06/15/2022,0.9666666667,06/17/2016,5.913888889,72,,Adventure,,,,,,,,,,
Worms Rumble,Xbox / PC,Yes,Removed,06/23/2021,06/15/2022,11.73333333,12/01/2020,0.5611111111,68,10.5,Action,Optimized,,E10+,Fantasy Violence,,,,,,
Dungeons & Dragons: Dark Alliance,Xbox / PC,Yes,Removed,06/22/2021,06/15/2022,11.76666667,06/22/2021,0,55.5,10.5,Action / RPG,Optimized,,M,"Violence, Blood and Gore, Language",,,,,,
GreedFall,Xbox / PC,Yes,Removed,12/10/2020,06/15/2022,18.16666667,09/10/2019,1.25,78,22,Action / RPG,,,M,"Blood, Suggestive Themes, Partial Nudity, Violence, Language",,,,,,
Capsized,PC,,Removed,03/18/2021,06/13/2022,14.83333333,04/29/2011,9.886111111,80,4,Action / Platformer,,,T,"Violence, Blood",,,,,,
Cryptark,PC,,Removed,03/18/2021,06/13/2022,14.83333333,06/20/2017,3.744444444,80,4.5,Action / Dual-Joystick Shooter,,,T,"Violence, Blood",,,,,,
Diluvion: Resubmerged,PC,,Removed,03/18/2021,06/13/2022,14.83333333,01/12/2017,4.183333333,66,13,Adventure / Puzzle,,,T,"Alcohol Reference, Fantasy Violence, Language",,,,,,
Dungeons of Dredmor: Complete,PC,,Removed,03/18/2021,06/13/2022,14.83333333,07/13/2011,9.680555556,79,17,Strategy / RPG,,,NR,,,,,,,
Epistory: Typing Chronicles,PC,,Removed,03/18/2021,06/13/2022,14.83333333,03/30/2016,4.966666667,74,5.5,Adventure / Educational / Text Adventure,,,E,"Alcohol Reference, Mild Fantasy Violence",,,,,,
HIVESWAP: Act 1,PC,,Removed,03/18/2021,06/13/2022,14.83333333,09/14/2017,3.511111111,77.5,2.5,Adventure,,,E10+,"Alcohol Reference, Comic Mischief, Fantasy Violence, Language, Mild Blood, Suggestive Themes",,,,,,
Stealth Bastard Deluxe,PC,,Removed,03/18/2021,06/13/2022,14.83333333,11/28/2012,8.305555556,80,6,Puzzle / Platformer,,,T,"Blood and Gore, Fantasy Violence, Language",,,,,,
Viva Piñata: Party Animals,XB360/OG Xbox,,GwG Permanent,05/16/2022,05/31/2022,0.4666666667,10/20/2009,12.57222222,60,,Party,,Backwards Compatible,,,,,,,,
Yoku's Island Express,XB1/Series X|S,,GwG Temporary,05/01/2022,05/31/2022,0.9666666667,05/29/2018,3.922222222,82,,Pinball / Platformer,,,,,,,,,,
Farming Simulator 19,Xbox / PC,Touch Controls,Removed,07/15/2021,05/31/2022,10.5,11/20/2018,2.652777778,75,159,Simulation,,,E,,,,,,,
SpellForce 3: Soul Harvest,PC,,Removed,05/27/2021,05/31/2022,12.1,05/28/2019,1.997222222,75,21.5,Strategy / RPG / Real-Time Strategy,,,M,"Violence, Blood, Strong Language",,,,,,
Knockout City,Xbox / PC,,Removed,05/21/2021,05/31/2022,12.3,05/21/2021,0,81.66666667,33.5,Action / Sports,Optimized,,E10+,Fantasy Violence,,,,,,
"Yes, Your Grace",Xbox / PC,Touch Controls,Removed,12/03/2020,05/31/2022,17.9,03/06/2020,0.7416666667,75,5.5,Adventure / RPG / Simulation,Optimized,,T,"Fantasy Violence, Sexual Content, Drug Reference",,,,,,
NHL 20,Xbox,,Removed,11/10/2020,05/31/2022,18.66666667,09/13/2019,1.158333333,85,44.5,Sports / Hockey,,,E10+,Mild Violence,,,,,,
Hydro Thunder: Hurricane,XB360/OG Xbox,,GwG Permanent,05/01/2022,05/15/2022,0.4666666667,12/05/2013,8.405555556,69,,Racing,,Backwards Compatible,,,,,,,,
Hue,XB1/Series X|S,,GwG Temporary,04/16/2022,05/15/2022,0.9666666667,04/30/2015,6.961111111,82,,Puzzle,,,,,,,,,,
The Catch: Carp & Coarse Fishing,Xbox / PC,Yes,Removed,05/20/2021,05/15/2022,11.83333333,06/30/2020,0.8888888889,90,,Sports / Fishing,,,E,,,,,,,
The Wild at Heart,Xbox / PC,Touch Controls,Removed,05/20/2021,05/15/2022,11.83333333,05/20/2021,0,76,11.5,Strategy / Adventure,Optimized,,E10+,"Fantasy Violence, Language, Comic Mischief",,,,,,
Final Fantasy X/X-2 HD Remaster,Xbox / PC,,Removed,05/13/2021,05/15/2022,12.06666667,12/26/2013,7.380555556,84,78.5,RPG / Compilation,,,T,"Mild Blood, Suggestive Themes, Mild Language, Violence",,,,,,
Grand Theft Auto: San Andreas - The Definitive Edition,Xbox,Yes,Removed,11/11/2021,05/10/2022,5.966666667,11/11/2021,0,52.5,31,Driving/Racing / Compilation / Action-Adventure,,,M,"Blood and Gore, Sexual Content, Use of Drugs, Strong Language, Intense Violence",,,,,,
MX vs. ATV: Alive,XB360/OG Xbox,,GwG Permanent,04/16/2022,04/30/2022,0.4666666667,05/10/2011,10.93333333,63,,Racing,,Backwards Compatible,,,,,,,,
Another Sight,XB1/Series X|S,,GwG Temporary,04/01/2022,04/30/2022,0.9666666667,07/20/2021,0.6972222222,69,,Adventure,,Backwards Compatible,,,,,,,,
Outlast 2,Xbox / PC,Touch Controls,Removed,05/06/2021,04/30/2022,11.8,04/25/2017,4.030555556,76,7.5,Adventure,,,M,"Intense Violence, Blood and Gore, Sexual Content, Partial Nudity, Strong Language",,,,,,
Cricket 19,Xbox / PC,Yes,Removed,10/22/2020,04/30/2022,18.26666667,05/28/2019,1.4,73,20,Sports,,,E,,,,,,,
Streets of Rage 4,Xbox / PC,Touch Controls,Removed,04/30/2020,04/30/2022,24,04/30/2020,0,81,3,Brawler,,,T,"Mild Language, Mild Suggestive Themes, Cartoon Violence",,,,,,
F1 2019,Xbox / PC,Yes,Removed,07/30/2020,04/18/2022,20.6,06/28/2019,1.088888889,88,15,Driving/Racing,,Joined EA Play 8/10,E,,,,,,,
Outpost Kaloki X,XB360/OG Xbox,,GwG Permanent,04/01/2022,04/15/2022,0.4666666667,03/06/2014,8.069444444,72,,Simulation,,Backwards Compatible,,,,,,,,
Street Power Football,XB1/Series X|S,,GwG Temporary,03/16/2022,04/15/2022,0.9666666667,10/09/2020,1.436111111,61,,Sports,,,,,,,,,,
MLB The Show 21,Xbox,Yes,Removed,04/20/2021,04/15/2022,11.83333333,04/20/2021,0,80,80,Sports / Baseball,Optimized,,E,,,,,,,
Pathway,PC,,Removed,04/15/2021,04/15/2022,12,04/11/2019,2.011111111,68,10,Strategy / RPG,,,T,"Violence, Blood",,,,,,
Rain on Your Parade,Xbox / PC,Touch Controls,Removed,04/15/2021,04/15/2022,12,04/15/2021,0,78,2.5,Adventure,,,E10+,Fantasy Violence,,,,,,
"Destiny 2: Forsaken, Shadowkeep, Beyond Light",PC,,Removed,09/22/2020,04/11/2022,18.63333333,09/06/2017,3.044444444,87,12,RPG / First-Person Shooter,Optimized,"Joined PC 10/12/21, Joined Xbox 9/22/20, Leaving Xbox and Cloud 12/8/21",T,"Blood, Language, Violence",,,,,,
Spongebob's Truth or Square,XB360/OG Xbox,,GwG Permanent,03/16/2022,03/31/2022,0.4666666667,10/11/2005,16.43055556,54,,Platformer,,Backwards Compatible,,,,,,,,
The Flame in the Flood,XB1/Series X|S,,GwG Temporary,03/01/2022,03/31/2022,0.9666666667,04/23/2016,5.855555556,79,,Survival,,,,,,,,,,
Narita Boy,Xbox / PC,Touch Controls,Removed,03/30/2021,03/31/2022,12,03/30/2021,0,73,7,Fighting / Puzzle / Platformer,,,T,"Blood, Crude Humor, Fantasy Violence, Language",,,,,,
Madden NFL 20,Xbox / PC,Yes,Removed,11/10/2020,03/31/2022,16.66666667,07/30/2019,1.277777778,79,53.5,Sports / Football,,,E,Mild Lyrics,,,,,,
Shadow Warrior 2,Xbox / PC,Yes,Removed,12/20/2018,03/31/2022,39.33333333,10/13/2016,2.186111111,78,7.5,RPG / First-Person Shooter,FPS Boost X Only,,M,"Intense Violence, Blood and Gore, Suggestive Themes, Partial Nudity, Strong Language",Does not FPS boost on Series S,,,,,
Aragami,PC,,Removed,03/18/2021,03/28/2022,12.33333333,10/04/2016,4.455555556,71,6.5,Action,,,M,"Blood, Violence",,,,,,
Lost Castle,PC,,Removed,03/18/2021,03/28/2022,12.33333333,01/24/2018,3.15,65,12,RPG,,,E10+,"Fantasy Violence, Mild Blood, Simulated Gambling",,,,,,
The Sexy Brutale,PC,,Removed,03/18/2021,03/28/2022,12.33333333,04/11/2017,3.936111111,83,6,Adventure,,,T,"Blood, Mild Language, Use of Alcohol, Violence",,,,,,
Sacred 2: Fallen Angel,XB360/OG Xbox,,GwG Permanent,03/01/2022,03/15/2022,0.4666666667,05/02/2008,13.83055556,72,,RPG,,Backwards Compatible,,,,,,,,
Aerial_Knight's Never Yield,XB1/Series X|S,,GwG Temporary,02/16/2022,03/15/2022,0.9666666667,06/23/2020,1.647222222,70,,Adventure,Enhanced,Backwards Compatible,,,,,,,,
Torchlight III,Xbox / PC,Touch Controls,Removed,01/14/2021,03/15/2022,14.03333333,06/13/2020,0.5861111111,66.5,15.5,Adventure / RPG,,,T,"Violence, Blood",,,,,,
PHOGS!,Xbox / PC,Yes,Removed,12/03/2020,03/15/2022,15.4,12/03/2020,0,81,7.5,Puzzle,,,E,Mild Cartoon Violence,,,,,,
NieR Automata: Become as Gods Edition,Xbox / PC,Touch Controls,Removed,04/02/2020,03/15/2022,23.43333333,02/23/2017,3.108333333,90,20.5,Action / RPG,,Joined PC 3/19/21,M,"Blood, Partial Nudity, Strong Language, Violence",,,,,,
The Surge 2,Xbox / PC,Yes,Removed,03/19/2020,03/15/2022,23.86666667,09/24/2019,0.4861111111,78,21.5,Action / RPG,,,M,"Blood and Gore, Drug Reference, Strong Language, Intense Violence",,,,,,
Titanfall: Deluxe Edition,Xbox / PC,,Removed,11/10/2020,03/01/2022,15.7,03/11/2014,6.663888889,83,12,First-Person Shooter,FPS Boost X Only,Enhanced edition only on PC,M,"Blood and Gore, Strong Language, Violence",Does not FPS boost on Series S,,,,,
Band of Bugs,XB360/OG Xbox,,GwG Permanent,02/16/2022,02/28/2022,0.4,05/03/2011,10.78611111,68,,Strategy,,Backwards Compatible,,,,,,,,
Broken Sword 5: The Serpent's Curse,XB1/Series X|S,,GwG Temporary,02/01/2022,02/28/2022,0.9,04/24/2014,7.769444444,73,,Adventure,,,,,,,,,,
Killer Queen Black,Xbox,Touch Controls,Removed,02/23/2021,02/28/2022,12.16666667,10/11/2019,1.366666667,83,9,Action / Strategy / Platformer,,,E10+,Fantasy Violence,,,,,,
Touhou Luna Nights,Xbox / PC,Touch Controls,Removed,09/03/2020,02/28/2022,17.83333333,02/26/2019,1.519444444,77,5,Action,,,T,"Violence, Blood",,,,,,
Kingdom Hearts III,Xbox,,Removed,02/25/2020,02/28/2022,24.1,01/25/2019,1.083333333,80,29,Action / RPG,,,E10+,"Alcohol Reference, Fantasy Violence",,,,,,
Stealth Inc 2: A Game of Clones,Xbox,Yes,Removed,06/09/2019,02/28/2022,32.63333333,10/30/2014,4.608333333,77,9,Platformer / Action-Adventure,,,T,"Blood, Violence",,,,,,
Hydrophobia,XB360/OG Xbox,,GwG Permanent,02/01/2022,02/15/2022,0.4666666667,03/23/2010,11.85555556,63,,Action-Adventure,,Backwards Compatible,,,,,,,,
Aground,XB1/Series X|S,,GwG Temporary,01/16/2022,02/15/2022,0.9666666667,08/07/2018,3.441666667,72,,Sandbox,,,,,,,,,,
Final Fantasy XII: The Zodiac Age,Xbox / PC,,Removed,02/11/2021,02/15/2022,12.13333333,07/11/2017,3.583333333,81.5,40.5,RPG,,,T,"Mild Blood, Suggestive Themes, Violence",,,,,,
Project Winter,Xbox / PC,Touch Controls,Removed,02/04/2021,02/15/2022,12.36666667,02/07/2019,1.991666667,75,9.5,Action / Strategy,,,T,"Violence, Blood, Use of Alcohol",,,,,,
The Falconeer,Xbox / PC,Yes,Removed,02/04/2021,02/15/2022,12.36666667,11/10/2020,0.2333333333,64.5,10,Action-Adventure,Optimized,,T,"Fantasy Violence, Blood",,,,,,
The Medium,Xbox / PC,Touch Controls,Removed,01/28/2021,02/15/2022,12.56666667,01/28/2021,0,73.5,7.5,Adventure,Exclusive,,M,"Blood, Strong Language, Violence",,,,,,
Code Vein,Xbox / PC,Yes,Removed,12/17/2020,02/15/2022,13.93333333,09/26/2019,1.225,75,25,Action / RPG / Action-Adventure,,,M,"Blood, Partial Nudity, Violence",,,,,,
Control,Xbox / PC,Yes,Removed,12/03/2020,02/15/2022,14.4,08/27/2019,1.266666667,84,11.5,Shooter / Action-Adventure,,,M,"Blood, Strong Language, Violence",,,,,,
Furi,PC,,Removed,03/18/2021,02/10/2022,10.73333333,07/05/2016,4.702777778,76,5.5,Action / Dual-Joystick Shooter,,,M,"Violence, Strong Language",,,,,,
Space Invaders: Infinity Gene,XB360/OG Xbox,,GwG Permanent,01/16/2022,01/31/2022,0.4666666667,03/09/2009,12.85277778,70,,Shooter,,Backwards Compatible,,,,,,,,
NeuroVoider,XB1/Series X|S,,GwG Temporary,01/01/2022,01/31/2022,0.9666666667,06/08/2017,4.563888889,71,,Shooter,,,,,,,,,,
Prison Architect,PC,,Removed,01/28/2021,01/31/2022,12.06666667,10/06/2015,5.311111111,83,15.5,Strategy / Simulation,,,M,"Blood, Sexual Content, Partial Nudity, Drug Reference, Strong Language, Violence",,,,,,
Cyber Shadow,Xbox / PC,Yes,Removed,01/26/2021,01/31/2022,12.13333333,01/26/2021,0,82.5,7.5,Action / Platformer,,,E10+,"Fantasy Violence, Mild Blood",,,,,,
Xeno Crisis,Xbox / PC,Touch Controls,Removed,08/06/2020,01/31/2022,17.8,10/28/2019,0.7722222222,74,5,Dual-Joystick Shooter,,,T,"Blood, Violence",,,,,,
Nowhere Prophet,Xbox / PC,Touch Controls,Removed,07/29/2020,01/31/2022,18.03333333,10/10/2017,2.802777778,73,12,Strategy,,,T,"Blood, Use of Tobacco, Violence",,,,,,
LEGRAND LEGACY: Tale of the Fatebounds,PC,,Removed,03/18/2021,01/17/2022,9.966666667,01/24/2018,3.15,67,43.5,RPG,,,,,,,,,,
This War of Mine,PC,,Removed,03/18/2021,01/17/2022,9.966666667,11/14/2014,6.344444444,83,10.5,Strategy / Adventure,,,M,"Blood, Mild Sexual Themes, Strong Language, Use of Alcohol and Tobacco, Violence",,,,,,
Torchlight II,PC,,Removed,03/18/2021,01/17/2022,9.966666667,09/20/2012,8.494444444,88,20.5,Action / RPG,,,,,,,,,,
Trine 2: Complete Story,PC,,Removed,03/18/2021,01/17/2022,9.966666667,12/07/2011,9.280555556,84,9,Puzzle / Platformer,,,,,,,,,,
Trine: Enchanted Edition,PC,,Removed,03/18/2021,01/17/2022,9.966666667,12/01/2017,3.297222222,80,4.5,RPG / Action-Adventure,,,,,,,,,,
Radiant Silvergun,XB360/OG Xbox,,GwG Permanent,01/01/2022,01/15/2022,0.4666666667,03/22/2014,7.775,84,,Shooter,,Backwards Compatible,,,,,,,,
Tropico 5 – Penultimate Edition,XB1/Series X|S,,GwG Temporary,12/16/2021,01/15/2022,0.9666666667,03/05/2015,6.780555556,75,,Strategy,,,,,,,,,,
Ghost of a Tale,PC,,Removed,02/04/2021,01/15/2022,11.36666667,03/13/2018,2.891666667,75,10.5,RPG / Action-Adventure,,,,,,,,,,
Desperados III,Xbox / PC,Touch Controls,Removed,01/21/2021,01/15/2022,11.8,06/16/2020,0.5972222222,85.5,26.5,Action / Strategy / Real-Time Strategy,Optimized,,,,,,,,,
YIIK: A Postmodern RPG,PC,,Removed,01/14/2021,01/15/2022,12.03333333,01/17/2019,1.991666667,64,56,RPG,,,,,,,,,,
Mount & Blade: Warband,Xbox / PC,Yes,Removed,07/16/2020,01/15/2022,17.96666667,03/30/2010,10.29444444,59,120,Action / Strategy / RPG / Simulation,,Official PC Mod Support,,,,,,,,
Pandemic: The Board Game,Xbox / PC,,Removed,08/01/2019,01/15/2022,29.46666667,08/24/2018,0.9361111111,60,1,Trivia/Board Game,,,,,,,,,,
PlayerUnknown's Battlegrounds,Xbox,Yes,Removed,11/12/2018,01/10/2022,37.93333333,03/23/2017,1.636111111,85,142,Shooter / First-Person Shooter,,Going free to play 1/12/22,,,,,,,,
Insanely Twisted Shadow Planet,XB360/OG Xbox,,GwG Permanent,12/16/2021,12/31/2021,0.4666666667,05/09/2012,9.602777778,78,,Adventure,,Backwards Compatible,,,,,,,,
The Escapists 2,XB1/Series X|S,,GwG Temporary,12/01/2021,12/31/2021,0.9666666667,08/22/2017,4.275,78,,Strategy,,,,,,,,,,
eFootball PES 2021,Xbox,Yes,Removed,01/07/2021,12/31/2021,11.76666667,09/15/2020,0.3111111111,73,15,Soccer,,,,,,,,,,
The Little Acre,Xbox,Touch Controls,Removed,01/07/2021,12/31/2021,11.76666667,12/13/2016,4.066666667,75,2,Adventure,,,,,,,,,,
Orcs Must Die!,XB360/OG Xbox,,GwG Permanent,12/01/2021,12/15/2021,0.4666666667,07/13/2011,10.38333333,82,,Action-Adventure,,Backwards Compatible,,,,,,,,
Kingdom Two Crowns,XB1/Series X|S,,GwG Temporary,11/16/2021,12/15/2021,0.9666666667,12/11/2018,2.930555556,84,,Strategy,,Backwards Compatible,,,,,,,,
Beholder: Complete Edition,Xbox / PC,Touch Controls,Removed,12/17/2020,12/15/2021,11.93333333,01/16/2018,2.919444444,74,5.5,Strategy / Simulation,FPS Boost,Enhanced edition only on PC,,,,,,,,
Wilmot's Warehouse,Xbox / PC,,Removed,12/17/2020,12/15/2021,11.93333333,08/29/2019,1.3,85,8.5,Puzzle,,,,,,,,,,
Yooka-Laylee and the Impossible Lair,Xbox / PC,Touch Controls,Removed,12/10/2020,12/15/2021,12.16666667,10/08/2019,1.172222222,82.5,13,Platformer,,,,,,,,,,
Unto the End,Xbox / PC,,Removed,12/09/2020,12/15/2021,12.2,12/09/2020,0,65.5,4.5,Action-Adventure,,,,,,,,,,
The Dark Pictures Anthology: Man Of Medan,Xbox / PC,,Removed,08/06/2020,12/15/2021,16.3,08/30/2019,0.9333333333,69,4,Adventure,,,,,,,,,,
Guacamelee! 2,Xbox / PC,Touch Controls,Removed,06/09/2019,12/15/2021,30.2,08/21/2018,0.8,85,8.5,Brawler / Platformer / Action-Adventure,,,,,,,,,,
SUPERHOT,PC,,Removed,06/06/2019,12/10/2021,30.13333333,02/25/2016,3.280555556,83,2.5,First-Person Shooter,FPS Boost,,,,,,,,,
Lego Batman 2 DC Super Heroes,XB360/OG Xbox,,GwG Permanent,11/16/2021,11/30/2021,0.4666666667,06/19/2012,9.408333333,71,,Action-Adventure,,Backwards Compatible,,,,,,,,
Moving Out,XB1/Series X|S,,GwG Temporary,11/01/2021,11/30/2021,0.9666666667,04/28/2020,1.508333333,78,,Simulation,,,,,,,,,,
Football Manager 2021,Xbox / PC,Yes,Removed,03/04/2021,11/30/2021,8.866666667,11/24/2020,0.2777777778,81.5,117,Simulation,Optimized,,,,,,,,,
Mørkredd,Xbox / PC,Touch Controls,Removed,12/11/2020,11/30/2021,11.63333333,12/11/2020,0,66.5,2.5,Puzzle,Optimized,,,,,,,,,
Call of the Sea,Xbox / PC,Touch Controls,Removed,12/08/2020,11/30/2021,11.73333333,12/08/2020,0,78.66666667,6,Adventure / RPG,Optimized,,,,,,,,,
Haven,Xbox / PC,Touch Controls,Removed,12/03/2020,11/30/2021,11.9,12/03/2020,0,75,10,Adventure / RPG,Optimized,,,,,,,,,
Va-11 Hall-A: Cyberpunk Bartender Action,PC,,Removed,12/03/2020,11/30/2021,11.9,06/21/2016,4.45,77,11,Adventure / Simulation,,,,,,,,,,
FIFA 19,Xbox / PC,,Removed,11/10/2020,11/30/2021,12.66666667,09/28/2018,2.116666667,83,48.5,Sports / Soccer,,,,,,,,,,
Hello Neighbor,Xbox / PC,Touch Controls,Removed,10/21/2018,11/30/2021,37.3,12/08/2017,0.8694444444,42,9,Strategy / Puzzle,,,,,,,,,,
SINNER: Sacrifice for Redemption,PC,,Removed,10/18/2018,11/22/2021,37.13333333,10/18/2018,0,63,4.5,RPG / Action-Adventure,,,,,,,,,,
Oxenfree,PC,Yes,Removed,03/01/2018,11/22/2021,44.7,01/15/2016,2.127777778,78,4.5,Adventure,,,,,,,,,,
Rocket Knight,XB360/OG Xbox,,GwG Permanent,11/01/2021,11/15/2021,0.4666666667,10/18/2017,4.036111111,72,,Action-Adventure,,Backwards Compatible,,,,,,,,
Hover,XB1/Series X|S,,GwG Temporary,10/16/2021,11/15/2021,0.9666666667,08/03/2017,4.202777778,69,,Action,,Backwards Compatible,,,,,,,,
River City Girls,Xbox / PC,Touch Controls,Removed,11/19/2020,11/15/2021,11.86666667,09/05/2019,1.205555556,80,7,Brawler,,,,,,,,,,
Star Renegades,Xbox / PC,Touch Controls,Removed,11/19/2020,11/15/2021,11.86666667,09/08/2020,0.1972222222,79,8.5,RPG,,,,,,,,,,
Final Fantasy VIII: Remastered,Xbox / PC,,Removed,11/12/2020,11/15/2021,12.1,09/03/2019,1.191666667,77.5,41.5,Action / RPG,,,,,,,,,,
Planet Coaster,Xbox,Yes,Removed,11/10/2020,11/15/2021,12.16666667,11/17/2016,3.980555556,85,25,Simulation,Optimized,,,,,,,,,
Streets of Rogue,Xbox / PC,Yes,Removed,06/25/2020,11/15/2021,16.66666667,07/12/2019,0.9527777778,82,12,RPG / Shooter / Action-Adventure,,,,,,,,,,
The Gardens Between,Xbox / PC,Yes,Removed,11/29/2018,11/15/2021,35.53333333,09/20/2018,0.1916666667,82,2.5,Adventure / Puzzle,FPS Boost,,,,,,,,,
Resident Evil Code: Veronica X,XB360/OG Xbox,,GwG Permanent,10/16/2021,10/31/2021,0.4666666667,03/12/2002,19.59444444,85,,Survival,,Backwards Compatible,,,,,,,,
Aaero,XB1/Series X|S,,GwG Temporary,10/01/2021,10/31/2021,0.9666666667,07/01/2016,5.25,74,,Action-Adventure,,Backwards Compatible,,,,,,,,
Comanche,PC,,Removed,11/05/2020,10/31/2021,11.83333333,03/12/2020,0.6472222222,45,5,Action / Shooter / First-Person Shooter / Vehicular Combat,,,,,,,,,,
Eastshade,Xbox / PC,Touch Controls,Removed,11/05/2020,10/31/2021,11.83333333,02/13/2019,1.727777778,78,11.5,Adventure,,,,,,,,,,
Knights and Bikes,Xbox / PC,,Removed,11/05/2020,10/31/2021,11.83333333,08/27/2019,1.188888889,79,7.5,RPG / Action-Adventure,,,,,,,,,,
Five Nights at Freddy's,Xbox / PC,Yes,Removed,10/29/2020,10/31/2021,12.03333333,08/18/2014,6.197222222,78,2,Strategy / Adventure,,,,,,,,,,
Five Nights at Freddy's 2,Xbox / PC,Yes,Removed,10/29/2020,10/31/2021,12.03333333,11/10/2014,5.969444444,62,2.5,Strategy / Adventure,,,,,,,,,,
Five Nights at Freddy's 3,Xbox / PC,Yes,Removed,10/29/2020,10/31/2021,12.03333333,03/02/2015,5.658333333,68,2,Adventure,,,,,,,,,,
Five Nights at Freddy's 4,Xbox / PC,Yes,Removed,10/29/2020,10/31/2021,12.03333333,07/23/2015,5.266666667,51,2,Adventure,,,,,,,,,,
Unruly Heroes,Xbox / PC,Yes,Removed,10/29/2020,10/31/2021,12.03333333,01/23/2019,1.766666667,79,8,Brawler / Platformer / Action-Adventure,FPS Boost,,,,,,,,,
Carto,Xbox / PC,,Removed,10/27/2020,10/31/2021,12.1,10/27/2020,0,73,6,Adventure / Puzzle,,,,,,,,,,
Home Behind,PC,,Removed,03/18/2021,10/23/2021,7.166666667,09/14/2017,3.511111111,83,7.5,Adventure,,,,,,,,,,
Shio,PC,,Removed,03/18/2021,10/23/2021,7.166666667,05/22/2018,2.822222222,73,4,Platformer,,,,,,,,,,
Shantae: Half-Genie Hero,PC,,Removed,10/01/2018,10/23/2021,36.73333333,12/20/2016,1.780555556,76,6,Platformer,,,,,,,,,,
Castlevania: Harmony of Despair,XB360/OG Xbox,,GwG Permanent,10/01/2021,10/15/2021,0.4666666667,05/15/2013,8.377777778,74,,Action,,Backwards Compatible,,,,,,,,
Mulaka,XB1/Series X|S,,GwG Temporary,09/16/2021,10/15/2021,0.9666666667,05/23/2017,4.313888889,70,,Adventure,,,,,,,,,,
GoNNER2,Xbox / PC,Touch Controls,Removed,10/23/2020,10/15/2021,11.73333333,10/22/2020,0.002777777778,75,7,Action / Platformer,Optimized,,,,,,,,,
Heave Ho,PC,,Removed,10/15/2020,10/15/2021,12,08/29/2019,1.127777778,76,3.5,Platformer,,,,,,,,,,
Katana Zero,Xbox / PC,Yes,Removed,10/15/2020,10/15/2021,12,04/17/2019,1.494444444,83,4.5,Action / Platformer,,,,,,,,,,
Tales of Vesperia: Definitive Edition,Xbox / PC,,Removed,10/15/2020,10/15/2021,12,01/11/2019,1.761111111,80,46,RPG / Action-Adventure,,,,,,,,,,
The Swords of Ditto: Mormo's Curse,PC,,Removed,10/15/2020,10/15/2021,12,04/24/2018,2.475,76,7,Action / RPG,,,,,,,,,,
ScourgeBringer,Xbox / PC,Touch Controls,Removed,02/06/2020,10/15/2021,20.3,02/06/2020,0,75.5,2,Platformer,,,,,,,,,,
Samurai Shodown II,XB360/OG Xbox,,GwG Permanent,09/16/2021,09/30/2021,0.4666666667,06/14/1995,26.25555556,80,,Fighting,,Backwards Compatible,,,,,,,,
Warhammer: Chaosbane,XB1/Series X|S,,GwG Temporary,09/01/2021,09/30/2021,0.9666666667,05/31/2019,2.252777778,64,,Action,,,,,,,,,,
Ikenfell,Xbox / PC,Touch Controls,Removed,10/08/2020,09/30/2021,11.73333333,10/08/2020,0,74,19,RPG,,,,,,,,,,
Kathy Rain,PC,,Removed,09/24/2020,09/30/2021,12.2,05/05/2016,4.386111111,77,5.5,Adventure,,,,,,,,,,
Night in the Woods,Xbox / PC,Yes,Removed,09/24/2020,09/30/2021,12.2,02/21/2017,3.591666667,81.5,8.5,Adventure / Platformer,,,,,,,,,,
Drake Hollow,Xbox / PC,Yes,Removed,08/28/2020,09/30/2021,13.06666667,08/28/2020,0,78,10,Action-Adventure,,,,,,,,,,
Zone of the Enders HD Collection,XB360/OG Xbox,,GwG Permanent,09/01/2021,09/15/2021,0.4666666667,09/10/2013,7.975,72,,Action,,Backwards Compatible,,,,,,,,
Yooka-Laylee,XB1/Series X|S,,GwG Temporary,08/16/2021,09/15/2021,0.9666666667,04/11/2017,4.347222222,68,,Platformer,,,,,,,,,,
Forza Motorsport 7,Xbox / PC,Yes,Removed,10/08/2020,09/15/2021,11.23333333,10/13/2017,2.986111111,84,29.5,Driving/Racing,,,,,,,,,,
Company of Heroes 2: Complete Edition,PC,,Removed,09/17/2020,09/15/2021,11.93333333,06/25/2013,7.227777778,80,15,Real-Time Strategy,,,,,,,,,,
Disgaea 4 Complete+,PC,,Removed,09/10/2020,09/15/2021,12.16666667,10/29/2019,0.8638888889,84,35.5,Strategy / RPG,,,,,,,,,,
Hotshot Racing,Xbox,Touch Controls,Removed,09/10/2020,09/15/2021,12.16666667,09/10/2020,0,77,1,Driving/Racing,,,,,,,,,,
The Dark Crystal: Age of Resistance Tactics,Xbox / PC,Touch Controls,Removed,09/10/2020,09/15/2021,12.16666667,02/04/2020,0.6,62.5,19,Strategy,,,,,,,,,,
Thronebreaker: The Witcher Tales,Xbox,Yes,Removed,06/18/2020,09/15/2021,14.9,10/23/2018,1.652777778,85,26,Card Game,,,,,,,,,,
Red Dead Online,Xbox,Yes,Removed,05/13/2021,09/13/2021,4,11/27/2018,2.461111111,85,8,Action / Action-Adventure,,,,,,,,,,
Star Wars Battlefront (Classic),PC,,Removed,03/18/2021,09/09/2021,5.7,11/17/2017,3.336111111,76,9.5,Action / First-Person Shooter,,,,,,,,,,
Star Wars Battlefront II (Classic),PC,,Removed,03/18/2021,09/09/2021,5.7,11/01/2005,15.38055556,78,7.5,Action / Shooter,,,,,,,,,,
Star Wars Republic Commando,PC,,Removed,03/18/2021,09/09/2021,5.7,02/28/2005,16.05555556,78,9,First-Person Shooter,,,,,,,,,,
The Escapists 2,PC,Yes,Removed,11/26/2019,09/09/2021,21.43333333,08/21/2017,2.263888889,75,33,Strategy / Simulation,,,,,,,,,,
Vambrace: Cold Soul,PC,Yes,Removed,11/21/2019,09/09/2021,21.6,05/28/2019,0.4805555556,66,19,Action-Adventure,,,,,,,,,,
Yooka-Laylee,PC,,Removed,10/10/2019,09/09/2021,22.96666667,04/11/2017,2.497222222,75,15,Adventure / Platformer,,,,,,,,,,
Garou: Mark of the Wolves,XB360/OG Xbox,,GwG Permanent,08/16/2021,08/31/2021,0.4666666667,05/06/2015,6.277777778,84,,Fighting,,Backwards Compatible,,,,,,,,
Darksiders III,XB1/Series X|S,,GwG Temporary,08/01/2021,08/31/2021,0.9666666667,11/27/2018,2.677777778,72,,Action-Adventure,,Backwards Compatible,,,,,,,,
NBA 2K21,Xbox,Yes,Removed,03/04/2021,08/31/2021,5.866666667,09/04/2020,0.5,73.5,50.5,Sports / Basketball,,,,,,,,,,
Double Kick Heroes,Xbox / PC,Touch Controls,Removed,08/27/2020,08/31/2021,12.1,08/13/2020,0.03888888889,76,3,Shooter / Music/Rhythm,,,,,,,,,,
Stranger Things 3: The Game,Xbox / PC,Touch Controls,Removed,04/07/2020,08/31/2021,16.76666667,07/04/2019,0.7583333333,62,8.5,Action / Adventure,,,,,,,,,,
Blair Witch,Xbox / PC,Yes,Removed,08/30/2019,08/31/2021,24,08/30/2019,0,66,5,Adventure,,,,,,,,,,
Pyre,PC,,Removed,03/18/2021,08/20/2021,5.066666667,07/25/2017,3.647222222,82,11,RPG,,,,,,,,,,
Dear Esther: Landmark Edition,PC,,Removed,03/18/2021,08/20/2021,5.066666667,02/14/2012,9.094444444,68,1.5,Adventure,,,,,,,,,,
Mugsters,PC,,Removed,03/18/2021,08/20/2021,5.066666667,07/17/2018,2.669444444,75,15,Action / Puzzle / Platformer,,,,,,,,,,
Nex Machina,PC,,Removed,03/18/2021,08/20/2021,5.066666667,06/20/2017,3.744444444,84,1.5,Shoot 'Em Up,,,,,,,,,,
Overcooked: Gourmet Edition,PC,,Removed,03/18/2021,08/20/2021,5.066666667,06/20/2017,3.744444444,81,8,Shoot 'Em Up,,,,,,,,,,
Renowned Explorers: International Society,PC,,Removed,03/18/2021,08/20/2021,5.066666667,09/02/2015,5.544444444,72,5.5,Strategy,,,,,,,,,,
The Escapists,PC,,Removed,03/18/2021,08/20/2021,5.066666667,02/13/2015,6.097222222,71,19,Strategy / Simulation,,,,,,,,,,
Madden NFL 19,Xbox / PC,,Removed,11/10/2020,08/20/2021,9.333333333,08/07/2018,2.258333333,81,12.5,Sports / Football,,,,,,,,,,
Yoku's Island Express,PC,,Removed,08/15/2019,08/20/2021,24.16666667,05/29/2018,1.211111111,83,5.5,Pinball / Platformer,,Removed from Game Pass 8/15/20,,,,,,,,
Vampyr,PC,,Removed,03/28/2019,08/20/2021,28.73333333,06/05/2018,0.8138888889,71,16.5,Action / RPG,,,,,,,,,,
Lost Planet 3,XB360/OG Xbox,,GwG Permanent,08/01/2021,08/15/2021,0.4666666667,08/27/2013,7.927777778,63,,Action,,Backwards Compatible,,,,,,,,
Rock of Ages 3: Make & Break,XB1/Series X|S,,GwG Temporary,07/16/2021,08/15/2021,0.9666666667,07/21/2020,0.9861111111,63,,Strategy,,,,,,,,,,
Don't Starve: Giant Edition,Xbox / PC,Touch Controls,Removed,08/20/2020,08/15/2021,11.83333333,09/02/2014,5.966666667,75,35.5,Simulation,FPS Boost,,,,,,,,,
Crossing Souls,PC,,Removed,08/20/2020,08/15/2021,11.83333333,02/13/2018,2.519444444,70,9,Action-Adventure,,,,,,,,,,
Final Fantasy VII,Xbox / PC,,Removed,08/13/2020,08/15/2021,12.06666667,01/31/1997,23.53611111,92,37.5,Fantasy / Post-Apocalyptic,,,,,,,,,,
Darksiders Genesis,Xbox / PC,Yes,Removed,08/06/2020,08/15/2021,12.3,12/05/2019,0.6694444444,77,14,RPG / Action-Adventure,,,,,,,,,,
Train Sim World 2020,Xbox / PC,Yes,Removed,03/05/2020,08/15/2021,17.33333333,07/24/2018,1.613888889,76,13,Simulation,,,,,,,,,,
Ape Out,PC,,Removed,08/22/2019,08/15/2021,23.76666667,02/28/2019,0.4833333333,83,2.5,Action,,,,,,,,,,
Midway Arcade Origins,XB360/OG Xbox,,GwG Permanent,07/16/2021,07/31/2021,0.4666666667,11/13/2012,8.675,62,,Compilation,,Backwards Compatible,,,,,,,,
Planet Alpha,XB1/Series X|S,,GwG Temporary,07/01/2021,07/31/2021,0.9666666667,06/13/2019,2.05,69,,Action-Adventure,,Backwards Compatible,,,,,,,,
It Lurks Below,Xbox / PC,,Removed,08/06/2020,07/31/2021,11.8,05/29/2019,1.186111111,45,8,Action / RPG,,,,,,,,,,
UnderMine,Xbox / PC,Touch Controls,Removed,08/06/2020,07/31/2021,11.8,08/20/2019,0.9611111111,80,4.5,RPG / Action-Adventure,,,,,,,,,,
The Touryst,Xbox / PC,Touch Controls,Removed,07/30/2020,07/31/2021,12,11/21/2019,0.6916666667,79,5,Puzzle / Action-Adventure,Optimized,,,,,,,,,
Conker: Live & Reloaded,XB360/OG Xbox,,GwG Permanent,07/01/2021,07/15/2021,0.4666666667,11/17/2005,15.62222222,82,,Action-Adventure,Enhanced,Backwards Compatible,,,,,,,,
Shadows: Awakening,XB1/Series X|S,,GwG Temporary,06/16/2021,07/15/2021,0.9666666667,08/31/2017,3.794444444,76,,RPG,,,,,,,,,,
Endless Space 2: Deluxe Edition,PC,,Removed,07/09/2020,07/15/2021,12.2,05/19/2017,3.138888889,80,13,Strategy,,,,,,,,,,
Downwell,PC,,Removed,08/01/2019,07/15/2021,23.46666667,10/15/2015,3.794444444,81,7.5,Platformer / Shoot 'Em Up,,,,,,,,,,
CrossCode,Xbox / PC,,Removed,06/10/2019,07/15/2021,25.16666667,05/15/2015,4.069444444,86,31.5,RPG / Dual-Joystick Shooter / Action-Adventure,Optimized,,,,,,,,,
EA Sports UFC,Xbox,,Removed,11/10/2020,07/14/2021,8.133333333,06/17/2014,6.397222222,70,11,Sports / Fighting,,,,,,,,,,
EA Sports UFC 2,Xbox,,Removed,11/10/2020,07/14/2021,8.133333333,03/15/2016,4.652777778,76,6,Sports / Fighting,,,,,,,,,,
Injustice: Gods Among Us,XB360/OG Xbox,,GwG Permanent,06/16/2021,06/30/2021,0.4666666667,04/16/2013,8.166666667,83,,Fighting,,Backwards Compatible,,,,,,,,
The King's Bird,XB1/Series X|S,,GwG Temporary,06/01/2021,06/30/2021,0.9666666667,02/15/2017,4.294444444,76,,Platformer,,,,,,,,,,
Out of the Park Baseball 21,PC,,Removed,07/01/2020,06/30/2021,11.96666667,03/20/2020,0.2805555556,87,34,Strategy / Sports / Simulation / Baseball,,,,,,,,,,
SoulCalibur VI,Xbox,,Removed,07/01/2020,06/30/2021,11.96666667,10/19/2018,1.7,84,7,Fighting,,,,,,,,,,
MISTOVER,PC,,Removed,04/09/2020,06/30/2021,14.7,10/10/2019,0.4972222222,60,33.5,Strategy / RPG,,,,,,,,,,
Battle Chasers: Nightwar,Xbox / PC,Yes,Removed,06/09/2019,06/30/2021,24.7,10/03/2017,1.683333333,84,28.5,Action / RPG,FPS Boost,,,,,,,,,
The Messenger,Xbox / PC,Yes,Removed,06/09/2019,06/30/2021,24.7,08/30/2018,0.775,83,11,Action / Platformer / Action-Adventure,,,,,,,,,,
Monster Hunter: World,Xbox,Yes,Removed,04/18/2019,06/30/2021,26.4,01/26/2018,1.227777778,90,49,Action / RPG,,,,,,,,,,
Marvel vs. Capcom: Infinite,Xbox / PC,Yes,Removed,04/01/2019,06/30/2021,26.96666667,09/19/2017,1.533333333,77,3.5,Fighting,,,,,,,,,,
NeoGeo Battle Coliseum,XB360/OG Xbox,,GwG Permanent,06/01/2021,06/15/2021,0.4666666667,12/05/2006,14.48888889,72,,Fighting,,Backwards Compatible,,,,,,,,
Dungeons 3,XB1/Series X|S,,GwG Temporary,05/16/2021,06/15/2021,0.9666666667,02/07/2017,4.275,75,,Strategy,,,,,,,,,,
Observation,Xbox / PC,Yes,Removed,06/25/2020,06/15/2021,11.66666667,05/21/2019,1.094444444,79,6,Action-Adventure,,,,,,,,,,
West of Dead,Xbox / PC,Yes,Removed,06/18/2020,06/15/2021,11.9,06/18/2020,0,71,11.5,Action / Shooter / Dual-Joystick Shooter,,,,,,,,,,
Ace Combat 7: Skies Unknown,Xbox,,Removed,03/19/2020,06/15/2021,14.86666667,01/15/2019,1.177777778,79,10.5,Flight Simulator,,,,,,,,,,
Night Call,Xbox / PC,Yes,Removed,07/17/2019,06/15/2021,22.93333333,07/17/2019,0,68,4,Adventure,,,,,,,,,,
Wizard of Legend,Xbox / PC,Yes,Removed,06/09/2019,06/15/2021,24.2,05/15/2018,1.066666667,79,6,Action / RPG,,,,,,,,,,
Tropico 4,XB360/OG Xbox,,GwG Permanent,05/16/2021,05/31/2021,0.4666666667,08/22/2011,9.733333333,80,,Strategy,,Backwards Compatible,,,,,,,,
Kingdom Hearts HD I.5 + II.5 ReMix,Xbox,,Removed,06/11/2020,05/31/2021,11.63333333,03/09/2017,3.255555556,88,115,Action / RPG / Compilation,,,,,,,,,,
Kingdom Hearts HD II.8 Final Chapter Prologue,Xbox,,Removed,06/11/2020,05/31/2021,11.63333333,01/24/2017,3.380555556,82,17,Action / RPG / Compilation,,,,,,,,,,
Broforce,PC,,Removed,06/09/2019,05/31/2021,23.7,10/15/2015,3.65,83,6.5,Action / Shooter / Platformer,,,,,,,,,,
Void Bastards,Xbox / PC,Yes,Removed,05/29/2019,05/31/2021,24.03333333,05/29/2019,0,75,8,Action / Strategy,,,,,,,,,,
Surviving Mars,Xbox / PC,Yes,Removed,05/09/2019,05/31/2021,24.7,03/15/2018,1.15,76,18.5,Strategy / Simulation,,,,,,,,,,
Armello,XB1/Series X|S,,GwG Temporary,05/01/2021,05/30/2021,0.9666666667,03/01/2016,5.166666667,74,,Strategy,,,,,,,,,,
Assetto Corsa,Xbox,Yes,Removed,12/10/2020,05/30/2021,5.666666667,12/19/2014,5.975,63,40.5,Driving/Racing / Simulation,,,,,,,,,,
Detention,PC,,Removed,03/18/2021,05/20/2021,2.066666667,01/12/2017,4.183333333,83,3,Adventure / Puzzle,,,,,,,,,,
Lego Batman,XB360/OG Xbox,,GwG Permanent,05/01/2021,05/15/2021,0.4666666667,10/20/2008,12.53055556,79,,Action-Adventure,,Backwards Compatible,,,,,,,,
Truck Racing Championship,XB1/Series X|S,,GwG Temporary,04/16/2021,05/15/2021,0.9666666667,03/08/2019,2.105555556,55,,Racing,,Backwards Compatible,,,,,,,,
Battlefleet Gothic: Armada II,PC,,Removed,06/11/2020,05/15/2021,11.13333333,01/24/2019,1.380555556,77,120,Real-Time Strategy,,,,,,,,,,
Dungeon of the Endless,Xbox / PC,Yes,Removed,06/11/2020,05/15/2021,11.13333333,10/27/2014,5.622222222,78.5,7,Strategy / RPG,,,,,,,,,,
Plebby Quest: The Crusades,PC,,Removed,05/26/2020,05/15/2021,11.63333333,04/08/2020,0.1333333333,84,5,Strategy / RPG,,,,,,,,,,
Alan Wake,Xbox / PC,,Removed,05/21/2020,05/15/2021,11.8,05/14/2010,10.01944444,83,11,Shooter / Action-Adventure,FPS Boost,,,,Remedy Entertainment bought the IP from Microsoft,,,,,
Final Fantasy IX,Xbox / PC,,Removed,05/14/2020,05/15/2021,12.03333333,07/07/2000,19.85277778,85,40,RPG / Card Game,,,,,,,,,,
Hotline Miami,PC,,Removed,06/09/2019,05/15/2021,23.2,10/23/2012,6.627777778,85,5,Action,,,,,,,,,,
FIFA 15,Xbox / PC,,Removed,11/10/2020,05/06/2021,5.866666667,09/23/2014,6.130555556,82,128,Sports / Soccer,,,,,,,,,,
FIFA 16,Xbox / PC,,Removed,11/10/2020,05/06/2021,5.866666667,09/22/2015,5.133333333,84,108,Sports / Soccer,,,,,,,,,,
FIFA 17,Xbox / PC,,Removed,11/10/2020,05/06/2021,5.866666667,09/27/2016,4.119444444,84,52,Sports / Soccer,,,,,,,,,,
FIFA 18,Xbox / PC,,Removed,11/10/2020,05/06/2021,5.866666667,09/29/2017,3.113888889,83,36.5,Sports / Soccer,,,,,,,,,,
NBA LIVE 15,Xbox,,Removed,11/10/2020,05/06/2021,5.866666667,10/28/2014,6.033333333,53,39,Sports / Basketball,,,,,,,,,,
NBA LIVE 18: The One Edition,Xbox,,Removed,11/10/2020,05/06/2021,5.866666667,09/15/2017,3.152777778,72,158,Sports / Basketball,,,,,,,,,,
Hard Corps: Uprising,XB360/OG Xbox,,GwG Permanent,04/16/2021,04/30/2021,0.4666666667,02/16/2011,10.16666667,83,,Action,,Backwards Compatible,,,,,,,,
Vikings: Wolves of Midgard,XB1/Series X|S,,GwG Temporary,04/01/2021,04/30/2021,0.9666666667,02/02/2016,5.163888889,72,,Action-Adventure,,,,,,,,,,
Fractured Minds,Xbox,Yes,Removed,05/19/2020,04/30/2021,11.36666667,11/14/2019,0.5138888889,86,0.5,Adventure,,,,,,,,,,
Endless Legend,PC,,Removed,05/14/2020,04/30/2021,11.53333333,09/18/2014,5.655555556,82,14,Strategy,,,,,,,,,,
Levelhead,Xbox / PC,Yes,Removed,04/30/2020,04/30/2021,12,04/18/2019,1.033333333,82,66,Action / Platformer,,,,,,,,,,
Moving Out,Xbox / PC,Yes,Removed,04/28/2020,04/30/2021,12.06666667,04/20/2020,0.02222222222,78,4,Action / Simulation,FPS Boost,,,,,,,,,
Thumper,PC,,Removed,06/09/2019,04/30/2021,22.7,10/10/2016,2.663888889,86,7.5,Music/Rhythm,,,,,,,,,,
For The King,Xbox / PC,Yes,Removed,05/10/2019,04/30/2021,23.66666667,02/27/2018,1.202777778,87,10,Strategy / RPG,,,,,,,,,,
Bomber Crew,Xbox / PC,,Removed,07/10/2018,04/30/2021,33.66666667,10/19/2017,0.725,75,17,Strategy,,,,,,,,,,
Madden NFL 15,Xbox,,Removed,11/10/2020,04/16/2021,5.2,08/26/2014,6.205555556,80,41,Sports / Football,,,,,,,,,,
Madden NFL 16,Xbox,,Removed,11/10/2020,04/16/2021,5.2,08/25/2015,5.208333333,84,43,Sports / Football,,,,,,,,,,
Madden NFL 17,Xbox,,Removed,11/10/2020,04/16/2021,5.2,08/23/2016,4.213888889,83,40.5,Sports / Football,,,,,,,,,,
Madden NFL 18,Xbox,,Removed,11/10/2020,04/16/2021,5.2,08/25/2017,3.208333333,82,15.5,Sports / Football,,,,,,,,,,
Madden NFL 25,Xbox,,Removed,11/10/2020,04/16/2021,5.2,08/27/2013,7.202777778,73,45,Sports / Football,,,,,,,,,,
NHL 18,Xbox,,Removed,11/10/2020,04/16/2021,5.2,09/15/2017,3.152777778,77,40,Sports / Hockey,,,,,,,,,,
NHL 19,Xbox,,Removed,11/10/2020,04/16/2021,5.2,09/14/2018,2.155555556,82,39.5,Sports / Hockey,,,,,,,,,,
Dark Void,XB360/OG Xbox,,GwG Permanent,04/01/2021,04/15/2021,0.4666666667,03/22/2010,11.025,58,,Action,,Backwards Compatible,,,,,,,,
Vicious Attack Llama Apocalypse,XB1/Series X|S,,GwG Temporary,03/16/2021,04/15/2021,0.9666666667,12/02/2014,6.288888889,70,,Action,,Backwards Compatible,,,,,,,,
Deliver Us the Moon,Xbox / PC,Yes,Removed,04/23/2020,04/15/2021,11.73333333,10/10/2019,0.5361111111,75,5,Action-Adventure,,,,,,,,,,
Gato Roboto,Xbox / PC,Yes,Removed,04/21/2020,04/15/2021,11.8,05/30/2019,0.8916666667,79,3,Platformer / Action-Adventure,,,,,,,,,,
Wargroove,Xbox / PC,,Removed,05/02/2019,04/15/2021,23.43333333,02/01/2019,0.2527777778,81,20.5,Strategy,,,,,,,,,,
Port Royale 3,XB360/OG Xbox,,GwG Permanent,03/16/2021,03/31/2021,0.4666666667,10/14/2011,9.422222222,66,,Strategy,,Backwards Compatible,,,,,,,,
Warface: Breakout,XB1/Series X|S,,GwG Temporary,03/01/2021,03/31/2021,0.9666666667,05/26/2020,0.7638888889,65,,Shooter,,,,,,,,,,
HyperDot,Xbox / PC,Yes,Removed,04/30/2020,03/31/2021,11,01/31/2020,0.25,73,2,Action,,,,,,,,,,
Machinarium,PC,,Removed,04/17/2020,03/31/2021,11.43333333,10/16/2009,10.50277778,85,5,Adventure / Puzzle,,,,,,,,,,
Apotheon,PC,,Removed,03/18/2021,03/29/2021,0.3666666667,02/03/2015,6.125,78,8,Action / Platformer,,,,,,,,,,
Mutant Year Zero: Road to Eden,PC,,Removed,03/18/2021,03/29/2021,0.3666666667,12/04/2018,2.288888889,78,13,Strategy,,"Returning title: Joined 12/4/18, left 12/15/20 (console and PC)",,,,,,,,
Shift Quantum,PC,,Removed,03/18/2021,03/29/2021,0.3666666667,05/29/2018,2.802777778,78,8,Puzzle / Platformer,,,,,,,,,,
Star Wars Episode I: Racer,PC,,Removed,03/18/2021,03/29/2021,0.3666666667,04/30/1999,21.88333333,63,6,Driving/Racing,,,,,,,,,,
Star Wars Galactic Battlegrounds: Saga,PC,,Removed,03/18/2021,03/29/2021,0.3666666667,11/11/2001,19.35277778,82.33333333,34,Strategy / Simulation / Real-Time Strategy,,,,,,,,,,
Star Wars Jedi Knight: Mysteries of the Sith,PC,,Removed,03/18/2021,03/29/2021,0.3666666667,02/24/1998,23.06666667,83,8.5,Action / First-Person Shooter,,,,,,,,,,
Star Wars Rebellion,PC,,Removed,03/18/2021,03/29/2021,0.3666666667,02/28/1998,23.05555556,87,17,Strategy,,,,,,,,,,
Star Wars Rogue Squadron 3D,PC,,Removed,03/18/2021,03/29/2021,0.3666666667,12/03/1998,22.29166667,76,9,Action / Shooter,,,,,,,,,,
Star Wars Shadows of the Empire,PC,,Removed,03/18/2021,03/29/2021,0.3666666667,12/03/1996,24.29166667,78,5,Action / Adventure / Shooter,,,,,,,,,,
Star Wars Starfighter,PC,,Removed,03/18/2021,03/29/2021,0.3666666667,02/20/2001,20.07777778,71,4.5,Action / Flight Simulator,,,,,,,,,,
Star Wars X-Wing Alliance,PC,,Removed,03/18/2021,03/29/2021,0.3666666667,02/28/1999,22.05555556,83,20,Action / Simulation / Shooter,,,,,,,,,,
Star Wars Dark Forces,PC,,Removed,03/18/2021,03/29/2021,0.3666666667,02/15/1995,26.09166667,75,9,First-Person Shooter,,,,,,,,,,
Into the Breach,PC,,Removed,06/09/2019,03/29/2021,21.66666667,02/27/2018,1.283333333,90,5,Strategy,,,,,,,,,,
Snake Pass,PC,,Removed,09/01/2018,03/29/2021,30.93333333,03/28/2017,1.425,74,5,Puzzle / Platformer,,,,,,,,,,
Hue,PC,,Removed,09/01/2017,03/29/2021,42.93333333,08/30/2016,1.002777778,79,4.5,Platformer,,,,,,,,,,
Metal Slug 3,XB360/OG Xbox,,GwG Permanent,03/01/2021,03/15/2021,0.4666666667,02/24/2004,17.01944444,80,,Shooter,,Backwards Compatible,,,,,,,,
Dandara: Trials of Fear Edition,XB1/Series X|S,,GwG Temporary,02/16/2021,03/15/2021,0.9666666667,02/06/2018,3.027777778,81,,Action-Adventure,,,,,,,,,,
Alvastia Chronicles,Xbox / PC,,Removed,04/09/2020,03/15/2021,11.2,02/12/2019,1.158333333,80,7,RPG,,,,,,,,,,
Astrologaster,PC,,Removed,03/26/2020,03/15/2021,11.63333333,05/02/2019,0.9,74,7.5,Adventure,,,,,,,,,,
The Witcher 3: Wild Hunt,Xbox,Yes,Removed,12/19/2019,03/15/2021,14.86666667,05/19/2015,4.583333333,91,51,RPG / Action-Adventure,,,,,,,,,,
Lost Planet 2,XB360/OG Xbox,,GwG Permanent,02/16/2021,02/28/2021,0.4,05/11/2010,10.76388889,68,,Shooter,,Backwards Compatible,,,,,,,,
Gears 5,XB1/Series X|S,,GwG Temporary,02/01/2021,02/28/2021,0.9,09/10/2019,1.391666667,84,,Shooter,Enhanced,Backwards Compatible,,,,,,,,
Resident Evil,XB1/Series X|S,,GwG Temporary,02/01/2021,02/28/2021,0.9,01/19/2015,6.033333333,93,,Survival,,,,,,,,,,
The Jackbox Party Pack 4,Xbox,Yes,Removed,09/03/2020,02/28/2021,5.833333333,10/17/2017,2.877777778,84,16,Trivia/Board Game / Minigame Collection,,,,,,,,,,
Mother Russia Bleeds,PC,,Removed,03/04/2020,02/28/2021,11.8,09/05/2016,3.497222222,70,4,Brawler,,,,,,,,,,
Momodora: Reverie Under the Moonlight,Xbox / PC,Yes,Removed,06/09/2019,02/28/2021,20.63333333,03/04/2016,3.263888889,77,4,Platformer,,,,,,,,,,
Shadows of the Damned,Xbox,,Removed,11/10/2020,02/19/2021,3.3,06/21/2011,9.386111111,76,8.5,Shooter,,,,,,,,,,
Indiana Jones and the Emperor's Tomb,XB360/OG Xbox,,GwG Permanent,02/01/2021,02/16/2021,0.5,02/25/2003,17.93333333,73,,Action-Adventure,Enhanced,Backwards Compatible,,,,,,,,
Dead Rising,XB1/Series X|S,,GwG Temporary,01/16/2021,02/15/2021,0.9666666667,08/08/2006,14.43888889,85,,Action-Adventure,,,,,,,,,,
Ninja Gaiden II,Xbox,,Removed,02/20/2020,02/15/2021,11.83333333,06/03/2008,11.71388889,81,14,Action,,,,,Xbox 360,,,,,
World of Horror (Game Preview),PC,,Removed,02/20/2020,02/15/2021,11.83333333,02/20/2020,0,80,2.5,RPG,,,,,,,,,,
de Blob,Xbox,,Removed,02/14/2019,02/15/2021,24.03333333,09/22/2008,10.39444444,72,8,Puzzle / Platformer,,,,,,,,,,
Breakdown,XB360/OG Xbox,,GwG Permanent,01/16/2021,01/31/2021,0.4666666667,03/15/2004,16.83611111,74,,Action-Adventure,Enhanced,Backwards Compatible,,,,,,,,
Little Nightmares,XB1/Series X|S,,GwG Temporary,01/01/2021,01/31/2021,0.9666666667,04/28/2017,3.675,81,,Action-Adventure,,,,,,,,,,
Reigns: Game of Thrones,PC,,Removed,02/20/2020,01/29/2021,11.3,10/18/2018,1.338888889,84,2,Simulation,,,,,,,,,,
Death Squared,Xbox,Yes,Removed,02/13/2020,01/29/2021,11.53333333,03/14/2017,2.913888889,80,6,Strategy / Puzzle / Platformer,,,,,,,,,,
Death's Gambit,PC,,Removed,02/13/2020,01/29/2021,11.53333333,08/14/2018,1.497222222,71,10,Action / RPG,,,,,,,,,,
Final Fantasy XV,Xbox / PC,,Removed,02/06/2020,01/29/2021,11.76666667,11/29/2016,3.186111111,83,28,Action / RPG / Action-Adventure,,,,,,,,,,
Fishing Sim World: Pro Tour,Xbox / PC,Yes,Removed,01/30/2020,01/29/2021,11.96666667,09/18/2018,1.366666667,70,,Fishing,,,,,,,,,,
Sea Salt,Xbox / PC,Yes,Removed,01/30/2020,01/29/2021,11.96666667,10/17/2019,0.2861111111,68,4,Action / Strategy / Action-Adventure,,,,,,,,,,
Bleed 2,XB1/Series X|S,,GwG Temporary,12/16/2020,01/16/2021,1,02/08/2018,2.855555556,80,,Action,,,,,,,,,,
The King of Fighters XIII,XB360/OG Xbox,,GwG Permanent,01/01/2021,01/15/2021,0.4666666667,11/22/2011,9.108333333,79,,Fighting,,Backwards Compatible,,,,,,,,
Tekken 7,Xbox,,Removed,01/16/2020,01/15/2021,11.96666667,03/18/2015,4.827777778,81,3.5,Fighting,,,,,,,,,,
Sword Art Online: Fatal Bullet,Xbox,,Removed,01/09/2020,01/15/2021,12.2,02/08/2018,1.919444444,72,27,Action / RPG / Shooter,,,,,,,,,,
FTL: Faster Than Light,PC,,Removed,01/07/2020,01/15/2021,12.26666667,09/14/2012,7.313888889,84,11.5,Strategy / RPG,,,,,,,,,,
Stacking,XB360/OG Xbox,,GwG Permanent,12/16/2020,12/31/2020,0.4666666667,02/08/2011,9.855555556,80,,Puzzle,,Backwards Compatible,,,,,,,,
The Raven Remastered,XB1/Series X|S,,GwG Temporary,12/01/2020,12/31/2020,0.9666666667,03/13/2018,2.716666667,71,,Adventure,,,,,,,,,,
Football Manager 2020,PC,,Removed,04/10/2020,12/30/2020,8.666666667,11/18/2019,0.3944444444,84,580,Sports / Simulation / Soccer,,,,,,,,,,
Farming Simulator 17,Xbox / PC,Yes,Removed,01/03/2019,12/30/2020,23.9,10/24/2016,2.191666667,65,37,Simulation,,,,,,,,,,
Mortal Kombat X,Xbox,Yes,Removed,12/07/2018,12/30/2020,24.76666667,04/14/2015,3.647222222,86,5.5,Fighting,,,,,,,,,,
Saints Row: Gat Out of Hell,XB360/OG Xbox,,GwG Permanent,12/01/2020,12/15/2020,0.4666666667,01/20/2015,5.863888889,66,,Action-Adventure,,Backwards Compatible,,,,,,,,
Swimsanity!,XB1/Series X|S,,GwG Temporary,11/16/2020,12/15/2020,0.9666666667,08/07/2020,0.275,65,,Shooter,,,,,,,,,,
Infinifactory,PC,,Removed,12/19/2019,12/15/2020,11.86666667,06/30/2015,4.469444444,85,38,Puzzle,,,,,,,,,,
Untitled Goose Game,Xbox,Yes,Removed,12/17/2019,12/15/2020,11.93333333,09/20/2019,0.2416666667,81,3,Action,FPS Boost,,,,,,,,,
Pathologic 2,Xbox / PC,Yes,Removed,12/12/2019,12/15/2020,12.1,05/23/2019,0.5527777778,67,19,Adventure / RPG,,,,,,,,,,
Ticket to Ride,Xbox / PC,,Removed,12/10/2019,12/15/2020,12.16666667,06/25/2008,11.45833333,70,0.5,Strategy / Trivia/Board Game,,,,,Xbox 360,,,,,
Naruto to Boruto: Shinobi Striker,Xbox,,Removed,12/05/2019,12/15/2020,12.33333333,08/31/2018,1.263888889,60,7,Fighting,,,,,,,,,,
Age of Wonders: Planetfall,Xbox / PC,Yes,Removed,11/14/2019,12/15/2020,13.03333333,08/06/2019,0.2722222222,85,48,Strategy,,,,,,,,,,
The Turing Test,Xbox / PC,Yes,Removed,06/09/2019,12/15/2020,18.2,08/16/2016,2.813888889,80,5,Puzzle,,,,,,,,,,
MudRunner,Xbox / PC,Yes,Removed,12/13/2018,12/15/2020,24.06666667,10/31/2017,1.119444444,72,16.5,Driving/Racing / Simulation,,,,,,,,,,
Metro: Last Light Redux,PC,,Removed,09/01/2017,12/15/2020,39.46666667,08/26/2014,3.013888889,88,10,Adventure,FPS Boost,,,,,,,,,
eFootball PES 2020,Xbox,,Removed,12/12/2019,12/11/2020,11.96666667,09/10/2019,0.2555555556,82,5.5,Soccer,,,,,,,,,,
Demon's Tilt,Xbox / PC,Yes,Removed,12/06/2019,12/01/2020,11.83333333,01/22/2019,0.8722222222,69.5,7,Pinball,,,,,,,,,,
Wandersong,Xbox / PC,Yes,Removed,12/06/2019,12/01/2020,11.83333333,09/27/2018,1.191666667,82,9,Adventure,,,,,,,,,,
Faeria,PC,,Removed,12/05/2019,12/01/2020,11.86666667,02/29/2016,3.766666667,81,115,Strategy / Card Game,,,,,,,,,,
Hatoful Boyfriend,PC,,Removed,06/09/2019,12/01/2020,17.73333333,07/31/2011,7.858333333,68,1.5,Adventure / Text Adventure,,,,,,,,,,
Absolver,Xbox,Yes,Removed,01/03/2019,12/01/2020,22.93333333,08/29/2017,1.344444444,62,5.5,Action / RPG,,,,,,,,,,
Dead Island: Definitive Edition,Xbox,Yes,Removed,07/01/2017,12/01/2020,41,05/31/2016,1.086111111,67,21,Adventure,FPS Boost,,,,,,,,,
Lego Indiana Jones,XB360/OG Xbox,,GwG Permanent,11/16/2020,11/30/2020,0.4666666667,06/03/2008,12.45277778,78,,Action-Adventure,,Backwards Compatible,,,,,,,,
Aragami: Shadow Edition,XB1/Series X|S,,GwG Temporary,11/01/2020,11/30/2020,0.9666666667,06/05/2018,2.405555556,74,,Action-Adventure,,,,,,,,,,
Darksiders III,Xbox / PC,Yes,Removed,11/21/2019,11/16/2020,11.83333333,11/27/2018,0.9833333333,69,14,Action / RPG / Action-Adventure,,,,,,,,,,
Munchkin: Quacked Quest,Xbox / PC,Yes,Removed,11/21/2019,11/16/2020,11.83333333,11/19/2019,0.005555555556,40,1,Action,,,,,,,,,,
Tracks: The Train Set Game,Xbox / PC,Yes,Removed,11/15/2019,11/16/2020,12.03333333,09/27/2017,2.133333333,69,0.5,Simulation,,,,,,,,,,
The Talos Principle,Xbox / PC,Yes,Removed,11/14/2019,11/16/2020,12.06666667,12/11/2014,4.925,72,16,Adventure / Puzzle,,,,,,,,,,
Full Spectrum Warrior,XB360/OG Xbox,,GwG Permanent,11/01/2020,11/15/2020,0.4666666667,06/01/2004,16.41666667,78,,Shooter,Enhanced,Backwards Compatible,,,,,,,,
Maid of Sker,XB1/Series X|S,,GwG Temporary,10/16/2020,11/15/2020,0.9666666667,07/28/2020,0.2166666667,69,,Horror,Enhanced,,,,,,,,,
Costume Quest,XB360/OG Xbox,,GwG Permanent,10/16/2020,10/31/2020,0.4666666667,10/19/2010,9.991666667,80,,RPG,,Backwards Compatible,,,,,,,,
Slayaway Camp: Butcher's Cut,XB1/Series X|S,,GwG Temporary,10/01/2020,10/31/2020,0.9666666667,10/23/2017,2.938888889,82,,Puzzle,,,,,,,,,,
The Lord of the Rings: Adventure Card Game,Xbox / PC,Yes,Removed,11/05/2019,10/31/2020,11.83333333,08/28/2018,1.186111111,60,10,Card Game,,,,,,,,,,
Lego Star Wars III: The Clone Wars,Xbox,,Removed,10/31/2019,10/31/2020,12,03/22/2011,8.605555556,75,9,Action / Platformer,,,,,,,,,,
Afterparty,Xbox,Yes,Removed,10/29/2019,10/31/2020,12.03333333,10/29/2019,0,73,5.5,Adventure,,,,,,,,,,
The Red Strings Club,PC,,Removed,09/27/2019,10/31/2020,13.1,01/22/2018,1.680555556,80,4,Adventure,,,,,,,,,,
Tacoma,PC,Yes,Removed,05/09/2019,10/31/2020,17.7,08/01/2017,1.772222222,79,2.5,Adventure,,,,"Sexual Themes, Strong Language",,,,,,
Rise & Shine,Xbox,Yes,Removed,11/01/2018,10/31/2020,23.96666667,05/05/2017,1.488888889,66,2.5,MMORPG,,,,,,,,,,
NBA LIVE 16,Xbox,,Removed,11/10/2020,10/19/2020,-0.7,09/29/2015,5.113888889,60,55,Sports / Basketball,,,E,,,,,,,
Sphinx and the Cursed Mummy,XB360/OG Xbox,,GwG Permanent,10/01/2020,10/15/2020,0.4666666667,11/10/2003,16.89166667,78,,Action-Adventure,Enhanced,Backwards Compatible,,,,,,,,
The Book of Unwritten Tales 2,XB1/Series X|S,,GwG Temporary,09/16/2020,10/15/2020,0.9666666667,02/20/2015,5.572222222,80,,Adventure,,,,,,,,,,
State of Mind,PC,,Removed,10/24/2019,10/15/2020,11.7,08/15/2018,1.191666667,69,9.5,Adventure,,,,,,,,,,
Minit,Xbox / PC,Yes,Removed,10/22/2019,10/15/2020,11.76666667,04/03/2018,1.552777778,74,1.5,Action-Adventure,,,,,,,,,,
Felix the Reaper,Xbox / PC,Yes,Removed,10/17/2019,10/15/2020,11.93333333,10/17/2019,0,69,4.5,Puzzle,,,,,,,,,,
GRIP: Combat Racing,Xbox / PC,Yes,Removed,11/06/2018,10/15/2020,23.3,11/06/2018,0,71,14,Racing,,,,,,,,,,
Metro 2033 Redux,Xbox / PC,Yes,Removed,10/01/2018,10/15/2020,24.46666667,08/26/2014,4.097222222,84,9,Compilation / First-Person Shooter,FPS Boost,,,,,,,,,
Saints Row IV: Re-Elected,PC,,Removed,06/01/2017,10/15/2020,40.46666667,08/20/2013,3.780555556,73,14.5,Shooter / Action-Adventure,,,,,,,,,,
NHL 17,Xbox,,Removed,11/10/2020,10/13/2020,-0.9,09/13/2016,4.158333333,77,42,Sports / Hockey,,,E10+,Mild Violence,,,,,,
Armed and Dangerous,XB360/OG Xbox,,GwG Permanent,09/16/2020,09/30/2020,0.4666666667,12/02/2003,16.78888889,82,,Shooter,Enhanced,Backwards Compatible,,,,,,,,
Tom Clancy's The Division,XB1/Series X|S,,GwG Temporary,09/01/2020,09/30/2020,0.9666666667,03/08/2016,4.480555556,80,,Shooter,,Backwards Compatible,,,,,,,,
Panzer Dragoon Orta,Xbox,,Removed,10/01/2019,09/30/2020,11.96666667,01/14/2003,16.71388889,90,4,Action / Shooter,,,,,OG Xbox,,,,,
Bad North: Jotunn Edition,Xbox / PC,,Removed,09/26/2019,09/30/2020,12.13333333,08/20/2018,1.1,65,5.5,Real-Time Strategy,,,,,,,,,,
Westerado: Double Barreled,Xbox,,Removed,10/01/2018,09/30/2020,23.96666667,04/16/2015,3.458333333,80,2.5,Action-Adventure,,,,,,,,,,
Rocket League,Xbox,,Removed,07/11/2018,09/22/2020,26.36666667,07/07/2015,3.011111111,87,4,Driving/Racing / Vehicular Combat / Soccer,,,,,,,,,,
de Blob 2,XB360/OG Xbox,,GwG Permanent,09/01/2020,09/15/2020,0.4666666667,02/22/2011,9.525,75,,Action-Adventure,,Backwards Compatible,,,,,,,,
Override: Mech City Brawl,XB1/Series X|S,,GwG Temporary,08/16/2020,09/15/2020,0.9666666667,12/04/2018,1.7,67,,Fighting,,Backwards Compatible,,,,,,,,
NBA 2K20,Xbox,,Removed,03/05/2020,09/15/2020,6.333333333,09/06/2019,0.4972222222,80,53,Sports / Basketball,,,,,,,,,,
Jump Force,Xbox,,Removed,09/19/2019,09/15/2020,11.86666667,02/12/2019,0.6027777778,61,12.5,Fighting,,,,,,,,,,
GoNNER: Blueberry Edition,Xbox / PC,,Removed,09/12/2019,09/15/2020,12.1,02/26/2018,1.544444444,60,8,Simulation / Music/Rhythm,,,,,,,,,,
Red Dead Redemption 2,Xbox,,Removed,05/07/2020,09/07/2020,4,10/26/2018,1.530555556,97,47.5,Action / Action-Adventure,,,,,,,,,,
Red Faction II,XB360/OG Xbox,,GwG Permanent,08/16/2020,08/31/2020,0.4666666667,04/15/2003,17.33611111,78,,Shooter,Enhanced,Backwards Compatible,,,,,,,,
Portal Knights,XB1/Series X|S,,GwG Temporary,08/01/2020,08/31/2020,0.9666666667,05/19/2017,3.2,79,,Action-Adventure,,Backwards Compatible,,,,,,,,
The Jackbox Party Pack 3,Xbox,,Removed,02/27/2020,08/31/2020,6.1,10/17/2016,3.361111111,80,2.5,Trivia/Board Game / Minigame Collection,,,,,,,,,,
Creature in the Well,Xbox / PC,,Removed,09/06/2019,08/31/2020,11.8,09/06/2019,0,78,4,Pinball / Action-Adventure,,,,,,,,,,
Metal Gear Solid HD Edition: 2 & 3,Xbox,,Removed,09/05/2019,08/31/2020,11.83333333,11/08/2011,7.825,90,53.5,Action-Adventure,,,,,,,,,,
Giana Sisters: Twisted Dreams - Director's Cut,Xbox,,Removed,09/01/2018,08/31/2020,23.96666667,10/23/2012,5.855555556,80,7,Platformer,,,,,,,,,,
MX Unleashed,XB360/OG Xbox,,GwG Permanent,08/01/2020,08/15/2020,0.4666666667,02/17/2004,16.45555556,84,,Racing,Enhanced,Backwards Compatible,,,,,,,,
Dunk Lords,XB1/Series X|S,,GwG Temporary,07/16/2020,08/15/2020,0.9666666667,07/10/2020,0.01666666667,68,,Sports,,,,,,,,,,
Devil May Cry 5,Xbox,,Removed,08/19/2019,08/14/2020,11.83333333,03/08/2019,0.4472222222,87,11,Action,,,,,,,,,,
Space Hulk: Tactics,PC,,Removed,08/08/2019,08/14/2020,12.2,10/09/2018,0.8305555556,73,21,Strategy,,,,,,,,,,
Where The Water Tastes Like Wine,PC,,Removed,08/08/2019,08/14/2020,12.2,02/28/2018,1.444444444,74,17.5,Adventure,,,,,,,,,,
F1 2018,Xbox / PC,,Removed,03/14/2019,08/01/2020,16.56666667,08/24/2018,0.5555555556,84,25.5,Driving/Racing,,,,,,,,,,
JUJU,XB360/OG Xbox,,GwG Permanent,07/16/2020,07/31/2020,0.4666666667,12/09/2014,5.602777778,73,,Platformer,,Backwards Compatible,,,,,,,,
WRC 8 FIA World Rally Championship,XB1/Series X|S,,GwG Temporary,07/01/2020,07/31/2020,0.9666666667,09/10/2019,0.8083333333,78,,Racing,,,,,,,,,,
Ashes Cricket,Xbox,,Removed,08/01/2019,07/31/2020,11.96666667,12/16/2017,1.625,79,23,Sports,,,,,,,,,,
The Banner Saga 3,Xbox / PC,,Removed,07/18/2019,07/31/2020,12.4,07/24/2018,0.9833333333,88,9,Strategy,,,,,,,,,,
RiME,Xbox / PC,,Removed,02/01/2018,07/31/2020,29.96666667,05/26/2017,0.6805555556,82,5.5,Adventure / Puzzle / Platformer,,,,,,,,,,
Saints Row 2,XB360/OG Xbox,,GwG Permanent,07/01/2020,07/15/2020,0.4666666667,10/14/2008,11.71388889,82,,Action-Adventure,,Backwards Compatible,,,,,,,,
Coffee Talk,XB1/Series X|S,,GwG Temporary,06/16/2020,07/15/2020,0.9666666667,01/29/2020,0.3805555556,78,,Simulation,,,,,,,,,,
Metal Gear Solid V: The Phantom Pain,Xbox,,Removed,07/18/2019,07/15/2020,11.9,09/01/2015,3.880555556,95,46,Shooter / Action-Adventure,,,,,,,,,,
Blazing Chrome,Xbox / PC,,Removed,07/11/2019,07/15/2020,12.13333333,07/11/2019,0,82,2,Action,,,,,,,,,,
Dead Rising 4,Xbox / PC,,Removed,07/11/2019,07/15/2020,12.13333333,12/06/2016,2.597222222,72,10.5,Action-Adventure,,,,,,,,,,
Timespinner,Xbox / PC,,Removed,07/11/2019,07/15/2020,12.13333333,09/25/2018,0.7944444444,74,6,Platformer / Action-Adventure,,,,,,,,,,
Unavowed,PC,,Removed,07/11/2019,07/15/2020,12.13333333,08/08/2018,0.925,87,9,Action / RPG,,,,,,,,,,
Sine Mora,XB360/OG Xbox,,GwG Permanent,06/16/2020,06/30/2020,0.4666666667,11/09/2012,7.602777778,82,,Shooter,,Backwards Compatible,,,,,,,,
Shantae and the Pirate's Curse,XB1/Series X|S,,GwG Temporary,06/01/2020,06/30/2020,0.9666666667,10/23/2014,5.605555556,82,,Action-Adventure,,,,,,,,,,
Battlefleet Gothic: Armada,PC,,Removed,06/09/2019,06/30/2020,12.7,04/21/2016,3.133333333,77,19.5,Strategy / Real-Time Strategy,,,,,,,,,,
ACA NeoGeo Metal Slug X,Xbox / PC,,Removed,06/09/2019,06/30/2020,12.7,03/18/1999,20.225,61,1,Shooter,,,,,,,,,,
Metro Exodus,Xbox / PC,,Removed,06/09/2019,06/30/2020,12.7,02/15/2019,0.3166666667,82,14,First-Person Shooter,,,,,,,,,,
Neon Chrome,Xbox / PC,,Removed,06/09/2019,06/30/2020,12.7,04/28/2016,3.113888889,72,5,Action / Shooter / Dual-Joystick Shooter,,,,,,,,,,
Shadow Tactics: Blades of the Shogun,Xbox,,Removed,06/09/2019,06/30/2020,12.7,12/06/2016,2.508333333,85,24.5,Strategy / Real-Time Strategy,,,,,,,,,,
Life is Strange 2,Xbox,,Removed,01/03/2019,06/30/2020,17.9,09/27/2018,0.2666666667,75,16,Adventure,FPS Boost X Only,,,,Does not FPS boost on Series S,,,,,
Die for Valhalla!,PC,,Removed,05/29/2018,06/30/2020,25.03333333,05/29/2018,0,70,7,Brawler / Action-Adventure,,,,,,,,,,
The Flame in the Flood,Xbox / PC,,Removed,07/01/2017,06/30/2020,35.96666667,02/24/2016,1.352777778,74,9,Adventure,,,,,,,,,,
Destroy All Humans!,XB360/OG Xbox,,GwG Permanent,06/01/2020,06/15/2020,0.4666666667,06/21/2005,14.94444444,78,,Action-Adventure,Enhanced,Backwards Compatible,,,,,,,,
"Warhammer 40,000: Inquisitor - Martyr",XB1/Series X|S,,GwG Temporary,05/16/2020,06/15/2020,0.9666666667,06/05/2018,1.947222222,70,,Action,,Backwards Compatible,,,,,,,,
Resident Evil: Revelations,Xbox,,Removed,06/20/2019,06/15/2020,11.83333333,01/26/2012,7.4,78,9,Shooter / Action-Adventure,,,,,,,,,,
Book of Demons,PC,,Removed,06/09/2019,06/15/2020,12.2,12/13/2018,0.4888888889,73,9.5,Action / RPG,,,,,,,,,,
Everspace,Xbox / PC,,Removed,06/09/2019,06/15/2020,12.2,09/14/2016,2.736111111,84,18,Action / Shooter,,,,,,,,,,
Riverbond,Xbox / PC,,Removed,06/09/2019,06/15/2020,12.2,06/09/2019,0,67,4.5,Action-Adventure,,,,,,,,,,
Samorost 3,PC,,Removed,06/09/2019,06/15/2020,12.2,03/24/2016,3.208333333,80,5,Adventure,,,,,,,,,,
Supermarket Shriek,Xbox / PC,,Removed,06/09/2019,06/15/2020,12.2,06/09/2019,0,76,6.5,Driving/Racing,,,,,,,,,,
The Last Door: Season 2 - Collector's Edition,PC,,Removed,06/09/2019,06/15/2020,12.2,03/29/2016,3.194444444,85,6,Adventure,,,,,,,,,,
The Stillness of the Wind,PC,,Removed,06/09/2019,06/15/2020,12.2,02/07/2019,0.3388888889,76,3.5,Adventure,,,,,,,,,,
Riptide GP: Renegade,Xbox / PC,,Removed,02/01/2018,06/15/2020,28.46666667,07/26/2016,1.513888889,75,6,Driving/Racing,,,,,,,,,,
Overlord II,XB360/OG Xbox,,GwG Permanent,05/16/2020,05/31/2020,0.4666666667,06/23/2009,10.89722222,79,,Action-Adventure,,Backwards Compatible,,,,,,,,
V-Rally 4,XB1/Series X|S,,GwG Temporary,05/01/2020,05/31/2020,0.9666666667,09/25/2018,1.6,66,,Racing,,Backwards Compatible,,,,,,,,
Old Man's Journey,Xbox / PC,,Removed,06/09/2019,05/31/2020,11.7,05/17/2017,2.061111111,76,1.5,Adventure / Puzzle,,,,,,,,,,
Hydro Thunder: Hurricane,Xbox / PC,,Removed,06/01/2018,05/31/2020,23.96666667,07/28/2010,7.841666667,75,5.5,Driving/Racing,,,,,,,,,,
#IDARB,Xbox,,Removed,06/01/2017,05/31/2020,35.96666667,01/01/2015,2.416666667,77,2.5,Adventure,,,,,,,,,,
The King of Fighters '98 Ultimate Match (KOF98UM),Xbox,,Removed,06/01/2017,05/31/2020,35.96666667,03/18/2008,9.202777778,73,1,Action / Fighting,,,,,,,,,,
Sensible World of Soccer,XB360/OG Xbox,,GwG Permanent,05/01/2020,05/15/2020,0.4666666667,11/19/2007,12.45,76,,Sports,,Backwards Compatible,,,,,,,,
Knights of Pen and Paper Bundle,XB1/Series X|S,,GwG Temporary,04/16/2020,05/15/2020,0.9666666667,05/29/2018,1.880555556,73,,RPG,,,,,,,,,,
The Lego Ninjago Movie Video Game,Xbox,,Removed,11/14/2019,05/15/2020,6.033333333,09/22/2017,2.144444444,76,6,Action / Action-Adventure,,,,,,,,,,
Imperator: Rome,PC,,Removed,06/09/2019,05/15/2020,11.2,04/25/2019,0.1222222222,76,17,Strategy,,,,,,,,,,
West of Loathing,PC,,Removed,06/09/2019,05/15/2020,11.2,08/10/2017,1.830555556,87,7,Adventure / RPG,,,,,,,,,,
Metal Gear Survive,Xbox,,Removed,05/23/2019,05/15/2020,11.73333333,02/20/2018,1.258333333,62,22,Shooter,,,,,,,,,,
The Banner Saga,Xbox / PC,,Removed,05/23/2019,05/15/2020,11.73333333,01/14/2014,5.358333333,76,10.5,Strategy / RPG,,,,,,,,,,
Mega Man Legacy Collection 2,Xbox,,Removed,06/01/2018,05/15/2020,23.46666667,08/08/2017,0.8138888889,72,14.5,Compilation / Platformer,,,,,,,,,,
Toybox Turbos,XB360/OG Xbox,,GwG Permanent,04/16/2020,04/30/2020,0.4666666667,11/11/2014,5.430555556,77,,Racing,,Backwards Compatible,,,,,,,,
Project CARS 2,XB1/Series X|S,,GwG Temporary,04/01/2020,04/30/2020,0.9666666667,09/22/2017,2.525,84,,Racing,,Backwards Compatible,,,,,,,,
Silence: The Whispered World 2,Xbox,,Removed,06/09/2019,04/30/2020,10.7,04/23/2010,9.127777778,66,5.5,Adventure / Puzzle,,,,,,,,,,
Smoke and Sacrifice,Xbox / PC,,Removed,06/09/2019,04/30/2020,10.7,05/31/2018,1.025,68,10.5,Action / RPG,,,,,,,,,,
Full Metal Furies,Xbox / PC,,Removed,06/06/2019,04/30/2020,10.8,01/17/2018,1.386111111,80,10.5,RPG / Brawler / Action-Adventure,,,,,,,,,,
The Banner Saga 2,Xbox / PC,,Removed,06/06/2019,04/30/2020,10.8,04/19/2016,3.130555556,84,11.5,Strategy,,,,,,,,,,
RUINER,Xbox / PC,,Removed,08/01/2018,04/30/2020,20.96666667,09/25/2017,0.85,77,5.5,Action / Shooter,,,,,,,,,,
Braid,Xbox,,Removed,06/01/2017,04/30/2020,34.96666667,08/06/2008,8.819444444,93,5,Puzzle / Platformer,,,,,Xbox 360,,,,,
Metal Slug 3,Xbox,,Removed,06/01/2017,04/30/2020,34.96666667,06/01/2000,17,76,1.5,Action / Shooter,,,,,,,,,,
Fable Anniversary,XB360/OG Xbox,,GwG Permanent,04/01/2020,04/15/2020,0.4666666667,02/04/2014,6.158333333,68,,RPG,Enhanced,Backwards Compatible,,,,,,,,
Shantae: Half-Genie Hero,XB1/Series X|S,,GwG Temporary,03/16/2020,04/15/2020,0.9666666667,12/20/2016,3.238888889,80,,Action-Adventure,,,,,,,,,,
The Book of Unwritten Tales 2,Xbox,,Removed,06/01/2017,04/15/2020,34.46666667,02/19/2015,2.283333333,79,20,Adventure,,,,,,,,,,
FEZ,PC,,Removed,06/09/2019,04/01/2020,9.733333333,04/13/2012,7.155555556,91,6,Puzzle / Platformer,,,,,,,,,,
Valkyria Chronicles,PC,,Removed,06/09/2019,04/01/2020,9.733333333,04/22/2008,11.13055556,85,31,Strategy / RPG,,,,,,,,,,
Guacamelee! Super Turbo Championship Edition,Xbox,,Removed,07/01/2017,04/01/2020,33,07/02/2014,2.997222222,88,7,Brawler / Platformer / Action-Adventure,,,,,,,,,,
MX vs. ATV: Reflex,Xbox,,Removed,06/01/2017,04/01/2020,34,12/01/2009,7.5,75,19,Driving/Racing,,,,,Xbox 360,,,,,
Samurai Shodown II,Xbox,,Removed,06/01/2017,04/01/2020,34,10/28/1994,22.59166667,73,1,Action,,,,,,,,,,
Sonic Generations,XB360/OG Xbox,,GwG Permanent,03/16/2020,03/31/2020,0.4666666667,11/01/2011,8.375,77,,Platformer,Enhanced,Backwards Compatible,,,,,,,,
Batman: The Enemy Within,XB1/Series X|S,,GwG Temporary,03/01/2020,03/31/2020,0.9666666667,08/08/2017,2.563888889,80,,Action-Adventure,,,,,,,,,,
Castlevania: Lords of Shadow 2,XB360/OG Xbox,,GwG Permanent,03/01/2020,03/15/2020,0.4666666667,02/25/2014,6.016666667,70,,Action-Adventure,,Backwards Compatible,,,,,,,,
Call of Cthulhu,XB1/Series X|S,,GwG Temporary,02/16/2020,03/15/2020,0.9666666667,10/30/2018,1.294444444,66,,Adventure,,Backwards Compatible,,,,,,,,
LEGO Worlds,Xbox,,Removed,09/26/2019,03/01/2020,5.166666667,03/07/2017,2.552777778,69,9,Action-Adventure,FPS Boost X Only,,,,Does not FPS boost on Series S,,,,,
Apocalipsis,PC,,Removed,06/09/2019,03/01/2020,8.733333333,02/28/2018,1.280555556,73,2.5,Adventure / Puzzle,,,,,,,,,,
Battle Chef Brigade,PC,,Removed,06/09/2019,03/01/2020,8.733333333,11/20/2017,1.552777778,80,8.5,Action / Simulation,,,,,,,,,,
Borderlands 2,Xbox,,Removed,06/09/2019,03/01/2020,8.733333333,09/18/2012,6.725,80,30.5,RPG / First-Person Shooter,,,,,,,,,,
Borderlands: The Pre-Sequel!,Xbox,,Removed,06/09/2019,03/01/2020,8.733333333,10/14/2014,4.652777778,80,18,RPG / First-Person Shooter,,,,,,,,,,
Kingsway,PC,,Removed,06/09/2019,03/01/2020,8.733333333,07/18/2017,1.891666667,80,5,RPG,,,,,,,,,,
Lichtspeer: Double Speer Edition,Xbox / PC,,Removed,06/09/2019,03/01/2020,8.733333333,09/27/2016,2.7,69,4,Sports,,,,,,,,,,
Orwell: Keeping an Eye on You,PC,,Removed,06/09/2019,03/01/2020,8.733333333,10/28/2016,2.613888889,77,4.5,Adventure,,,,,,,,,,
Shenmue,Xbox / PC,,Removed,06/09/2019,03/01/2020,8.733333333,12/29/1999,19.44444444,75,19.5,Action-Adventure / RPG / Brawler,,,,,,,,,,
Shenmue II,Xbox / PC,,Removed,06/09/2019,03/01/2020,8.733333333,09/06/2001,17.75833333,75,24.5,Action-Adventure,,,,,,,,,,
Thimbleweed Park,Xbox / PC,,Removed,06/09/2019,03/01/2020,8.733333333,03/30/2017,2.191666667,84,10.5,Adventure,,,,,,,,,,
Titan-Quest: Anniversary Edition,PC,,Removed,06/09/2019,03/01/2020,8.733333333,08/31/2016,2.775,77,34,Action / RPG,,,,,,,,,,
The Golf Club 2,Xbox,,Removed,04/11/2019,03/01/2020,10.66666667,06/27/2017,1.788888889,69,125,Golf,,,,,,,,,,
Operencia: The Stolen Sun,Xbox / PC,,Removed,03/29/2019,03/01/2020,11.06666667,03/29/2019,0,80,19,RPG,,,,,,,,,,
Deus Ex: Mankind Divided,Xbox,,Removed,03/21/2019,03/01/2020,11.33333333,08/23/2016,2.577777778,83,15.5,RPG / First-Person Shooter,FPS Boost,,,,,,,,,
Star Wars Battlefront,XB360/OG Xbox,,GwG Permanent,02/16/2020,02/29/2020,0.4333333333,11/17/2015,4.247222222,75,,Shooter,Enhanced,Backwards Compatible,,,,,,,,
TT Isle of Man,XB1/Series X|S,,GwG Temporary,02/01/2020,02/29/2020,0.9333333333,03/06/2018,1.902777778,67,,Racing,,Backwards Compatible,,,,,,,,
Fable Heroes,XB360/OG Xbox,,GwG Permanent,02/01/2020,02/15/2020,0.4666666667,05/02/2012,7.747222222,60,,Action-Adventure,,Backwards Compatible,,,,,,,,
Batman: The Telltale Series,XB1/Series X|S,,GwG Temporary,01/16/2020,02/15/2020,0.9666666667,08/02/2016,3.455555556,77,,Action-Adventure,,,,,,,,,,
Disney Epic Mickey 2: The Power of Two,Xbox,,Removed,02/21/2019,02/15/2020,11.8,11/18/2012,6.258333333,59,9,Platformer / Action-Adventure,,,,,,,,,,
Just Cause 4,Xbox,,Removed,03/06/2019,02/02/2020,10.86666667,12/04/2018,0.2555555556,70,16,Action-Adventure,,,,,,,,,,
Batman: Arkham City,Xbox,,Removed,02/21/2019,02/02/2020,11.36666667,10/18/2011,7.341666667,77,12.5,Action-Adventure,,,,,,,,,,
The Jackbox Party Pack 2,Xbox,,Removed,08/08/2019,02/01/2020,5.766666667,10/13/2015,3.819444444,80,2,Trivia/Board Game / Minigame Collection,,,,,,,,,,
Batman: Arkham Asylum,Xbox,,Removed,02/21/2019,02/01/2020,11.33333333,08/25/2009,9.488888889,77,12,Action-Adventure,,,,,Xbox 360,,,,,
Pumped BMX Pro,Xbox,,Removed,02/07/2019,02/01/2020,11.8,02/07/2019,0,53,15,Sports,,,,,,,,,,
LEGO Star Wars II: The Original Trilogy,XB360/OG Xbox,,GwG Permanent,01/16/2020,01/31/2020,0.4666666667,09/11/2006,13.34722222,86,,Action-Adventure,,Backwards Compatible,,,,,,,,
Styx: Shards of Darkness,XB1/Series X|S,,GwG Temporary,01/01/2020,01/31/2020,0.9666666667,03/14/2017,2.797222222,73,,Stealth,,,,,,,,,,
Tekken 6,XB360/OG Xbox,,GwG Permanent,01/01/2020,01/15/2020,0.4666666667,10/27/2009,10.17777778,82,,Fighting,,Backwards Compatible,,,,,,,,
Jurassic World Evolution,XB1/Series X|S,,GwG Temporary,12/16/2019,01/15/2020,0.9666666667,06/12/2018,1.511111111,71,,Simulation,,Backwards Compatible,,,,,,,,
Tom Clancy's The Division,Xbox,,Removed,12/01/2019,01/01/2020,1,03/08/2016,3.730555556,80,22,RPG / Shooter,FPS Boost,,,,,,,,,
LEGO City Undercover,Xbox,,Removed,07/11/2019,01/01/2020,5.666666667,03/18/2013,6.313888889,77,15.5,Driving/Racing / Action-Adventure / Platformer,,,,,,,,,,
Resident Evil 4,Xbox,,Removed,07/01/2019,01/01/2020,6,01/11/2005,14.47222222,76,16,Shooter / Action-Adventure,,,,,,,,,,
Just Cause 3,Xbox,,Removed,01/01/2019,01/01/2020,12,12/01/2015,3.083333333,71,17.5,Action,,,,,,,,,,
Middle-earth: Shadow of Mordor - Game of the Year Edition,Xbox,,Removed,01/01/2019,01/01/2020,12,09/30/2014,4.252777778,87,17.5,Action-Adventure,,,,,,,,,,
Saints Row: The Third,Xbox,,Removed,01/01/2019,01/01/2020,12,11/15/2011,7.127777778,84,15,Action / Driving/Racing / Shooter,,,,,,,,,,
Castlevania: Lords of Shadow - Mirror of Fate HD,XB360/OG Xbox,,GwG Permanent,12/16/2019,12/31/2019,0.4666666667,10/25/2013,6.141666667,72,,Action-Adventure,,Backwards Compatible,,,,,,,,
Insane Robots,XB1/Series X|S,,GwG Temporary,12/01/2019,12/31/2019,0.9666666667,07/10/2018,1.391666667,69,,Strategy,,Backwards Compatible,,,,,,,,
Toy Story 3,XB360/OG Xbox,,GwG Permanent,12/01/2019,12/15/2019,0.4666666667,06/15/2010,9.461111111,75,,Action-Adventure,,Backwards Compatible,,,,,,,,
The Final Station,XB1/Series X|S,,GwG Temporary,11/16/2019,12/15/2019,0.9666666667,08/30/2016,3.211111111,73,,Action-Adventure,,,,,,,,,,
Headlander,Xbox,,Removed,02/01/2019,12/01/2019,10,07/26/2016,2.513888889,78,5.5,Action-Adventure,,,,,,,,,,
Life is Strange,Xbox,,Removed,01/01/2019,12/01/2019,11,01/30/2015,3.919444444,85,14,Adventure,FPS Boost,,,,,,,,,
Life is Strange: Before the Storm,Xbox,,Removed,01/01/2019,12/01/2019,11,08/31/2017,1.336111111,82,10,Adventure,,,,,,,,,,
Pro Evolution Soccer 2019,Xbox,,Removed,12/14/2018,12/01/2019,11.56666667,08/28/2018,0.2944444444,82,27,Sports / Simulation / Soccer,,,,,,,,,,
Tecmo Bowl: Throwback,Xbox,,Removed,01/01/2018,12/01/2019,23,04/28/2010,7.675,67,6,Football,,,,,,,,,,
Joy Ride Turbo,XB360/OG Xbox,,GwG Permanent,11/16/2019,11/30/2019,0.4666666667,05/23/2012,7.480555556,72,,Racing,,Backwards Compatible,,,,,,,,
Sherlock Holmes: The Devil's Daughter,XB1/Series X|S,,GwG Temporary,11/01/2019,11/30/2019,0.9666666667,06/10/2016,3.391666667,73,,Adventure,,,,,,,,,,
Robocraft Infinity,Xbox,,Removed,04/11/2018,11/30/2019,19.63333333,04/11/2018,0,55,35,Shooter,,,,,,,,,,
Star Wars: Jedi Starfighter,XB360/OG Xbox,,GwG Permanent,11/01/2019,11/15/2019,0.4666666667,02/21/2002,17.69444444,78,,Shooter,,Backwards Compatible,,,,,,,,
Friday the 13th: The Game,XB1/Series X|S,,GwG Temporary,10/16/2019,11/15/2019,0.9666666667,05/25/2017,2.391666667,61,,Shooter,,,,,,,,,,
Pony Island,PC,,Removed,06/09/2019,11/15/2019,5.2,01/04/2016,3.430555556,86,2.5,Adventure / Puzzle / Shoot 'Em Up,,,,,,,,,,
Tyranny: Gold Edition,PC,,Removed,06/09/2019,11/15/2019,5.2,11/10/2016,2.580555556,80,20,RPG,,,,,,,,,,
Football Manager 2019,PC,,Removed,06/09/2019,11/01/2019,4.733333333,12/06/2018,0.5083333333,86,142,Sports / Simulation,,,,,,,,,,
LEGO Batman 3: Beyond Gotham,Xbox,,Removed,05/01/2019,11/01/2019,6,11/11/2014,4.472222222,74,10.5,Platformer / Action-Adventure,FPS Boost,,,,,,,,,
The Surge,Xbox,,Removed,05/01/2019,11/01/2019,6,05/16/2017,1.958333333,74,20.5,Action / RPG,,,,,,,,,,
Below,Xbox,,Removed,12/14/2018,11/01/2019,10.56666667,12/14/2018,0,70,19,Action-Adventure,,,,,,,,,,
Strange Brigade,Xbox,,Removed,12/01/2018,11/01/2019,11,08/28/2018,0.2583333333,75,7.5,Shooter / Action-Adventure,,,,,,,,,,
Agents of Mayhem,Xbox,,Removed,11/22/2018,11/01/2019,11.3,08/15/2017,1.269444444,73,17,Action-Adventure,,,,,,,,,,
MXGP3,Xbox,,Removed,11/22/2018,11/01/2019,11.3,05/30/2017,1.477777778,78,8,Sports / Driving/Racing,,,,,,,,,,
Thomas Was Alone,Xbox,,Removed,11/22/2018,11/01/2019,11.3,06/30/2012,6.394444444,80,3.5,Puzzle / Platformer,,,,,,,,,,
ABZÛ,Xbox / PC,,Removed,07/01/2018,11/01/2019,16,08/02/2016,1.913888889,83,2,Adventure,,,,,,,,,,
Darksiders II: Deathinitive Edition,Xbox,,Removed,02/01/2018,11/01/2019,21,08/14/2012,5.463888889,75,20,Action / RPG / Action-Adventure,,,,,,,,,,
Darksiders: Warmastered Edition,Xbox,,Removed,12/01/2017,11/01/2019,23,01/05/2010,7.905555556,80,17,Action / Action-Adventure,FPS Boost,,,,Xbox 360,,,,,
GRID 2,Xbox,,Removed,06/01/2017,11/01/2019,29,05/27/2013,4.011111111,78,17.5,Driving/Racing,,,,,,,,,,
Ninja Gaiden 3: Razor's Edge,XB360/OG Xbox,,GwG Permanent,10/16/2019,10/31/2019,0.4666666667,11/18/2012,6.911111111,69,,Action-Adventure,,Backwards Compatible,,,,,,,,
Tembo the Badass Elephant,XB1/Series X|S,,GwG Temporary,10/01/2019,10/31/2019,0.9666666667,08/16/2018,1.125,75,,Action-Adventure,,,,,,,,,,
Bolt,XB360/OG Xbox,,GwG Permanent,10/01/2019,10/15/2019,0.4666666667,11/05/2008,10.90555556,57,,Action-Adventure,,Backwards Compatible,,,,,,,,
We Were Here,XB1/Series X|S,,GwG Temporary,09/16/2019,10/15/2019,0.9666666667,02/03/2017,2.619444444,80,,Action-Adventure,,,,,,,,,,
Resident Evil 5,Xbox,,Removed,04/25/2019,10/01/2019,5.2,03/05/2009,10.13888889,75,12,Action / Shooter,,,,,Xbox 360,,,,,
Dead Island: Riptide - Definitive Edition,Xbox,,Removed,10/01/2018,10/01/2019,12,05/31/2016,2.336111111,57,10.5,Action / First-Person Shooter / Brawler,FPS Boost,,,,,,,,,
>observer_,Xbox,,Removed,08/31/2018,10/01/2019,13.03333333,08/15/2017,1.041666667,86,7,Adventure,,,,,,,,,,
Tekken Tag Tournament 2,XB360/OG Xbox,,GwG Permanent,09/16/2019,09/30/2019,0.4666666667,09/11/2012,7.013888889,86,,Fighting,,Backwards Compatible,,,,,,,,
Hitman: The Complete First Season,XB1/Series X|S,,GwG Temporary,09/01/2019,09/30/2019,0.9666666667,08/11/2016,3.055555556,83,,Action-Adventure,,Backwards Compatible,,,,,,,,
Earth Defense Force 2025,XB360/OG Xbox,,GwG Permanent,09/01/2019,09/15/2019,0.4666666667,07/09/2013,6.144444444,83,,Shooter,,Backwards Compatible,,,,,,,,
Forza Motorsport 6,XB1/Series X|S,,GwG Temporary,08/16/2019,09/15/2019,0.9666666667,09/15/2015,3.919444444,88,,Racing,,,,,,,,,,
LEGO Batman 2: DC Super Heroes,Xbox,,Removed,03/01/2019,09/01/2019,6,06/19/2012,6.7,79,9,Action-Adventure,,,,,,,,,,
LEGO Indiana Jones: The Original Adventures,Xbox,,Removed,10/01/2018,09/01/2019,11,06/03/2008,10.32777778,77,10,Action-Adventure,,,,,Xbox 360,,,,,
Split/Second,Xbox,,Removed,10/01/2018,09/01/2019,11,05/18/2010,8.369444444,82,9.5,Action / Driving/Racing / Vehicular Combat,,,,,Xbox 360,,,,,
Onrush,Xbox,,Removed,09/01/2018,09/01/2019,12,06/05/2018,0.2388888889,77,12,Driving/Racing,,,,,,,,,,
Ninja Gaiden Black,Xbox,,Removed,11/01/2017,09/01/2019,22,09/20/2005,12.11388889,94,16,Action-Adventure,,,,,OG Xbox,,,,,
Super Street Fighter IV: Arcade Edition,Xbox,,Removed,10/01/2017,09/01/2019,23,02/26/2010,7.597222222,78,3,Fighting,,,,,Xbox 360,,,,,
'Splosion Man,Xbox,,Removed,06/01/2017,09/01/2019,27,07/22/2009,7.858333333,84,8,Action / Platformer,,,,,Xbox 360,,,,,
The Maw,Xbox,,Removed,06/01/2017,09/01/2019,27,01/21/2009,8.361111111,75,3,Action / Adventure / Platformer,,,,,Xbox 360,,,,,
Castlevania: Lords of Shadow,XB360/OG Xbox,,GwG Permanent,08/16/2019,08/31/2019,0.4666666667,10/07/2010,8.858333333,83,,Action-Adventure,,Backwards Compatible,,,,,,,,
Gears of War 4,XB1/Series X|S,,GwG Temporary,08/01/2019,08/31/2019,0.9666666667,10/11/2016,2.805555556,81,,Shooter,,Backwards Compatible,,,,,,,,
Torchlight,XB360/OG Xbox,,GwG Permanent,08/01/2019,08/15/2019,0.4666666667,10/27/2009,9.761111111,83,,RPG,,Backwards Compatible,,,,,,,,
Big Crown: Showdown,XB1/Series X|S,,GwG Temporary,07/16/2019,08/15/2019,0.9666666667,10/12/2023,-4.238888889,76,,Action-Adventure,,Backwards Compatible,,,,,,,,
InnerSpace,Xbox,,Removed,09/01/2018,08/01/2019,11,01/16/2018,0.625,64,4.5,Adventure / Flight Simulator,,,,,,,,,,
Manual Samuel,Xbox,,Removed,09/01/2018,08/01/2019,11,10/11/2016,1.888888889,66,2,Adventure,,,,,,,,,,
Sky Force: Reloaded,Xbox,,Removed,09/01/2018,08/01/2019,11,02/01/2018,0.5833333333,86,16,Shoot 'Em Up,,,,,,,,,,
Graveyard Keeper,Xbox,,Removed,08/15/2018,08/01/2019,11.53333333,08/15/2018,0,70,45.5,Adventure / RPG / Simulation,,,,,,,,,,
Alien Hominid HD,Xbox,,Removed,06/01/2018,08/01/2019,14,11/18/2004,13.53611111,79,5,Action / Shooter / Platformer,,,,,,,,,,
BattleBlock Theater,Xbox,,Removed,06/01/2018,08/01/2019,14,04/03/2013,5.161111111,85,10,Puzzle / Platformer / Action-Adventure,,,,,,,,,,
Garou: Mark of the Wolves,Xbox,,Removed,09/01/2017,08/01/2019,23,11/26/1999,17.76388889,77,1.5,Fighting,,,,,,,,,,
A Kingdom for Keflings,Xbox,,Removed,06/01/2017,08/01/2019,26,11/19/2008,8.533333333,78,6,Strategy / Simulation,,,,,Xbox 360,,,,,
A World of Keflings,Xbox,,Removed,06/01/2017,08/01/2019,26,12/22/2010,6.441666667,77,7,Simulation,,,,,,,,,,
CastleStorm,Xbox,,Removed,06/01/2017,08/01/2019,26,05/29/2013,4.005555556,79,7,Action / Strategy / Brawler,,,,,,,,,,
Joe Danger 2: The Movie,Xbox,,Removed,06/01/2017,08/01/2019,26,10/09/2012,4.644444444,82,2,Driving/Racing / Platformer,,,,,,,,,,
Joe Danger: Special Edition,Xbox,,Removed,06/01/2017,08/01/2019,26,06/08/2010,6.980555556,88,6,Driving/Racing / Platformer,,,,,,,,,,
Monday Night Combat,Xbox,,Removed,06/01/2017,08/01/2019,26,08/11/2010,6.805555556,79,3,Shooter / MOBA,,,,,,,,,,
N+,Xbox,,Removed,06/01/2017,08/01/2019,26,07/28/2015,1.841666667,83,14.5,Platformer,,,,,,,,,,
Spelunky,Xbox,,Removed,06/01/2017,08/01/2019,26,09/01/2009,7.75,87,17.5,Puzzle / Platformer / Action-Adventure,,,,,,,,,,
Toy Soldiers,Xbox,,Removed,06/01/2017,08/01/2019,26,03/03/2010,7.244444444,81,6,Vehicular Combat / Shooter / Real-Time Strategy,,,,,Xbox 360,,,,,
Toy Soldiers: Cold War,Xbox,,Removed,06/01/2017,08/01/2019,26,08/17/2011,5.788888889,81,4,Vehicular Combat / Shooter / Real-Time Strategy,,,,,,,,,,
Meet the Robinsons,XB360/OG Xbox,,GwG Permanent,07/16/2019,07/31/2019,0.4666666667,11/16/2010,8.666666667,62,,Action-Adventure,,Backwards Compatible,,,,,,,,
INSIDE,XB1/Series X|S,,GwG Temporary,07/01/2019,07/31/2019,0.9666666667,06/29/2016,3.005555556,91,,Action-Adventure,,,,,,,,,,
Castlevania: Symphony of the Night,XB360/OG Xbox,,GwG Permanent,07/01/2019,07/15/2019,0.4666666667,03/20/1997,22.28055556,92,,Action-Adventure,,Backwards Compatible,,,,,,,,
Rivals of Aether,XB1/Series X|S,,GwG Temporary,06/16/2019,07/15/2019,0.9666666667,05/05/2017,2.113888889,88,,Fighting,,,,,,,,,,
Aftercharge,Xbox,,Removed,01/01/2019,07/01/2019,6,01/10/2019,-0.025,69,,First-Person Shooter,,,,,,,,,,
The LEGO Movie Videogame,Xbox,,Removed,01/01/2019,07/01/2019,6,02/07/2014,4.9,69,8,Action-Adventure,FPS Boost,,,,,,,,,
Dandara,Xbox,,Removed,08/01/2018,07/01/2019,11,02/06/2018,0.4861111111,70,6.5,Platformer / Action-Adventure,,,,,,,,,,
Dead Rising 2,Xbox,,Removed,08/01/2018,07/01/2019,11,09/02/2010,7.913888889,79,14,RPG / Action-Adventure,,,,,,,,,,
HITMAN,Xbox,,Removed,08/01/2018,07/01/2019,11,03/11/2016,2.388888889,85,10.5,Action-Adventure,,,,,,,,,,
Metal Slug XX,Xbox,,Removed,08/01/2017,07/01/2019,23,12/23/2009,7.605555556,61,1,Shooter,,,,,Xbox 360,,,,,
Defense Grid: The Awakening,Xbox,,Removed,06/01/2017,07/01/2019,25,12/08/2008,8.480555556,82,11,Strategy / Real-Time Strategy,,,,,Xbox 360,,,,,
Hexic 2,Xbox,,Removed,06/01/2017,07/01/2019,25,08/15/2007,9.794444444,72,8,Puzzle,,,,,Xbox 360,,,,,
Earth Defense Force 2017,XB360/OG Xbox,,GwG Permanent,06/16/2019,06/30/2019,0.4666666667,04/24/2012,7.144444444,80,,Shooter,,Backwards Compatible,,,,,,,,
NHL 19,XB1/Series X|S,,GwG Temporary,06/01/2019,06/30/2019,0.9666666667,09/14/2018,0.7138888889,79,,Sports,,Backwards Compatible,,,,,,,,
Portal: Still Alive,XB360/OG Xbox,,GwG Permanent,06/01/2019,06/15/2019,0.4666666667,06/04/2008,10.99166667,87,,Shooter,Enhanced,Backwards Compatible,,,,,,,,
The Golf Club 2019 featuring PGA Tour,XB1/Series X|S,,GwG Temporary,05/16/2019,06/15/2019,0.9666666667,08/28/2019,-0.2833333333,72,,Sports,,Backwards Compatible,,,,,,,,
Ultimate Marvel vs. Capcom 3,Xbox,,Removed,01/01/2019,06/01/2019,5,11/15/2011,7.127777778,78,1,Fighting,,,,,,,,,,
Shadow Complex: Remastered,Xbox,,Removed,07/01/2018,06/01/2019,11,08/19/2009,8.866666667,80,4.5,Shooter / Action-Adventure,,,,,Xbox 360,,,,,
Zombie Army Trilogy,Xbox,,Removed,07/01/2018,06/01/2019,11,03/06/2015,3.319444444,62,14.5,Shooter / Compilation,,,,,,,,,,
Next Up Hero,Xbox,,Removed,06/01/2018,06/01/2019,12,07/07/2017,0.9,61,15,Action-Adventure,,,,,,,,,,
Devil May Cry 4: Special Edition,Xbox,,Removed,01/01/2018,06/01/2019,17,06/18/2015,2.536111111,76,10,Action,,,,,,,,,,
Comic Jumper,XB360/OG Xbox,,GwG Permanent,05/16/2019,05/31/2019,0.4666666667,10/25/2012,6.558333333,75,,Action-Adventure,,Backwards Compatible,,,,,,,,
Marooners,XB1/Series X|S,,GwG Temporary,05/01/2019,05/31/2019,0.9666666667,07/17/2015,3.788888889,73,,Party,,,,,,,,,,
Earth Defense Force: Insect Armageddon,XB360/OG Xbox,,GwG Permanent,05/01/2019,05/15/2019,0.4666666667,07/13/2011,7.8,76,,Shooter,,Backwards Compatible,,,,,,,,
Outcast: Second Contact,XB1/Series X|S,,GwG Temporary,04/16/2019,05/15/2019,0.9666666667,03/13/2017,2.091666667,69,,Action-Adventure,,,,,,,,,,
LEGO Star Wars: The Complete Saga,Xbox,,Removed,06/02/2018,05/01/2019,10.96666667,11/06/2007,10.57222222,80,14,Action / Action-Adventure,,,,,Xbox 360,,,,,
STAR WARS: Knights of the Old Republic,Xbox,,Removed,06/02/2018,05/01/2019,10.96666667,07/15/2003,14.88055556,94,29,RPG,,,,,,,,,,
MotoGP 17,Xbox,,Removed,06/01/2018,05/01/2019,11,07/11/2017,0.8888888889,73,50.5,Driving/Racing,,,,,,,,,,
Star Wars: The Force Unleashed,Xbox,,Removed,06/01/2018,05/01/2019,11,09/16/2008,9.708333333,73,8,Action-Adventure,,,,,Xbox 360,,,,,
Star Wars: The Force Unleashed II,Xbox,,Removed,06/01/2018,05/01/2019,11,10/26/2010,7.597222222,61,5.5,Action-Adventure,,,,,,,,,,
Laser League,Xbox,,Removed,05/10/2018,05/01/2019,11.7,05/10/2018,0,81,3,Sports,,,,,,,,,,
Comic Jumper,Xbox,,Removed,06/01/2017,05/01/2019,23,10/06/2010,6.652777778,74,5.5,Dual-Joystick Shooter / Platformer,,,,,,,,,,
D4: Dark Dreams Don't Die,Xbox,,Removed,06/01/2017,05/01/2019,23,09/19/2014,2.7,76,4.5,Adventure,,,,,,,,,,
DmC: Devil May Cry - Definitive Edition,Xbox,,Removed,06/01/2017,05/01/2019,23,01/15/2013,4.377777778,86,9,Action-Adventure,,,,,,,,,,
JumpJet Rex,Xbox,,Removed,06/01/2017,05/01/2019,23,04/29/2016,1.088888889,76,3,Driving/Racing / Platformer,,,,,,,,,,
Knight Squad,Xbox,,Removed,06/01/2017,05/01/2019,23,11/16/2015,1.541666667,71,1,Action,,,,,,,,,,
Layers of Fear,Xbox,,Removed,06/01/2017,05/01/2019,23,02/15/2016,1.294444444,78,3.5,Adventure,,,,,,,,,,
Mega Man Legacy Collection,Xbox,,Removed,06/01/2017,05/01/2019,23,08/25/2015,1.766666667,80,20,Action / Compilation / Platformer,,,,,,,,,,
Ms. Splosion Man,Xbox,,Removed,06/01/2017,05/01/2019,23,07/13/2011,5.883333333,83,8.5,Action / Platformer,,,,,,,,,,
Shantae and the Pirate's Curse,Xbox,,Removed,06/01/2017,05/01/2019,23,10/23/2014,2.605555556,79,8,Platformer,,,,,,,,,,
Super Mega Baseball: Extra Innings,Xbox,,Removed,06/01/2017,05/01/2019,23,08/14/2015,1.797222222,80,10.5,Baseball,,,,,,,,,,
Super Time Force,Xbox,,Removed,06/01/2017,05/01/2019,23,05/14/2014,3.047222222,80,4,Action / Platformer,,,,,,,,,,
Tom Clancy's Ghost Recon Advanced Warfighter 2,XB360/OG Xbox,,GwG Permanent,04/16/2019,04/30/2019,0.4666666667,03/06/2007,12.11111111,88,,Shooter,,Backwards Compatible,,,,,,,,
The Technomancer,XB1/Series X|S,,GwG Temporary,04/01/2019,04/30/2019,0.9666666667,06/28/2016,2.758333333,63,,Action-Adventure,,,,,,,,,,
Star Wars: Battlefront II,XB360/OG Xbox,,GwG Permanent,04/01/2019,04/15/2019,0.4666666667,11/17/2017,1.372222222,82,,Shooter,Enhanced,Backwards Compatible,,,,,,,,
Plants vs. Zombies: Garden Warfare 2,XB1/Series X|S,,GwG Temporary,03/16/2019,04/15/2019,0.9666666667,02/23/2016,3.063888889,83,,Shooter,,,,,,,,,,
OlliOlli2: XL Edition,Xbox,,Removed,11/01/2018,04/01/2019,5,08/09/2016,2.227777778,83,3,Skateboarding,,,,,,,,,,
Sheltered,Xbox,,Removed,11/01/2018,04/01/2019,5,03/15/2016,2.627777778,69,20,Strategy / RPG,,,,,,,,,,
Outlast,Xbox,,Removed,10/01/2018,04/01/2019,6,09/04/2013,5.075,80,5,Adventure,,,,,,,,,,
Homefront: The Revolution,Xbox,,Removed,05/01/2018,04/01/2019,11,05/17/2016,1.955555556,49,12,First-Person Shooter,FPS Boost,,,,,,,,,
Sonic & Knuckles,Xbox,,Removed,05/01/2018,04/01/2019,11,08/15/2017,0.7111111111,69,3,Platformer,,,,,,,,,,
Unmechanical: Extended Edition,Xbox,,Removed,05/01/2018,04/01/2019,11,08/08/2012,5.730555556,66,2.5,Adventure / Puzzle,,,,,,,,,,
OlliOlli,Xbox,,Removed,06/01/2017,04/01/2019,22,01/21/2014,3.361111111,78,4,Skateboarding,,,,,,,,,,
Pumped BMX +,Xbox,,Removed,06/01/2017,04/01/2019,22,09/18/2015,1.702777778,56,6,Action / Driving/Racing,,,,,,,,,,
The Golf Club,Xbox,,Removed,06/01/2017,04/01/2019,22,08/19/2014,2.783333333,64,10,Golf,,,,,,,,,,
The Swapper,Xbox,,Removed,06/01/2017,04/01/2019,22,05/30/2013,4.002777778,92,5,Puzzle / Platformer,,,,,,,,,,
Metal Gear Rising: Revengeance,XB360/OG Xbox,,GwG Permanent,03/16/2019,03/31/2019,0.4666666667,02/19/2013,6.075,85,,Action-Adventure,,Backwards Compatible,,,,,,,,
Adventure Time: Pirates of the Enchiridion,XB1/Series X|S,,GwG Temporary,03/01/2019,03/31/2019,0.9666666667,07/17/2018,0.6222222222,57,,Action-Adventure,,,,,,,,,,
Star Wars Republic Commando,XB360/OG Xbox,,GwG Permanent,03/01/2019,03/15/2019,0.4666666667,01/27/2005,14.09444444,88,,Shooter,Enhanced,Backwards Compatible,,,,,,,,
Super Bomberman R,XB1/Series X|S,,GwG Temporary,02/16/2019,03/15/2019,0.9666666667,06/20/2017,1.655555556,76,,Action,,,,,,,,,,
Kingdom: New Lands,Xbox,,Removed,04/01/2018,03/01/2019,11,10/21/2015,2.444444444,87,8,Strategy / Adventure / Simulation,,,,,,,,,,
Late Shift,Xbox,,Removed,04/01/2018,03/01/2019,11,04/18/2017,0.9527777778,72,1.5,Adventure,,,,,,,,,,
Portal Knights,Xbox,,Removed,04/01/2018,03/01/2019,11,02/25/2016,2.1,77,26,Action-Adventure,,,,,,,,,,
Sacred Citadel,Xbox,,Removed,04/01/2018,03/01/2019,11,04/17/2013,4.955555556,63,5,Brawler / Action-Adventure,,,,,,,,,,
Star Wars Jedi Knight: Jedi Academy,XB360/OG Xbox,,GwG Permanent,02/16/2019,02/28/2019,0.4,09/16/2003,15.41666667,89,,Shooter,Enhanced,Backwards Compatible,,,,,,,,
Bloodstained: Curse of the Moon,XB1/Series X|S,,GwG Temporary,02/01/2019,02/28/2019,0.9,05/24/2018,0.6861111111,81,,Action,,,,,,,,,,
F1 2015,Xbox,,Removed,07/01/2017,02/28/2019,19.9,07/10/2015,1.975,64,11,Driving/Racing,,,,,,,,,,
Assassin's Creed Rogue,XB360/OG Xbox,,GwG Permanent,02/01/2019,02/15/2019,0.4666666667,11/11/2014,4.222222222,74,,Action-Adventure,,Backwards Compatible,,,,,,,,
WRC 6,XB1/Series X|S,,GwG Temporary,01/16/2019,02/15/2019,0.9666666667,10/07/2016,2.275,73,,Racing,,,,,,,,,,
Aven Colony,Xbox,,Removed,09/01/2018,02/01/2019,5,07/25/2017,1.1,77,30,Simulation,,,,,,,,,,
Shadow Warrior,Xbox,,Removed,09/01/2018,02/01/2019,5,09/26/2013,4.930555556,74,12.5,First-Person Shooter,,,,,,,,,,
Dovetail Games: Euro Fishing,Xbox,,Removed,03/01/2018,02/01/2019,11,11/02/2015,2.330555556,61,28.5,Fishing,,,,,,,,,,
Resident Evil: Revelations 2,Xbox,,Removed,03/01/2018,02/01/2019,11,02/24/2015,3.019444444,75,10,Shooter,,,,,,,,,,
Sonic CD,Xbox,,Removed,03/01/2018,02/01/2019,11,09/23/1993,24.43888889,82,2,Action / Platformer,,,,,,,,,,
The Final Station,Xbox,,Removed,03/01/2018,02/01/2019,11,08/30/2016,1.502777778,70,4.5,Action / Adventure,,,,,,,,,,
Kyub,Xbox,,Removed,06/01/2017,02/01/2019,20,07/13/2016,0.8833333333,90,,Puzzle,,,,,,,,,,
Mega Coin Squad,Xbox,,Removed,06/01/2017,02/01/2019,20,08/15/2014,2.794444444,74,1,Action / Platformer,,,,,,,,,,
Far Cry 2,XB360/OG Xbox,,GwG Permanent,01/16/2019,01/31/2019,0.4666666667,10/21/2008,10.23611111,88,,Shooter,,Backwards Compatible,,,,,,,,
Celeste,XB1/Series X|S,,GwG Temporary,01/01/2019,01/31/2019,0.9666666667,01/25/2018,0.9333333333,94,,Platformer,,,,,,,,,,
Lara Croft and the Guardian of Light,XB360/OG Xbox,,GwG Permanent,01/01/2019,01/15/2019,0.4666666667,04/01/2010,8.75,84,,Action-Adventure,,Backwards Compatible,,,,,,,,
Never Alone (Kishima Ingitchuna),XB1/Series X|S,,GwG Temporary,12/16/2018,01/15/2019,0.9666666667,11/18/2014,4.077777778,81,,Adventure,,,,,,,,,,
The Escapists: The Walking Dead,Xbox,,Removed,08/01/2018,01/01/2019,5,09/30/2015,2.836111111,65,6.5,Strategy / Simulation,,,,,,,,,,
Letter Quest: Grimm's Journey - Remastered,Xbox,,Removed,02/01/2018,01/01/2019,11,07/22/2014,3.525,77,9,Puzzle,,,,,,,,,,
Dead Rising 3,Xbox,,Removed,08/01/2017,01/01/2019,17,11/22/2013,3.691666667,78,14,RPG / Action-Adventure,,,,,,,,,,
Electronic Super Joy,Xbox,,Removed,06/01/2017,01/01/2019,19,08/23/2013,3.772222222,77,3,Platformer,,,,,,,,,,
Roundabout,Xbox,,Removed,06/01/2017,01/01/2019,19,09/18/2014,2.702777778,74,2.5,Puzzle,,,,,,,,,,
Steredenn,Xbox,,Removed,06/01/2017,01/01/2019,19,05/18/2015,2.036111111,79,1.5,Shoot 'Em Up,,,,,,,,,,
Mercenaries: Playground of Destruction,XB360/OG Xbox,,GwG Permanent,12/16/2018,12/31/2018,0.4666666667,03/14/2005,13.75555556,76,,Action-Adventure,Enhanced,Backwards Compatible,,,,,,,,
Q.U.B.E. 2,XB1/Series X|S,,GwG Temporary,12/01/2018,12/31/2018,0.9666666667,01/17/2018,0.8722222222,77,,Puzzle,,Backwards Compatible,,,,,,,,
Dragon Age II,XB360/OG Xbox,,GwG Permanent,12/01/2018,12/15/2018,0.4666666667,03/08/2011,7.730555556,82,,RPG,,Backwards Compatible,,,,,,,,
Race the Sun,XB1/Series X|S,,GwG Temporary,11/16/2018,12/15/2018,0.9666666667,03/18/2013,5.661111111,76,,Action,,,,,,,,,,
Bayonetta,Xbox,,Removed,01/01/2018,12/01/2018,11,10/29/2009,8.172222222,90,11,Action,,,,,Xbox 360,,,,,
Deadlight: Director's Cut,Xbox,,Removed,01/01/2018,12/01/2018,11,09/18/2014,3.286111111,69,4,RPG,,,,,,,,,,
Injustice: Gods Among Us,Xbox,,Removed,01/01/2018,12/01/2018,11,04/16/2013,4.708333333,81,5,Fighting,,,,,,,,,,
Metal Gear Solid V: Ground Zeroes,Xbox,,Removed,01/01/2018,12/01/2018,11,03/18/2014,3.786111111,76,1.5,Action / Shooter,,,,,,,,,,
NBA Playgrounds,Xbox,,Removed,01/01/2018,12/01/2018,11,05/08/2017,0.6472222222,66,7,Sports / Basketball,,,,,,,,,,
WRC 5: FIA World Rally Championships,Xbox,,Removed,01/01/2018,12/01/2018,11,10/08/2010,7.230555556,70,15,Driving/Racing,,,,,,,,,,
Farming Simulator 15,Xbox,,Removed,06/01/2017,12/01/2018,18,10/30/2014,2.586111111,54,60.5,Simulation,,,,,,,,,,
Dante's Inferno,XB360/OG Xbox,,GwG Permanent,11/16/2018,11/30/2018,0.4666666667,02/09/2010,8.769444444,80,,Action,,Backwards Compatible,,,,,,,,
Battlefield 1,XB1/Series X|S,,GwG Temporary,11/01/2018,11/30/2018,0.9666666667,10/21/2016,2.027777778,89,,Shooter,,Backwards Compatible,,,,,,,,
Assassin's Creed,XB360/OG Xbox,,GwG Permanent,11/01/2018,11/15/2018,0.4666666667,11/13/2007,10.96666667,81,,Action-Adventure,Enhanced,Backwards Compatible,,,,,,,,
Victor Vran,XB1/Series X|S,,GwG Temporary,10/16/2018,11/15/2018,0.9666666667,08/12/2015,3.177777778,77,,RPG,,,,,,,,,,
The Technomancer,Xbox,,Removed,06/01/2018,11/01/2018,5,06/28/2016,1.925,68,20.5,Action / RPG,,,,,,,,,,
Casey Powell Lacrosse 16,Xbox,,Removed,12/01/2017,11/01/2018,11,03/09/2016,1.727777778,60,40,Sports,,,,,,,,,,
Mega Man 10,Xbox,,Removed,12/01/2017,11/01/2018,11,03/01/2010,7.75,79,2,Action / Platformer,,,,,Xbox 360,,,,,
Sherlock Holmes: The Devil's Daughter,Xbox,,Removed,12/01/2017,11/01/2018,11,06/10/2016,1.475,66,10,Action / Adventure,,,,,,,,,,
This War of Mine: The Little Ones,Xbox,,Removed,12/01/2017,11/01/2018,11,11/14/2014,3.047222222,78,10,Strategy / Adventure,,,,,,,,,,
Resident Evil Zero,Xbox,,Removed,06/01/2017,11/01/2018,17,11/10/2002,14.55833333,69,11.5,Action-Adventure,,,,,,,,,,
Hitman: Blood Money,XB360/OG Xbox,,GwG Permanent,10/16/2018,10/31/2018,0.4666666667,05/30/2006,12.37777778,83,,Action-Adventure,,Backwards Compatible,,,,,,,,
Overcooked!,XB1/Series X|S,,GwG Temporary,10/01/2018,10/31/2018,0.9666666667,08/03/2016,2.161111111,81,,Action,,,,,,,,,,
Stuntman: Ignition,XB360/OG Xbox,,GwG Permanent,10/01/2018,10/15/2018,0.4666666667,09/26/2007,11.01388889,77,,Racing,,Backwards Compatible,,,,,,,,
Livelock,XB1/Series X|S,,GwG Temporary,09/16/2018,10/15/2018,0.9666666667,01/31/2017,1.627777778,72,,Shooter,,,,,,,,,,
Oddworld: New 'n' Tasty,Xbox,,Removed,11/02/2017,10/01/2018,10.96666667,07/22/2014,3.277777778,86,7.5,Platformer,,,,,,,,,,
Mega Man 9,Xbox,,Removed,11/01/2017,10/01/2018,11,09/22/2008,9.108333333,82,3.5,Action / Platformer,,,,,Xbox 360,,,,,
Resident Evil,Xbox,,Removed,11/01/2017,10/01/2018,11,03/22/2002,15.60833333,82,11,Action-Adventure,,,,,,,,,,
Sky Force: Anniversary,Xbox,,Removed,11/01/2017,10/01/2018,11,04/30/2015,2.502777778,77,8,Action / Shoot 'Em Up,,,,,,,,,,
World of Van Helsing: Deathtrap,Xbox,,Removed,11/01/2017,10/01/2018,11,02/03/2015,2.744444444,80,7,Strategy,,,,,,,,,,
Sega Vintage Collection: Monster World,XB360/OG Xbox,,GwG Permanent,09/16/2018,09/30/2018,0.4666666667,04/15/2014,4.419444444,75,,Compilation,,Backwards Compatible,,,,,,,,
Prison Architect,XB1/Series X|S,,GwG Temporary,09/01/2018,09/30/2018,0.9666666667,10/07/2016,1.9,79,,Simulation,,,,,,,,,,
LEGO Star Wars III: The Clone Wars,XB360/OG Xbox,,GwG Permanent,09/01/2018,09/15/2018,0.4666666667,08/27/2011,7.011111111,80,,Action-Adventure,,Backwards Compatible,,,,,,,,
For Honor,XB1/Series X|S,,GwG Temporary,08/16/2018,09/15/2018,0.9666666667,02/14/2017,1.505555556,79,,Action-Adventure,Enhanced,Backwards Compatible,,,,,,,,
Maldita Castilla EX: Cursed Castilla,Xbox,,Removed,10/01/2017,09/01/2018,11,12/12/2012,4.802777778,81,5.5,Platformer,,,,,,,,,,
Saints Row: Gat Out of Hell,Xbox,,Removed,10/01/2017,09/01/2018,11,01/20/2015,2.697222222,65,4,Shooter / Action-Adventure,,,,,,,,,,
The Bug Butcher,Xbox,,Removed,10/01/2017,09/01/2018,11,01/19/2016,1.7,80,2,Action / Shooter,,,,,,,,,,
Tower of Guns,Xbox,,Removed,10/01/2017,09/01/2018,11,03/04/2014,3.575,71,2.5,First-Person Shooter,,,,,,,,,,
Epic Mickey 2: The Power of Two,XB360/OG Xbox,,GwG Permanent,08/16/2018,08/31/2018,0.4666666667,11/18/2012,5.744444444,63,,Platformer,,Backwards Compatible,,,,,,,,
Forza Horizon 2,XB1/Series X|S,,GwG Temporary,08/01/2018,08/31/2018,0.9666666667,09/30/2014,3.836111111,86,,Racing,,,,,,,,,,
Dead Space 3,XB360/OG Xbox,,GwG Permanent,08/01/2018,08/15/2018,0.4666666667,02/05/2013,5.488888889,74,,Action-Adventure,,Backwards Compatible,,,,,,,,
Death Squared,XB1/Series X|S,,GwG Temporary,07/16/2018,08/15/2018,0.9666666667,03/28/2017,1.3,78,,Puzzle,,,,,,,,,,
Pro Evolution Soccer 2018,Xbox,,Removed,05/01/2018,08/01/2018,3,09/12/2017,0.6361111111,82,85.5,Soccer,,,,,,,,,,
10 Second Ninja X,Xbox,,Removed,09/01/2017,08/01/2018,11,07/19/2016,1.116666667,82,2,Action / Puzzle / Platformer,,,,,,,,,,
The Bridge,Xbox,,Removed,09/01/2017,08/01/2018,11,02/22/2013,4.525,72,4,Puzzle / Platformer,,,,,,,,,,
Galaga Legions DX,Xbox,,Removed,06/01/2017,08/01/2018,14,06/28/2011,5.925,74,1.5,Action / Shoot 'Em Up,,,,,,,,,,
Pac-Man Museum,Xbox,,Removed,06/01/2017,08/01/2018,14,02/25/2014,3.266666667,64,3,Compilation,,,,,,,,,,
SoulCalibur II HD Online,Xbox,,Removed,06/01/2017,08/01/2018,14,11/19/2013,3.533333333,76,3,Fighting,,,,,,,,,,
Tekken Tag Tournament 2,Xbox,,Removed,06/01/2017,08/01/2018,14,09/11/2011,5.722222222,83,1.5,Fighting,,,,,,,,,,
Tom Clancy's Splinter Cell: Conviction,XB360/OG Xbox,,GwG Permanent,07/16/2018,07/31/2018,0.4666666667,04/02/2010,8.288888889,82,,Shooter,,Backwards Compatible,,,,,,,,
Assault Android Cactus,XB1/Series X|S,,GwG Temporary,07/01/2018,07/31/2018,0.9666666667,04/28/2016,2.175,82,,Action-Adventure,,Backwards Compatible,,,,,,,,
Virtua Fighter 5 Final Showdown,XB360/OG Xbox,,GwG Permanent,07/01/2018,07/15/2018,0.4666666667,08/28/2012,5.841666667,83,,Fighting,,Backwards Compatible,,,,,,,,
Smite,XB1/Series X|S,,GwG Temporary,06/16/2018,07/15/2018,0.9666666667,05/19/2015,3.075,78,,MOBA,,Backwards Compatible,,,,,,,,
Overcooked!,Xbox,,Removed,05/01/2018,07/01/2018,2,08/03/2016,1.744444444,80,8,Simulation,,,,,,,,,,
Pharaonic,Xbox,,Removed,08/01/2017,07/01/2018,11,04/28/2016,1.258333333,71,11,Action / RPG,,,,,,,,,,
So Many Me,Xbox,,Removed,08/01/2017,07/01/2018,11,07/16/2015,2.041666667,82,10,Puzzle / Platformer,,,,,,,,,,
Ultratron,Xbox,,Removed,08/01/2017,07/01/2018,11,03/18/2013,4.369444444,74,2.5,Dual-Joystick Shooter,,,,,,,,,,
LEGO Indiana Jones 2: The Adventure Continues,XB360/OG Xbox,,GwG Permanent,06/16/2018,06/30/2018,0.4666666667,06/18/2009,8.994444444,77,,Action-Adventure,,Backwards Compatible,,,,,,,,
Assassin's Creed Chronicles: Russia,XB1/Series X|S,,GwG Temporary,06/01/2018,06/30/2018,0.9666666667,03/11/2016,2.222222222,72,,Action-Adventure,,,,,,,,,,
Sonic & All-Stars Racing Transformed,XB360/OG Xbox,,GwG Permanent,06/01/2018,06/15/2018,0.4666666667,10/14/2012,5.630555556,87,,Racing,,Backwards Compatible,,,,,,,,
Metal Gear Solid V: The Phantom Pain,XB1/Series X|S,,GwG Temporary,05/16/2018,06/15/2018,0.9666666667,09/01/2015,2.708333333,91,,Action-Adventure,,,,,,,,,,
Bomberman Live: Battlefest,Xbox,,Removed,04/16/2018,06/01/2018,1.5,12/08/2010,7.355555556,70,1,Action / Puzzle,,,,,,,,,,
Bard's Gold,Xbox,,Removed,07/01/2017,06/01/2018,11,08/14/2015,1.880555556,63,5,Platformer,,,,,,,,,,
Monaco: What's Yours is Mine,Xbox,,Removed,07/01/2017,06/01/2018,11,04/24/2013,4.186111111,81,8,Action / Strategy,,,,,,,,,,
Resident Evil 6,Xbox,,Removed,07/01/2017,06/01/2018,11,10/02/2012,4.747222222,63,21.5,Action / Shooter / Brawler,,,,,,,,,,
Vanquish,XB360/OG Xbox,,GwG Permanent,05/16/2018,05/31/2018,0.4666666667,10/19/2010,7.575,86,,Shooter,,Backwards Compatible,,,,,,,,
Super Mega Baseball 2,XB1/Series X|S,,GwG Temporary,05/01/2018,05/31/2018,0.9666666667,08/28/2018,-0.325,83,,Sports,,Backwards Compatible,,,,,,,,
Sega Vintage Collection: Streets of Rage,XB360/OG Xbox,,GwG Permanent,05/01/2018,05/15/2018,0.4666666667,08/28/2013,4.675,86,,Compilation,,Backwards Compatible,,,,,,,,
Assassin's Creed Syndicate,XB1/Series X|S,,GwG Temporary,04/16/2018,05/15/2018,0.9666666667,10/23/2015,2.480555556,78,,Action-Adventure,,,,,,,,,,
BioShock Infinite,Xbox,,Removed,06/01/2017,05/04/2018,11.1,03/26/2013,4.180555556,93,11.5,First-Person Shooter / Action-Adventure,,,,,,,,,,
BioShock 2,Xbox,,Removed,06/01/2017,05/03/2018,11.06666667,02/09/2010,7.311111111,88,11,First-Person Shooter / Action-Adventure,,,,,Xbox 360,,,,,
BioShock,Xbox,,Removed,06/01/2017,05/02/2018,11.03333333,08/21/2007,9.777777778,96,12,First-Person Shooter / Action-Adventure,,,,,Xbox 360,,,,,
Age of Booty,Xbox,,Removed,06/01/2017,05/01/2018,11,10/15/2008,8.627777778,76,8,Real-Time Strategy,,,,,Xbox 360,,,,,
Bionic Commando: Rearmed 2,Xbox,,Removed,06/01/2017,05/01/2018,11,02/01/2011,6.333333333,62,5.5,Action / Platformer,,,,,,,,,,
Blood Bowl 2,Xbox,,Removed,06/01/2017,05/01/2018,11,09/22/2015,1.691666667,70,19,Strategy / RPG / Football,,,,,,,,,,
Borderlands,Xbox,,Removed,06/01/2017,05/01/2018,11,10/20/2009,7.613888889,84,22.5,Action / RPG / First-Person Shooter,,,,,Xbox 360,,,,,
Bound by Flame,Xbox,,Removed,06/01/2017,05/01/2018,11,05/09/2014,3.061111111,56,13,RPG / Action-Adventure,,,,,,,,,,
de Blob 2,Xbox,,Removed,06/01/2017,05/01/2018,11,02/22/2011,6.275,76,11,Puzzle / Platformer,,,,,,,,,,
Dead Rising 2: Case Zero,Xbox,,Removed,06/01/2017,05/01/2018,11,08/31/2010,6.752777778,79,2,Shooter / Brawler / Action-Adventure,,,,,,,,,,
Defense Grid 2,Xbox,,Removed,06/01/2017,05/01/2018,11,09/23/2014,2.688888889,78,10.5,Strategy / Real-Time Strategy,,,,,,,,,,
Dig Dug,Xbox,,Removed,06/01/2017,05/01/2018,11,04/19/1982,35.11666667,65,1,Action,,,,,,,,,,
Final Fight: Double Impact,Xbox,,Removed,06/01/2017,05/01/2018,11,04/14/2010,7.130555556,77,1,Brawler,,,,,,,,,,
LEGO Batman: The Videogame,Xbox,,Removed,06/01/2017,05/01/2018,11,09/23/2008,8.688888889,76,10,Brawler / Action-Adventure,,,,,Xbox 360,,,,,
Mad Max,Xbox,,Removed,06/01/2017,05/01/2018,11,09/01/2015,1.75,72,19.5,Driving/Racing / Shooter / Vehicular Combat,FPS Boost,,,,,,,,,
NeoGeo Battle Coliseum,Xbox,,Removed,06/01/2017,05/01/2018,11,12/22/2005,11.44166667,64,0.5,Fighting,,,,,,,,,,
Operation Flashpoint: Dragon Rising,Xbox,,Removed,06/01/2017,05/01/2018,11,10/06/2009,7.652777778,77,12,Action / Strategy / First-Person Shooter,,,,,Xbox 360,,,,,
Pac-Man Championship Edition DX,Xbox,,Removed,06/01/2017,05/01/2018,11,11/16/2010,6.541666667,93,4,Action / Puzzle,,,,,,,,,,
Sacred 3,Xbox,,Removed,06/01/2017,05/01/2018,11,07/31/2014,2.836111111,51,8,RPG / Action-Adventure,,,,,,,,,,
Sam & Max: Beyond Time and Space,Xbox,,Removed,06/01/2017,05/01/2018,11,11/22/2011,5.525,75,14,First-Person Shooter,,,,,,,,,,
Sam & Max: Save the World,Xbox,,Removed,06/01/2017,05/01/2018,11,11/22/2011,5.525,74,13,First-Person Shooter,,,,,,,,,,
SEGA Vintage Collection: Alex Kidd & Co.,Xbox,,Removed,06/01/2017,05/01/2018,11,05/23/2012,5.022222222,69,5,Compilation,,,,,,,,,,
SEGA Vintage Collection: Golden Axe,Xbox,,Removed,06/01/2017,05/01/2018,11,05/30/2012,5.002777778,60,1,Compilation,,,,,,,,,,
SoulCalibur,Xbox,,Removed,06/01/2017,05/01/2018,11,07/30/1998,18.83611111,79,0.5,Fighting,,,,,Xbox 360,,,,,
XCOM: Enemy Within,Xbox,,Removed,06/01/2017,05/01/2018,11,11/12/2013,3.552777778,88,27.5,Strategy / RPG,,,,,,,,,,
Dead Space 2,XB360/OG Xbox,,GwG Permanent,04/16/2018,04/30/2018,0.4666666667,01/25/2011,7.225,90,,Action-Adventure,,Backwards Compatible,,,,,,,,
The Witness,XB1/Series X|S,,GwG Temporary,04/01/2018,04/30/2018,0.9666666667,01/26/2016,2.180555556,87,,Puzzle,,,,,,,,,,
Lumo,Xbox,,Removed,06/01/2017,04/30/2018,10.96666667,04/22/2016,1.108333333,77,5,Action-Adventure,,,,,,,,,,
Cars 2: The Video Game,XB360/OG Xbox,,GwG Permanent,04/01/2018,04/15/2018,0.4666666667,06/19/2011,6.783333333,59,,Racing,,Backwards Compatible,,,,,,,,
Superhot,XB1/Series X|S,,GwG Temporary,03/16/2018,04/15/2018,0.9666666667,02/25/2016,2.058333333,83,,Shooter,,,,,,,,,,
NBA 2K17,Xbox,,Removed,02/01/2018,04/01/2018,2,09/16/2016,1.375,90,63.5,Sports / Basketball,,,,,,,,,,
WWE 2K17,Xbox,,Removed,02/01/2018,04/01/2018,2,10/11/2016,1.305555556,68,13,Wrestling,,,,,,,,,,
Quantum Conundrum,XB360/OG Xbox,,GwG Permanent,03/16/2018,03/31/2018,0.4666666667,04/10/2012,5.933333333,78,,Puzzle,,Backwards Compatible,,,,,,,,
Trials of the Blood Dragon,XB1/Series X|S,,GwG Temporary,03/01/2018,03/31/2018,0.9666666667,06/13/2016,1.716666667,55,,Racing,,,,,,,,,,
Comix Zone,Xbox,,Removed,06/01/2017,03/31/2018,9.966666667,08/02/1995,21.83055556,71,2,Action / Brawler,,,,,,,,,,
Brave: The Video Game,XB360/OG Xbox,,GwG Permanent,03/01/2018,03/15/2018,0.4666666667,10/14/2015,2.380555556,73,,Action,,Backwards Compatible,,,,,,,,
Assassin's Creed Chronicles: India,XB1/Series X|S,,GwG Temporary,02/16/2018,03/15/2018,0.9666666667,01/12/2016,2.094444444,63,,Action-Adventure,,,,,,,,,,
CAPCOM Arcade Cabinet,Xbox,,Removed,06/01/2017,03/01/2018,9,02/20/2013,4.280555556,68,6,Action / Compilation / Shoot 'Em Up,,,,,,,,,,
Dark Void,Xbox,,Removed,06/01/2017,03/01/2018,9,01/15/2010,7.377777778,59,7.5,Shooter,,,,,Xbox 360,,,,,
FLOCK!,Xbox,,Removed,06/01/2017,03/01/2018,9,08/21/2015,1.777777778,68,3,Action,,,,,,,,,,
SEGA Vintage Collection: Monster World,Xbox,,Removed,06/01/2017,03/01/2018,9,05/23/2012,5.022222222,72,70,Compilation,,,,,,,,,,
SEGA Vintage Collection: Streets of Rage,Xbox,,Removed,06/01/2017,03/01/2018,9,05/30/2012,5.002777778,84,1.5,Compilation,,,,,,,,,,
Strider,Xbox,,Removed,06/01/2017,03/01/2018,9,02/18/2014,3.286111111,76,5.5,Platformer / Action-Adventure,,,,,,,,,,
Virtua Fighter 5 Final Showdown,Xbox,,Removed,06/01/2017,03/01/2018,9,06/05/2012,4.988888889,81,0.5,Fighting,,,,,,,,,,
Crazy Taxi,XB360/OG Xbox,,GwG Permanent,02/16/2018,02/28/2018,0.4,11/24/2010,7.227777778,59,,Racing,,Backwards Compatible,,,,,,,,
Shadow Warrior,XB1/Series X|S,,GwG Temporary,02/01/2018,02/28/2018,0.9,09/26/2013,4.347222222,73,,Shooter,,,,,,,,,,
Split/Second,XB360/OG Xbox,,GwG Permanent,02/01/2018,02/15/2018,0.4666666667,05/18/2010,7.702777778,82,,Racing,,Backwards Compatible,,,,,,,,
Zombi,XB1/Series X|S,,GwG Temporary,01/16/2018,02/15/2018,0.9666666667,11/18/2012,5.161111111,77,19,Shooter,,,,,,,,,,
Army of Two,XB360/OG Xbox,,GwG Permanent,01/16/2018,01/31/2018,0.4666666667,03/06/2008,9.861111111,,,Shooter,,Backwards Compatible,,,,,,,,
The Incredible Adventures of Van Helsing III,XB1/Series X|S,,GwG Temporary,01/01/2018,01/31/2018,0.9666666667,05/22/2015,2.608333333,64,,Action‑Adventure,,Backwards Compatible,,,,,,,,
WWE 2K16,Xbox,,Removed,06/01/2017,01/31/2018,7.966666667,10/27/2015,1.594444444,72,15.5,Wrestling,,,,,,,,,,
Tomb Raider: Underworld,XB360/OG Xbox,,GwG Permanent,01/01/2018,01/15/2018,0.4666666667,11/18/2008,9.119444444,76,10,Action‑Adventure,,Backwards Compatible,,,,,,,,
Back to the Future: The Game 30th Anniversary Edition,XB1/Series X|S,,GwG Temporary,12/16/2017,01/15/2018,0.9666666667,10/13/2015,2.175,,10,Action‑Adventure,,,,,,,,,,
Marlow Briggs and the Mask of Death,XB360/OG Xbox,,GwG Permanent,12/16/2017,12/31/2017,0.4666666667,09/20/2013,4.238888889,66,6,Action‑Adventure,,Backwards Compatible,,,,,,,,
Warhammer: End Times - Vermintide,XB1/Series X|S,,GwG Temporary,12/01/2017,12/31/2017,0.9666666667,10/23/2015,2.105555556,79,,Shooter,,Backwards Compatible,,,,,,,,
NBA 2K16,Xbox,,Removed,06/01/2017,12/31/2017,6.966666667,09/25/2015,1.683333333,86,23.5,Sports / Basketball,,,,,,,,,,
Child of Eden,XB360/OG Xbox,,GwG Permanent,12/01/2017,12/15/2017,0.4666666667,06/14/2011,6.463888889,84,,Shooter,,Backwards Compatible,,,,,,,,
Tales from the Borderlands,XB1/Series X|S,,GwG Temporary,11/16/2017,12/15/2017,0.9666666667,10/20/2015,2.072222222,85,10,Action‑Adventure,,,,,,,,,,
Deadfall Adventures,XB360/OG Xbox,,GwG Permanent,11/16/2017,11/30/2017,0.4666666667,11/15/2013,4.002777778,53,8,Shooter,,Backwards Compatible,,,,,,,,
Trackmania Turbo,XB1/Series X|S,,GwG Temporary,11/01/2017,11/30/2017,0.9666666667,03/22/2016,1.608333333,81,15,Racing,,,,,,,,,,
NiGHTS into Dreams,XB360/OG Xbox,,GwG Permanent,11/01/2017,11/15/2017,0.4666666667,09/22/1991,26.10833333,90,,Platformer,,Backwards Compatible,,,,,,,,
The Turing Test,XB1/Series X|S,,GwG Temporary,10/16/2017,11/15/2017,0.9666666667,08/28/2018,-0.8666666667,82,,Puzzle,,,,,,,,,,
Medal of Honor: Airborne,XB360/OG Xbox,,GwG Permanent,10/16/2017,10/31/2017,0.4666666667,06/02/2007,10.37222222,87,,Shooter,,Backwards Compatible,,,,,,,,
Gone Home: Console Edition,XB1/Series X|S,,GwG Temporary,10/01/2017,10/31/2017,0.9666666667,08/15/2016,1.127777778,92,,Adventure,,,,,,,,,,
Rayman 3 HD,XB360/OG Xbox,,GwG Permanent,10/01/2017,10/15/2017,0.4666666667,09/28/2012,5.008333333,82,,Platformer,,Backwards Compatible,,,,,,,,
Oxenfree,XB1/Series X|S,,GwG Temporary,09/16/2017,10/15/2017,0.9666666667,01/15/2016,1.669444444,78,,Adventure,,,,,,,,,,
Battlefield 3,XB360/OG Xbox,,GwG Permanent,09/16/2017,09/30/2017,0.4666666667,10/25/2011,5.891666667,94,,Shooter,,Backwards Compatible,,,,,,,,
Forza Motorsport 5,XB1/Series X|S,,GwG Temporary,09/01/2017,09/30/2017,0.9666666667,11/22/2013,3.775,79,17,Racing,,,,,,,,,,
Hydro Thunder Hurricane,XB360/OG Xbox,,GwG Permanent,09/01/2017,09/15/2017,0.4666666667,12/05/2013,3.738888889,69,,Racing,,Backwards Compatible,,,,,,,,
Trials Fusion,XB1/Series X|S,,GwG Temporary,08/16/2017,09/15/2017,0.9666666667,04/22/2014,3.316666667,79,,Racing,,,,,,,,,,
Red Faction: Armageddon,XB360/OG Xbox,,GwG Permanent,08/16/2017,08/31/2017,0.4666666667,06/07/2011,6.191666667,71,,Shooter,,Backwards Compatible,,,,,,,,
Slime Rancher,XB1/Series X|S,,GwG Temporary,08/01/2017,08/31/2017,0.9666666667,08/01/2017,0,81,,Action-Adventure,,Backwards Compatible,,,,,,,,
Bayonetta,XB360/OG Xbox,,GwG Permanent,08/01/2017,08/15/2017,0.4666666667,01/05/2010,7.572222222,,12,Action‑Adventure,,Backwards Compatible,,,,,,,,
Runbow,XB1/Series X|S,,GwG Temporary,07/16/2017,08/15/2017,0.9666666667,11/17/2015,1.663888889,77,,Platformer,,,,,,,,,,
Dungeons & Dragons: Chronicles of Mystara,Xbox,,Removed,06/01/2017,08/15/2017,2.466666667,06/18/2013,3.952777778,77,2,Action / RPG / Brawler / Action-Adventure,,,,,,,,,,
LEGO Pirates of the Caribbean: The Video Game,XB360/OG Xbox,,GwG Permanent,07/16/2017,07/31/2017,0.4666666667,05/10/2011,6.183333333,73,27,Action-Adventure,,Backwards Compatible,,,,,,,,
Grow Up,XB1/Series X|S,,GwG Temporary,07/01/2017,07/31/2017,0.9666666667,08/16/2016,0.875,70,6,Action-Adventure,,,,,,,,,,
Kane & Lynch 2: Dog Days,XB360/OG Xbox,,GwG Permanent,07/01/2017,07/15/2017,0.4666666667,08/17/2010,6.872222222,63,4,Shooter,,Backwards Compatible,,,,,,,,
WATCH_DOGS,XB1/Series X|S,,GwG Temporary,06/16/2017,07/15/2017,0.9666666667,05/27/2014,3.052777778,79,20,Action-Adventure,,,,,,,,,,
Dragon Age: Origins,XB360/OG Xbox,,GwG Permanent,06/16/2017,06/30/2017,0.4666666667,11/03/2009,7.619444444,91,63,RPG,,Backwards Compatible,,,,,,,,
SpeedRunners,XB1/Series X|S,,GwG Temporary,06/01/2017,06/30/2017,0.9666666667,08/14/2013,3.797222222,78,6,Action-Adventure,,,,,,,,,,
Assassin's Creed III,XB360/OG Xbox,,GwG Permanent,06/01/2017,06/15/2017,0.4666666667,11/22/2012,4.525,85,19,Action-Adventure,,Backwards Compatible,,,,,,,,
Lara Croft and the Temple of Osiris,XB1/Series X|S,,GwG Temporary,05/16/2017,06/15/2017,0.9666666667,12/09/2014,2.436111111,74,5,Action-Adventure,,,,,,,,,,
Lego Star Wars: The Complete Saga,XB360/OG Xbox,,GwG Permanent,05/16/2017,05/31/2017,0.4666666667,11/06/2007,9.527777778,80,24,Action-Adventure,,Backwards Compatible,,,,,,,,
Giana Sisters: Twisted Dreams – Director's Cut,XB1/Series X|S,,GwG Temporary,05/01/2017,05/31/2017,0.9666666667,10/23/2012,4.522222222,83,8,Platformer,,,,,,,,,,
Star Wars: The Force Unleashed II,XB360/OG Xbox,,GwG Permanent,05/01/2017,05/15/2017,0.4666666667,10/26/2010,6.513888889,74,8,Action-Adventure,,Backwards Compatible,,,,,,,,
The Walking Dead: Season Two,XB1/Series X|S,,GwG Temporary,04/16/2017,05/15/2017,0.9666666667,12/17/2013,3.330555556,85,7,Adventure,,,,,,,,,,
Assassin's Creed Revelations,XB360/OG Xbox,,GwG Permanent,04/16/2017,04/30/2017,0.4666666667,11/15/2011,5.419444444,80,13,Action-Adventure,,Backwards Compatible,,,,,,,,
Ryse: Son of Rome,XB1/Series X|S,,GwG Temporary,04/01/2017,04/30/2017,0.9666666667,11/22/2013,3.358333333,69,7,Action-Adventure,,,,,,,,,,
Darksiders,XB360/OG Xbox,,GwG Permanent,04/01/2017,04/15/2017,0.4666666667,01/05/2010,7.238888889,85,14,Action-Adventure,Enhanced,Backwards Compatible,,,,,,,,
Evolve: Ultimate Edition,XB1/Series X|S,,GwG Temporary,03/16/2017,04/15/2017,0.9666666667,10/04/2016,0.45,67,12,Shooter,,,,,,,,,,
Heavy Weapon,XB360/OG Xbox,,GwG Permanent,03/16/2017,03/31/2017,0.4666666667,10/19/2006,10.40833333,74,3,Shooter,,Backwards Compatible,,,,,,,,
Layers of Fear,XB1/Series X|S,,GwG Temporary,03/01/2017,03/31/2017,0.9666666667,05/28/2016,0.7583333333,76,6,Action-Adventure,,,,,,,,,,
Borderlands 2,XB360/OG Xbox,,GwG Permanent,03/01/2017,03/15/2017,0.4666666667,09/18/2012,4.452777778,91,25,Shooter,,Backwards Compatible,,,,,,,,
Project CARS,XB1/Series X|S,,GwG Temporary,02/16/2017,03/15/2017,0.9666666667,05/07/2015,1.775,77,22,Racing,,,,,,,,,,
Star Wars: The Force Unleashed,XB360/OG Xbox,,GwG Permanent,02/16/2017,02/28/2017,0.4,09/16/2008,8.416666667,83,10,Action-Adventure,Enhanced,Backwards Compatible,,,,,,,,
Lovers in a Dangerous Spacetime,XB1/Series X|S,,GwG Temporary,02/01/2017,02/28/2017,0.9,09/09/2015,1.394444444,82,6,Action-Adventure,,,,,,,,,,
Monkey Island 2 Special Edition: LeChuck's Revenge,XB360/OG Xbox,,GwG Permanent,02/01/2017,02/15/2017,0.4666666667,07/15/2010,6.544444444,78,8,Adventure,,Backwards Compatible,,,,,,,,
Killer Instinct Season 2 Ultra Edition,XB1/Series X|S,,GwG Temporary,01/16/2017,02/15/2017,0.9666666667,11/29/2016,0.1305555556,79,6,Fighting,,,,,,,,,,
Rayman Origins,XB360/OG Xbox,,GwG Permanent,01/16/2017,01/31/2017,0.4666666667,11/29/2011,5.130555556,88,10,Platformer,,Backwards Compatible,,,,,,,,
World of Van Helsing: Deathtrap,XB1/Series X|S,,GwG Temporary,01/01/2017,01/31/2017,0.9666666667,08/14/2013,3.380555556,66,12,Tower Defense,,,,,,,,,,
The Cave,XB360/OG Xbox,,GwG Permanent,01/01/2017,01/15/2017,0.4666666667,11/06/2013,3.152777778,72,5,Adventure,,Backwards Compatible,,,,,,,,
Outlast,XB1/Series X|S,,GwG Temporary,12/16/2016,01/15/2017,0.9666666667,09/04/2013,3.283333333,80,4,Horror,,,,,,,,,,
Burnout Paradise,XB360/OG Xbox,,GwG Permanent,12/16/2016,12/31/2016,0.4666666667,01/22/2008,8.9,88,10,Racing,,Backwards Compatible,,,,,,,,
Sleeping Dogs: Definitive Edition,XB1/Series X|S,,GwG Temporary,12/01/2016,12/31/2016,0.9666666667,10/14/2014,2.130555556,81,18,Action-Adventure,,,,,,,,,,
Outland,XB360/OG Xbox,,GwG Permanent,12/01/2016,12/15/2016,0.4666666667,06/22/2011,5.441666667,78,6,Platformer,,Backwards Compatible,,,,,,,,
Murdered: Soul Suspect,XB1/Series X|S,,GwG Temporary,11/16/2016,12/15/2016,0.9666666667,06/04/2014,2.45,59,7,Adventure,,,,,,,,,,
Far Cry 3: Blood Dragon,XB360/OG Xbox,,GwG Permanent,11/16/2016,11/30/2016,0.4666666667,05/01/2013,3.541666667,80,5,Action-Adventure,,Backwards Compatible,,,,,,,,
Super Dungeon Bros,XB1/Series X|S,,GwG Temporary,11/01/2016,11/30/2016,0.9666666667,12/02/2014,1.913888889,64,6,Action-Adventure,,,,,,,,,,
The Secret of Monkey Island: Special Edition,XB360/OG Xbox,,GwG Permanent,11/01/2016,11/15/2016,0.4666666667,07/15/2010,6.294444444,86,7,Adventure,,Backwards Compatible,,,,,,,,
The Escapists,XB1/Series X|S,,GwG Temporary,10/16/2016,11/15/2016,0.9666666667,02/13/2015,1.675,79,15,Strategy,,,,,,,,,,
I Am Alive,XB360/OG Xbox,,GwG Permanent,10/16/2016,10/31/2016,0.4666666667,03/07/2012,4.608333333,64,6,Survival,,Backwards Compatible,,,,,,,,
Super Mega Baseball: Extra Innings,XB1/Series X|S,,GwG Temporary,10/01/2016,10/31/2016,0.9666666667,03/30/2016,0.5027777778,80,12,Sports,,,,,,,,,,
MX vs. ATV Reflex,XB360/OG Xbox,,GwG Permanent,10/01/2016,10/15/2016,0.4666666667,02/26/2009,7.597222222,77,8,Racing,,Backwards Compatible,,,,,,,,
Assassin's Creed Chronicles: China,XB1/Series X|S,,GwG Temporary,09/16/2016,10/15/2016,0.9666666667,04/21/2015,1.402777778,69,6,Action-Adventure,,,,,,,,,,
Mirror's Edge,XB360/OG Xbox,,GwG Permanent,09/16/2016,09/30/2016,0.4666666667,11/11/2008,7.847222222,79,8,Action-Adventure,Enhanced,Backwards Compatible,,,,,,,,
Earthlock: Festival of Magic,XB1/Series X|S,,GwG Temporary,09/01/2016,09/30/2016,0.9666666667,10/13/2015,0.8833333333,72,22,RPG,,,,,,,,,,
Forza Horizon,XB360/OG Xbox,,GwG Permanent,09/01/2016,09/15/2016,0.4666666667,10/23/2012,3.855555556,86,16,Racing,Enhanced,Backwards Compatible,,,,,,,,
WWE 2K16,XB1/Series X|S,,GwG Temporary,08/16/2016,09/15/2016,0.9666666667,10/27/2015,0.8027777778,66,8,Sports,,,,,,,,,,
Beyond Good & Evil HD,XB360/OG Xbox,,GwG Permanent,08/16/2016,08/31/2016,0.4666666667,12/03/2011,4.702777778,86,18,Action-Adventure,,Backwards Compatible,,,,,,,,
Warriors Orochi 3 Ultimate,XB1/Series X|S,,GwG Temporary,08/01/2016,08/31/2016,0.9666666667,09/25/2013,2.85,75,28,Action,,,,,,,,,,
Spelunky,XB360/OG Xbox,,GwG Permanent,08/01/2016,08/15/2016,0.4666666667,12/19/2012,3.616666667,89,6,Platformer,,Backwards Compatible,,,,,,,,
Tumblestone,XB1/Series X|S,,GwG Temporary,07/16/2016,08/15/2016,0.9666666667,01/26/2016,0.4722222222,75,5,Puzzle,,,,,,,,,,
Tron: Evolution,XB360/OG Xbox,,GwG Permanent,07/16/2016,07/31/2016,0.4666666667,06/07/2011,5.108333333,76,10,Action-Adventure,,Backwards Compatible,,,,,,,,
The Banner Saga 2,XB1/Series X|S,,GwG Temporary,07/01/2016,07/31/2016,0.9666666667,04/19/2016,0.2,84,16,RPG/Strategy,,,,,,,,,,
Tom Clancy's Rainbow Six: Vegas 2,XB360/OG Xbox,,GwG Permanent,07/01/2016,07/15/2016,0.4666666667,03/18/2008,8.286111111,81,10,Shooter,,Backwards Compatible,,,,,,,,
The Crew,XB1/Series X|S,,GwG Temporary,06/16/2016,07/15/2016,0.9666666667,12/02/2014,1.538888889,70,20,Racing,,,,,,,,,,
XCOM: Enemy Unknown,XB360/OG Xbox,,GwG Permanent,06/16/2016,06/30/2016,0.4666666667,10/09/2012,3.686111111,89,40,Strategy,,Backwards Compatible,,,,,,,,
Goat Simulator,XB1/Series X|S,,GwG Temporary,06/01/2016,06/30/2016,0.9666666667,04/01/2014,2.166666667,70,2,Sandbox,,Backwards Compatible,,,,,,,,
Super Meat Boy,XB360/OG Xbox,,GwG Permanent,06/01/2016,06/15/2016,0.4666666667,10/20/2010,5.613888889,88,6,Platformer,,Backwards Compatible,,,,,,,,
Costume Quest 2,XB1/Series X|S,,GwG Temporary,05/16/2016,06/15/2016,0.9666666667,10/28/2014,1.55,72,6,RPG,,,,,,,,,,
Peggle,XB360/OG Xbox,,GwG Permanent,05/16/2016,05/31/2016,0.4666666667,02/27/2007,9.219444444,76,4,Puzzle,,Backwards Compatible,,,,,,,,
Defense Grid 2,XB1/Series X|S,,GwG Temporary,05/01/2016,05/31/2016,0.9666666667,07/14/2014,1.797222222,79,9,Strategy,,,,,,,,,,
Grid 2,XB360/OG Xbox,,GwG Permanent,05/01/2016,05/15/2016,0.4666666667,05/28/2013,2.925,80,9,Racing,,Backwards Compatible,,,,,,,,
Sunset Overdrive,XB1/Series X|S,,GwG Temporary,04/16/2016,05/15/2016,0.9666666667,10/28/2014,1.466666667,81,12,Action-Adventure,,,,,,,,,,
Saints Row IV,XB360/OG Xbox,,GwG Permanent,04/16/2016,04/30/2016,0.4666666667,08/20/2013,2.655555556,86,15,Action-Adventure,,Backwards Compatible,,,,,,,,
The Wolf Among Us,XB1/Series X|S,,GwG Temporary,04/01/2016,04/30/2016,0.9666666667,10/14/2013,2.463888889,85,9,Adventure,,,,,,,,,,
Dead Space,XB360/OG Xbox,,GwG Permanent,04/01/2016,04/15/2016,0.4666666667,10/14/2008,7.463888889,89,12,Action-Adventure,,Backwards Compatible,,,,,,,,
Lords of the Fallen,XB1/Series X|S,,GwG Temporary,03/16/2016,04/15/2016,0.9666666667,10/13/2014,1.425,75,15,RPG,,,,,,,,,,
Borderlands,XB360/OG Xbox,,GwG Permanent,03/16/2016,03/31/2016,0.4666666667,10/20/2009,6.405555556,85,20,Shooter,,Backwards Compatible,,,,,,,,
Sherlock Holmes: Crimes & Punishments,XB1/Series X|S,,GwG Temporary,03/01/2016,03/31/2016,0.9666666667,09/30/2014,1.419444444,77,12,Adventure,,,,,,,,,,
Supreme Commander 2,XB360/OG Xbox,,GwG Permanent,03/01/2016,03/15/2016,0.4666666667,03/02/2010,5.997222222,74,30,Strategy,,Backwards Compatible,,,,,,,,
Styx: Master of Shadows,XB1/Series X|S,,GwG Temporary,02/16/2016,03/15/2016,0.9666666667,03/11/2014,1.930555556,73,12,Action-Adventure,,,,,,,,,,
Gears of War 2,XB360/OG Xbox,,GwG Permanent,02/16/2016,02/29/2016,0.4333333333,11/07/2008,7.275,91,9,Shooter,Enhanced,Backwards Compatible,,,,,,,,
Hand of Fate,XB1/Series X|S,,GwG Temporary,02/01/2016,02/29/2016,0.9333333333,10/17/2015,0.2888888889,77,12,Action-Adventure,,,,,,,,,,
Sacred Citadel,XB360/OG Xbox,,GwG Permanent,02/01/2016,02/15/2016,0.4666666667,12/05/2012,3.155555556,62,4,Action,,Backwards Compatible,,,,,,,,
Zheros,XB1/Series X|S,,GwG Temporary,01/16/2016,02/15/2016,0.9666666667,08/05/2014,1.447222222,58,6,Action,,,,,,,,,,
Deus Ex: Human Revolution,XB360/OG Xbox,,GwG Permanent,01/16/2016,01/31/2016,0.4666666667,08/23/2011,4.397222222,89,20,Action-Adventure,,Backwards Compatible,,,,,,,,
Killer Instinct Season 1 Ultra Edition,XB1/Series X|S,,GwG Temporary,01/01/2016,01/31/2016,0.9666666667,11/29/2016,-0.9111111111,79,6,Fighting,,Backwards Compatible,,,,,,,,
DiRT Showdown,XB360/OG Xbox,,GwG Permanent,01/01/2016,01/15/2016,0.4666666667,05/25/2012,3.6,74,6,Racing,,Backwards Compatible,,,,,,,,
Thief,XB1/Series X|S,,GwG Temporary,12/16/2015,01/15/2016,0.9666666667,02/25/2014,1.808333333,70,11,Action-Adventure,,,,,,,,,,
Sacred 3,XB360/OG Xbox,,GwG Permanent,12/16/2015,12/31/2015,0.4666666667,08/20/2014,1.322222222,46,7,Action,,Backwards Compatible,,,,,,,,
Operation Flashpoint: Dragon Rising,XB360/OG Xbox,,GwG Permanent,12/16/2015,12/31/2015,0.4666666667,11/06/2009,6.111111111,68,18,Shooter,,Backwards Compatible,,,,,,,,
The Incredible Adventures of Van Helsing,XB1/Series X|S,,GwG Temporary,12/01/2015,12/31/2015,0.9666666667,09/20/2012,3.197222222,72,20,Action-Adventure,,,,,,,,,,
CastleStorm,XB360/OG Xbox,,GwG Permanent,12/01/2015,12/15/2015,0.4666666667,03/27/2013,2.677777778,72,8,Strategy,,Backwards Compatible,,,,,,,,
Knight Squad,XB1/Series X|S,,GwG Temporary,11/16/2015,12/15/2015,0.9666666667,07/15/2015,0.3361111111,73,4,Action,,,,,,,,,,
Dungeon Siege III,XB360/OG Xbox,,GwG Permanent,11/16/2015,11/30/2015,0.4666666667,06/28/2011,4.383333333,71,18,Action-Adventure,,Backwards Compatible,,,,,,,,
Pneuma: Breath of Life,XB1/Series X|S,,GwG Temporary,11/01/2015,11/30/2015,0.9666666667,04/18/2013,2.536111111,70,3,Puzzle,,,,,,,,,,
DiRT 3,XB360/OG Xbox,,GwG Permanent,11/01/2015,11/15/2015,0.4666666667,05/24/2011,4.436111111,84,8,Racing,,Backwards Compatible,,,,,,,,
The Walking Dead: The Complete First Season,XB1/Series X|S,,GwG Temporary,10/16/2015,11/15/2015,0.9666666667,04/23/2012,3.480555556,86,8,Adventure,,,,,,,,,,
The Walking Dead: The Complete First Season,XB360/OG Xbox,,GwG Permanent,10/16/2015,10/31/2015,0.4666666667,04/23/2012,3.480555556,86,8,Adventure,,Backwards Compatible,,,,,,,,
Valiant Hearts: The Great War,XB1/Series X|S,,GwG Temporary,10/01/2015,10/31/2015,0.9666666667,06/25/2014,1.266666667,77,7,Platformer,,,,,,,,,,
Metal Gear Solid V: Ground Zeroes,XB360/OG Xbox,,GwG Permanent,10/01/2015,10/15/2015,0.4666666667,03/18/2014,1.536111111,74,1,Action-Adventure,,,,,,,,,,
Tomb Raider: Definitive Edition,XB1/Series X|S,,GwG Temporary,09/16/2015,10/15/2015,0.9666666667,01/28/2014,1.633333333,88,11,Action-Adventure,,,,,,,,,,
Crysis 3,XB360/OG Xbox,,GwG Permanent,09/16/2015,09/30/2015,0.4666666667,02/19/2013,2.575,76,6,Shooter,,Backwards Compatible,,,,,,,,
The Deer God,XB1/Series X|S,,GwG Temporary,09/01/2015,09/30/2015,0.9666666667,01/21/2014,1.611111111,72,4,Adventure,,,,,,,,,,
Battlestations: Pacific,XB360/OG Xbox,,GwG Permanent,09/01/2015,09/15/2015,0.4666666667,12/03/2009,5.744444444,76,12,Strategy,,Backwards Compatible,,,,,,,,
How To Survive: Storm Warning Edition,XB1/Series X|S,,GwG Temporary,08/16/2015,09/15/2015,0.9666666667,10/14/2013,1.838888889,72,10,Survival,,,,,,,,,,
Metro: Last Light,XB360/OG Xbox,,GwG Permanent,08/16/2015,08/31/2015,0.4666666667,05/14/2013,2.255555556,80,9,Shooter,,,,,,,,,,
Metal Gear Solid V: Ground Zeroes,XB1/Series X|S,,GwG Temporary,08/01/2015,08/31/2015,0.9666666667,03/18/2014,1.369444444,74,1,Action-Adventure,,,,,,,,,,
Metro 2033,XB360/OG Xbox,,GwG Permanent,08/01/2015,08/15/2015,0.4666666667,03/16/2010,5.375,81,10,Shooter,,,,,,,,,,
So Many Me,XB1/Series X|S,,GwG Temporary,07/16/2015,08/15/2015,0.9666666667,06/26/2014,1.055555556,72,6,Puzzle,,,,,,,,,,
Gears of War 3,XB360/OG Xbox,,GwG Permanent,07/16/2015,07/31/2015,0.4666666667,09/20/2011,3.822222222,87,10,Shooter,Enhanced,Backwards Compatible,,,,,,,,
Assassin's Creed IV: Black Flag,XB1/Series X|S,,GwG Temporary,07/01/2015,07/31/2015,0.9666666667,10/29/2013,1.672222222,88,22,Action-Adventure,,,,,,,,,,
Plants vs. Zombies,XB360/OG Xbox,,GwG Permanent,07/01/2015,07/15/2015,0.4666666667,05/05/2009,6.155555556,84,6,Strategy,,Backwards Compatible,,,,,,,,
Massive Chalice,XB1/Series X|S,,GwG Temporary,06/01/2015,07/15/2015,1.466666667,06/02/2015,-0.002777777778,72,30,Strategy,,,,,,,,,,
Thief,XB360/OG Xbox,,GwG Permanent,06/16/2015,06/30/2015,0.4666666667,02/25/2014,1.308333333,70,11,Action-Adventure,,,,,,,,,,
Pool Nation FX,XB1/Series X|S,,GwG Temporary,04/01/2015,06/30/2015,2.966666667,11/25/2013,1.35,72,4,Sports,,,,,,,,,,
Just Cause 2,XB360/OG Xbox,,GwG Permanent,06/01/2015,06/15/2015,0.4666666667,03/23/2010,5.188888889,86,25,Action-Adventure,,Backwards Compatible,,,,,,,,
F1 2013,XB360/OG Xbox,,GwG Permanent,05/16/2015,05/31/2015,0.4666666667,08/30/2013,1.711111111,82,6,Racing,,,,,,,,,,
CastleStorm: Definitive Edition,XB1/Series X|S,,GwG Temporary,05/01/2015,05/31/2015,0.9666666667,02/10/2015,0.225,78,8,Strategy,,,,,,,,,,
Mafia II,XB360/OG Xbox,,GwG Permanent,05/01/2015,05/15/2015,0.4666666667,08/24/2010,4.686111111,77,11,Action-Adventure,,Backwards Compatible,,,,,,,,
Assassin's Creed IV: Black Flag,XB360/OG Xbox,,GwG Permanent,04/16/2015,04/30/2015,0.4666666667,10/29/2013,1.463888889,88,22,Action-Adventure,,Backwards Compatible,,,,,,,,
Army of Two: The Devil's Cartel,XB360/OG Xbox,,GwG Permanent,04/16/2015,04/30/2015,0.4666666667,03/26/2013,2.055555556,55,7,Shooter,,,,,,,,,,
Child of Light,XB1/Series X|S,,GwG Temporary,04/01/2015,04/30/2015,0.9666666667,04/30/2014,0.9194444444,82,11,RPG,,,,,,,,,,
Rayman Legends,XB1/Series X|S,,GwG Temporary,03/01/2015,04/30/2015,1.966666667,09/03/2013,1.494444444,92,10,Platformer,,,,,,,,,,
Gears of War: Judgment,XB360/OG Xbox,,GwG Permanent,04/01/2015,04/15/2015,0.4666666667,03/19/2013,2.033333333,81,8,Shooter,,Backwards Compatible,,,,,,,,
Terraria,XB360/OG Xbox,,GwG Permanent,04/01/2015,04/15/2015,0.4666666667,05/16/2011,3.875,83,29,Sandbox,,,,,,,,,,
BioShock Infinite,XB360/OG Xbox,,GwG Permanent,03/16/2015,03/31/2015,0.4666666667,03/26/2013,1.972222222,94,11,Action-Adventure,,Backwards Compatible,,,,,,,,
#IDARB,XB1/Series X|S,,GwG Temporary,02/01/2015,03/31/2015,1.966666667,07/30/2014,0.5027777778,77,4,Arcade,,,,,,,,,,
Tomb Raider,XB360/OG Xbox,,GwG Permanent,03/01/2015,03/15/2015,0.4666666667,03/05/2013,1.988888889,86,12,Action-Adventure,,,,,,,,,,
Sniper Elite V2,XB360/OG Xbox,,GwG Permanent,02/16/2015,02/28/2015,0.4,05/04/2012,2.783333333,77,9,Shooter,,Backwards Compatible,,,,,,,,
Worms Battlegrounds,XB1/Series X|S,,GwG Temporary,12/01/2014,02/28/2015,2.9,09/27/2013,1.177777778,72,8,Strategy,,,,,,,,,,
Brothers: A Tale of Two Sons,XB360/OG Xbox,,GwG Permanent,02/01/2015,02/15/2015,0.4666666667,08/07/2013,1.483333333,85,3,Adventure,,,,,,,,,,
The Witcher 2: Assassins of Kings,XB360/OG Xbox,,GwG Permanent,01/16/2015,01/31/2015,0.4666666667,05/17/2011,3.663888889,88,40,RPG,Enhanced,Backwards Compatible,,,,,,,,
D4: Dark Dreams Don't Die,XB1/Series X|S,,GwG Temporary,01/01/2015,01/30/2015,0.9666666667,08/14/2014,0.3805555556,65,8,Adventure,,,,,,,,,,
MX vs. ATV Alive,XB360/OG Xbox,,GwG Permanent,01/01/2015,01/15/2015,0.4666666667,05/10/2011,3.641666667,63,9,Racing,,Backwards Compatible,,,,,,,,
SSX,XB360/OG Xbox,,GwG Permanent,12/16/2014,12/31/2014,0.4666666667,02/28/2012,2.8,82,12,Sports,,Backwards Compatible,,,,,,,,
Völgarr the Viking,XB1/Series X|S,,GwG Temporary,11/01/2014,12/31/2014,1.966666667,04/15/2014,0.5444444444,74,6,Platformer,,,,,,,,,,
The Raven: Legacy of a Master Thief,XB360/OG Xbox,,GwG Permanent,12/01/2014,12/15/2014,0.4666666667,06/24/2013,1.436111111,74,9,Adventure,,,,,,,,,,
Red Faction: Guerrilla,XB360/OG Xbox,,GwG Permanent,11/16/2014,11/30/2014,0.4666666667,06/02/2009,5.455555556,85,14,Action-Adventure,,,,,,,,,,
Chariot,XB1/Series X|S,,GwG Temporary,10/01/2014,11/30/2014,1.966666667,10/09/2014,-0.02222222222,77,6,Platformer,,,,,,,,,,
Viva Piñata: Trouble in Paradise,XB360/OG Xbox,,GwG Permanent,11/01/2014,11/15/2014,0.4666666667,10/21/2008,6.027777778,78,18,Simulation,Enhanced,Backwards Compatible,,,,,,,,
Darksiders II,XB360/OG Xbox,,GwG Permanent,10/16/2014,10/31/2014,0.4666666667,08/14/2012,2.172222222,84,22,Action-Adventure,,Backwards Compatible,,,,,,,,
Crimson Dragon,XB1/Series X|S,,GwG Temporary,08/01/2014,10/31/2014,2.966666667,11/26/2013,0.6805555556,58,6,Shooter,,,,,,,,,,
Battlefield: Bad Company 2,XB360/OG Xbox,,GwG Permanent,10/01/2014,10/15/2014,0.4666666667,03/02/2010,4.580555556,88,8,Shooter,,Backwards Compatible,,,,,,,,
Halo: Reach,XB360/OG Xbox,,GwG Permanent,09/16/2014,09/30/2014,0.4666666667,09/14/2010,4.005555556,91,12,Shooter,,Backwards Compatible,,,,,,,,
Super Time Force,XB1/Series X|S,,GwG Temporary,09/01/2014,09/30/2014,0.9666666667,08/28/2014,0.008333333333,83,6,Action,,,,,,,,,,
Monaco: What's Yours Is Mine,XB360/OG Xbox,,GwG Permanent,09/01/2014,09/15/2014,0.4666666667,04/24/2013,1.352777778,84,8,Stealth,,Backwards Compatible,,,,,,,,
Dishonored,XB360/OG Xbox,,GwG Permanent,08/16/2014,08/31/2014,0.4666666667,10/09/2012,1.852777778,91,13,Action-Adventure,,,,,,,,,,
Strike Suit Zero: Director's Cut,XB1/Series X|S,,GwG Temporary,08/01/2014,08/31/2014,0.9666666667,11/12/2013,0.7194444444,78,8,Shooter,,,,,,,,,,
Motocross Madness,XB360/OG Xbox,,GwG Permanent,08/01/2014,08/15/2014,0.4666666667,11/09/2010,3.727777778,70,6,Racing,,Backwards Compatible,,,,,,,,
BattleBlock Theater,XB360/OG Xbox,,GwG Permanent,07/16/2014,07/31/2014,0.4666666667,04/03/2013,1.286111111,86,8,Platformer,,Backwards Compatible,,,,,,,,
Guacamelee! Super Turbo Championship Edition,XB1/Series X|S,,GwG Temporary,07/02/2014,07/31/2014,0.9333333333,08/21/2013,0.8638888889,89,8,Metroidvania,,,,,,,,,,
Halo: Spartan Assault,XB1/Series X|S,,GwG Temporary,06/03/2014,07/31/2014,1.9,07/18/2013,0.875,70,5,Shooter,,,,,,,,,,
Max: The Curse of Brotherhood,XB1/Series X|S,,GwG Temporary,06/03/2014,07/31/2014,1.9,12/04/2013,0.4972222222,77,6,Platformer,,,,,,,,,,
Gotham City Impostors,XB360/OG Xbox,,GwG Permanent,07/01/2014,07/15/2014,0.4666666667,02/08/2012,2.397222222,67,6,Shooter,,,,,,,,,,
Charlie Murder,XB360/OG Xbox,,GwG Permanent,06/16/2014,06/30/2014,0.4666666667,10/15/2013,0.6694444444,78,6,Beat-Em-Up,,,,,,,,,,
Super Street Fighter IV: Arcade Edition,XB360/OG Xbox,,GwG Permanent,06/16/2014,06/30/2014,0.4666666667,04/27/2011,3.136111111,90,8,Fighting,,Backwards Compatible,,,,,,,,
Dark Souls,XB360/OG Xbox,,GwG Permanent,06/01/2014,06/15/2014,0.4666666667,10/07/2011,2.65,89,45,Action-Adventure,,Backwards Compatible,,,,,,,,
Saints Row: The Third,XB360/OG Xbox,,GwG Permanent,05/16/2014,05/31/2014,0.4666666667,11/15/2011,2.502777778,84,15,Action-Adventure,,Backwards Compatible,,,,,,,,
Dust: An Elysian Tail,XB360/OG Xbox,,GwG Permanent,05/01/2014,05/15/2014,0.4666666667,08/15/2012,1.711111111,85,8,Action-Adventure,,,,,,,,,,
Deadlight,XB360/OG Xbox,,GwG Permanent,04/16/2014,04/30/2014,0.4666666667,07/03/2012,1.786111111,72,6,Platformer,,,,,,,,,,
Hitman: Absolution,XB360/OG Xbox,,GwG Permanent,04/01/2014,04/15/2014,0.4666666667,11/20/2012,1.363888889,83,15,Action-Adventure,,Backwards Compatible,,,,,,,,
Dungeon Defenders,XB360/OG Xbox,,GwG Permanent,03/16/2014,03/31/2014,0.4666666667,10/19/2011,2.408333333,78,20,Action,,,,,,,,,,
Sid Meier's Civilization Revolution,XB360/OG Xbox,,GwG Permanent,03/01/2014,03/15/2014,0.4666666667,07/01/2008,5.666666667,80,30,Strategy,Enhanced,Backwards Compatible,,,,,,,,
Toy Soldiers: Cold War,XB360/OG Xbox,,GwG Permanent,02/16/2014,02/28/2014,0.4,10/26/2011,2.305555556,77,8,Strategy,,Backwards Compatible,,,,,,,,
Dead Island,XB360/OG Xbox,,GwG Permanent,02/01/2014,02/15/2014,0.4666666667,09/06/2011,2.402777778,71,15,Action-Adventure,,,,,,,,,,
Lara Croft and the Guardian of Light,XB360/OG Xbox,,GwG Permanent,01/16/2014,01/31/2014,0.4666666667,04/01/2010,3.791666667,84,7,Action-Adventure,,Backwards Compatible,,,,,,,,
Sleeping Dogs,XB360/OG Xbox,,GwG Permanent,01/01/2014,01/15/2014,0.4666666667,08/14/2012,1.380555556,80,17,Action-Adventure,,,,,,,,,,
Shoot Many Robots,XB360/OG Xbox,,GwG Permanent,12/16/2013,12/31/2013,0.4666666667,08/07/2012,1.358333333,70,6,Action,,,,,,,,,,
Gears of War,XB360/OG Xbox,,GwG Permanent,12/01/2013,12/15/2013,0.4666666667,11/07/2006,7.066666667,91,9,Shooter,,Backwards Compatible,,,,,,,,
Iron Brigade,XB360/OG Xbox,,GwG Permanent,11/16/2013,11/30/2013,0.4666666667,07/12/2011,2.344444444,82,7,Strategy,,Backwards Compatible,,,,,,,,
A World of Keflings,XB360/OG Xbox,,GwG Permanent,11/01/2013,11/15/2013,0.4666666667,03/17/2010,3.622222222,74,12,Simulation,,Backwards Compatible,,,,,,,,
Halo 3,XB360/OG Xbox,,GwG Permanent,10/16/2013,10/31/2013,0.4666666667,09/25/2007,6.058333333,94,12,Shooter,Enhanced,Backwards Compatible,,,,,,,,
Might & Magic: Clash of Heroes,XB360/OG Xbox,,GwG Permanent,10/01/2013,10/15/2013,0.4666666667,07/22/2009,4.191666667,86,20,Puzzle,,Backwards Compatible,,,,,,,,
Tom Clancy's Rainbow Six: Vegas,XB360/OG Xbox,,GwG Permanent,09/16/2013,09/30/2013,0.4666666667,11/20/2006,6.822222222,80,12,Shooter,,Backwards Compatible,,,,,,,,
Magic: The Gathering - Duels of the Planeswalkers 2013,XB360/OG Xbox,,GwG Permanent,09/01/2013,09/15/2013,0.4666666667,07/19/2012,1.116666667,75,10,Card Game,,Backwards Compatible,,,,,,,,
Dead Rising 2,XB360/OG Xbox,,GwG Permanent,08/16/2013,08/31/2013,0.4666666667,08/31/2011,1.961111111,79,18,Action,,,,,,,,,,
Crackdown,XB360/OG Xbox,,GwG Permanent,08/01/2013,08/15/2013,0.4666666667,02/20/2007,6.447222222,82,12,Action-Adventure,Enhanced,Backwards Compatible,,,,,,,,
Assassin's Creed II,XB360/OG Xbox,,GwG Permanent,07/16/2013,07/31/2013,0.4666666667,11/17/2009,3.663888889,90,19,Action-Adventure,,Backwards Compatible,,,,,,,,
Defense Grid: The Awakening,XB360/OG Xbox,,GwG Permanent,07/01/2013,07/15/2013,0.4666666667,03/31/2009,4.252777778,86,10,Strategy,,Backwards Compatible,,,,,,,,
Fable III,XB360/OG Xbox,,GwG Permanent,06/10/2013,06/30/2013,0.6666666667,10/26/2010,2.622222222,71,20,Action-Adventure,Enhanced,Backwards Compatible,,,,,,,,
