game_name,release_date,Added to Service,Removed from Service,metacritic_score,publisher,developer,System
The Outer Worlds 2,2025-10-01,2025-10-01,,,Xbox Game Studios,Obsidian Entertainment,Xbox / PC
Evil West,2022-11-01,2025-10-01,,73,"Focus Home Interactive, Focus Entertainment",Flying Wild Hog,Xbox / PC
Ninja Gaiden 4,2025-10-01,2025-10-01,,,Xbox Game Studios,"Platinum Games, Koei Tecmo, Team NINJA",Xbox / PC
Keeper,2025-10-01,2025-10-01,,,,Terrarium,Xbox / PC
Pax Dei,2025-10-01,2025-10-01,,,"Mainframe Industries, New Tales",Mainframe Industries,PC
Ball x Pit,2025-10-01,2025-10-01,,,Devolver Digital,Kenny Sun,Xbox / PC
The Grinch: Christmas Adventures,2023-10-01,2025-10-01,,68,Outright Games,Casual Brothers,Xbox / PC
The Casting of Frank Stone,2024-09-01,2025-10-01,,68,Behaviour Interactive,Supermassive Games,Xbox / PC
Baldur's Gate and Baldur's Gate II: Enhanced Editions,2019-10-01,2025-10-01,,72,Skybound Games,Beamdog,PC
Little Rocket Lab,2025-10-01,2025-10-01,,83,No More Robots,Teenage Astronauts,Xbox / PC
Supermarket Simulator,2025-06-01,2025-10-01,,,Nokta Games,Nokta Games,Xbox / PC
Sopa: Tale of the Stolen Potato,2025-10-01,2025-10-01,,79,StudioBando,StudioBando,Xbox / PC
Hogwarts Legacy,2023-02-01,2025-10-01,,84,"Warner Bros. Interactive, Wizarding World","Avalanche Software, Portkey Games",Xbox / PC
Assassin's Creed II,2009-11-01,2025-10-01,,90,Ubisoft Entertainment,Ubisoft Montreal,PC
Assassin's Creed III: Remastered,2019-03-01,2025-10-01,,72,Ubisoft Entertainment,Ubisoft Montreal,Xbox / PC
Assassin's Creed IV Black Flag,2013-10-01,2025-10-01,,88,Ubisoft Entertainment,"Ubisoft, Ubisoft Montreal, Ubisoft Toronto, Ubisoft Bucharest",Xbox / PC
Assassin's Creed IV Black Flag: Freedom Cry,2013-12-01,2025-10-01,,71,Ubisoft Entertainment,Ubisoft Montreal,PC
Assassin's Creed Brotherhood,2010-11-01,2025-10-01,,89,Ubisoft Entertainment,Ubisoft Montreal,PC
Assassin's Creed Chronicles: China,2015-04-01,2025-10-01,,69,Ubisoft Entertainment,"Ubisoft, Climax Studios",Xbox / PC
Assassin's Creed Chronicles: India,2016-01-01,2025-10-01,,63,Ubisoft Entertainment,"Ubisoft, Climax Studios",Xbox / PC
Assassin's Creed Chronicles: Russia,2016-02-01,2025-10-01,,62,Ubisoft Entertainment,"Ubisoft, Climax Studios",Xbox / PC
Assassin's Creed Liberation HD,2014-01-01,2025-10-01,,62,Ubisoft Entertainment,"Ubisoft, Ubisoft Montreal, Ubisoft Milan, Ubisoft Sofia",PC
Assassin's Creed Revelations,2011-11-01,2025-10-01,,80,Ubisoft Entertainment,Ubisoft,PC
Assassin's Creed Rogue: Remastered,2018-03-01,2025-10-01,,71,,Ubisoft,Xbox / PC
Assassin's Creed Syndicate,2015-10-01,2025-10-01,,76,Ubisoft Entertainment,"Ubisoft Montreal, Ubisoft Quebec, Ubisoft Singapore",Xbox / PC
Assassin's Creed: The Ezio Collection,2016-11-01,2025-10-01,,72,Ubisoft Entertainment,Ubisoft,Xbox
Assassin's Creed Unity,2014-11-01,2025-10-01,,72,Ubisoft Entertainment,"Ubisoft, Ubisoft Montreal, Ubisoft Toronto, Ubisoft Montpellier",Xbox / PC
Child of Light,2014-04-01,2025-10-01,,82,Ubisoft Entertainment,"Ubisoft, Ubisoft Montreal",Xbox / PC
Far Cry 3,2012-12-01,2025-10-01,,88,Ubisoft Entertainment,"Ubisoft, Ubisoft Montreal",Xbox / PC
Far Cry 3: Blood Dragon,2013-05-01,2025-10-01,,80,Ubisoft Entertainment,"Ubisoft, Ubisoft Montreal",Xbox / PC
Far Cry Primal,2016-02-01,2025-10-01,,76,Ubisoft Entertainment,Ubisoft,Xbox / PC
Hungry Shark World,2018-07-01,2025-10-01,,58,Ubisoft Entertainment,Ubisoft,Xbox / PC
Monopoly Madness,2022-12-01,2025-10-01,,,Ubisoft Entertainment,"Engine Software, Ubisoft",Xbox / PC
Monopoly (2024),2024-09-01,2025-10-01,,74,"Electronic Arts, Ubisoft Entertainment, Marmalade Game Studio","Ubisoft, Engine Software, Sperasoft, Marmalade Game Studio, Electronic Arts Bright Light",Xbox / PC
OddBallers,2023-01-01,2025-10-01,,71,"Ubisoft Entertainment, Game Swing",Game Swing,Xbox / PC
Prince of Persia: The Lost Crown,2024-01-01,2025-10-01,,86,Ubisoft Entertainment,,Xbox / PC
Rabbids Invasion: The Interactive TV Show,2014-11-01,2025-10-01,,53,Ubisoft Entertainment,Ubisoft,Xbox
Rabbids: Party of Legends,2022-06-01,2025-10-01,,69,Ubisoft Entertainment,Ubisoft Chengdu,Xbox / PC
Rayman Legends,2013-09-01,2025-10-01,,92,Ubisoft Entertainment,"Ubisoft, Ubisoft Montpellier",Xbox / PC
Risk: Urban Assault,2016-08-01,2025-10-01,,61,Ubisoft Entertainment,Ubisoft,Xbox
Scott Pilgrim vs. The World: The Game,2021-01-01,2025-10-01,,79,Ubisoft Entertainment,"Ubisoft Montreal, Ubisoft Chengdu",Xbox / PC
Skull and Bones,2024-02-01,2025-10-01,,59,Ubisoft Entertainment,Ubisoft Singapore,Xbox / PC
South Park: The Stick of Truth,2014-03-01,2025-10-01,,85,Ubisoft Entertainment,Obsidian Entertainment,Xbox / PC
Starlink: Battle for Atlas,2018-10-01,2025-10-01,,74,Ubisoft Entertainment,Ubisoft Toronto,Xbox / PC
Steep,2016-11-01,2025-10-01,,71,Ubisoft Entertainment,"Ubisoft, Ubisoft Montpellier, Ubisoft Annecy, Ubisoft Kiev",Xbox / PC
The Crew 2,2018-06-01,2025-10-01,,64,Ubisoft Entertainment,"Ubisoft, Ivory Tower",Xbox / PC
The Settlers: New Allies,2023-02-01,2025-10-01,,54,Ubisoft Entertainment,Ubisoft Düsseldorf,Xbox / PC
Tom Clancy's Ghost Recon Breakpoint,2019-10-01,2025-10-01,,56,Ubisoft Entertainment,"Ubisoft, Ubisoft Paris",Xbox / PC
Tom Clancy's Rainbow Six: Extraction,2022-01-01,2025-10-01,,72,Ubisoft Entertainment,"Ubisoft, Ubisoft Montreal",Xbox / PC
Tom Clancy's The Division,2016-03-01,2025-10-01,,80,Ubisoft Entertainment,"Ubisoft, Massive Entertainment",Xbox / PC
Trackmania Turbo,2016-03-01,2025-10-01,,81,Ubisoft Entertainment,"Ubisoft, Nadeo",Xbox / PC
Transference,2018-09-01,2025-10-01,,71,Ubisoft Entertainment,Ubisoft,Xbox
Trials Fusion,2014-04-01,2025-10-01,,79,Ubisoft Entertainment,"Ubisoft, Ubisoft Shanghai, Redlynx",Xbox / PC
Trials of the Blood Dragon,2016-06-01,2025-10-01,,55,Ubisoft Entertainment,"Ubisoft, Ubisoft Kiev, Redlynx",Xbox / PC
Trials Rising,2019-02-01,2025-10-01,,79,Ubisoft Entertainment,"Ubisoft, Redlynx",Xbox / PC
Uno,2006-05-01,2025-10-01,,81,"Ubisoft Entertainment, Gameloft",Ubisoft,Xbox / PC
Valiant Hearts: The Great War,2014-06-01,2025-10-01,,77,Ubisoft Entertainment,Ubisoft Montpellier,Xbox / PC
Watch_Dogs,2014-05-01,2025-10-01,,80,Ubisoft Entertainment,"Ubisoft, Ubisoft Montreal",Xbox / PC
Wheel of Fortune,2017-11-01,2025-10-01,,80,,,Xbox
Zombi,2015-08-01,2025-10-01,,65,Ubisoft Entertainment,"Ubisoft, Straight Right",Xbox / PC
Lara Croft and the Guardian of Light,2015-02-01,2025-09-01,,84,Square Enix,"Square Enix, Crystal Dynamics",Xbox / PC
Peppa Pig: World Adventures,2023-03-01,2025-09-01,,72,Outright Games,Petoons Studio,Xbox / PC
Visions of Mana,2024-08-01,2025-09-01,,75,Square Enix,Square Enix,Xbox / PC
SWORN,2025-09-01,2025-09-01,,,"Team17 Digital, Low End Games","Windwalk Games, Low End Games",Xbox / PC
ENDLESS Legend 2 (Game Preview),2025-09-01,2025-09-01,,82,SEGA,Amplitude Studios,PC
Hades,2018-12-01,2025-09-01,,94,Supergiant Games,Supergiant Games,Xbox / PC
Frostpunk 2,2024-09-01,2025-09-01,,85,11 bit studios,11 Bit Studios,Xbox / PC
Wobbly Life,2025-08-01,2025-09-01,,80,RubberBandGames,RubberBandGames,Xbox / PC
Deep Rock Galactic: Survivor,2025-09-01,2025-09-01,,,Ghost Ship Publishing,Funday Games,Xbox / PC
PAW Patrol World,2023-09-01,2025-09-01,,79,Outright Games,3DClouds,Xbox / PC
RoadCraft,2025-05-01,2025-09-01,,77,,lassevalentini,Xbox
Hollow Knight: Silksong,2025-09-01,2025-09-01,,,Team Cherry,Team Cherry,Xbox / PC
Cataclismo,2025-03-01,2025-09-01,,82,"Humble Games, Hooded Horse",Digital Sun,PC
I Am Your Beast,2024-09-01,2025-09-01,,79,"Strange Scaffold, Frosty Pop",Strange Scaffold,Xbox / PC
Dragon Age: The Veilguard,2024-10-01,2025-08-01,,82,Electronic Arts,BioWare,Xbox / PC
Gears of War: Reloaded,2025-08-01,2025-08-01,,79,"Microsoft Studios, Xbox Game Studios",The Coalition,Xbox / PC
Herdling,2025-08-01,2025-08-01,,77,Panic,Okomotive,Xbox / PC
The Rogue Prince of Persia,2025-08-01,2025-08-01,,81,Ubisoft Entertainment,Evil Empire,Xbox / PC
Persona 4: Golden,2012-06-01,2025-08-01,,90,"SEGA, Atlus","Atlus, P Studio",Xbox / PC
Blacksmith Master,2025-05-01,2025-08-01,,,Hooded Horse,Untitled Studio,PC
VOID/BREAKER,2025-08-01,2025-08-01,,,PlayStack,Stubby Games,PC
9 Kings (Game Preview),2025-08-01,2025-08-01,,,Holospark,Holospark,PC
Caesar III,1998-09-01,2025-08-01,,,Activision Blizzard,Impressions Games,Xbox / PC
Climber 5,1987-01-01,2025-08-01,,,Nintendo,Nintendo,Xbox / PC
The Colonel's Bequest,1989-10-01,2025-08-01,,,"Activision Blizzard, Sierra On-Line, Sierra Entertainment","Sierra Entertainment, Sierra, Sierra On-Line",Xbox / PC
Private Eye,1984-02-01,2025-08-01,,,Activision Blizzard,Activision,Xbox / PC
Oystron,1997-01-01,2025-08-01,,,XYPE,Piero Cavina,Xbox / PC
Shootin' Gallery,1982-01-01,2025-08-01,,,,JamesGottago,Xbox / PC
Wing War,1983-12-01,2025-08-01,,,"GOG, Strategic Simulations, SNEG",DreamForge Intertainment,Xbox / PC
Aliens: Fireteam Elite,2022-08-01,2025-08-01,,69,"Focus Home Interactive, Cold Iron Studios",Cold Iron Studios,Xbox / PC
Assassin's Creed Mirage,2023-10-01,2025-08-01,,76,Ubisoft Entertainment,"Ubisoft, Ubisoft Montreal, Ubisoft Bordeaux",Xbox / PC
Heretic + Hexen,2025-08-01,2025-08-01,,82,Bethesda Softworks,"id Software, Nightdive Studios",Xbox / PC
Rain World,2017-03-01,2025-08-01,,59,Adult Swim Games,"Adult Swim, Videocult",Xbox / PC
Farming Simulator 25,2024-11-01,2025-08-01,,75,Giants Software,Giants Software,Xbox / PC
Grounded 2 (Game Preview),2025-07-01,2025-07-01,,,,,Xbox / PC
WUCHANG: Fallen Feathers,2025-07-01,2025-07-01,,74,505 Games,"Leenzee Games, Leenzee",Xbox / PC
Wheel World,2025-07-01,2025-07-01,,71,Annapurna Interactive,Messhof,Xbox / PC
Abiotic Factor,2025-07-01,2025-07-01,,88,PlayStack,Deep Field Games,Xbox / PC
Descenders Next (Game Preview),2025-07-01,2025-07-01,,,,,Xbox / PC
Caesar,1992-01-01,2025-07-01,,,"Activision Blizzard, Sierra Entertainment",Impressions Games,Xbox / PC
Conquests of Camelot: The Search for the Grail,1990-01-01,2025-07-01,,,"Activision Blizzard, Sierra On-Line","Sierra Entertainment, Sierra, Sierra On-Line",Xbox / PC
Gabriel Knight: Sins of the Fathers,1993-01-01,2025-07-01,,,Activision Blizzard,"Sierra, Phoenix Online Studios, Sierra On-Line",Xbox / PC
Hard Head,1983-01-01,2025-07-01,,,Konami,"Konami Digital Entertainment, Arc System Works, Arc System Works Co.",Xbox / PC
Okie Dokie,1996-01-01,2025-07-01,,,Sony Computer Entertainment,"Sony Interactive Entertainment, Humanature Studios",Xbox / PC
Skate Boardin',1987-07-01,2025-07-01,,,"Activison, Absolute Entertainment",Absolute Entertainment,Xbox / PC
Skeleton+,2003-01-01,2025-07-01,,,Vyacheslav Shilikhin,Vyacheslav Shilikhin,Xbox / PC
He Is Coming (Game Preview),2025-07-01,2025-07-01,,,Holospark,Holospark,PC
RoboCop: Rogue City,2023-11-01,2025-07-01,,72,Nacon,Teyon,Xbox / PC
My Friendly Neighborhood,2023-07-01,2025-07-01,,81,,DreadXP,Xbox / PC
High on Life,2022-12-01,2025-07-01,,67,Squanch Games,Squanch Games,Xbox / PC
Tony Hawk's Pro Skater 3 + 4,2025-07-01,2025-07-01,,82,"Activision Blizzard, Activision Value Publishing",Iron Galaxy Studios,Xbox / PC
Minami Lane,2024-02-01,2025-07-01,,78,Doot,"Doot, Blibloop",Xbox / PC
The Ascent,2021-07-01,2025-07-01,,70,Curve Digital,Neon Giant,Xbox / PC
Ultimate Chicken Horse,2018-09-01,2025-07-01,,80,Clever Endeavour Games,"NVIDIA Lightspeed Studios, Clever Endeavour Games",Xbox / PC
Cosmic Commuter,1985-01-01,2025-07-01,,,3D Realms,"3D Realms, Apogee Software",Xbox / PC
Heart of China,1991-01-01,2025-07-01,,,"Activision Blizzard, Sierra On-Line, Sierra Entertainment",Dynamix,Xbox / PC
Skiing,1980-01-01,2025-07-01,,,Activision Blizzard,Activision,Xbox / PC
Solar Storm,1983-01-01,2025-07-01,,,"Lucid Dreams Studios, Jakub Tomšů","Lucid Dreams Studios, Jakub Tomšů",Xbox / PC
Subterranea,1983-01-01,2025-07-01,,,Xenoaisam Studio,XenoAisam,Xbox / PC
Little Nightmares II,2021-02-01,2025-07-01,,82,Bandai Namco Entertainment,Tarsier Studios,Xbox / PC
Rise of the Tomb Raider,2015-11-01,2025-07-01,,86,"Square Enix, Microsoft Studios, Feral Interactive","Feral Interactive, Crystal Dynamics, Nixxes",Xbox / PC
Call of Duty: WWII,2017-11-01,2025-06-01,,79,Activision Blizzard,Sledgehammer Games,Xbox / PC
Warcraft I: Remastered,2024-11-01,2025-06-01,,71,Blizzard Entertainment,,PC
Warcraft II: Remastered,2024-11-01,2025-06-01,,72,Blizzard Entertainment,,PC
Warcraft III: Reforged,2020-01-01,2025-06-01,,59,Activision Blizzard,,PC
Volcano Princess,2023-04-01,2025-06-01,,80,Gamera Games,养蛋人工作室 Egg Hatcher,Xbox / PC
Rematch,2025-06-01,2025-06-01,,78,"Kepler Interactive, Sloclap",Sloclap,Xbox / PC
FBC: Firebreak,2025-06-01,2025-06-01,,64,Remedy Entertainment,Remedy Entertainment,Xbox / PC
Crash Bandicoot 4: It's About Time,2020-10-01,2025-06-01,,85,"Activision Blizzard, Activision Value Publishing","Beenox, Toys for Bob, Iron Galaxy Studios, Activision Shanghai, Hardsuit Labs",Xbox / PC
Lost in Random: The Eternal Die,2025-06-01,2025-06-01,,78,Thunderful Publishing,Stormteller Games,Xbox / PC
The Alters,2025-06-01,2025-06-01,,84,11 bit studios,11 Bit Studios,Xbox / PC
EA Sports FC 25,2024-09-01,2025-06-01,,76,Electronic Arts,"Electronic Arts, EA Canada & EA Romania",Xbox / PC
Barbie Project Friendship,2024-10-01,2025-06-01,,80,Outright Games,"Casual Brothers, XALOC STUDIOS",Xbox / PC
"Warhammer 40,000: Space Marine - Master Crafted Edition",2011-09-01,2025-06-01,,76,SEGA,"Relic Entertainment, SneakyBox",Xbox / PC
Baldur's Gate: Enhanced Edition,2012-11-01,2025-06-01,,78,"Beamdog, Overhaul Games","BioWare, Beamdog, Overhaul Games",Xbox
Baldur's Gate II: Enhanced Edition,2013-11-01,2025-06-01,,78,"Beamdog, Overhaul Games","BioWare, Beamdog, Overhaul Games",Xbox
Symphonia (2024),2024-12-01,2025-06-01,,85,Bandai Namco Entertainment,Bandai Namco Entertainment,Xbox / PC
Crypt Custodian,2024-08-01,2025-06-01,,82,"H2 Interactive Co, Top Hat Studios, H2 Interactive Co., Kyle Thompson",Kyle Thompson,Xbox / PC
Spray Paint Simulator,2025-05-01,2025-05-01,,78,Whitethorn Games,North Star Video Games,Xbox / PC
Metaphor: ReFantazio,2024-10-01,2025-05-01,,94,"SEGA, Atlus","Atlus, Studio Zero",Xbox / PC
To a T,2025-05-01,2025-05-01,,73,Annapurna Interactive,uvula,Xbox / PC
Tom Clancy's The Division 2,2019-03-01,2025-05-01,,82,Ubisoft Entertainment,"Ubisoft, Massive Entertainment",Xbox / PC
Tales of Kenzera: ZAU,2024-04-01,2025-05-01,,76,Electronic Arts,Surgent Studios,Xbox / PC
Activision Prototype #1,1983-01-01,2025-05-01,,79,"Activision Blizzard, Cold Enemy Gaming","Activision, Radical Entertainment, Radical, Dennispr33",Xbox / PC
Atlantis,1988-04-01,2025-05-01,,,Imagic,Imagic,Xbox / PC
Atlantis II,1988-04-01,2025-05-01,,,Anuman Interactive,"Cryo Interactive, Koalabs",Xbox / PC
Barnstorming,1982-03-01,2025-05-01,,,Activision Blizzard,Activision,Xbox / PC
Baseball,1988-03-01,2025-05-01,,,Nintendo,Nintendo,Xbox / PC
Beamrider,1984-01-01,2025-05-01,,,Activision Blizzard,Activision,Xbox / PC
Bloody Human Freeway,1981-07-01,2025-05-01,,,"Captain Games, Blinkbat Games","Captain Games, Blinkbat Games",Xbox / PC
Boxing,1980-07-01,2025-05-01,,,A1 Games,Sony Interactive Entertainment,Xbox / PC
Bridge,1980-12-01,2025-05-01,,,"Artworx Software, cosmigo, zanwuyu","Artworx Software, zanwuyu",Xbox / PC
Caesar II,1995-01-01,2025-05-01,,,"Activision Blizzard, Sierra On-Line","Impressions Games, Impressions Software",Xbox / PC
Checkers,1980-07-01,2025-05-01,,,,LostError,Xbox / PC
Chopper Command,1982-05-01,2025-05-01,,,Activision Blizzard,Activision,Xbox / PC
Commando,1983-03-01,2025-05-01,,,Capcom,Capcom,Xbox / PC
Conquests of the Longbow: The Legend of Robin Hood,1991-01-01,2025-05-01,,,"Activision Blizzard, Sierra On-Line, Sierra Entertainment","Sierra Entertainment, Sierra, Sierra On-Line",Xbox / PC
Cosmic Ark,1982-08-01,2025-05-01,,,Imagic,Imagic,Xbox / PC
Crackpots,1983-05-01,2025-05-01,,,Activision Blizzard,Activision,Xbox / PC
Decathlon,1983-03-01,2025-05-01,,,Chengdu Huanqiu Shidai Technology Co,HAPMONKEY,Xbox / PC
Demon Attack,1988-04-01,2025-05-01,,,Imagic,Imagic,Xbox / PC
Dolphin,1983-12-01,2025-05-01,,,Activision Blizzard,Activision,Xbox / PC
Dragster,1980-07-01,2025-05-01,,,Activision Blizzard,Activision,Xbox / PC
Enduro,1983-02-01,2025-05-01,,,Activision Blizzard,Activision,Xbox / PC
Fathom,1983-08-01,2025-05-01,,,,strayvoltage,Xbox / PC
Fire Fighter,1982-09-01,2025-05-01,,,Dataware,Dataware,Xbox / PC
Fishing Derby,1980-07-01,2025-05-01,,,Activision Blizzard,Activision,Xbox / PC
Freddy Pharkas: Frontier Pharmacist,1993-01-01,2025-05-01,,,Activision Blizzard,Sierra,Xbox / PC
Freeway,1981-07-01,2025-05-01,,,Activision Blizzard,,Xbox / PC
Frostbite,1983-08-01,2025-05-01,,,Activision Blizzard,Activision,Xbox / PC
Grand Prix,1982-03-01,2025-05-01,,,Activision Blizzard,Activision,Xbox / PC
H.E.R.O.,1984-03-01,2025-05-01,,,Activision Blizzard,Activision,Xbox / PC
Kaboom!,1984-01-01,2025-05-01,,,,,Xbox / PC
Laser Blast,1981-03-01,2025-05-01,,,Activision Blizzard,Activision,Xbox / PC
MechWarrior,1989-12-01,2025-05-01,,,"Activision Blizzard, Victor Interactive Software","Activision, Beam Software, Dynamix, Krome Studios Melbourne",Xbox / PC
MechWarrior 2: 31st Century Combat,1995-07-01,2025-05-01,,,Activision Blizzard,Activision,Xbox / PC
Megamania,1982-04-01,2025-05-01,,,Activision Blizzard,Activision,Xbox / PC
Pitfall II: Lost Caverns,1983-09-01,2025-05-01,,,"SEGA, Activision Blizzard",Activision,Xbox / PC
Pitfall!,1982-04-01,2025-05-01,,,Activision Blizzard,Activision,Xbox / PC
Police Quest,1987-01-01,2025-05-01,,,Coda Platform,Coda Platform,Xbox / PC
Pressure Cooker,1983-02-01,2025-05-01,,,Activision Blizzard,Activision,Xbox / PC
Quest for Glory: So You Want to Be a Hero,1989-10-01,2025-05-01,,,"Sierra On-Line, Sierra Entertainment","Sierra Entertainment, Sierra On-Line",Xbox / PC
Riddle of the Sphinx,1982-01-01,2025-05-01,,,"Imagic, Life Tree Group",Life Tree Group,Xbox / PC
River Raid,1982-08-01,2025-05-01,,,Activision Blizzard,Activision,Xbox / PC
River Raid II,1988-07-01,2025-05-01,,,,MikDev,Xbox / PC
Robot Tank,1983-03-01,2025-05-01,,,Activision Blizzard,Activision,Xbox / PC
Sky Jinks,1982-11-01,2025-05-01,,,Activision Blizzard,Activision,Xbox / PC
Space Quest 2,1987-01-01,2025-05-01,,,"Sierra On-Line, Sierra Entertainment","Sierra Entertainment, Sierra On-Line",Xbox / PC
Space Quest 6,1995-01-01,2025-05-01,,,1C Company,"SNK, 1C Online Games",Xbox / PC
Space Treat Deluxe,2003-04-01,2025-05-01,,,Atari,Chris Sawyer Productions,Xbox / PC
Spider Fighter,1983-01-01,2025-05-01,,,"SUPERLEVEL, OOO",Superlevel,Xbox / PC
Star Voyager,1982-04-01,2025-05-01,,,"Acclaim, Imagic","Imagic, ASCII Entertainment",Xbox / PC
Tennis,1981-03-01,2025-05-01,,,"Nintendo, HUDSON SOFT","Nintendo, Intelligent Systems",Xbox / PC
The Adventures of Willy Beamish,1991-01-01,2025-05-01,,,"Activision Blizzard, Sierra On-Line, Sierra Entertainment",Dynamix,Xbox / PC
The Dagger of Amon Ra,1992-01-01,2025-05-01,,,Activision Blizzard,Sierra,Xbox / PC
Thwocker,1984-01-01,2025-05-01,,,,Yoke Mart,Xbox / PC
Title Match Pro Wrestling,1987-07-01,2025-05-01,,,,KAPPSULE,Xbox / PC
Torin's Passage,1995-10-01,2025-05-01,,,Activision Blizzard,Sierra,Xbox / PC
Trick Shot,1982-01-01,2025-05-01,,,"Neobite Games, PLEXUS GAME, Jonathan Topf","Neobite Games, Jonathan Topf, PLEXUS GAME",Xbox / PC
Vault Assault,2001-08-01,2025-05-01,,75,Inkle,inkle,Xbox / PC
Venetian Blinds,1981-01-01,2025-05-01,,,,Mike Agresta,Xbox / PC
Zork I: The Great Underground,1980-01-01,2025-05-01,,,"Mastertronic, Infocom, Tandy, SystemSoft, Personal Software, Commodore Business Machines",Infocom,Xbox / PC
Zork Zero: The Revenge of Megaboz,1988-10-01,2025-05-01,,,"Activison, Infocom",Infocom,Xbox / PC
Monster Train 2,2025-05-01,2025-05-01,,90,Big Fan Games,Shiny Shoe,Xbox / PC
DOOM: The Dark Ages,2025-05-01,2025-05-01,,85,Bethesda Softworks,id Software,Xbox / PC
Firefighting Simulator: The Squad,2022-12-01,2025-05-01,,60,Astragon Entertainment,Chronos Unterhaltungssoftware,Xbox / PC
Police Simulator: Patrol Officers,2022-11-01,2025-05-01,,58,Astragon Entertainment,Aesir Interactive,Xbox / PC
Kulebra and the Souls of Limbo,2025-05-01,2025-05-01,,73,Galla,Galla,Xbox / PC
Warhammer: Vermintide 2,2018-03-01,2025-05-01,,83,Fatshark,Fatshark,Xbox
Revenge of the Savage Planet,2025-05-01,2025-05-01,,77,Raccoon Logic Studios,Raccoon Logic Studios,Xbox / PC
Dragon Ball Xenoverse 2,2016-10-01,2025-05-01,,72,"Bandai Namco Entertainment, BANDAI NAMCO Entertainment US","BANDAI NAMCO Entertainment America, QLOC, DIMPS",Xbox / PC
DREDGE,2023-03-01,2025-05-01,,80,Team17 Digital,Black Salt Games,Xbox / PC
Anno 1800,2019-04-01,2025-05-01,,81,Ubisoft Entertainment,Blue Byte,Xbox / PC
Call of Duty: Modern Warfare II,2022-10-01,2025-05-01,,75,Activison,Infinity Ward,Xbox / PC
Far Cry 4,2014-11-01,2025-04-01,,85,Ubisoft Entertainment,"Ubisoft, Ubisoft Montreal",Xbox / PC
Towerborne (Game Preview),2025-04-01,2025-04-01,,,Holospark,Holospark,Xbox / PC
Clair Obscur: Expedition 33,2025-04-01,2025-04-01,,92,Kepler Interactive,"Sundial Interactive, Sandfall Interactive",Xbox / PC
The Elder Scrolls IV: Oblivion - Remastered,2025-04-01,2025-04-01,,82,Bethesda Softworks,"Bethesda Game Studios, Virtuos",Xbox / PC
Crime Scene Cleaner,2024-08-01,2025-04-01,,77,Grippens Castle,Grippens Castle,Xbox / PC
Tempopo,2025-04-01,2025-04-01,,74,CULT Games,Witch Beam,Xbox / PC
SpongeBob SquarePants: The Patrick Star Game,2024-10-01,2025-04-01,,67,Outright Games,PHL Collective,Xbox / PC
Grand Theft Auto V,2013-09-01,2025-04-01,,97,Rockstar Games,"Rockstar North, Rockstar Games",Xbox / PC
Blue Prince,2025-04-01,2025-04-01,,93,Raw Fury,Dogubomb,Xbox / PC
NHL 25,2025-04-01,2025-04-01,,66,Electronic Arts,Electronic Arts,Xbox
Commandos: Origins,2025-04-01,2025-04-01,,76,Kalypso Media,"Claymore Games, Claymore Game Studios",Xbox / PC
Diablo III: Reaper of Souls - Ultimate Evil Edition,2014-08-01,2025-04-01,,90,Blizzard Entertainment,,Xbox / PC
South of Midnight,2025-04-01,2025-04-01,,77,Xbox Game Studios,Compulsion Games,Xbox / PC
Atomfall,2025-03-01,2025-03-01,,75,Rebellion,Rebellion,Xbox / PC
EA Sports College Football 25,2024-07-01,2025-03-01,,83,Electronic Arts,"Electronic Arts, EA Canada & EA Romania",Xbox
Blizzard Arcade Collection,2021-02-01,2025-03-01,,75,"Activision Blizzard, Blizzard Entertainment",,Xbox / PC
Mythwrecked: Ambrosia Island,2024-12-01,2025-03-01,,62,Whitethorn Games,Polygon Treehouse,Xbox / PC
33 Immortals (Game Preview),2025-03-01,2025-03-01,,54,"Toadman Interactive, Game Odyssey","Toadman Interactive, SOLD OUT SALES & MARKETING",Xbox / PC
Mullet Madjack,2024-05-01,2025-03-01,,88,"Epopeia Games, HAMMER95",HAMMER95,Xbox / PC
Enter the Gungeon,2016-04-01,2025-03-01,,85,Devolver Digital,Dodge Roll,Xbox / PC
One Lonely Outpost,2023-06-01,2025-03-01,,60,Freedom Games,Freedom Games,Xbox / PC
Monster Train,2020-05-01,2025-03-01,,85,"Good Shepherd Entertainment, Gambitious","Good Shepherd Entertainment, Shiny Shoe",Xbox / PC
Watch Dogs: Legion,2020-10-01,2025-02-01,,76,Ubisoft Entertainment,"Ubisoft, Ubisoft Toronto",Xbox / PC
Balatro,2024-11-01,2025-02-01,,90,PlayStack,LocalThunk,Xbox / PC
F1 24,2024-05-01,2025-02-01,,72,Electronic Arts,Codemasters,Xbox / PC
"Warhammer 40,000: Rogue Trader",2024-09-01,2025-02-01,,86,Owlcat Games,Owlcat Games,Xbox / PC
Avowed,2025-02-01,2025-02-01,,81,Xbox Game Studios,Obsidian Entertainment,Xbox / PC
Kingdom: Two Crowns,2018-12-01,2025-02-01,,84,Raw Fury,"Raw Fury, Noio, Coatsink, Fury Studios, StumpySquid",Xbox / PC
Madden NFL 25 (2024),2024-08-01,2025-02-01,,70,Electronic Arts,"Electronic Arts, Electronic Arts Tiburon, Electronic Arts Sports",Xbox / PC
Far Cry: New Dawn,2019-02-01,2025-02-01,,71,Ubisoft Entertainment,"Ubisoft, Ubisoft Montreal",Xbox / PC
Citizen Sleeper 2: Starward Vector,2025-01-01,2025-01-01,,85,Fellow Traveller,Jump Over The Age,Xbox / PC
Sniper Elite: Resistance,2025-01-01,2025-01-01,,75,Rebellion,Rebellion,Xbox / PC
Shady Part of Me,2020-12-01,2025-01-01,,78,Douze Dixièmes,Douze Dixièmes,Xbox / PC
Eternal Strands,2025-01-01,2025-01-01,,68,Yellow Brick Games,Yellow Brick Games,Xbox / PC
Orcs Must Die! Deathtrap,2025-01-01,2025-01-01,,70,Robot Entertainment,Robot Entertainment,Xbox / PC
Ninja Gaiden II: Black,2025-01-01,2025-01-01,,80,Koei Tecmo Games,KOEI TECMO GAMES CO,Xbox / PC
Lonely Mountain: Snow Riders,2020-05-01,2025-01-01,,84,Megagon Industries,Megagon Industries,Xbox / PC
Diablo,1996-12-01,2025-01-01,,94,"Electronic Arts, Ubisoft Entertainment, Blizzard Entertainment",Blizzard North,PC
EA Sports UFC 5,2023-10-01,2025-01-01,,78,"Electronic Arts, EA Swiss",Electronic Arts,Xbox
Road 96,2021-08-01,2025-01-01,,79,"Digixart, Digixart Entertainment",Digixart,Xbox / PC
Carrion,2020-07-01,2025-01-01,,76,Devolver Digital,Phobia Game Studio,Xbox / PC
For The King II,2023-11-01,2024-12-01,,76,Curve Games,IronOak Games,Xbox / PC
Hunt: Showdown 1896,2024-08-01,2024-12-01,,80,Crytek,Crytek,Xbox / PC
Wildfrost,2023-04-01,2024-12-01,,80,Chucklefish,"Deadpan Games, Gaziter",Xbox / PC
Indiana Jones and the Great Circle,2024-12-01,2024-12-01,,86,Bethesda Softworks,Machine Games,Xbox / PC
EA Sports WRC,2023-11-01,2024-12-01,,80,,Codemasters,Xbox / PC
Overthrown (Game Preview),2024-12-01,2024-12-01,,,Spiderweb Software,Spiderweb Software,Xbox / PC
Crash Team Racing: Nitro-Fueled,2019-06-01,2024-12-01,,83,"Activision Blizzard, Activison, Activision Value Publishing","Activision, Beenox",Xbox
Aliens: Dark Descent,2023-06-01,2024-11-01,,75,Focus Entertainment,Tindalos Interactive,Xbox / PC
Nine Sols,2024-05-01,2024-11-01,,83,RedCandleGames,RedCandleGames,Xbox / PC
S.T.A.L.K.E.R. 2: Heart of Chornobyl,2024-11-01,2024-11-01,,73,"SEGA, GSC Game World, 4Divinity",GSC Game World,Xbox / PC
Microsoft Flight Simulator 2024,2024-11-01,2024-11-01,,78,"Microsoft Studios, Xbox Game Studios","Asobo Studio, Microsoft Game Studios",Xbox / PC
Spyro Reignited Trilogy,2018-11-01,2024-11-01,,82,"Activision Blizzard, Activision Value Publishing","Activision, Toys for Bob, Iron Galaxy",Xbox / PC
Goat Simulator: Remastered,2024-11-01,2024-11-01,,65,Coffee Stain Studios,"Coffee Stain Studios, Deep Silver Fishlabs, Coffee Stain North",Xbox / PC
Metal Slug: Tactics,2024-11-01,2024-11-01,,79,"SNK, D4 Enterprise, Nazca","DotEmu, SNK, Nazca",Xbox / PC
Starcraft: Remastered,2017-08-01,2024-11-01,,85,Blizzard Entertainment,,PC
Starcraft II: Campaign Collection,2024-11-01,2024-11-01,,85,Blizzard Entertainment,,PC
Call of Duty: Black Ops 6,2024-10-01,2024-10-01,,83,"Activision Blizzard, Activison, Activision Value Publishing","Raven Software, Treyarch, Infinity Ward, Beenox, Sledgehammer Games, High Moon Studios, Activision Shanghai, Demonware",Xbox / PC
Ashen,2018-12-01,2024-10-01,,78,Annapurna Interactive,"A44, Aurora44",Xbox / PC
Call of Duty: Warzone,2022-11-01,2024-10-01,,79,Activison,"Raven Software, Infinity Ward, Beenox, Sledgehammer Games, High Moon Studios",Xbox / PC
Donut County,2018-08-01,2024-10-01,,82,Annapurna Interactive,"Annapurna Interactive, Ben Esposito",Xbox / PC
Mechwarrior 5: Clans,2024-10-01,2024-10-01,,79,Piranha Games,Piranha Games,Xbox / PC
South Park: The Fractured but Whole,2018-07-01,2024-10-01,,75,Ubisoft Entertainment,Ubisoft San Francisco,Xbox / PC
Inscryption,2021-10-01,2024-10-01,,85,Devolver Digital,Daniel Mullins Games,Xbox / PC
Mad Streets,2021-08-01,2024-10-01,,55,Craftshop Arts,Craftshop Arts,Xbox / PC
SIFU,2022-02-01,2024-10-01,,81,"Microids, Kepler Interactive, Sloclap",Sloclap,Xbox / PC
Legend of Mana (2021),2021-06-01,2024-09-01,,72,"Electronic Arts, Square","Sony Interactive Entertainment, Square",Xbox / PC
Trials of Mana (2020),2020-04-01,2024-09-01,,76,Square Enix,Square Enix,Xbox / PC
Ara: History Untold,2024-09-01,2024-09-01,,76,Xbox Game Studios,Oxide Games,PC
Frostpunk 2,2024-09-01,2024-09-01,,86,11 bit studios,11 Bit Studios,Xbox / PC
Overwatch 2,2023-08-01,2024-09-01,,79,"Activision Blizzard, Blizzard Entertainment",Activision Blizzard,Xbox / PC
Train Sim World 5,2023-09-01,2024-09-01,,77,Dovetail Games - TSW,Dovetail Games,Xbox / PC
Riders Republic,2021-10-01,2024-09-01,,77,Ubisoft Entertainment,"Ubisoft, Ubisoft Annecy, Ubisoft Pune, Ubisoft Kyiv, Ubisoft Belgrade, Ubisoft Odesa",Xbox / PC
Expeditions: A MudRunner Game,2024-03-01,2024-09-01,,77,Focus Entertainment,Saber Interactive,Xbox / PC
Age of Mythology: Retold,2024-09-01,2024-09-01,,84,Xbox Game Studios,"Forgotten Empires, World's Edge, Tantalus Media, Virtuos Games, CaptureAge",Xbox / PC
Star Trucker,2024-09-01,2024-09-01,,74,Raw Fury,Monster and Monster,Xbox / PC
DOOM + DOOM II: Enhanced,2024-08-01,2024-08-01,,82,,AdamGCurtis,Xbox / PC
Atlas Fallen: Reign of Sand,2023-08-01,2024-08-01,,64,Focus Entertainment,"Deck 13, Deck13",Xbox / PC
Crash Bandicoot N. Sane Trilogy,2017-06-01,2024-08-01,,80,Activison,"Activision, Vicarious Visions, Toys for Bob, Iron Galaxy",Xbox / PC
Creatures of Ava,2024-08-01,2024-08-01,,75,11 bit studios,Inverge Studios,Xbox / PC
Call of Duty: Modern Warfare III,2023-10-01,2024-07-01,,56,"Aspyr, Activision Blizzard, Activison, ak tronic Software & Services","Aspyr Media, Raven Software, Treyarch, Infinity Ward, Sledgehammer Games, Neversoft Entertainment",Xbox / PC
Dungeons Of Hinterberg,2024-07-01,2024-07-01,,82,Curve Games,Microbird Games,Xbox / PC
Flintlock: The Siege of Dawn,2024-07-01,2024-07-01,,71,Kepler Interactive,"A44, A44 Games",Xbox / PC
Neon White,2022-06-01,2024-07-01,,89,Annapurna Interactive,"Ben Esposito, Angel Matrix",Xbox / PC
Cricket 24,2023-10-01,2024-07-01,,57,Nacon,Big Ant Studios,Xbox / PC
Nickelodeon All-Star Brawl 2,2023-11-01,2024-07-01,,77,GameMill Entertainment,Fair Play Labs,Xbox / PC
EA Sports FC 24,2023-09-01,2024-06-01,,75,"Electronic Arts, EA SPORTS","EA Canada & EA Romania, EA Group",Xbox / PC
Still Wakes the Deep,2024-06-01,2024-06-01,,74,Secret Mode,The Chinese Room,Xbox / PC
Octopath Traveler,2018-07-01,2024-06-01,,83,"Square Enix, Nintendo","Square Enix, Acquire",Xbox / PC
Octopath Traveler II,2023-02-01,2024-06-01,,85,Square Enix,Square Enix,Xbox / PC
Lords of the Fallen,2023-10-01,2024-05-01,,75,"CI Games, City Interactive","City Interactive, HEXWORKS, Hexaworks",Xbox / PC
Moving Out 2,2023-08-01,2024-05-01,,80,Team17 Digital,"SMG Studio, Devm Games",Xbox / PC
Galacticare,2024-05-01,2024-05-01,,80,CULT Games,Brightrock Games,Xbox / PC
Senua's Saga: Hellblade II,2024-05-01,2024-05-01,,80,Microsoft Game Studios,Ninja Theory,Xbox / PC
Immortals of Aveum,2023-08-01,2024-05-01,,69,"Electronic Arts, EA Originals",Ascendant Studios,Xbox / PC
"Little Kitty, Big City",2024-05-01,2024-05-01,,79,Double Dagger Studio,Double Dagger Studio,Xbox / PC
Kona II: Brume,2023-10-01,2024-05-01,,79,Ravenscourt,Parabole,Xbox / PC
Tomb Raider: Definitive Edition,2013-03-01,2024-05-01,,86,"Square Enix, Feral Interactive","Feral Interactive, Square Enix, NVIDIA Lightspeed Studios, Crystal Dynamics",Xbox / PC
Have A Nice Death,2023-03-01,2024-04-01,,81,"Gearbox Publishing, Perfect World Entertainment",Magic Design Studios,Xbox / PC
The Rewinder,2021-09-01,2024-04-01,,78,Gamera Game,MistyMountainStudio,Xbox / PC
Manor Lords (Game Preview),2024-04-01,2024-04-01,,,Tall Tail Studios,Klace,PC
Another Crab's Treasure,2024-04-01,2024-04-01,,79,Aggro Crab,Aggro Crab,Xbox / PC
Star Wars Jedi: Survivor,2023-04-01,2024-04-01,,85,Electronic Arts,"Respawn Entertainment, Respawn",Xbox / PC
Eiyuden Chronicle: Hundred Heroes,2024-04-01,2024-04-01,,79,505 Games,"Rabbit & Bear Studios, Rabbit and Bear Studios",Xbox / PC
NHL 24,2023-10-01,2024-04-01,,71,Electronic Arts,Electronic Arts,Xbox
Populous: The Beginning,1998-11-01,2024-04-01,,88,Electronic Arts,"Sony Interactive Entertainment, Bullfrog Productions",PC
Sid Meier's Alpha Centauri,1999-02-01,2024-04-01,,92,Electronic Arts,Firaxis,PC
SimCity 3000: Unlimited,2000-05-01,2024-04-01,,77,Electronic Arts,Maxis,PC
Shadow of the Tomb Raider: Definitive Edition,2018-09-01,2024-04-01,,82,Square Enix,Eidos Montreal,Xbox / PC
EA Sports PGA Tour,2023-04-01,2024-04-01,,76,Electronic Arts,Electronic Arts Tiburon,Xbox / PC
Superhot: Mind Control Delete,2020-07-01,2024-04-01,,82,SUPERHOT Team,SUPERHOT Team,Xbox / PC
Ark: Survival Ascended,2023-11-01,2024-04-01,,67,"Studio Wildcard, Snail Games USA","Instinct Games, Studio Wildcard, Grove Street Games",Xbox / PC
Diablo IV,2023-06-01,2024-03-01,,86,"Activision Blizzard, Blizzard Entertainment",Activision Blizzard,Xbox / PC
Terra Invicta (Game Preview),2023-11-01,2024-03-01,,,Hooded Horse,Pavonis Interactive,PC
Lightyear Frontier (Game Preview),2024-03-01,2024-03-01,,,"Amplifier Game Invest, Amplifier Studios, FRAME BREAK","FRAME BREAK, Amplifier Studios",Xbox / PC
Minecraft: Preview,2011-11-01,2024-03-01,,88,Microsoft Studios,"Double Eleven, Mojang",Xbox / PC
Control: Ultimate Edition,2021-02-01,2024-03-01,,85,505 Games,Remedy Entertainment,Xbox / PC
Bluey: The Videogame,2023-11-01,2024-02-01,,56,Outright Games,Artax Games.,Xbox / PC
Dead Island 2,2023-04-01,2024-02-01,,73,Deep Silver,Dambuster Studios,Xbox / PC
PlateUp!,2022-08-01,2024-02-01,,73,Yogscast Games,It's happening,Xbox / PC
Resident Evil 3,2020-04-01,2024-02-01,,79,Capcom,"Capcom, GOG",Xbox / PC
Madden NFL 24,2023-08-01,2024-02-01,,65,"Electronic Arts, EA SPORTS™",Electronic Arts Tiburon,Xbox / PC
Brotato,2022-02-01,2024-01-01,,76,Blobfish,Blobfish,Xbox / PC
Go Mecha Ball,2024-01-01,2024-01-01,,68,Super Rare Originals,Whale Peak Games,Xbox / PC
Palworld (Game Preview),2024-01-01,2024-01-01,,,Pocketpair,Pocketpair,Xbox / PC
F1 23,2023-06-01,2024-01-01,,82,Electronic Arts,Codemasters,Xbox / PC
Resident Evil 2 (2019),2019-01-01,2024-01-01,,91,Capcom,Capcom,Xbox / PC
Super Mega Baseball 4,2023-06-01,2024-01-01,,79,Electronic Arts,Metalhead Software,Xbox / PC
We Happy Few,2018-08-01,2024-01-01,,64,"Microsoft Studios, Gearbox Publishing, Compulsion Games","Compulsion Games, Gearbox Publishing",Xbox / PC
Assassin's Creed Valhalla,2020-11-01,2024-01-01,,80,Ubisoft Entertainment,Ubisoft Montreal,Xbox / PC
Hell Let Loose,2019-06-01,2024-01-01,,79,Team17 Digital,Black Matter,Xbox / PC
Far Cry 6,2021-10-01,2023-12-01,,73,Ubisoft Entertainment,"Ubisoft, Ubisoft Montreal, Ubisoft Toronto, Ubisoft Shanghai, Ubisoft Kyiv, Ubisoft Berlin",Xbox / PC
Against the Storm,2021-10-01,2023-12-01,,90,"Hooded Horse, Eremite Games",Eremite Games,Xbox / PC
Goat Simulator 3,2022-11-01,2023-12-01,,68,"Coffee Stain Studios, Coffee Stain","Coffee Stain Studios, Coffee Stain Publishing, Coffee Stain North",Xbox / PC
Clone Drone in the Danger Zone,2016-11-01,2023-12-01,,82,Doborog Games,Doborog Games,Xbox / PC
World War Z: Aftermath,2019-04-01,2023-12-01,,73,Saber Interactive,Saber Interactive,Xbox / PC
SteamWorld Build,2023-12-01,2023-12-01,,74,Thunderful Publishing,"The Station, Thunderful Development",Xbox / PC
Spirittea,2023-11-01,2023-11-01,,76,No More Robots,"Cheesemaster Games, GameMaker Studios",Xbox / PC
Wild Hearts,2023-02-01,2023-11-01,,79,"Electronic Arts, EA Originals","Omega Force, KOEI TECMO GAMES CO",Xbox / PC
Football Manager 2024,2023-11-01,2023-11-01,,84,SEGA,Sports Interactive,Xbox / PC
Thirsty Suitors,2023-11-01,2023-11-01,,80,Annapurna Interactive,Outerloop Games,Xbox / PC
Jusant,2023-10-01,2023-10-01,,83,"DONTNOD Entertainment, DON'T NOD","DONTNOD Entertainment, DON'T NOD",Xbox / PC
Wartales,2021-12-01,2023-10-01,,80,Shiro Unlimited,Shiro Games,Xbox / PC
Dead Space (2023),2023-01-01,2023-10-01,,88,Electronic Arts,"Electronic Arts, Visceral Games, Electronic Arts Redwood Shores",Xbox / PC
Cities: Skylines II,2023-10-01,2023-10-01,,75,Paradox Interactive,Colossal Order,PC
Forza Motorsport (2023),2023-10-01,2023-10-01,,85,Xbox Game Studios,Turn 10 Studios,Xbox / PC
Spiritfarer,2020-08-01,2023-09-01,,86,Thunder Lotus Games,Thunder Lotus Games,Xbox / PC
Starfield,2023-09-01,2023-09-01,,84,Bethesda Softworks,Bethesda Game Studios,Xbox / PC
Call of the Wild: The Angler,2022-08-01,2023-08-01,,63,Expansive Worlds,Expansive Worlds,Xbox / PC
Firewatch,2016-02-01,2023-08-01,,83,"Panic, Campo Santo",Campo Santo,Xbox / PC
Limbo,2010-07-01,2023-08-01,,85,"Microsoft Studios, Playdead, 鱼俞","Double Eleven, Playdead, 鱼俞",Xbox / PC
Celeste,2018-01-01,2023-08-01,,91,Matt Makes Games,"Matt Makes Games, Extremely OK Games, Noel",Xbox / PC
Techtonica (Game Preview),2023-07-01,2023-07-01,,,Fire Hose Games,Fire Hose Games,Xbox / PC
The Cave,2013-11-01,2023-07-01,,69,"SEGA, Double Fine Productions, CGPills","SEGA, Double Fine Productions, CGPills",Xbox
Need for Speed: Unbound,2022-11-01,2023-06-01,,77,Electronic Arts,Ghost Games,Xbox / PC
Stacking,2011-02-01,2023-06-01,,82,"THQ Nordic, THQ, Double Fine Productions","THQ Nordic, Double Fine Productions",Xbox
Car Mechanic Simulator 2021,2021-08-01,2023-06-01,,70,PlayWay,Red Dot Games,Xbox / PC
Massive Chalice,2015-06-01,2023-05-01,,72,Double Fine Productions,Double Fine Productions,Xbox
Planet of Lana,2023-05-01,2023-05-01,,80,Thunderful Publishing,Wishfully,Xbox / PC
Redfall,2023-05-01,2023-05-01,,55,Bethesda Softworks,"Arkane Studios, Arkane Austin",Xbox / PC
The Last Case of Benedict Fox,2023-04-01,2023-04-01,,66,Rogue Games,Plot Twist,Xbox / PC
Minecraft: Legends,2023-04-01,2023-04-01,,69,Xbox Game Studios,"Mojang, Blackbird Interactive, Mojang Studios",Xbox / PC
Ghostwire: Tokyo,2022-03-01,2023-04-01,,76,Bethesda Softworks,Tango Gameworks,Xbox / PC
NHL 23,2022-10-01,2023-04-01,,71,Electronic Arts,Electronic Arts,Xbox
Iron Brigade,2011-06-01,2023-04-01,,82,"Microsoft Studios, Double Fine Productions",Double Fine Productions,Xbox
Ni no Kuni II: Revenant Kingdom - The Prince's Edition,2018-03-01,2023-03-01,,81,"Bandai Namco Entertainment, BANDAI NAMCO Entertainment US","BANDAI NAMCO Entertainment America, Level 5",Xbox / PC
Mount & Blade II: Bannerlord,2020-03-01,2023-02-01,,75,TaleWorlds Entertainment,TaleWorlds Entertainment,Xbox / PC
Madden NFL 23,2022-08-01,2023-02-01,,69,Electronic Arts,Electronic Arts Tiburon,Xbox / PC
GoldenEye 007 (2023),2023-01-01,2023-01-01,,96,"Activision Blizzard, Activison","n-Space, Eurocom, Eurocom Developments",Xbox
Hi-Fi RUSH,2023-01-01,2023-01-01,,89,Bethesda Softworks,Tango Gameworks,Xbox / PC
Crysis 2: Remastered,2021-10-01,2022-12-01,,70,Crytek,"Crytek, Saber Interactive",PC
Crysis 3: Remastered,2021-10-01,2022-12-01,,80,Crytek,"Crytek, Saber Interactive",PC
Crysis Trilogy: Remastered,2021-10-01,2022-12-01,,80,Crytek,"Crytek, Saber Interactive",PC
League of Legends,2009-10-01,2022-12-01,,78,Riot Games,Riot Games,PC
Legends of Runeterra,2020-04-01,2022-12-01,,87,Riot Games,Riot Games,PC
Teamfight Tactics,2019-06-01,2022-12-01,,79,Riot Games,Riot Games,PC
Valorant,2020-06-01,2022-12-01,,80,Riot Games,Riot Games,Xbox / PC
LEGO Star Wars: The Skywalker Saga,2022-04-01,2022-12-01,,80,"Microsoft Studios, Warner Bros. Interactive, WB Games",TT Games,Xbox / PC
The Walking Dead: The Final Season,2018-08-01,2022-12-01,,78,Telltale Games,Telltale Games,Xbox / PC
"Warhammer 40,000: Darktide",2022-11-01,2022-11-01,,78,Fatshark,Fatshark,Xbox / PC
Battlefield 2042,2021-11-01,2022-11-01,,66,Electronic Arts,"Electronic Arts DICE, Criterion Games",Xbox / PC
Pentiment,2022-11-01,2022-11-01,,87,Xbox Game Studios,Obsidian Entertainment,Xbox / PC
Return to Monkey Island,2022-09-01,2022-11-01,,87,Devolver Digital,"Lucasfilm, Devolver, Terrible Toybox",Xbox / PC
A Plague Tale: Requiem,2022-10-01,2022-10-01,,85,"Focus Home Interactive, Focus Entertainment",Asobo Studio,Xbox / PC
Costume Quest,2010-10-01,2022-10-01,,74,"THQ Nordic, THQ, Double Fine Productions","THQ Nordic, Double Fine Productions",Xbox
Chivalry II,2021-06-01,2022-10-01,,82,"Deep Silver, Tripwire Interactive, Tripwire Presents",Torn Banner Studios,Xbox / PC
DEATHLOOP,2021-09-01,2022-09-01,,89,Bethesda Softworks,Arkane Studios,Xbox / PC
Assassin's Creed Odyssey,2018-10-01,2022-09-01,,87,Ubisoft Entertainment,"Ubisoft, Ubisoft Montreal, Ubisoft Montpellier, Ubisoft Shanghai, Ubisoft Quebec, Ubisoft Bucharest, Ubisoft Singapore, Ubisoft Kiev",Xbox / PC
Ni no Kuni: Wrath of the White Witch - Remastered,2019-09-01,2022-09-01,,82,"Bandai Namco Entertainment, Level-5",Level 5,Xbox / PC
Disney Dreamlight Valley: Founder's Edition,2022-09-01,2022-09-01,,75,Gameloft,Gameloft,Xbox / PC
GRID: Legends,2022-02-01,2022-09-01,,75,Electronic Arts,Codemasters,Xbox / PC
Immortals Fenyx Rising,2020-12-01,2022-08-01,,81,Ubisoft Entertainment,"Ubisoft, Ubisoft Quebec",Xbox / PC
An Elder Scrolls Legend: Battlespire,1997-11-01,2022-08-01,,56,Bethesda Softworks,Bethesda Softworks,PC
The Elder Scrolls Adventures: Redguard,1998-10-01,2022-08-01,,73,Bethesda Softworks,Bethesda Softworks,PC
Return to Castle Wolfenstein,2001-11-01,2022-08-01,,88,"Bethesda Softworks, Aspyr, Activison","Nerve Software, Gray Matter Studios",PC
Quake 4,2005-10-01,2022-08-01,,81,"Bethesda Softworks, Aspyr, Activision Blizzard","Aspyr Media, id Software, Raven Software",PC
Wolfenstein 3D,1992-05-01,2022-08-01,,85,"Electronic Arts, Bethesda Softworks, Activison, Atari, Interplay Productions, 3D Realms, id Software, Empire Interactive, Apogee Software, MacPlay, Imagineer, Apogee, FormGen, Bam Entertainment, Imagineer Co.,Ltd., BAM! Entertainment, Logicware","Bethesda Softworks, id Software, Nerve Software, Interplay Entertainment, Infinity, Logicware, INFINITY Co, STALKER",PC
Cooking Simulator,2019-06-01,2022-08-01,,64,"Forever Entertainment, PlayWay","Wastelands Interactive, Big Cheese Studio",Xbox / PC
Tom Clancy's Ghost Recon: Wildlands,2017-03-01,2022-08-01,,76,Ubisoft Entertainment,"Ubisoft, Ubisoft Montpellier, Ubisoft Bucharest, Ubisoft Annecy, Ubisoft Paris, Ubisoft Milan, Reflections",Xbox / PC
Inside,2016-06-01,2022-07-01,,93,Playdead,Playdead,Xbox / PC
As Dusk Falls,2022-07-01,2022-07-01,,78,"Xbox Game Studios, Xbox Publishing Studio","INT./NIGHT, Night, INTERIOR NIGHT, INTERIOR",Xbox / PC
Watch_Dogs 2,2016-11-01,2022-07-01,,78,Ubisoft Entertainment,Ubisoft Montreal,Xbox / PC
PowerWash Simulator,2021-05-01,2022-07-01,,76,FuturLab,FuturLab,Xbox / PC
Far Cry 5,2018-03-01,2022-07-01,,80,Ubisoft Entertainment,"Ubisoft, Ubisoft Montreal, Ubisoft Toronto, Ubisoft Shanghai, Ubisoft Kiev, Red Storm",Xbox / PC
House Flipper,2018-05-01,2022-06-01,,68,"PlayWay, Ultimate Games, Frozen District, Ruslan Visaitov","Ultimate Games, Empyrean, Ruslan Visaitov",Xbox / PC
Shadowrun Trilogy,2015-08-01,2022-06-01,,79,Paradox Interactive,Harebrained Schemes,Xbox / PC
Assassin's Creed Origins,2017-10-01,2022-06-01,,85,Ubisoft Entertainment,"Ubisoft, Ubisoft Montreal",Xbox / PC
Sniper Elite 5,2022-05-01,2022-05-01,,77,Rebellion,Rebellion,Xbox / PC
Vampire Survivors,2021-12-01,2022-05-01,,87,poncle,poncle,Xbox / PC
Jurassic World Evolution 2,2021-11-01,2022-05-01,,79,Frontier Developments,Frontier Developments,Xbox / PC
Citizen Sleeper,2022-05-01,2022-05-01,,82,Fellow Traveller,Jump Over The Age,Xbox / PC
Fortnite,2017-07-01,2022-05-01,,83,Epic Games Publishing,Epic Games,
Teenage Mutant Ninja Turtles: Shredder's Revenge,2022-06-01,2022-06-01,,86,"DotEmu, Gamera Games",Tribute Games,Xbox / PC
Lost In Random,2021-09-01,2022-04-01,,76,Electronic Arts,"Zoink!, Thunderful",Xbox / PC
Tunic,2022-03-01,2022-03-01,,84,Finji,"ISOMETRICORP Games, Andrew Shouldice",Xbox / PC
Super Mega Baseball 3,2020-05-01,2022-02-01,,82,Metalhead Software,Metalhead Software,Xbox / PC
Roboquest (2020),2020-08-01,2022-02-01,,,RyseUp Studios,RyseUp Studios,Xbox / PC
Contrast,2013-11-01,2022-02-01,,64,"Focus Home Interactive, Compulsion Games, Orlaith Nic Cába","NVIDIA Lightspeed Studios, Compulsion Games, Orlaith Nic Cába",Xbox
Peggle Nights,2008-09-01,2022-02-01,,76,PopCap Games,PopCap Games,PC
Mass Effect: Legendary Edition,2021-05-01,2022-01-01,,88,Electronic Arts,"BioWare, EA Swiss",Xbox / PC
Broken Age,2014-01-01,2021-12-01,,77,"THQ Nordic, Double Fine Productions",Double Fine Productions,Xbox / PC
Mortal Kombat 11,2019-04-01,2021-12-01,,84,Warner Bros. Interactive,"NetherRealm Studios, QLOC, Shiver Games",Xbox / PC
The Gunk,2021-12-01,2021-12-01,,68,Thunderful Publishing,Image & Form,Xbox / PC
Halo: Infinite,2021-12-01,2021-12-01,,84,"Microsoft Studios, Xbox Game Studios",343 Industries,Xbox / PC
Stardew Valley,2016-02-01,2021-12-01,,89,"Chucklefish, ConcernedApe","Chucklefish, ConcernedApe",Xbox / PC
Forza Horizon 5,2021-11-01,2021-11-01,,92,Xbox Game Studios,Playground Games,Xbox / PC
It Takes Two,2021-03-01,2021-11-01,,89,Electronic Arts,Hazelight,Xbox / PC
Unpacking,2021-11-01,2021-11-01,,82,"Humble Games, Witch Beam",Witch Beam,Xbox / PC
Age of Empires IV: Anniversary Edition,2021-10-01,2021-10-01,,81,Xbox Game Studios,"Forgotten Empires, Tantalus Media",Xbox / PC
Crysis: Remastered,2020-09-01,2021-09-01,,69,Crytek,"Crytek, Saber Interactive",PC
Superliminal,2019-11-01,2021-09-01,,77,"Pillow Castle Games, Pillow Castle","Pillow Castle Games, Pillow Castle",Xbox / PC
Psychonauts 2,2021-08-01,2021-08-01,,89,"Xbox Game Studios, Double Fine Productions","Double Fine Productions, Starbreeze Studios",Xbox / PC
Quake,1996-07-01,2021-08-01,,94,"SEGA, id Software, GT Interactive Software, GT Interactive, MacSoft, Tec Toy, Midway Home Entertainment, Midway, GT Interactive Software Europe, PXL Computers, MacSoft Games","id Software, Midway Games, Lion Entertainment, Tectoy, Lobotomy Software, clickBOOM Entertainment",Xbox / PC
Quake II,1997-12-01,2021-08-01,,89,"Bethesda Softworks, Activision Blizzard, Activison, Activision Value Publishing, id Software, Empire Interactive, Tec Toy","id Software, Hyperion Entertainment, Logicware, Soundelux, HammerHead",Xbox / PC
Quake III: Arena,1999-12-01,2021-08-01,,90,"Electronic Arts, SEGA, Bethesda Softworks, Activision Blizzard, Activison, id Software, Acer","id Software, Digital Anvil, Raster Games",PC
Syndicate (1993),1993-06-01,2021-08-01,,84,Electronic Arts,Bullfrog Productions,PC
Ultima Underworld 1,1992-03-01,2021-08-01,,94,"Electronic Arts, Origin Systems","Infinity, FloodGate Entertainment, INFINITY Co, Zio, Blue Sky Productions",PC
Ultima Underworld 2,1993-01-01,2021-08-01,,90,"Electronic Arts, Origin Systems","Looking Glass Studios, Infinity, INFINITY Co",PC
Microsoft Solitaire Collection: Premium Edition,2012-10-01,2021-08-01,,70,Microsoft Studios,Microsoft,PC
DiRT Rally 2.0,2019-02-01,2021-08-01,,82,Codemasters,Codemasters,Xbox
Skate,2007-09-01,2021-08-01,,86,Electronic Arts,"Electronic Arts Vancouver, Full Circle",Xbox
Crimson Skies: High Road to Revenge,2003-10-01,2021-07-01,,88,Microsoft Studios,Microsoft Game Studios,Xbox
Blinx: The Time Sweeper,2002-10-01,2021-07-01,,71,Xbox Game Studios,Artoon,Xbox
EA Sports UFC 4,2020-08-01,2021-07-01,,82,Electronic Arts,Electronic Arts,Xbox
Gang Beasts,2014-08-01,2021-07-01,,67,Double Fine Productions,"Double Fine Productions, Boneloaf",Xbox / PC
Need for Speed: Hot Pursuit - Remastered,2020-11-01,2021-06-01,,76,Electronic Arts,"Criterion Games, Stellar Entertainment",Xbox / PC
Medieval Dynasty,2020-09-01,2021-06-01,,73,Toplitz Productions,"Render Cube, Toplitz Productions",Xbox / PC
Arx Fatalis,2002-11-01,2021-06-01,,77,"Bethesda Softworks, Capcom, 1C Company, JoWooD Productions, Nival Interactive, Arkane Studios",Arkane Studios,PC
Dishonored: Death of the Outsider,2017-09-01,2021-06-01,,83,Bethesda Softworks,"Bethesda Softworks, Arkane Studios",Xbox / PC
Fallout,1997-09-01,2021-06-01,,89,"Bethesda Softworks, Interplay Productions, MacPlay","Black Isle Studios, Interplay Entertainment",PC
Fallout 2,1998-09-01,2021-06-01,,86,"Bethesda Softworks, Interplay Productions",Black Isle Studios,PC
Fallout Tactics: Brotherhood of Steel,2001-03-01,2021-06-01,,82,"Bethesda Softworks, Interplay Productions",Micro Forte,PC
The Evil Within 2,2017-10-01,2021-06-01,,81,Bethesda Softworks,"Bethesda Softworks, Tango Gameworks",Xbox / PC
For Honor: Marching Fire Edition,2017-12-01,2021-06-01,,78,Ubisoft Entertainment,Ubisoft Montreal,Xbox / PC
SnowRunner,2020-04-01,2021-05-01,,81,Focus Home Interactive,Saber Interactive,Xbox / PC
Psychonauts,2005-04-01,2021-05-01,,88,"Microsoft Studios, THQ Nordic, Xbox Game Studios, Double Fine Productions",Double Fine Productions,Xbox / PC
Zombie Army 4: Dead War,2020-02-01,2021-04-01,,76,Rebellion,Rebellion,Xbox / PC
Genesis Noir,2021-03-01,2021-03-01,,79,Fellow Traveller,Feral Cat Den,Xbox / PC
Command & Conquer: Remastered Collection,2020-06-01,2021-03-01,,82,Electronic Arts,Petroglyph,PC
Dungeon Keeper,1997-06-01,2021-03-01,,88,Electronic Arts,"Electronic Arts, Mythic Entertainment",PC
Dungeon Keeper 2,1999-06-01,2021-03-01,,88,Electronic Arts,Bullfrog Productions,PC
Jade Empire: Special Edition,2005-04-01,2021-03-01,,81,"Electronic Arts, Aspyr, BioWare","Aspyr Media, BioWare",PC
Medal of Honor: Allied Assault - War Chest,2002-01-01,2021-03-01,,91,Electronic Arts,Electronic Arts,PC
Need for Speed: Most Wanted,2012-10-01,2021-03-01,,78,Electronic Arts,"Electronic Arts Canada, Electronic Arts Black Box",PC
Populous,1989-01-01,2021-03-01,,89,Electronic Arts,Bullfrog Productions,PC
Populous II: Trials of the Olympian Gods,1991-08-01,2021-03-01,,80,Electronic Arts,Bullfrog Productions,PC
Rebel Galaxy,2015-10-01,2021-03-01,,75,"Double Damage Games, Double Damage Games.",Double Damage Games,PC
SimCity 2000: Special Edition,1995-02-01,2021-03-01,,77,"Electronic Arts, SEGA, THQ, Imagineer, Destination Software, Maxis, Black Pearl Software, Artdink","Maxis, HAL Laboratory, GENKI, Full Fat",PC
SimCity 4: Deluxe Party Edition,2003-01-01,2021-03-01,,84,"Electronic Arts, Aspyr","Aspyr Media, Electronic Arts Maxis",PC
SimCity: Complete Edition,2013-03-01,2021-03-01,,64,Aspyr,Aspyr Media,PC
SPORE,2008-09-01,2021-03-01,,84,Electronic Arts,Maxis,PC
Star Wars Squadrons,2020-10-01,2021-03-01,,79,Electronic Arts,"Electronic Arts, Motive Studios",Xbox / PC
The Saboteur,2009-12-01,2021-03-01,,76,Electronic Arts,"Electronic Arts, Pandemic Studios",PC
The Sims 3,2009-06-01,2021-03-01,,86,Electronic Arts,"Electronic Arts, Edge of Reality, The Sims Studio",PC
Dishonored: Definitive Edition,2018-08-01,2021-03-01,,76,Bethesda Softworks,Arkane Studios,Xbox / PC
DOOM 3,2004-08-01,2021-03-01,,88,"Bethesda Softworks, Aspyr, Activison, 1C Company, id Software, Bethesda","id Software, Raven Software, Panic Button, Nerve Software, Splash Damage, Vicarious Visions",Xbox / PC
DOOM 64,1997-03-01,2021-03-01,,77,"Bethesda Softworks, Midway Games, Midway Home Entertainment, Bethesda","id Software, Midway Games, Nightdive Studios, Midway Home Entertainment",Xbox / PC
Generation Zero,2019-03-01,2021-12-01,,51,Avalanche Studios,Avalanche Studios,Xbox / PC
The Elder Scrolls III: Morrowind,2002-05-01,2021-03-01,,88,Bethesda Softworks,Bethesda Game Studios,Xbox / PC
The Evil Within,2014-10-01,2021-03-01,,74,Bethesda Softworks,"Bethesda Softworks, Tango Gameworks",Xbox / PC
Wolfenstein: The Old Blood,2015-05-01,2021-03-01,,76,Bethesda Softworks,"Bethesda Softworks, Machine Games",Xbox / PC
DiRT 5,2020-10-01,2021-02-01,,79,"Electronic Arts, Codemasters",Codemasters,Xbox / PC
Pillars of Eternity II: Deadfire - Ultimate Edition,2018-05-01,2021-02-01,,88,"Versus Evil, Obsidian Entertainment",Obsidian Entertainment,Xbox / PC
Wreckfest,2018-06-01,2021-02-01,,82,"THQ Nordic, www.handy-games.com","Handy Games, Bugbear Entertainment, Bugbear",Xbox / PC
Injustice 2,2017-05-01,2021-01-01,,88,Warner Bros. Interactive,"Warner Bros. Interactive, NetherRealm Studios, QLOC",Xbox / PC
Among Us,2018-06-01,2020-12-01,,85,Innersloth,Innersloth,Xbox / PC
The Elder Scrolls V: Skyrim Special Edition,2016-10-01,2020-12-01,,82,Bethesda Softworks,Bethesda Game Studios,Xbox / PC
Monster Sanctuary,2019-08-01,2020-12-01,,82,Denis Sinner,Denis Sinner,Xbox / PC
Starbound,2016-07-01,2020-12-01,,81,Chucklefish,Chucklefish,Xbox / PC
NHL 94 Rewind,2020-10-01,2020-12-01,,100,,Electronic Arts,Xbox
Halo 4,2012-11-01,2020-11-01,,87,Microsoft Studios,"343 Industries, Certain Affinity",Xbox / PC
A Way Out,2018-03-01,2020-11-01,,79,Electronic Arts,"Electronic Arts, Hazelight",Xbox / PC
Alice: Madness Returns,2011-06-01,2020-11-01,,70,Electronic Arts,"Electronic Arts, Spicy Horse",Xbox / PC
Army of Two,2008-03-01,2020-11-01,,72,Electronic Arts,"Electronic Arts, Electronic Arts Montreal",Xbox
Battlefield 1: Revolution,2016-10-01,2020-11-01,,87,Electronic Arts,Electronic Arts,Xbox / PC
Battlefield 3: Premium Edition,2011-10-01,2020-11-01,,84,Electronic Arts,Electronic Arts DICE,Xbox / PC
Battlefield 4: Premium Edition,2013-10-01,2020-11-01,,81,Electronic Arts,"Electronic Arts, Electronic Arts DICE",Xbox / PC
Battlefield V: Year Two Edition,2018-11-01,2020-11-01,,78,Electronic Arts,"Electronic Arts, Electronic Arts DICE, Uprise",Xbox / PC
Battlefield: Hardline - Ultimate Edition,2015-03-01,2020-11-01,,71,Electronic Arts,"Electronic Arts, Electronic Arts DICE, Visceral Games",Xbox / PC
Bejeweled 2,2004-11-01,2020-11-01,,69,"Electronic Arts, Sony Interactive Entertainment, PopCap Games","PopCap Games, Oberon Media, Astraware",Xbox
Bejeweled 3,2010-12-01,2020-11-01,,78,PopCap Games,"Electronic Arts, PopCap Games",Xbox
BLACK,2006-02-01,2020-11-01,,77,Electronic Arts,Criterion Games,Xbox
Burnout: Paradise - Remastered,2008-01-01,2020-11-01,,79,Electronic Arts,"Electronic Arts, Criterion Games",Xbox / PC
Crysis,2007-11-01,2020-11-01,,81,Electronic Arts,"Electronic Arts, Crytek",Xbox / PC
Crysis 2: Maximum Edition,2011-03-01,2020-11-01,,84,Electronic Arts,Crytek,Xbox / PC
Crysis 3,2013-02-01,2020-11-01,,76,Electronic Arts,"Electronic Arts, Crytek",Xbox / PC
Dante's Inferno,2010-02-01,2020-11-01,,73,Electronic Arts,"Electronic Arts, Visceral Games",Xbox
Dead Space,2008-10-01,2020-11-01,,89,Electronic Arts,"Electronic Arts, Visceral Games, Electronic Arts Redwood Shores",Xbox / PC
Dead Space 2,2011-01-01,2020-11-01,,90,Electronic Arts,"Electronic Arts, Visceral Games",Xbox / PC
Dead Space 3,2013-02-01,2020-11-01,,78,Electronic Arts,"Electronic Arts, Visceral Games, Visceral",Xbox / PC
Dead Space: Ignition,2010-10-01,2020-11-01,,35,Electronic Arts,"Electronic Arts, Sumo Digital",Xbox
Dragon Age II,2011-03-01,2020-11-01,,79,Electronic Arts,BioWare,Xbox / PC
Dragon Age: Inquisition - Game of the Year Edition,2014-11-01,2020-11-01,,86,Electronic Arts,"BioWare, BioWare Edmonton",Xbox / PC
Dragon Age: Origins - Ultimate Edition,2009-11-01,2020-11-01,,86,Electronic Arts,BioWare,Xbox / PC
Fe,2018-02-01,2020-11-01,,70,"Electronic Arts, EA Originals","Electronic Arts, Zoink!",Xbox / PC
Feeding Frenzy,2006-03-01,2020-11-01,,65,"Microsoft Studios, Gamehouse","Oberon Media, Sprout Games",Xbox
Feeding Frenzy 2: Shipwreck Showdown,2006-02-01,2020-11-01,,65,PopCap Games,"Electronic Arts, PopCap Games",Xbox
Fight Night: Champion,2011-03-01,2020-11-01,,86,Electronic Arts,"Electronic Arts, Electronic Arts Canada",Xbox
Heavy Weapon,2007-01-01,2020-11-01,,77,"Electronic Art, Toan Truong","PopCap Games, Toan Truong",Xbox
Mass Effect 2: Digital Deluxe Edition,2010-01-01,2020-11-01,,96,Electronic Arts,BioWare,Xbox / PC
Mass Effect 3: N7 Digital Deluxe Edition,2012-03-01,2020-11-01,,93,Electronic Arts,"BioWare, BioWare Edmonton",Xbox / PC
Mass Effect: Andromeda - Deluxe Edition,2017-03-01,2020-11-01,,76,Electronic Arts,BioWare,Xbox / PC
Medal of Honor: Airborne,2007-09-01,2020-11-01,,73,Electronic Arts,Electronic Arts Los Angeles,Xbox / PC
Mirror's Edge,2010-04-01,2020-11-01,,79,Electronic Arts,Electronic Arts DICE,Xbox / PC
Mirror's Edge: Catalyst,2016-06-01,2020-11-01,,72,Electronic Arts,"Electronic Arts, Electronic Arts DICE",Xbox / PC
NBA LIVE 19,2018-09-01,2020-11-01,,75,Electronic Arts,Electronic Arts Tiburon,Xbox
Need for Speed: Deluxe Edition,2015-11-01,2020-11-01,,65,Electronic Arts,Ghost Games,Xbox / PC
Need for Speed: Heat - Deluxe Edition,2019-11-01,2020-11-01,,74,Electronic Arts,Ghost Games,Xbox / PC
Need for Speed: Payback - Deluxe Edition,2017-11-01,2020-11-01,,61,Electronic Arts,Ghost Games,Xbox / PC
Need for Speed: Rivals - Complete Edition,2013-11-01,2020-11-01,,75,Electronic Arts,Ghost Games,Xbox / PC
Peggle,2007-04-01,2020-11-01,,89,PopCap Games,PopCap Games,Xbox / PC
Peggle 2,2013-09-01,2020-11-01,,89,Electronic Arts,"Electronic Arts, PopCap Games",Xbox
Plants vs. Zombies: Game of the Year Edition,2009-05-01,2020-11-01,,89,"Electronic Arts, PopCap Games",PopCap Games,Xbox / PC
Plants vs. Zombies: Battle for Neighborville - Deluxe Edition,2019-10-01,2020-11-01,,76,Electronic Arts,PopCap Games,Xbox / PC
Plants vs. Zombies: Garden Warfare,2014-02-01,2020-11-01,,76,Electronic Arts,"Electronic Arts, PopCap Games",Xbox / PC
Plants vs. Zombies: Garden Warfare 2 - Deluxe Edition,2016-02-01,2020-11-01,,80,Electronic Arts,PopCap Games,Xbox / PC
Sea of Solitude,2019-07-01,2020-11-01,,72,Electronic Arts,"Electronic Arts, JO-MEI GAMES",Xbox / PC
Skate 3,2010-05-01,2020-11-01,,80,Electronic Arts,"Electronic Arts, Electronic Arts Black Box",Xbox
SSX,2012-02-01,2020-11-01,,82,"Electronic Arts, EA SPORTS","Electronic Arts, Electronic Arts Canada",Xbox
Star Wars Battlefront: Ultimate Edition,2015-11-01,2020-11-01,,75,"Electronic Arts, Disney Interactive, LucasArts Entertainment","Electronic Arts DICE, Pandemic Studios, Uprise",Xbox / PC
Star Wars Battlefront II: Celebration Edition,2017-11-01,2020-11-01,,66,Electronic Arts,Electronic Arts DICE,Xbox / PC
Star Wars Jedi: Fallen Order,2019-11-01,2020-11-01,,81,Electronic Arts,Respawn Entertainment,Xbox / PC
The Sims 4: Deluxe Party Edition,2014-09-01,2020-11-01,,66,Electronic Arts,"Electronic Arts, Maxis",Xbox / PC
Titanfall 2: Ultimate Edition,2016-10-01,2020-11-01,,87,Electronic Arts,"Electronic Arts, Respawn Entertainment, Bluepoint Games",Xbox / PC
Unravel,2016-02-01,2020-11-01,,75,Electronic Arts,"Electronic Arts, Coldwood Interactive",Xbox / PC
Unravel Two,2018-06-01,2020-11-01,,81,Electronic Arts,"Electronic Arts, Coldwood Interactive",Xbox / PC
Zuma,2003-12-01,2020-11-01,,78,"Microsoft Studios, PopCap Games","Electronic Arts, PopCap Games, Oberon Media",Xbox
Zuma's Revenge!,2009-09-01,2020-11-01,,76,"Electronic Arts, PopCap Games",PopCap Games,Xbox
Deep Rock Galactic,2020-05-01,2020-11-01,,84,Coffee Stain Studios,Ghost Ship Games,Xbox / PC
Day of the Tentacle Remastered,2016-03-01,2020-10-01,,84,Double Fine Productions,Double Fine Productions,Xbox / PC
Full Throttle Remastered,2017-04-01,2020-10-01,,76,Double Fine Productions,"Double Fine Productions, Shiny Shoe",Xbox / PC
Grim Fandango Remastered,2015-01-01,2020-10-01,,80,Double Fine Productions,"Double Fine Productions, LucasArts Entertainment",Xbox / PC
Tom Clancy's Rainbow Six: Siege - Deluxe Edition,2015-12-01,2020-10-01,,74,Ubisoft Entertainment,"Ubisoft, Ubisoft Montreal, Sperasoft",Xbox / PC
Age of Empires III: Definitive Edition,2020-10-01,2020-10-01,,76,Xbox Game Studios,"Forgotten Empires, Tantalus Media",PC
Brütal Legend,2009-10-01,2020-10-01,,82,"Electronic Arts, Microsoft Studios, Double Fine Productions","Electronic Arts, Double Fine Productions",Xbox
DOOM Eternal,2020-03-01,2020-10-01,,88,Bethesda Softworks,"Bethesda Softworks, id Software, Bethesda Game Studios, Panic Button, Virtuos, Nerve Software",Xbox / PC
Halo 3: ODST,2009-09-01,2020-09-01,,83,Bungie,Bungie,Xbox / PC
Crusader Kings III,2020-09-01,2020-09-01,,91,Paradox Interactive,Paradox Developement Studios,Xbox / PC
Wasteland 3,2020-08-01,2020-08-01,,86,"Deep Silver, inXile Entertainment",InXile Entertainment,Xbox / PC
Tell Me Why,2020-08-01,2020-08-01,,80,Xbox Game Studios,DONTNOD Entertainment,Xbox / PC
Battletoads,2020-08-01,2020-08-01,,73,"Microsoft Studios, SEGA, Nintendo, MINDSCAPE, Rare, Masaya, NCS, Tradewest","Arc System Works, Rare, Mindscape, Dlala Studios",Xbox / PC
New Super Lucky's Tale,2019-11-01,2020-08-01,,76,Playful,playful,Xbox / PC
Microsoft Flight Simulator (2020): Game of the Year Edition,2020-08-01,2020-08-01,,92,"Microsoft Studios, Xbox Game Studios","Asobo Studio, Microsoft Game Studios",Xbox / PC
Trailmakers,2019-09-01,2020-08-01,,70,Flashbulb,Flashbulb,Xbox / PC
Grounded,2020-07-01,2020-07-01,,65,Xbox Game Studios,Obsidian Entertainment,Xbox / PC
Halo 3,2007-09-01,2020-07-01,,88,Microsoft Studios,Bungie,Xbox / PC
Neon Abyss,2020-07-01,2020-07-01,,77,"Team17 Digital, VEEWO GAMES","Veewo Games, Veewo",Xbox / PC
Fallout 76,2018-11-01,2020-07-01,,68,Bethesda Softworks,Bethesda Game Studios,Xbox / PC
The Bard's Tale ARPG: Remastered and Resnarkled,2020-06-01,2020-06-01,,90,inXile Entertainment,InXile Entertainment,Xbox / PC
BattleTech,2018-04-01,2020-06-01,,78,Paradox Interactive,Harebrained Schemes,PC
No Man's Sky,2016-08-01,2020-06-01,,69,Hello Games,Hello Games,Xbox / PC
Minecraft: Dungeons,2020-05-01,2020-05-01,,73,Microsoft Studios,"Double Eleven, Mojang",Xbox / PC
Golf With Your Friends,2020-05-01,2020-05-01,,68,"Team17 Digital, Blacklight Interactive®, Blacklight Interactive","Team17 Digital, Blacklight Interactive®, Blacklight Interactive",Xbox / PC
Halo 2: Anniversary,2004-11-01,2020-05-01,,71,Xbox Game Studios,343 Industries,Xbox / PC
DayZ,2013-12-01,2020-05-01,,56,Bohemia Interactive,Bohemia Interactive,Xbox
MechWarrior 5: Mercenaries,2019-12-01,2020-05-01,,74,"Sold Out, Piranha Games",Piranha Games,Xbox / PC
Gears Tactics,2020-04-01,2020-04-01,,81,"Microsoft Studios, Xbox Game Studios","Splash Damage, The Coalition",Xbox / PC
Totally Reliable Delivery Service,2020-04-01,2020-04-01,,60,tinyBuild,We're Five Games,Xbox / PC
Bleeding Edge,2020-03-01,2020-03-01,,70,"Microsoft Studios, Ninja Theory",Ninja Theory,Xbox / PC
Ori and the Will of the Wisps,2020-03-01,2020-03-01,,90,"Microsoft Studios, Xbox Game Studios",Moon Studios,Xbox / PC
Halo: Combat Evolved - Anniversary,2001-11-01,2020-03-01,,79,Microsoft Studios,"Saber Interactive, 343 Industries",Xbox / PC
Wasteland Remastered,2020-02-01,2020-02-01,,60,inXile Entertainment,"InXile Entertainment, Krome Studios",Xbox / PC
Wolfenstein: Youngblood,2019-07-01,2020-02-01,,68,Bethesda Softworks,"Bethesda Softworks, Arkane Studios, Machine Games",Xbox / PC
Frostpunk,2018-04-01,2020-01-01,,84,11 bit studios,11 Bit Studios,Xbox / PC
Phoenix Point,2019-12-01,2019-12-01,,74,Snapshot Games,Snapshot Games,Xbox / PC
Totally Accurate Battle Simulator,2019-04-01,2019-12-01,,76,Landfall,Landfall,Xbox / PC
Pillars of Eternity: Definitive Edition,2015-03-01,2019-12-01,,86,Paradox Interactive,Obsidian Entertainment,Xbox / PC
Overcooked! 2,2018-08-01,2019-12-01,,83,Team17 Digital,"Team17 Digital, Ghost Town Games",Xbox / PC
Halo: Reach,2010-09-01,2019-12-01,,91,Microsoft Studios,Bungie,Xbox / PC
Age of Empires II: Definitive Edition,2019-11-01,2019-11-01,,84,"Microsoft Studios, Xbox Game Studios","Forgotten Empires, Wicked Witch, Tantalus",Xbox / PC
RAGE 2,2019-05-01,2019-11-01,,72,Bethesda Softworks,"id Software, Avalanche Studios, Virtuos, Goodbye Kansas Games, Passion Republic Games, Isbit Games",Xbox / PC
The Outer Worlds,2019-10-01,2019-10-01,,85,Private Division,Obsidian Entertainment,Xbox / PC
Fallout: New Vegas - Ultimate Edition,2010-10-01,2019-10-01,,84,Bethesda Softworks,Obsidian Entertainment,Xbox / PC
Dishonored 2,2016-11-01,2019-10-01,,88,Bethesda Softworks,"Bethesda Softworks, Arkane Studios",Xbox / PC
Gears 5: Game of the Year Edition,2019-09-01,2019-09-01,,83,"Microsoft Studios, Xbox Game Studios",The Coalition,Xbox / PC
Dead Cells,2017-05-01,2019-09-01,,91,"Plug In Digital, Playdigious, Motion Twin","Plug In Digital, Playdigious, Motion Twin",Xbox / PC
The Bard's Tale IV: Director's Cut,2018-09-01,2019-08-01,,70,inXile Entertainment,InXile Entertainment,Xbox / PC
Age of Empires: Definitive Edition,2018-02-01,2019-08-01,,83,"Microsoft Studios, Xbox Game Studios","Relic Entertainment, Ensemble Studios, Forgotten Empires, Tantalus",PC
Stellaris,2016-05-01,2019-08-01,,81,Paradox Interactive,Paradox Development Studio,Xbox / PC
Slay the Spire,2017-11-01,2019-08-01,,88,"Humble Bundle, Mega Crit Games","Humble Bundle, Mega Crit",Xbox / PC
The Bard's Tale Trilogy,2018-08-01,2019-08-01,,70,inXile Entertainment,Krome Studios,Xbox / PC
Killer Instinct 2 Classic,2013-11-01,2019-07-01,,59,Midway Games,Rare,Xbox
Killer Instinct Classic,1994-10-01,2019-07-01,,85,Rareware,Rare,Xbox
Killer Instinct (2013): Anniversary Edition,2013-11-01,2019-07-01,,86,"Nintendo, Midway Games, Midway, Rareware",Rare,Xbox / PC
Middle-earth: Shadow of War,2017-10-01,2019-07-01,,81,"Warner Bros. Interactive, WB Games","Warner Bros. Interactive, Monolith Productions",Xbox / PC
Torment: Tides of Numenera,2017-02-01,2019-06-01,,81,"Techland Publishing, inXile Entertainment",Techland,Xbox / PC
Perfect Dark,2000-08-01,2019-06-01,,79,"Microsoft Studios, Rare","Rare, 4J Studios",Xbox
Rare Replay,2015-08-01,2019-06-01,,84,Microsoft Studios,,Xbox
ASTRONEER,2016-12-01,2019-06-01,,72,"Gearbox Publishing, System Era Softworks",System Era Softworks,Xbox / PC
Batman: Arkham Knight,2015-06-01,2019-06-01,,85,Warner Bros. Interactive,Rocksteady Studios,Xbox
Halo: Spartan Strike,2015-04-01,2019-06-01,,66,Microsoft Studios,"343 Industries, Microsoft, Vanguard Games",PC
Hollow Knight: Voidheart Edition,2017-02-01,2019-06-01,,90,Team Cherry,Team Cherry,Xbox / PC
Moonlighter,2018-05-01,2019-06-01,,84,11 bit studios,"11 Bit Studios, Digital Sun",Xbox / PC
Rise of Nations: Extended Edition,2003-05-01,2019-06-01,,89,Microsoft Studios,Big Huge Games,PC
Dead by Daylight: Special Edition,2016-06-01,2019-05-01,,58,"Koch Media, Behaviour Interactive, Starbreeze Studios","Behaviour Interactive, Behaviour Digital",Xbox / PC
Descenders,2018-02-01,2019-05-01,,77,"No More Robots, Noodlecake Studios","RageSquid, Noodlecake",Xbox / PC
Wolfenstein II: The New Colossus,2017-10-01,2019-05-01,,88,Bethesda Softworks,"Bethesda Softworks, id Software, Arkane Studios, Panic Button, Machine Games, Goodbye Kansas Games, Doctor Entertainment",Xbox / PC
The Walking Dead: A New Frontier,2016-12-01,2019-04-01,,73,"Telltale Games, Skybound Games",Telltale Games,Xbox / PC
Prey,2017-05-01,2019-04-01,,83,Bethesda Softworks,Arkane Studios,Xbox / PC
Minecraft,2011-11-01,2019-04-01,,88,"Microsoft Studios, Mojang","4J Studios, Mojang",Xbox / PC
Fallout 4,2015-11-01,2019-03-01,,88,Bethesda Softworks,Bethesda Game Studios,Xbox / PC
The Walking Dead: Michonne,2016-02-01,2019-03-01,,64,Telltale Games,Telltale Games,Xbox / PC
Crackdown 3,2019-02-01,2019-02-01,,60,Microsoft Studios,"Sumo Digital, Reagent Games, Cloudgine",Xbox / PC
The Walking Dead: The Complete First Season,2017-12-01,2019-02-01,,89,Telltale Games,Telltale Games,Xbox / PC
The Walking Dead: Season Two,2013-12-01,2019-02-01,,83,"Telltale Games, Skybound Games",Telltale Games,Xbox / PC
ARK: Ultimate Survivor Edition,2016-12-01,2019-01-01,,69,"Studio Wildcard, Snail Games USA","Instinct Games, Studio Wildcard, Grove Street Games",Xbox / PC
Ori and the Blind Forest: Definitive Edition,2015-03-01,2018-12-01,,88,Microsoft Studios,Moon Studios,Xbox / PC
Hellblade: Senua's Sacrifice,2017-08-01,2018-12-01,,88,Ninja Theory,Ninja Theory,Xbox / PC
Wolfenstein: The New Order,2014-05-01,2018-10-01,,80,Bethesda Softworks,"Bethesda Softworks, Machine Games",Xbox / PC
Halo: The Master Chief Collection,2014-11-01,2018-09-01,,85,Microsoft Studios,"Splash Damage, 343 Industries, Ruffian Games",Xbox / PC
Quantum Break,2016-04-01,2018-09-01,,77,"Microsoft Studios, THQ Nordic",Remedy Entertainment,Xbox / PC
DOOM (2016),2016-05-01,2018-08-01,,87,Bethesda Softworks,"Bethesda Softworks, id Software, Panic Button, Tango Gameworks, Escalation Studios, Certain Affinity, Digital Domain, BattleCry Studios",Xbox
RAGE,2011-10-01,2018-08-01,,81,"Bethesda Softworks, Aspyr, ak tronic Software & Services","Aspyr Media, id Software, Escalation Studios",Xbox
Rush: A Disney Pixar Adventure,2012-03-01,2018-08-01,,68,"Microsoft Studios, THQ Nordic",Asobo Studios,Xbox / PC
Ryse: Son of Rome,2013-11-01,2018-08-01,,60,"Microsoft Studios, Crytek",Crytek,Xbox
Fallout 3: Game of the Year Edition,2008-10-01,2018-07-01,,93,Bethesda Softworks,Bethesda Game Studios,Xbox / PC
Human: Fall Flat,2016-07-01,2018-07-01,,73,"505 Games, Curve Digital","505 Games, Curve Digital, No Brakes Games",Xbox / PC
The Elder Scrolls IV: Oblivion,2006-03-01,2018-07-01,,94,"2K Games, Bethesda Softworks, Tomris Games","Bethesda Softworks, Bethesda Game Studios, Tomris Games",Xbox / PC
The Elder Scrolls Online,2014-04-01,2018-06-01,,77,Bethesda Softworks,"Zenimax Online Studios, Zenimax Media",Xbox
Disneyland Adventures,2011-11-01,2018-06-01,,67,"Microsoft Studios, THQ Nordic","Frontier Developments, Asobo Studio",Xbox / PC
Wasteland 2: Director's Cut,2014-09-01,2018-06-01,,77,"Deep Silver, inXile Entertainment",InXile Entertainment,Xbox / PC
State of Decay 2: Juggernaut Edition,2018-05-01,2018-05-01,,78,Xbox Game Studios,Undead Labs,Xbox / PC
Cities: Skylines - Remastered,2015-03-01,2018-04-01,,83,Paradox Interactive,Colossal Order,Xbox / PC
theHunter: Call of the Wild,2017-02-01,2018-04-01,,83,"Astragon Entertainment, Avalanche Studios",Expansive Worlds,Xbox / PC
Sea of Thieves,2018-03-01,2018-03-01,,69,Xbox Game Studios,Rare,Xbox / PC
Super Lucky's Tale,2017-11-01,2018-03-01,,64,"Microsoft Studios, THQ Nordic",playful,Xbox / PC
Fable Anniversary,2014-02-01,2018-02-01,,68,Microsoft Studios,Lionhead Studios,Xbox
Halo Wars 2,2017-02-01,2018-02-01,,79,Microsoft Studios,"Creative Assembly, 343i",Xbox / PC
Zoo Tycoon: Ultimate Animal Collection,2017-10-01,2018-01-01,,68,Microsoft Studios,"Frontier Developments, Asobo Studios",Xbox / PC
Gears of War 4,2016-10-01,2017-12-01,,84,Microsoft Studios,The Coalition,Xbox / PC
Mass Effect,2007-11-01,2017-12-01,,90,"Electronic Arts, Microsoft Studios","BioWare, Edge of Reality, Demiurge Studios",Xbox / PC
Halo Wars: Definitive Edition,2009-02-01,2017-11-01,,81,Microsoft Studios,"343 Industries, Behaviour Interactive, Ensemble Studios",Xbox / PC
Costume Quest 2,2014-10-01,2017-10-01,,65,"Majesco Entertainment, Midnight City","Double Fine Productions, Majesco Entertainment Company",Xbox
State of Decay: Year One Survival Edition,2015-04-01,2017-10-01,,72,"Microsoft Studios, THQ Nordic",Undead Labs,Xbox
Fable II,2008-10-01,2017-09-01,,89,Microsoft Studios,Lionhead Studios,Xbox
ReCore: Definitive Edition,2016-09-01,2017-08-01,,61,Microsoft Studios,"Armature Studio, Comcept",Xbox / PC
Banjo-Kazooie,1998-06-01,2017-06-01,,77,"Microsoft Studios, Nintendo","Rare, 4J Studios",Xbox
Banjo-Kazooie: Nuts & Bolts,2008-11-01,2017-06-01,,79,"Microsoft Studios, Nintendo","Rare, 4J Studios",Xbox
Banjo-Tooie,2000-11-01,2017-06-01,,73,"Microsoft Studios, Nintendo","Rare, 4J Studios",Xbox
Fable III,2010-10-01,2017-06-01,,80,Microsoft Studios,Lionhead Studios,Xbox
Fuzion Frenzy,2001-11-01,2017-06-01,,70,Microsoft Studios,Blitz Games,Xbox
Gears of War,2006-11-01,2017-06-01,,94,Microsoft Studios,"Epic Games, People Can Fly",Xbox
Gears of War 2,2008-11-01,2017-06-01,,93,Microsoft Studios,Epic Games,Xbox
Gears of War 3,2011-09-01,2017-06-01,,91,Microsoft Studios,Epic Games,Xbox
Gears of War: Judgment,2013-03-01,2017-06-01,,79,Microsoft Studios,Epic Games,Xbox
Gears of War: Ultimate Edition,2006-11-01,2017-06-01,,82,Microsoft Studios,"Epic Games, The Coalition",Xbox / PC
Halo 5: Guardians,2015-10-01,2017-06-01,,84,Microsoft Studios,343 Industries,Xbox
Halo: Spartan Assault,2013-07-01,2017-06-01,,53,Microsoft Studios,"343 Industries, Microsoft, Vanguard Games",Xbox / PC
Jetpac Refuelled,2007-03-01,2017-06-01,,73,Microsoft Studios,Rare,Xbox
Joy Ride Turbo,2012-05-01,2017-06-01,,67,,,Xbox
Kameo: Elements of Power,2005-11-01,2017-06-01,,79,Microsoft Studios,Rare,Xbox
Max: The Curse of Brotherhood,2013-12-01,2017-06-01,,72,"Microsoft Studios, Bending Spoons Apps IVS, Flashbulb ApS, Stage Clear Studios","Stage Clear Studios, Bending Spoons Apps IVS, Flashbulb Games, Flashbulb ApS, Press Play",Xbox
Payday 2: Crimewave Edition,2013-08-01,2017-06-01,,65,"505 Games, Starbreeze","505 Games, OVERKILL Software",Xbox
Perfect Dark Zero,2006-06-01,2017-06-01,,81,Microsoft Studios,Rare,Xbox
ScreamRide,2015-03-01,2017-06-01,,71,Microsoft Studios,Frontier Developments,Xbox
Sunset Overdrive,2014-10-01,2017-06-01,,81,"Microsoft Studios, THQ Nordic","Insomniac Games, Blind Squirrel Games",Xbox / PC
Terraria,2011-05-01,2017-06-01,,84,"505 Games, Headup Games, Spike Chunsoft, Re-Logic","Engine Software, Codeglue, Pipeworks Studio, Re-Logic",Xbox
Viva Piñata,2006-11-01,2017-06-01,,84,"Microsoft Studios, Krome Studios","Rare, Microsoft Game Studios",Xbox
Viva Piñata: Trouble in Paradise,2008-09-01,2017-06-01,,82,"Microsoft Studios, Krome Studios","Rare, Microsoft Game Studios",Xbox
Teenage Mutant Ninja Turtles: Mutants Unleashed,2024-10-01,2025-05-01,2025-10-01,66,Outright Games,AHEARTFULOFGAMES,Xbox / PC
Core Keeper,2024-08-01,2024-08-01,2025-10-01,85,"Sold Out, Fireshine Games",Pugstorm,Xbox / PC
Cocoon,2023-09-01,2023-09-01,2025-10-01,89,Annapurna Interactive,Geometric Interactive,Xbox / PC
NINJA GAIDEN: Master Collection,2021-06-01,2022-06-01,2025-09-01,72,Koei Tecmo Games,Team NINJA,Xbox / PC
All You Need Is Help,2024-09-01,2024-09-01,2025-09-01,,Q-Games,Q-Games,Xbox / PC
We Love Katamari Reroll + Royal Reverie,2023-06-01,2024-09-01,2025-09-01,81,Bandai Namco Entertainment,MONKEYCRAFT Co,Xbox / PC
Wargroove 2,2023-10-01,2024-09-01,2025-09-01,85,Chucklefish,"Chucklefish, Robotality",Xbox / PC
Borderlands 3: Ultimate Edition,2023-10-01,2025-04-01,2025-08-01,77,"2K Games, Gearbox Publishing","2K, Gearbox Software",Xbox / PC
Sea of Stars,2023-08-01,2023-08-01,2025-08-01,90,,Sabotage Studio,Xbox / PC
This War of Mine: Final Cut,2014-11-01,2022-05-01,2025-08-01,81,The Working Parts,The Working Parts,Xbox / PC
Ben 10: Power Trip,2020-10-01,2021-12-01,2025-08-01,67,Outright Games,PHL Collective,Xbox / PC
PAW Patrol Mighty Pups: Save Adventure Bay,2020-11-01,2021-12-01,2025-08-01,65,Outright Games,Drakhar Studio,Xbox / PC
Persona 3: Reload,2024-02-01,2024-02-01,2025-08-01,87,SEGA,Atlus,Xbox / PC
Farming Simulator 22,2021-11-01,2022-05-01,2025-08-01,76,Giants Software,Giants Software,Xbox / PC
Anthem,2019-02-01,2020-11-01,2025-08-01,62,EA Originals,"BioWare, BioWare Austin",Xbox / PC
Gigantic: Rampage Edition,2024-04-01,2025-01-01,2025-07-01,65,Arc Games,Abstraction Games,Xbox / PC
Kunitsu-Gami: Path of the Goddess,2024-07-01,2024-07-01,2025-07-01,80,Capcom,"Capcom, Capcom Japan",Xbox / PC
Turnip Boy Robs a Bank,2024-01-01,2024-01-01,2025-07-01,82,Graffiti Games,Snoozy Kazoo,Xbox / PC
Mafia: Definitive Edition,2020-09-01,2024-08-01,2025-07-01,76,2K Games,Hangar 13,Xbox / PC
Flock (2024),2024-07-01,2024-07-01,2025-07-01,74,Capcom,"Capcom U.S.A, Proper Games",Xbox / PC
Magical Delicacy,2024-07-01,2024-07-01,2025-07-01,84,Whitethorn Games,Skaule,Xbox / PC
Tchia,2023-03-01,2024-07-01,2025-07-01,77,"Kepler Interactive, Awaceb",Awaceb,Xbox / PC
The Case of the Golden Idol,2022-10-01,2024-07-01,2025-07-01,84,PlayStack,Color Gray Games,Xbox / PC
The Callisto Protocol,2022-12-01,2024-06-01,2025-07-01,69,"Skybound Games, KRAFTON",Striking Distance Studios,Xbox / PC
Journey to the Savage Planet,2020-01-01,2024-07-01,2025-06-01,76,505 Games,Typhoon studios,Xbox / PC
Robin Hood: Sherwood Builders,2024-02-01,2024-06-01,2025-06-01,80,PlayWay,MeanAstronauts,Xbox / PC
SteamWorld Dig,2013-08-01,2024-06-01,2025-06-01,82,"Image & Form, Image & Form International, Image and Form, Form International, Image","Image & Form, Form International",Xbox
SteamWorld Dig 2,2017-09-01,2024-06-01,2025-06-01,88,"Image & Form, Image and Form, Form International, Image, Image & Form Games","Image & Form, Form International",Xbox / PC
Arcade Paradise,2022-08-01,2023-07-01,2025-06-01,81,Wired Productions,Nosebleed Interactive,Xbox / PC
My Friend Peppa Pig,2021-10-01,2022-07-01,2025-06-01,65,Outright Games,Petoons Studio,Xbox / PC
Keplerth,2022-05-01,2024-06-01,2025-06-01,81,"Gamera Games, TARO",TARO,PC
My Time at Sandrock,2023-11-01,2024-06-01,2025-06-01,80,"Focus Entertainment, Pathea Games, PM Studios",Pathea Games,Xbox / PC
Isonzo,2022-09-01,2024-06-01,2025-06-01,67,"Blackmill Games, M2H & BlackMill Games","M2H, Blackmill Games",Xbox / PC
Depersonalization,2022-12-01,2024-06-01,2025-06-01,80,,Quinn,PC
"Rolling Hills: Make Sushi, Make Friends",2024-06-01,2024-06-01,2025-06-01,73,Humble Games,Catch & Release,Xbox / PC
Dordogne,2023-06-01,2023-06-01,2025-06-01,74,"UN JE NE SAIS QUOI, UMANIMATION","UN JE NE SAIS QUOI, UMANIMATION",Xbox / PC
Hypnospace Outlaw,2019-03-01,2023-06-01,2025-06-01,82,No More Robots,"Tendershoot, Jay Tholen, Michael Lasch, ThatWhichIs Media",Xbox / PC
Firework,2021-02-01,2024-06-01,2025-05-01,80,"Gamera Game, Ivan Zanotti's MyMadnessWorks, Abhishek Malpani","Ivan Zanotti's MyMadnessWorks, 拾英工作室, Shiying Studio, Abhishek Malpani",PC
Humanity,2023-05-01,2024-05-01,2025-05-01,86,"Enhance, Enhance Games","Enhance Games, tha",Xbox / PC
Remnant II,2023-07-01,2023-11-01,2025-05-01,80,Gearbox Publishing,Gunfire Games,Xbox / PC
Slayers X: Terminal Aftermath - Vengance of the Slayer,2023-06-01,2023-06-01,2025-05-01,80,No More Robots,Big Z Studios,Xbox / PC
Cassette Beasts,2023-04-01,2023-04-01,2025-05-01,83,Raw Fury,Bytten Studio,Xbox / PC
Hauntii,2024-05-01,2024-05-01,2025-05-01,69,Firestoke,Moonloop Games,Xbox / PC
Chants of Sennaar,2023-09-01,2024-05-01,2025-05-01,85,Focus Entertainment,Rundisc,Xbox / PC
Brothers: A Tale of Two Sons,2013-08-01,2024-05-01,2025-05-01,81,"505 Games, Parables Games","Starbreeze Studios, Parables Games",Xbox / PC
The Big Con,2021-08-01,2023-06-01,2025-05-01,77,Mighty Yell,Mighty Yell,Xbox / PC
Dune: Spice Wars,2022-04-01,2022-11-01,2025-05-01,72,"Funcom, Shiro Games",Shiro Games,Xbox / PC
Orcs Must Die! 3,2021-07-01,2024-04-01,2025-04-01,77,Robot Entertainment,Robot Entertainment,Xbox / PC
Harold Halibut,2024-04-01,2024-04-01,2025-04-01,70,"Curve Digital, Slow Bros.","Slow Bros, Slow Bros.",Xbox / PC
Botany Manor,2024-04-01,2024-04-01,2025-04-01,84,Whitethorn Games,"Babloon Studios, Balloon Studios",Xbox / PC
Kona,2016-03-01,2024-04-01,2025-04-01,71,"Deep Silver, Koch Media, Ravenscourt, Parabole","Deep Silver, Parabole",Xbox
Homestead Arcana,2023-04-01,2023-04-01,2025-04-01,59,Skybound Games,Serenity Forge,Xbox / PC
Coral Island,2022-10-01,2022-10-01,2025-04-01,,Humble Games,Stairway Games,Xbox / PC
Turbo Golf Racing (Game Preview),2022-08-01,2022-08-01,2025-04-01,,Secret Mode,Hugecalf Studios,Xbox / PC
Lil Gator Game,2022-04-01,2024-04-01,2025-03-01,84,Playtonic Friends,MegaWobble,Xbox / PC
Hot Wheels Unleashed 2: Turbocharged,2023-10-01,2024-03-01,2025-03-01,77,Milestone,Milestone,Xbox / PC
Open Roads,2024-03-01,2024-03-01,2025-03-01,67,Annapurna Interactive,"Fullbright, Open Roads Team",Xbox / PC
MLB The Show 24,2024-03-01,2024-03-01,2025-03-01,78,Sony Computer Entertainment,"Sony Interactive Entertainment, SCE San Diego Studio",Xbox
The Lamplighters League,2023-10-01,2023-10-01,2025-03-01,76,Paradox Interactive,Harebrained Schemes,Xbox / PC
Monster Hunter: Rise,2021-03-01,2023-01-01,2025-03-01,86,Capcom,Capcom,Xbox / PC
Yakuza 0,2015-03-01,2022-07-01,2025-03-01,85,SEGA,"SEGA, Ryu ga Gotoku Studio",Xbox / PC
Yakuza Kiwami,2016-01-01,2022-07-01,2025-03-01,80,"SEGA, Deep Silver",Ryu ga Gotoku Studio,Xbox / PC
Yakuza Kiwami 2,2017-12-01,2022-07-01,2025-03-01,82,SEGA,"SEGA, Ryu ga Gotoku Studio",Xbox / PC
Yakuza: Like a Dragon,2020-01-01,2021-06-01,2025-03-01,86,SEGA,"SEGA, Ryu ga Gotoku Studio",Xbox / PC
No More Heroes III,2021-08-01,2024-03-01,2025-03-01,75,"XSEED Games, Marvelous USA, Marvelous, GRASSHOPPER MANUFACTURE",Grasshopper Manufacture,Xbox / PC
SpongeBob SquarePants: Battle for Bikini Bottom - Rehydrated,2020-06-01,2024-03-01,2025-03-01,68,THQ Nordic,Purple Lamp Studios,Xbox / PC
Lies of P,2023-09-01,2023-09-01,2025-03-01,81,NEOWIZ,Round8 Studio,Xbox / PC
Solar Ash,2021-12-01,2023-09-01,2025-03-01,78,Annapurna Interactive,Heart Machine,Xbox / PC
Yakuza 6: The Song of Life,2016-12-01,2021-03-01,2025-03-01,83,SEGA,"SEGA, Ryu ga Gotoku Studio",Xbox / PC
Yakuza 5: Remastered,2020-02-01,2021-01-01,2025-03-01,82,SEGA,"SEGA, Ryu ga Gotoku Studio",Xbox / PC
"Warhammer 40,000: Boltgun",2023-05-01,2024-03-01,2025-02-01,75,Focus Entertainment,Auroch Digital,Xbox / PC
Space Engineers,2020-04-01,2024-02-01,2025-02-01,68,Keen Software House,Keen Software House,Xbox / PC
Maneater,2020-05-01,2024-02-01,2025-02-01,71,"Tripwire Interactive, Blindside Interactive",Blindside Interactive,Xbox / PC
GRIS,2018-12-01,2023-09-01,2025-02-01,84,Devolver Digital,Nomada Studio,Xbox / PC
Wo Long: Fallen Dynasty,2023-03-01,2023-03-01,2025-02-01,80,Koei Tecmo Games,"Team NINJA, KOEI TECMO GAMES CO",Xbox / PC
Yakuza 3: Remastered,2019-08-01,2021-01-01,2025-02-01,77,SEGA,"SEGA, Ryu ga Gotoku Studio",Xbox / PC
Yakuza 4: Remastered,2019-10-01,2021-01-01,2025-02-01,78,SEGA,"SEGA, Ryu ga Gotoku Studio",Xbox / PC
F1 22,2022-06-01,2023-03-01,2025-02-01,81,Electronic Arts,Codemasters,Xbox / PC
Indivisible,2019-10-01,2024-02-01,2025-02-01,82,505 Games,Lab Zero Games,Xbox / PC
Return to Grace,2023-05-01,2024-02-01,2025-02-01,79,Creative Bytes Studios,Creative Bytes Studios,Xbox / PC
Tales of Arise,2021-09-01,2024-02-01,2025-02-01,87,Bandai Namco Entertainment,Bandai Namco Entertainment,Xbox / PC
A Little to the Left,2022-11-01,2024-02-01,2025-02-01,75,Secret Mode,"Max Inferno, youllbejustfine",Xbox / PC
Bloodstained: Ritual of the Night,2019-06-01,2024-02-01,2025-02-01,84,505 Games,"505 Games, Armature Studio, Inti Creates, ArtPlay, Dico",Xbox / PC
Merge & Blade,2023-02-01,2023-02-01,2025-02-01,70,Causal Bit Games,Causal Bit Games,Xbox / PC
EA Sports UFC 3,2018-02-01,2020-11-01,2025-02-01,77,,Electronic Arts,Xbox
Anuchard,2022-04-01,2024-02-01,2025-01-01,70,Freedom Games,stellarNull,Xbox / PC
Broforce Forever,2023-08-01,2023-08-01,2025-01-01,80,Devolver Digital,"Devolver Digital, Free Lives",Xbox / PC
Serious Sam: Siberian Mayhem,2022-01-01,2023-07-01,2025-01-01,70,Devolver Digital,"Croteam, Timelock Studio",Xbox / PC
Maquette,2021-03-01,2023-07-01,2025-01-01,70,Annapurna Interactive,Graceful Decay,Xbox / PC
Darkest Dungeon,2016-01-01,2023-02-01,2025-01-01,84,Red Hook Studios,Red Hook Studios,Xbox / PC
Death's Door,2021-07-01,2022-01-01,2025-01-01,86,Devolver Digital,Acid Nerve,Xbox / PC
Those Who Remain,2020-05-01,2024-01-01,2025-01-01,49,"Wired Productions, Camel 101",Camel 101,Xbox / PC
Figment,2017-09-01,2024-01-01,2025-01-01,75,"4EversGames, Bedtime Digital Games",Bedtime Digital Games,Xbox / PC
Exoprimal,2023-07-01,2023-07-01,2025-01-01,73,Capcom,Capcom,Xbox / PC
Common'hood,2022-11-01,2023-07-01,2025-01-01,,Plethora Project,Plethora Project,Xbox / PC
Insurgency: Sandstorm,2018-09-01,2022-11-01,2025-01-01,80,Focus Home Interactive,New World Interactive,Xbox / PC
Escape Academy,2022-07-01,2022-07-01,2025-01-01,81,"Skybound Games, iam8bit",Coin Crew Games,Xbox / PC
LEGO 2K Drive,2023-05-01,2024-04-01,2024-12-01,73,2K Games,Visual Concepts,Xbox
Close to the Sun,2019-10-01,2024-01-01,2024-12-01,66,Wired Productions,Storm in a Teacup,Xbox / PC
Party Animals,2023-09-01,2023-09-01,2024-12-01,77,Source Technology,Recreate Games,Xbox
McPixel 3,2022-11-01,2023-07-01,2024-12-01,75,Devolver Digital,"Devolver, Sos Sosowski",Xbox / PC
BlazBlue: Cross Tag Battle - Special Edition,2018-05-01,2023-04-01,2024-12-01,72,"Arc System Works, Arc System Works Co.","Arc System Works, Arc System Works Co.",Xbox / PC
Humankind,2021-08-01,2021-08-01,2024-12-01,78,SEGA,Amplitude Studios,Xbox / PC
The Quarry,2022-06-01,2024-03-01,2024-12-01,79,"2K Games, Supermassive Games",Supermassive Games,Xbox
Tin Hearts,2018-11-01,2023-12-01,2024-12-01,66,"Wired Productions, Rogue Sun",Rogue Sun,Xbox / PC
Amnesia: The Bunker,2023-06-01,2023-06-01,2024-12-01,77,Frictional Games,Frictional Games,Xbox / PC
Rainbow Billy: The Curse of the Leviathan,2021-10-01,2022-12-01,2024-12-01,86,"Skybound Games, ManaVoid Entertainment",ManaVoid Entertainment,Xbox / PC
Forager,2019-04-01,2020-07-01,2024-12-01,78,Humble Bundle,"Humble Bundle, HopFrog",Xbox / PC
Forza Horizon 4,2018-09-01,2018-10-01,2024-12-01,92,"Microsoft Studios, Xbox Game Studios",Playground Games,Xbox / PC
While the Iron's Hot,2023-12-01,2023-12-01,2024-11-01,63,Humble Games,Bontemps Games,Xbox / PC
Spirit of the North: Enhanced Edition,2019-11-01,2023-12-01,2024-11-01,64,Merge Games,Infuse Studio,Xbox / PC
Remnant: From the Ashes,2019-08-01,2023-11-01,2024-11-01,81,Perfect World Entertainment,"Gunfire Games, Perfect World Entertainment",Xbox / PC
Rollerdrome,2022-08-01,2023-11-01,2024-11-01,79,"2K Games, Private Division","Roll7, Roll 7",Xbox / PC
Hello Neighbor 2,2022-12-01,2022-12-01,2024-11-01,56,tinyBuild,"tinyBuild, Dynamic Pixels, Eerie Guest",Xbox / PC
Soccer Story,2022-11-01,2022-11-01,2024-11-01,71,No More Robots,PanicBarn,Xbox / PC
Conan Exiles,2018-05-01,2021-05-01,2024-11-01,64,Funcom,"Funcom, Funcom Oslo A/S",Xbox / PC
Persona 5: Tactica,2023-11-01,2023-11-01,2024-11-01,75,SEGA,Atlus,Xbox / PC
Dungeons 4,2023-11-01,2023-11-01,2024-11-01,76,Kalypso Media,Realmforge Studios,Xbox / PC
Like a Dragon Gaiden: The Man Who Erased His Name,2023-11-01,2023-11-01,2024-11-01,79,SEGA,Ryu ga Gotoku Studio,Xbox / PC
Like a Dragon: Ishin!,2023-02-01,2023-10-01,2024-11-01,81,SEGA,Ryu ga Gotoku Studio,Xbox / PC
Goat Simulator,2014-04-01,2023-04-01,2024-11-01,58,"Coffee Stain Studios, Double Eleven","Double Eleven, Coffee Stain Studios, Coffee Stain Publishing",Xbox / PC
Somerville,2022-11-01,2022-11-01,2024-11-01,82,Jumpship,Jumpship,Xbox / PC
Dicey Dungeons,2019-08-01,2021-11-01,2024-11-01,80,"Terry Cavanagh, Distractionware","Terry Cavanagh, Distractionware, Marlowe Dobbe, chipzel",Xbox / PC
Headbangers: Rhythm Royale,2023-10-01,2023-10-01,2024-10-01,74,Team17 Digital,Glee-Cheese Studio,Xbox / PC
Mineko's Night Market,2023-09-01,2023-10-01,2024-10-01,66,Humble Bundle,Meowza Games,Xbox / PC
Inkulinati (Game Preview),2023-01-01,2023-01-01,2024-10-01,,Yaza Games,Yaza Games,Xbox / PC
Frog Detective: The Entire Mystery,2022-10-01,2022-10-01,2024-10-01,77,Grace Bruxner,"Thomas Bowker, Grace Bruxner",Xbox / PC
Lonely Mountains: Downhill,2019-10-01,2019-10-01,2024-10-01,79,"Thunderful Publishing, Megagon Industries",Megagon Industries,Xbox / PC
F1 Manager 2023,2023-07-01,2023-10-01,2024-10-01,79,Frontier Developments,Frontier Developments,Xbox / PC
From Space,2023-10-01,2023-10-01,2024-10-01,60,Curve Games,Triangle Studios,Xbox / PC
Scorn,2022-10-01,2022-10-01,2024-10-01,71,"Kepler Interactive, Ebb Software",Ebb Software,Xbox / PC
Dyson Sphere Program (Game Preview),2021-01-01,2022-10-01,2024-10-01,,Gamera Game,Youthcat Studio,PC
Everspace 2,2021-01-01,2021-10-01,2024-10-01,76,ROCKFISH Games,ROCKFISH Games,Xbox / PC
Gotham Knights,2022-10-01,2023-10-01,2024-09-01,66,Warner Bros. Interactive,"Warner Bros. Interactive, QLOC, Warner Bros. Games Montréal",Xbox / PC
Phoenix Wright: Ace Attorney Trilogy,2012-04-01,2023-09-01,2024-09-01,80,Capcom,"Capcom, Capcom U.S.A",Xbox / PC
Loop Hero,2021-03-01,2023-04-01,2024-09-01,82,Devolver Digital,Four Quarters,Xbox / PC
PAW Patrol Grand Prix,2022-09-01,2022-09-01,2024-09-01,70,Outright Games,3DClouds,Xbox / PC
Let's Build A Zoo,2021-11-01,2022-09-01,2024-09-01,78,No More Robots,Springloaded,Xbox / PC
Valheim (Game Preview),2021-02-01,2022-09-01,2024-09-01,,Coffee Stain,"Dvoid, Richard Svensson",Xbox / PC
My Time at Portia,2019-04-01,2019-07-01,2024-09-01,73,"Team17 Digital, Nuverse, Pathea Games","Team17 Digital, Pathea Games, Nuverse",Xbox / PC
PAYDAY 3,2023-09-01,2023-09-01,2024-09-01,68,"Deep Silver, Prime Matter","OVERKILL Software, Starbreeze Studios",Xbox / PC
FIFA 23,2021-10-01,2023-05-01,2024-09-01,78,,FreakyGe,Xbox / PC
Slime Rancher 2 (Game Preview),2022-09-01,2022-09-01,2024-09-01,,Monomi Park,Monomi Park,Xbox / PC
SpiderHeck,2022-09-01,2022-09-01,2024-09-01,83,tinyBuild,Neverjam,Xbox / PC
You Suck at Parking,2022-09-01,2022-09-01,2024-09-01,77,Happy Volcano,Happy Volcano,Xbox / PC
Ashes of the Singularity: Escalation,2016-11-01,2022-09-01,2024-09-01,81,"Stardock Entertainment, Stardock","Stardock Entertainment, Oxide Games",PC
NBA 2K24,2023-09-01,2024-03-01,2024-08-01,68,2K Games,Visual Concepts,Xbox
Guilty Gear -Strive-,2021-06-01,2023-03-01,2024-08-01,85,"Arc System Works, Arc System Works Co.","Arc System Works, Arc System Works Co.",Xbox / PC
Atomic Heart,2023-02-01,2023-02-01,2024-08-01,72,Focus Entertainment,Mundfish,Xbox / PC
DOOM,1993-12-01,2021-03-01,2024-08-01,83,Bethesda Softworks,"Bethesda Softworks, id Software, Panic Button, Tango Gameworks, Escalation Studios, Certain Affinity, Digital Domain, BattleCry Studios",Xbox / PC
DOOM II: Hell on Earth,1994-09-01,2021-03-01,2024-08-01,80,"Valve, Bethesda Softworks, Activision Blizzard, Activison, id Software, GT Interactive Software, Virgin Interactive, GT Interactive, Imagineer, CDV Software","Bethesda Softworks, id Software, Nerve Software, Lion Entertainment, Infinity, Torus Games, MachineWorks Northwest",Xbox / PC
The Texas Chainsaw Massacre,2023-08-01,2023-08-01,2024-08-01,72,,Sussy Amogus,Xbox / PC
Airborne Kingdom,2020-12-01,2023-08-01,2024-08-01,76,"Freedom Games, The Wandering Band",The Wandering Band,Xbox / PC
Shadow Warrior 3: Definitive Edition,2022-03-01,2023-02-01,2024-08-01,71,Nintendo,Koei Tecmo,Xbox / PC
Offworld Trading Company,2016-04-01,2022-08-01,2024-08-01,78,Stardock Entertainment,Mohawk Games,PC
Train Sim World 4,2023-09-01,2024-02-01,2024-07-01,80,Dovetail Games - TSW,Dovetail Games,Xbox / PC
A Short Hike,2019-07-01,2023-08-01,2024-07-01,82,adamgryu,adamgryu,Xbox / PC
Venba,2023-07-01,2023-07-01,2024-07-01,79,Visai Games,Visai Games,Xbox / PC
Figment 2: Creed Valley,2023-03-01,2023-07-01,2024-07-01,74,Bedtime Digital Games,Bedtime Digital Games,Xbox / PC
The Wandering Village,2022-09-01,2023-07-01,2024-07-01,,"WhisperGames, Stray Fawn Studio",Stray Fawn Studio,Xbox / PC
TOEM,2021-09-01,2023-07-01,2024-07-01,79,Something We Made,Something We Made,Xbox / PC
Coffee Talk Episode 2: Hibiscus & Butterfly,2023-04-01,2023-04-01,2024-07-01,78,Toge Productions,Toge Productions,Xbox / PC
Sins of a Solar Empire: Rebellion,2013-06-01,2022-07-01,2024-07-01,82,Stardock Entertainment,"Stardock Entertainment, Ironclad Games",PC
Cricket 22,2021-12-01,2022-04-01,2024-07-01,61,Nacon,Big Ant Studios,Xbox / PC
Sword and Fairy: Together Forever,2021-10-01,2023-07-01,2024-06-01,73,Xitilon,OddMeat,Xbox / PC
Story of Seasons: Friends of Mineral Town,2019-10-01,2023-06-01,2024-06-01,72,"XSEED Games, Marvelous USA, Marvelous",Marvelous,Xbox / PC
F.I.S.T.: Forged In Shadow Torch,2021-09-01,2023-06-01,2024-06-01,81,bilibili,TiGAMES,Xbox / PC
Stranded Deep,2015-01-01,2023-01-01,2024-06-01,75,Beam Team,"Telltale Games, Beam Team Games",Xbox / PC
FIFA 22,2021-10-01,2022-06-01,2024-06-01,76,Electronic Arts,Electronic Arts Vancouver,Xbox / PC
Bramble: The Mountain King,2023-04-01,2023-06-01,2024-06-01,80,"Merge Games, Dimfrost","Dimfrost, Dimfrost Studio",Xbox / PC
The Bookwalker: Thief of Tales,2023-06-01,2023-06-01,2024-06-01,75,tinyBuild,Do My Best,Xbox / PC
Rune Factory 4: Special,2012-07-01,2023-06-01,2024-06-01,82,"XSEED Games, Marvelous USA, Marvelous",Marvelous,Xbox / PC
Spacelines from the Far Out,2022-06-01,2022-06-01,2024-06-01,83,Skystone Games,Coffeenauts,Xbox / PC
Chicory: A Colorful Tale,2021-06-01,2023-05-01,2024-05-01,90,Greg Lobanov,"Finji, Greg Lobanov",Xbox / PC
Farworld Pioneers,2023-05-01,2023-05-01,2024-05-01,58,tinyBuild,Igloosoft,Xbox / PC
Railway Empire 2,2023-05-01,2023-05-01,2024-05-01,79,Kalypso Media,Gaming Minds Studios,Xbox / PC
JoJo's Bizarre Adventure: All-Star Battle R,2022-09-01,2023-01-01,2024-05-01,73,"Bandai Namco Entertainment, BANDAI NAMCO Entertainment US",CyberConnect2 Co.,Xbox / PC
Pac-Man Museum+,2022-05-01,2022-05-01,2024-05-01,64,BANDAI NAMCO Entertainment US,Bandai Namco Entertainment,Xbox / PC
Little Witch in the Woods (Game Preview),2022-05-01,2022-05-01,2024-05-01,88,Finji,"Finji, bombsfall, InfiniteAmmo, Infinite Fall",Xbox / PC
Eastern Exorcist,2021-07-01,2023-05-01,2024-05-01,73,bilibili,Wildfire Games,Xbox / PC
Supraland: Six Inches Under,2022-01-01,2023-05-01,2024-05-01,86,Supra Games,Supra Games,Xbox / PC
Fuga: Melodies of Steel 2,2023-05-01,2023-05-01,2024-05-01,85,CyberConnect2,CyberConnect2 Co.,Xbox / PC
SD Gundam Battle Alliance,2022-08-01,2023-02-01,2024-05-01,71,Bandai Namco Entertainment,ARTDINK,Xbox / PC
Ghostlore,2022-04-01,2022-11-01,2024-05-01,6,AT-AT Games,"Andrew Teo, Adam Teo",Xbox / PC
Eiyuden Chronicle: Rising,2022-05-01,2022-05-01,2024-05-01,71,505 Games,"Rabbit & Bear Studios, NATSUME ATARI",Xbox / PC
Norco,2022-03-01,2022-03-01,2024-05-01,87,Raw Fury,Geography of Robots,Xbox / PC
Just Cause 4: Reloaded,2018-12-01,2021-05-01,2024-05-01,69,,,Xbox / PC
Ravenlok,2023-05-01,2023-05-01,2024-04-01,66,Cococucumber,Cococucumber,Xbox / PC
Besiege,2022-02-01,2023-05-01,2024-04-01,88,Spiderling Studios,Spiderling Studios,Xbox / PC
NHL 22,2021-10-01,2022-05-01,2024-04-01,74,Electronic Arts,Electronic Arts,Xbox
Loot River,2022-05-01,2022-05-01,2024-04-01,66,"Superhot Presents, straka.studio",straka.studio,Xbox / PC
7 Days to Die (Game Preview),2013-12-01,2022-04-01,2024-04-01,35,"Telltale Games, The Fun Pimps Entertainment","Telltale Games, The Fun Pimps",Xbox / PC
Pikuniku,2019-01-01,2020-03-01,2024-04-01,76,Devolver Digital,"Devolver Digital, Alan Zucconi, Arnaud De Bock, Rémi Forcadell, Calum Bowen",Xbox / PC
Amnesia: Collection,2016-11-01,2022-10-01,2024-04-01,79,Frictional Games,Frictional Games,Xbox / PC
Amnesia: Rebirth,2020-10-01,2022-10-01,2024-04-01,80,Frictional Games,Frictional Games,Xbox / PC
Phantom Abyss (Game Preview),2021-06-01,2022-10-01,2024-04-01,,Devolver Digital,Team WIBY,Xbox / PC
SOMA,2015-09-01,2022-10-01,2024-04-01,83,Frictional Games,Frictional Games,Xbox / PC
Research and Destroy,2022-04-01,2022-04-01,2024-04-01,73,Spike Chunsoft Co,Implausible Industries,Xbox / PC
Back 4 Blood,2021-10-01,2021-10-01,2024-04-01,77,Warner Bros. Interactive,Turtle Rock Studios,Xbox / PC
INFINITE GUITARS,2022-12-01,2023-03-01,2024-03-01,62,Humble Games,Nikko Nikko,Xbox / PC
MLB The Show 23,2023-03-01,2023-03-01,2024-03-01,80,Sony Interactive Entertainment,SCE San Diego Studio,Xbox
Hot Wheels Unleashed: Game of the Year Edition,2021-09-01,2023-02-01,2024-03-01,72,Milestone,Milestone,Xbox / PC
Hardspace: Shipbreaker,2020-06-01,2022-05-01,2024-03-01,82,"Focus Home Interactive, Focus Entertainment",Blackbird Interactive,Xbox / PC
Shredders,2022-03-01,2022-03-01,2024-03-01,69,FoamPunch,"Foam Punch, FoamPunch",Xbox / PC
Soul Hackers 2,2022-08-01,2023-02-01,2024-02-01,74,"SEGA, Atlus",Atlus,Xbox / PC
Madden NFL 22,2021-08-01,2022-02-01,2024-02-01,70,Electronic Arts,Electronic Arts Tiburon,Xbox / PC
Opus: Echo of Starsong - Full Bloom Edition,2021-08-01,2022-08-01,2024-02-01,90,SIGONO,SIGONO,Xbox / PC
Galactic Civilizations III,2014-03-01,2022-02-01,2024-02-01,81,Stardock Entertainment,Stardock Entertainment,PC
F1 2021,2021-07-01,2022-03-01,2024-01-01,84,"Electronic Arts, EA SPORTS",Codemasters,Xbox
HITMAN: World of Assassination,2022-01-01,2022-01-01,2024-01-01,85,Warner Bros. Interactive,IO Interactive,Xbox / PC
Persona 3: Portable,2009-11-01,2023-01-01,2024-01-01,89,"SEGA, Atlus, Ghostlight",Atlus,Xbox / PC
MotoGP 22,2022-04-01,2022-07-01,2024-01-01,81,Milestone,Milestone,Xbox / PC
Garden Story,2021-08-01,2022-07-01,2024-01-01,70,Picogram,Picogram,Xbox / PC
NARAKA: BLADEPOINT,2021-08-01,2022-06-01,2023-12-01,71,Netease,24 ENTERTAINMENT,Xbox / PC
Potion Craft,2022-12-01,2022-12-01,2023-12-01,76,,"BusyLittleBean, ithing-p",Xbox / PC
Chained Echoes,2022-12-01,2022-12-01,2023-12-01,92,Deck13,Matthias Linda,Xbox / PC
Opus Magnum,2017-12-01,2022-09-01,2023-12-01,90,Zachtronics,Zachtronics,PC
Rubber Bandits,2021-12-01,2021-12-01,2023-12-01,74,Flashbulb,Flashbulb,Xbox / PC
Eastward,2021-12-01,2022-12-01,2023-11-01,82,Chucklefish,Pixpil,Xbox / PC
Disc Room (2020),2020-10-01,2022-06-01,2023-11-01,83,Devolver Digital,"Terri Vellmann, Doseone, Kitty, Terri, Dose, and JW",Xbox / PC
ANVIL: Vault Breaker (Game Preview),2021-09-01,2021-12-01,2023-11-01,,QCF Design,QCF Design,Xbox / PC
GRID (2019),2019-09-01,2021-08-01,2023-11-01,79,Codemasters,Codemasters,Xbox
Battlefield 1943,2009-07-01,2020-11-01,2023-11-01,83,Electronic Arts,"Electronic Arts, Electronic Arts Digital Illusions Creative Entertainment",Xbox
Battlefield: Bad Company,2008-06-01,2020-11-01,2023-11-01,83,Electronic Arts,"Electronic Arts, Electronic Arts Digital Illusions Creative Entertainment",Xbox
Battlefield: Bad Company 2,2010-03-01,2020-11-01,2023-11-01,88,Electronic Arts,"Electronic Arts, Electronic Arts DICE, Digital Illusions CE",Xbox / PC
Gungrave G.O.R.E,2022-11-01,2022-11-01,2023-11-01,56,"Koch Media, Prime Matter","IGGYMOB, Iggymob Co.",Xbox / PC
Lapin (Game Preview),2022-11-01,2022-11-01,2023-11-01,,Holospark,Holospark,Xbox / PC
Football Manager 2023,2022-11-01,2022-11-01,2023-11-01,81,SEGA,Sports Interactive,Xbox / PC
Ghost Song,2022-11-01,2022-11-01,2023-11-01,86,"Adult Swim Games, Humble Games",Old Moon,Xbox / PC
Exapunks,2018-10-01,2022-08-01,2023-11-01,80,Zachtronics,Zachtronics,PC
Coffee Talk,2020-01-01,2022-08-01,2023-11-01,75,Toge Productions,Toge Productions,Xbox / PC
Townscaper,2020-06-01,2021-12-01,2023-11-01,86,"Raw Fury, Oskar Stålberg","Raw Fury, Oskar Stålberg",Xbox / PC
Rocket Arena,2020-07-01,2020-11-01,2023-11-01,71,Electronic Arts,Final Strike Games,Xbox / PC
Gunfire Reborn,2021-11-01,2022-10-01,2023-10-01,77,"Duoyi (Hong Kong) Interactive Entertainment, Guangdong Liwei Network Technology","Duoyi, Duoyi (Hong Kong) Interactive Entertainment, Liwei Network",Xbox / PC
Signalis,2022-10-01,2022-10-01,2023-10-01,81,rose-engine,rose-engine,Xbox / PC
Persona 5: Royal,2019-10-01,2022-10-01,2023-10-01,94,"SEGA, Atlus",Atlus,Xbox / PC
Kill It With Fire,2020-08-01,2021-11-01,2023-10-01,73,,StabAlarash,Xbox / PC
Solasta: Crown of the Magister,2020-10-01,2021-05-01,2023-10-01,78,Tactical Adventures,Tactical Adventures,Xbox / PC
The Legend of Tianding,2022-10-01,2022-10-01,2023-10-01,80,"Another Indie Studio, Neon Doctrine","Creative Games Computer Graphics, Another Indie",Xbox / PC
Eville,2022-10-01,2022-10-01,2023-10-01,71,Versus Evil,VestGames,Xbox / PC
Shenzhen I/O,2016-10-01,2022-08-01,2023-10-01,88,Zachtronics,Zachtronics,PC
Overwhelm,2018-07-01,2022-07-01,2023-10-01,74,"Alliance, Untitled Publisher",Ruari O'Sullivan,PC
Trek to Yomi,2022-05-01,2022-05-01,2023-10-01,72,Devolver Digital,"Flying Wild Hog, Leonard Menchiari",Xbox / PC
Turnip Boy Commits Tax Evasion,2021-04-01,2022-04-01,2023-10-01,72,Graffiti Games,"Snoozy Kazoo, Yukon W.",Xbox / PC
Despot's Game,2022-09-01,2022-09-01,2023-09-01,80,tinyBuild,"tinyBuild, Konfa Games",Xbox / PC
Moonscars,2022-09-01,2022-09-01,2023-09-01,76,Humble Games,Black Mermaid,Xbox / PC
Beacon Pines,2022-09-01,2022-09-01,2023-09-01,83,Fellow Traveller,Hiding Spot,Xbox / PC
Last Call BBS,2022-07-01,2022-07-01,2023-09-01,80,Zachtronics,Zachtronics,PC
Weird West: Definitive Edition,2022-03-01,2022-03-01,2023-09-01,80,Zen Studios,Zen Studios,Xbox / PC
Prodeus,2020-11-01,2021-06-01,2023-09-01,86,Humble Games,,Xbox / PC
Outriders,2021-04-01,2021-04-01,2023-09-01,78,Square Enix,People Can Fly,Xbox / PC
Sid Meier's Civilization VI,2016-10-01,2023-03-01,2023-09-01,87,"2K Games, Aspyr","Aspyr Media, Firaxis",Xbox / PC
Danganronpa V3: Killing Harmony,2017-01-01,2022-09-01,2023-09-01,80,Spike Chunsoft Co,"Spike Chunsoft, NIS America",Xbox / PC
Fuga: Melodies of Steel,2021-07-01,2022-09-01,2023-09-01,87,CyberConnect2,CyberConnect2 Co.,Xbox / PC
Metal: Hellsinger,2022-09-01,2022-09-01,2023-09-01,79,"Funcom, Funcom Oslo",The Outsiders,Xbox / PC
Amazing Cultivation Simulator,2019-01-01,2022-09-01,2023-09-01,73,Gamera Game,GSQ Games,PC
DC League of Super-Pets: The Adventures of Krypto and Ace,2022-07-01,2022-09-01,2023-09-01,60,Outright Games,PHL Collective,Xbox / PC
Train Sim World 3,2022-09-01,2022-09-01,2023-09-01,78,Dovetail Games - TSW,Dovetail Games,Xbox / PC
Tainted Grail: Conquest,2020-06-01,2022-03-01,2023-09-01,82,Awaken Realms Digital,Awaken Realms Digital,Xbox / PC
Aragami 2,2021-09-01,2021-09-01,2023-09-01,69,"Lince Works, Yooreka Studio",Lince Works,Xbox / PC
Blue Fire,2021-02-03,2023-08-01,2023-08-01,70,Graffiti Games,ROBI Studios,XB1/Series X|S
Inertial Drift,2020-09-11,2023-08-01,2023-08-01,81,PQube,Level 91 Entertainment,XB1/Series X|S
Commandos 3: HD Remaster,2022-08-01,2022-08-01,2023-08-01,60,Kalypso Media,Raylight Games,Xbox / PC
Immortality,2022-08-01,2022-08-01,2023-08-01,91,Half Mermaid,"Sam Barlow, Half Mermaid",Xbox / PC
Tinykin,2022-08-01,2022-08-01,2023-08-01,81,tinyBuild,Splashteam,Xbox / PC
Nuclear Throne,2015-12-01,2021-09-01,2023-08-01,89,Vlambeer,Vlambeer,Xbox / PC
Surgeon Simulator 2: Access All Areas,2020-08-01,2021-09-01,2023-08-01,69,Bossa Studios,Bossa Studios,Xbox / PC
Black Desert,2016-03-01,2019-05-01,2023-08-01,75,"GameOn, Kakao Games Europe, RedFox Games",Pearl Abyss,Xbox
When the Past was Around,2020-09-21,2023-07-01,2023-08-01,77,"Toge Productions, TOGE INTERACTIVE, PT","Mojiken, TOGE INTERACTIVE, PT",XB1/Series X|S
DEATH STRANDING,2019-11-01,2022-08-01,2023-08-01,86,"Sony Interactive Entertainment, 505 Games",Kojima Productions,PC
Midnight Fight Express,2022-08-01,2022-08-01,2023-08-01,75,Humble Games,Jacob Dzwinel,Xbox / PC
Total War: Warhammer III,2022-02-01,2022-02-01,2023-08-01,88,"SEGA, Feral Interactive",Creative Assembly,PC
Edge of Eternity,2018-12-01,2022-02-01,2023-08-01,67,"Plug In Digital, Playdius, Maple Whispering, Dear Villagers, Midgar Studio",Midgar Studio,Xbox / PC
Darkwood,2017-08-17,2023-07-01,2023-07-01,78,"Crunching Koalas, Acid Wizard Studio","Crunching Koalas, Acid Wizard",XB1/Series X|S
Expeditions: Rome,2022-01-01,2022-08-01,2023-07-01,80,THQ Nordic,Logic Artists,PC
Two Point Campus,2022-08-01,2022-08-01,2023-07-01,84,SEGA,Two Point Studios,Xbox / PC
Dreamscaper,2020-08-01,2022-02-01,2023-07-01,80,"Maple Whispering, Freedom Games, Afterburner Studios",Afterburner Studios,Xbox / PC
Marvel's Avengers,2020-09-01,2021-09-01,2023-07-01,67,"Square Enix, Marvel Comics","Crystal Dynamics, Eidos Montreal, Nixxes, Eidos Interactive",Xbox / PC
The Vale: Shadow of the Crown,2021-08-19,2023-06-01,2023-07-01,,Falling Squirrel,Falling Squirrel,XB1/Series X|S
PAW Patrol The Movie: Adventure City Calls,2021-08-01,2022-07-01,2023-07-01,40,Outright Games,Drakhar Studio,Xbox / PC
Spelunky 2,2020-09-01,2022-01-01,2023-07-01,89,Mossmouth,"BlitWorks, Mossmouth",Xbox / PC
Exo One,2021-11-01,2021-11-01,2023-07-01,80,Exbleative,Exbleative,Xbox / PC
Adios,2021-03-17,2023-06-01,2023-06-01,78,Mischief,Mischief,XB1/Series X|S
DJMax Respect V,2019-12-01,2022-07-01,2023-06-01,75,NEOWIZ,NEOWIZ,Xbox / PC
Matchpoint: Tennis Championships,2022-07-01,2022-07-01,2023-06-01,60,Kalypso Media,Torus Games,Xbox / PC
OMORI,2020-12-01,2022-06-01,2023-06-01,87,"Playism, OMOCAT",OMOCAT,Xbox / PC
Olija,2021-01-01,2022-01-01,2023-06-01,78,Devolver Digital,"Skeleton Crew Studio, Thomas Olsson",Xbox / PC
Empire of Sin,2020-12-01,2021-03-01,2023-06-01,66,"Paradox Interactive, ParadoxInteractive",Romero Games,Xbox / PC
Hoa,2021-08-24,2023-05-01,2023-06-01,70,"PM Studios, CE-Asia",Skrollcat Studio,XB1/Series X|S
Mortal Shell: Enhanced Edition,2020-08-01,2023-01-01,2023-06-01,76,Gordon Little,Gordon Little,Xbox / PC
Total War: Three Kingdoms,2019-05-01,2022-06-01,2023-06-01,85,"SEGA, Feral Interactive","Feral Interactive, Creative Assembly",PC
Chorus,2021-12-01,2022-06-01,2023-06-01,78,Deep Silver,"Deep Silver, Deep Silver Fishlabs",Xbox / PC
Serious Sam 4,2020-09-01,2021-12-01,2023-06-01,68,Devolver Digital,Croteam,Xbox / PC
Bridge Constructor: Portal,2017-12-01,2019-06-01,2023-06-01,78,,,Xbox / PC
Star Wars Episode I Racer,1999-05-16,2023-05-01,2023-05-01,66,"Nintendo, Disney Interactive, LucasArts Entertainment",LucasArts Entertainment,XB1/Series X|S
Floppy Knights,2022-05-01,2022-05-01,2023-05-01,81,Those Awesome Guys,Rose City Games,Xbox / PC
Lawn Mowing Simulator,2021-08-01,2021-12-01,2023-05-01,71,"Curve Digital, Ramzan Arif","Giant Fish, Skyhook Games",Xbox / PC
Evil Genius 2: World Domination,2021-03-01,2021-11-01,2023-05-01,76,Rebellion,Rebellion,Xbox / PC
FIFA 21,2020-10-01,2021-05-01,2023-05-01,77,Electronic Arts,Electronic Arts Canada,Xbox / PC
Europa Universalis IV,2013-08-01,2019-12-01,2023-05-01,87,Paradox Interactive,"Paradox Development Studio, Paradox Tinto",PC
Peaky Blinders: Mastermind,2020-06-01,2023-04-01,2023-05-01,66,Curve Digital,FuturLab,XB1/Series X|S
Her Story,2015-06-01,2022-05-01,2023-05-01,86,Sam Barlow,Sam Barlow,PC
Umurangi Generation - Special Edition,2021-06-01,2022-05-01,2023-05-01,84,"Playism, ORIGAME DIGITAL",ORIGAME DIGITAL,Xbox / PC
Danganronpa 2: Goodbye Despair - Anniversary Edition,2012-07-01,2022-05-01,2023-05-01,83,"Spike Chunsoft Co, Spike-Chunsoft CO","Abstraction Games, Spike Chunsoft, NIS America",Xbox / PC
Before We Leave,2021-05-01,2021-12-01,2023-05-01,72,"Team17 Digital, Balancing Monkey Games",Balancing Monkey Games,Xbox / PC
My Friend Pedro,2019-06-01,2021-11-01,2023-05-01,80,Devolver Digital,"Devolver, DeadToast Entertainment, Deadtoast",Xbox / PC
Hearts of Iron IV: Cadet Edition,2016-06-01,2019-11-01,2023-05-01,83,Paradox Interactive,Paradox Development Studio,PC
Out of Space: Couch Edition,2014-02-27,2023-04-01,2023-04-01,80,"WhisperGames, Mi-Clos Studio","Plug In Digital, Mi-Clos Studio",XB1/Series X|S
Bugsnax,2020-11-01,2022-04-01,2023-04-01,77,Young Horses,Young Horses,Xbox / PC
Unsouled,2021-11-01,2022-04-01,2023-04-01,84,"NEOWIZ, PQube",MeGusta Game,Xbox / PC
Dragon Quest Builders 2,2019-07-01,2021-05-01,2023-04-01,85,"Square Enix, Nintendo","Square Enix, Koei Tecmo",Xbox / PC
Destroy All Humans! (2020),2020-07-01,2021-04-01,2023-04-01,70,THQ Nordic,Black Forest Games,Xbox / PC
NHL 21,2020-10-01,2021-04-01,2023-04-01,81,Electronic Arts,Electronic Arts,Xbox
Tetris Effect: Connected,2020-11-01,2020-11-01,2023-04-01,84,Enhance,"Resonair, Monstars, Stage Games",Xbox / PC
Lamentum,2021-08-26,2023-03-01,2023-04-01,,"Neon Doctrine, Obscure Tales",Obscure Tales,XB1/Series X|S
Life Is Strange: True Colors,2021-09-01,2022-04-01,2023-04-01,79,Square Enix,Deck Nine,Xbox / PC
Panzer Corps 2,2020-03-01,2022-04-01,2023-04-01,86,Slitherine,Flashback Games,PC
The Dungeon of Naheulbeuk: The Amulet of Chaos,2020-08-01,2022-03-01,2023-04-01,75,Dear Villagers,"Dear Villagers, Artefacts Studio",Xbox / PC
Moonglow Bay,2021-10-01,2021-10-01,2023-04-01,76,Coatsink,Bunnyhug,Xbox / PC
The Riftbreaker,2021-10-01,2021-10-01,2023-04-01,81,Exor Studios,Exor Studios,Xbox / PC
The Long Dark,2017-08-01,2020-04-01,2023-04-01,76,Hinterland Studio,Hinterland Studio,Xbox / PC
Trüberbrook,2019-03-11,2023-03-01,2023-03-01,,Headup Games,"Headup Games, Merge Games, btf",XB1/Series X|S
Sudden Strike 4 - Complete Collection,2019-09-02,2023-03-01,2023-03-01,,Kalypso Media,Kite Games,XB1/Series X|S
Chinatown Detective Agency,2022-04-01,2022-04-01,2023-03-01,67,"Humble Games, WhisperGames, General Interactive Co.",General Interactive Co.,Xbox / PC
MLB The Show 22,2022-04-01,2022-04-01,2023-03-01,80,Sony Interactive Entertainment,Sony Interactive Entertainment,Xbox
A Memoir Blue,2022-03-01,2022-03-01,2023-03-01,74,Annapurna Interactive,Cloisters Interactive,Xbox / PC
Kraken Academy!!,2022-03-01,2022-03-01,2023-03-01,60,Fellow Traveller,Happy Broccoli Games,Xbox / PC
Power Rangers: Battle for the Grid,2019-03-01,2020-03-01,2023-03-01,53,nWay,nWay,Xbox / PC
ClusterTruck,2016-09-01,2018-04-01,2023-03-01,69,tinyBuild,"tinyBuild, Landfall, Landfall Games",Xbox / PC
Double Dragon Neon,2012-09-01,2017-06-01,2023-03-01,66,"Majesco Entertainment, Midnight City","Abstraction Games, WayForward Technologies, Majesco Entertainment Company",Xbox
Guts N Goals,2021-08-31,2023-02-01,2023-03-01,,,,XB1/Series X|S
Zero Escape: The Nonary Games,2017-03-01,2022-03-01,2023-03-01,86,Spike Chunsoft Co,"Spike Chunsoft, Aksys Games",Xbox / PC
Paradise Killer,2020-09-01,2022-03-01,2023-03-01,81,Fellow Traveller,Kaizen Game Works,Xbox / PC
Kentucky Route Zero,2013-02-01,2022-03-01,2023-03-01,87,"Annapurna Interactive, Netflix, Cardboard Computer","Netflix, Cardboard Computer",Xbox / PC
Marvel's Guardians of the Galaxy,2021-10-01,2022-03-01,2023-03-01,81,Square Enix,Eidos Montreal,Xbox / PC
Young Souls,2021-08-01,2022-03-01,2023-03-01,83,The Arcade Crew,1P2P,Xbox / PC
F1 2020,2020-07-01,2021-08-01,2023-03-01,91,Codemasters,Codemasters,Xbox
Undertale,2015-09-01,2019-07-01,2023-03-01,92,"8-4, Toby Fox","8-4, Toby Fox",Xbox / PC
For the King,2018-04-19,2023-02-01,2023-02-01,78,"Curve Digital, IronOak Games","Curve Digital, IronOak Games",XB1/Series X|S
Lightning Returns: Final Fantasy XIII,2013-11-01,2022-03-01,2023-02-01,68,Square Enix,Square Enix,Xbox / PC
FAR: Changing Tides,2022-03-01,2022-03-01,2023-02-01,77,Frontier Foundry,Okomotive,Xbox / PC
Dragon Ball FighterZ,2018-01-01,2021-10-01,2023-02-01,86,"Bandai Namco Entertainment, BANDAI NAMCO Entertainment US","BANDAI NAMCO Entertainment America, Arc System Works, Arc System Works Co.",Xbox / PC
Crown Trick,2020-10-01,2021-09-01,2023-02-01,83,NEXT Studios,NEXT Studios,Xbox / PC
Madden NFL 21,2020-08-01,2021-03-01,2023-02-01,66,Electronic Arts,Electronic Arts,Xbox / PC
Alien: Isolation,2014-10-01,2019-02-01,2023-02-01,78,"SEGA, Feral Interactive","Feral Interactive, SEGA, Creative Assembly",Xbox / PC
Autonauts,2019-10-16,2023-01-01,2023-02-01,,Curve Digital,Denki,XB1/Series X|S
Infernax,2022-02-01,2022-02-01,2023-02-01,85,Berzerk Studio,Berzerk Studio,Xbox / PC
CrossfireX,2022-02-01,2022-02-01,2023-02-01,43,"Xbox Game Studios, Smilegate Entertainment","Remedy Entertainment, Smilegate Entertainment",Xbox
Skul: The Hero Slayer,2020-02-01,2022-02-01,2023-02-01,80,NEOWIZ,SouthPAW Games,Xbox / PC
The Last Kids on Earth and the Staff of Doom,2021-06-01,2022-02-01,2023-02-01,60,Outright Games,Stage Clear Studios,Xbox / PC
Recompile,2021-08-01,2021-08-01,2023-02-01,64,Dear Villagers,Phigames,Xbox / PC
Iris Fall,2018-12-07,2023-01-01,2023-01-01,,Next Studio,Next Studio,XB1/Series X|S
Telling Lies,2019-08-01,2022-02-01,2023-01-01,82,Annapurna Interactive,"Annapurna Interactive, Sam Barlow, Furious Bee",Xbox / PC
Taiko no Tatsujin: The Drum Master,2022-01-01,2022-01-01,2023-01-01,80,Bandai Namco Entertainment,Bandai Namco Entertainment,Xbox / PC
Worms W.M.D,2016-08-01,2019-07-01,2023-01-01,75,Team17 Digital,Team17 Digital,Xbox / PC
Bladed Fury,2018-12-18,2022-12-01,2023-01-01,,"PM Studios, Next Studio",Next Studio,XB1/Series X|S
Pupperazzi,2022-01-01,2022-01-01,2023-01-01,68,Kitfox Games,Sundae Month,Xbox / PC
Windjammers 2,2022-01-01,2022-01-01,2023-01-01,74,DotEmu,DotEmu,Xbox / PC
Danganronpa: Trigger Happy Havoc - Anniversary Edition,2010-11-01,2022-01-01,2023-01-01,82,Spike Chunsoft Co,"Abstraction Games, Spike Chunsoft, NIS America",Xbox / PC
Nobody Saves the World,2022-01-01,2022-01-01,2023-01-01,79,DrinkBox Studios,DrinkBox Studios,Xbox / PC
The Anacrusis (Game Preview),2022-01-01,2022-01-01,2023-01-01,55,Stray Bombay,Stray Bombay,Xbox / PC
Colt Canyon,2020-06-16,2022-12-01,2022-12-01,,Headup Games,Retrific,XB1/Series X|S
Embr,2020-05-01,2022-01-01,2022-12-01,72,Muse Games,Muse Games,Xbox / PC
Outer Wilds,2019-05-01,2022-01-01,2022-12-01,85,Annapurna Interactive,Mobius Digital,Xbox / PC
Gorogoa,2017-12-01,2022-01-01,2022-12-01,82,Annapurna Interactive,"Annapurna Interactive, Jason Roberts, Buried Signal",Xbox / PC
The Pedestrian,2020-01-01,2022-01-01,2022-12-01,81,Skookum Arts,Skookum Arts,Xbox / PC
Scarlet Nexus,2021-06-01,2021-09-01,2022-12-01,78,"Bandai Namco Entertainment, BANDAI NAMCO Entertainment US","BANDAI NAMCO Entertainment America, Bandai Namco Entertainment",Xbox / PC
Immortal Realms: Vampire Wars,2019-10-01,2021-07-01,2022-12-01,69,Kalypso Media,Palindrome Interactive,Xbox / PC
Iron Harvest,2020-09-01,2021-06-01,2022-12-01,75,"Deep Silver, KING Art Games",KING Art,PC
Tropico 6,2019-03-01,2021-03-01,2022-12-01,78,Kalypso Media,Limbic Entertainment,Xbox / PC
Secret Neighbor,2019-10-01,2019-10-01,2022-12-01,70,tinyBuild,"tinyBuild, Dynamic Pixels, Hologryph",Xbox / PC
Dead End Job,2019-09-19,2022-11-01,2022-12-01,,Ant Workshop,Ant Workshop,XB1/Series X|S
Lake,2021-09-01,2021-12-01,2022-12-01,73,"Whitethorn Digital, Gamious",Gamious,Xbox / PC
Race With Ryan,2019-11-01,2021-12-01,2022-12-01,51,Outright Games,"Just Add Water, 3d Clouds",Xbox / PC
Record of Lodoss War: Deedlit in Wonder Labyrinth,2020-03-01,2021-12-01,2022-12-01,73,"Playism, Why so serious?","Team Ladybug, Why so serious?",Xbox / PC
Transformers: Battlegrounds,2020-10-01,2021-12-01,2022-12-01,71,Outright Games,Coatsink,Xbox / PC
Aliens: Fireteam Elite,2021-08-01,2021-12-01,2022-12-01,70,"Focus Home Interactive, Cold Iron Studios",Cold Iron Studios,Xbox / PC
One Piece: Pirate Warriors 4,2020-03-01,2021-12-01,2022-12-01,76,Bandai Namco Entertainment,"Bandai Namco Entertainment, Koei Tecmo",Xbox / PC
Breathedge,2018-09-01,2021-09-01,2022-12-01,71,RedRuins Softworks,RedRuins Softworks,Xbox / PC
Neoverse,2019-01-01,2020-12-01,2022-12-01,68,Tinogames,Tinogames,Xbox / PC
Dragon Quest XI S: Echoes of an Elusive Age - Definitive Edition,2017-07-01,2020-12-01,2022-12-01,91,Square Enix,Square Enix,Xbox / PC
Rory McIlroy PGA Tour,2015-07-01,2020-11-01,2022-12-01,60,EA SPORTS,Electronic Arts Tiburon,Xbox
Praetorians - HD Remaster,2020-01-24,2022-11-01,2022-11-01,56,Kalypso Media,"Pyro Studios, Torus Games, Pyro Studio",XB1/Series X|S
Space Warlord Organ Trading Simulator,2021-12-01,2021-12-01,2022-11-01,70,Strange Scaffold,Strange Scaffold,Xbox / PC
Archvale,2021-12-01,2021-12-01,2022-11-01,84,Humble Games,"idoz, phops, idoz & phops",Xbox / PC
Final Fantasy XIII-2,2011-12-01,2021-12-01,2022-11-01,79,Square Enix,"Square Enix, ブロードメディアGC株式会社",Xbox / PC
"Warhammer 40,000: Battlesector",2021-07-01,2021-12-01,2022-11-01,74,Slitherine,Black Lab Games,Xbox / PC
Mind Scanners,2021-05-01,2021-12-01,2022-11-01,75,Brave At Night,The Outer Zone,Xbox / PC
DEEEER Simulator,2020-01-01,2021-11-01,2022-11-01,47,NASPAPA GAMES,NASPAPA GAMES,Xbox / PC
Undungeon,2021-11-01,2021-11-01,2022-11-01,70,tinyBuild,Laughing Machines,Xbox / PC
Bomber Crew Deluxe Edition,2017-10-19,2022-10-01,2022-11-01,75,Curve Digital,"Curve Digital, Runner Duck",XB1/Series X|S
Fae Tactics,2020-07-01,2021-11-01,2022-11-01,77,"Humble Games, Humble Bundle",Endlessfluff Games,Xbox / PC
Next Space Rebels,2021-11-01,2021-11-01,2022-11-01,72,Humble Games,Studio Floris Kaayk,Xbox / PC
One Step from Eden,2020-03-01,2021-11-01,2022-11-01,82,"Humble Games, Humble Bundle, Thomas Moon Kang","Thomas Moon Kang, OneStepFromEden",Xbox / PC
art of rally,2020-09-01,2021-08-01,2022-11-01,80,Funselektor Labs,Funselektor Labs,Xbox / PC
Supraland,2019-04-01,2020-10-01,2022-11-01,82,Supra Games,Supra Games,Xbox / PC
Subnautica,2018-01-01,2019-11-01,2022-11-01,81,Unknown Worlds Entertainment,Unknown Worlds Entertainment,Xbox / PC
Football Manager 2022,2021-11-01,2021-11-01,2022-11-01,86,SEGA,Sports Interactive,Xbox / PC
Windbound,2020-08-27,2022-10-01,2022-10-01,63,Deep Silver,5 Lives Studios,XB1/Series X|S
Alan Wake's American Nightmare,2012-02-01,2021-10-01,2022-10-01,75,"Microsoft Studios, THQ Nordic, Remedy Entertainment",Remedy Entertainment,Xbox / PC
Bassmaster Fishing 2022,2021-10-01,2021-10-01,2022-10-01,75,Dovetail Games,Dovetail Games,Xbox / PC
Nongunz: Doppelganger Edition,2021-05-01,2021-10-01,2022-10-01,78,Digerati,Brainwash Gang,Xbox / PC
The Forgotten City,2021-07-01,2021-10-01,2022-10-01,86,"Dear Villagers, Modern Storyteller",Modern Storyteller,Xbox / PC
Project Wingman,2020-12-01,2021-07-01,2022-10-01,75,"Humble Games, Sector D2",Sector D2,Xbox / PC
Backbone,2021-06-01,2021-06-01,2022-10-01,73,"Raw Fury, EggNut",EggNut,Xbox / PC
Second Extinction (Game Preview),2020-10-01,2021-04-01,2022-10-01,69,,,Xbox / PC
Sniper Elite 4,2017-02-01,2018-11-01,2022-10-01,81,Rebellion,Rebellion,Xbox
Double Kick Heroes,2018-04-11,2022-09-01,2022-10-01,,"Plug In Digital, Headbang Club, Plug-In Digital",Headbang Club,XB1/Series X|S
Echo Generation,2021-10-01,2021-10-01,2022-10-01,76,Cococucumber,Cococucumber,Xbox / PC
Into the Pit,2021-10-01,2021-10-01,2022-10-01,71,Humble Games,Nullpointer Games,Xbox / PC
The Good Life,2021-10-01,2021-10-01,2022-10-01,61,"Iceberg Interactive, Playism","White Owls, immersionFX",Xbox / PC
Ring of Pain,2020-10-01,2021-10-01,2022-10-01,74,"Humble Games, Twice Different","Twice Different, Simon Boxer",Xbox / PC
Sable,2021-09-01,2021-09-01,2022-10-01,74,Raw Fury,Shedworks,Xbox / PC
Bloodroots,2020-02-01,2021-07-01,2022-10-01,76,Paper Cult,Paper Cult,Xbox / PC
DiRT 4,2017-06-01,2021-08-01,2022-10-01,86,"Feral Interactive, Deep Silver, Codemasters","Feral Interactive, Codemasters",Xbox
DiRT Rally,2015-12-01,2021-08-01,2022-10-01,86,"Feral Interactive, Deep Silver, Codemasters","Feral Interactive, Codemasters",Xbox
Portal 2,2011-04-18,2022-09-01,2022-09-01,95,"Electronic Arts, Valve",Valve Software,XB360/OG Xbox
Gods Will Fall,2021-01-29,2022-09-01,2022-09-01,66,Deep Silver,"Clever Beans, Cleaver Beans",XB1/Series X|S
The Procession to Calvary,2020-04-01,2021-10-01,2022-09-01,78,"Akupara Games, Joe Richardson, Joe Richardson Games","Joe Richardson, Joe Richardson Games",Xbox / PC
Visage,2018-10-01,2021-10-01,2022-09-01,80,SadSquare Studio,SadSquare Studio,Xbox / PC
AI: The Somnium Files,2019-09-01,2021-09-01,2022-09-01,86,"Spike Chunsoft, Spike Chunsoft Co",Spike Chunsoft,Xbox / PC
Astria Ascending,2021-09-01,2021-09-01,2022-09-01,68,"Maple Whispering, Dear Villagers",Artisan Studios,Xbox / PC
Unsighted,2021-09-01,2021-09-01,2022-09-01,80,"Humble Games, Studio Pixel Punk",Studio Pixel Punk,Xbox / PC
Dandy Ace,2021-03-01,2021-09-01,2022-09-01,80,Mad Mimic,Mad Mimic,Xbox / PC
Lemnis Gate,2021-09-01,2021-09-01,2022-09-01,78,Ratloop Games Canada,Ratloop Games Canada,Xbox / PC
Subnautica: Below Zero,2019-01-01,2021-09-01,2022-09-01,83,Unknown Worlds Entertainment,Unknown Worlds Entertainment,Xbox / PC
Going Under,2020-09-01,2021-06-01,2022-09-01,76,Team17 Digital,Aggro Crab,Xbox / PC
Slime Rancher,2017-08-01,2020-12-01,2022-09-01,80,Monomi Park,Monomi Park,Xbox / PC
ScourgeBringer,2020-02-06,2022-08-01,2022-09-01,,"Plug In Digital, Dear Villagers","Plug In Digital, Dear Villagers, Flying Oak Games, E-Studio",XB1/Series X|S
Thrillville,2006-11-21,2022-09-01,2022-09-01,69,"LucasArts Entertainment, Atari",Frontier Developments,XB360/OG Xbox
Mighty Goose,2021-06-01,2021-09-01,2022-09-01,71,Playism,"Blastmode, MP2 Games",Xbox / PC
Lost Words: Beyond the Page,2020-03-01,2021-09-01,2022-09-01,77,"Plug In Digital, Modus Games","Plug In Digital, Sketchbook Games, Fourth State",Xbox / PC
I Am Fish,2021-09-01,2021-09-01,2022-09-01,69,Curve Digital,Bossa Studios,Xbox / PC
SkateBird,2021-09-01,2021-09-01,2022-09-01,62,Glass Bottom Games,Glass Bottom Games,Xbox / PC
Flynn: Son of Crimson,2021-09-01,2021-09-01,2022-09-01,85,"Humble Games, Studio Thunderhorse",Studio Thunderhorse,Xbox / PC
The Artful Escape,2021-09-01,2021-09-01,2022-09-01,81,Annapurna Interactive,Beethoven and Dinosaur,Xbox / PC
Craftopia,2020-09-01,2021-09-01,2022-09-01,70,POCKET PAIR,POCKET PAIR,Xbox / PC
Final Fantasy XIII,2010-03-01,2021-09-01,2022-09-01,74,Square Enix,"Square Enix, ブロードメディアGC株式会社",Xbox / PC
Bug Fables: The Everlasting Sapling,2019-11-01,2021-07-01,2022-09-01,86,DANGEN Entertainment,Moonsprout Games,Xbox / PC
A Plague Tale: Innocence,2019-05-01,2020-01-01,2022-09-01,83,Focus Home Interactive,"Focus Home Interactive, Asobo Studio",Xbox / PC
Monaco: What's Yours is Mine,2013-04-24,2022-08-01,2022-08-01,83,"Majesco Entertainment, Pocketwatch Games",Pocketwatch Games,XB360/OG Xbox
Calico,2020-12-14,2022-08-01,2022-08-01,,"Maple Whispering, Whitethorn Digital, Reshiramoo","CatBean Games, Peachy Keen Games, Reshiramoo",XB1/Series X|S
NBA 2K22,2021-09-01,2022-04-01,2022-08-01,76,2K Games,Visual Concepts,Xbox
Signs of the Sojourner,2020-05-01,2021-09-01,2022-08-01,77,Echodog Games,Echodog Games,Xbox / PC
Myst (2021),2021-08-01,2021-08-01,2022-08-01,79,Cyan Worlds,Cyan Worlds,Xbox / PC
Twelve Minutes,2021-08-01,2021-08-01,2022-08-01,74,"Annapurna Interactive, Netflix","Netflix, Luis Antonio",Xbox / PC
Elite Dangerous,2014-12-01,2021-02-01,2022-08-01,80,Frontier Developments,Frontier Developments,Xbox
Two Point Hospital,2018-04-01,2020-02-01,2022-08-01,83,"SEGA, GAMESDROP","Two Point Studios, GAMESDROP",Xbox / PC
What Remains of Edith Finch,2017-04-01,2019-03-01,2022-08-01,92,Annapurna Interactive,"Annapurna Interactive, Giant Sparrow",Xbox / PC
Saints Row 2,2008-10-14,2022-08-01,2022-08-01,78,"Deep Silver, Koch Media","Volition, THQ",XB360/OG Xbox
Relicta,2020-08-03,2022-07-01,2022-08-01,74,"Ravenscourt, Mighty Polygon",Mighty Polygon,XB1/Series X|S
Train Sim World 2,2020-08-01,2021-08-01,2022-08-01,80,Dovetail Games - TSW,Dovetail Games,Xbox / PC
Boyfriend Dungeon,2021-08-01,2021-08-01,2022-08-01,72,Kitfox Games,Kitfox Games,Xbox / PC
Library of Ruina,2020-05-01,2021-08-01,2022-08-01,95,Project Moon,Project Moon,Xbox / PC
Curse of the Dead Gods,2021-02-01,2021-08-01,2022-08-01,84,Focus Home Interactive,Passtech Games,Xbox / PC
Starmancer (Game Preview),2021-08-01,2021-08-01,2022-08-01,62,Chucklefish,Ominux Games,Xbox / PC
Torchlight,2009-10-26,2022-07-01,2022-07-01,83,"Microsoft Studios, Perfect World Entertainment, JoWooD Entertainment, Runic Games",Runic Games,XB360/OG Xbox
Beasts of Maravilla Island,,2022-07-01,2022-07-01,,Whitethorn Digital,Banana Bird Studios,XB1/Series X|S
Dodgeball Academia,2021-08-01,2021-08-01,2022-07-01,77,Humble Games,Pocket Trap,Xbox / PC
Katamari Damacy Reroll,2018-12-01,2021-08-01,2022-07-01,77,"Bandai Namco Entertainment, BANDAI NAMCO Entertainment US","MONKEYCRAFT Co, Monkeycraft",Xbox / PC
Lumines: Remastered,2018-06-01,2021-08-01,2022-07-01,81,"Enhance, Enhance Games","Enhance Games, Resonair",Xbox / PC
OMNO,2018-11-01,2021-07-01,2022-07-01,77,StudioInkyfox,Jonas Manke,Xbox / PC
Raji: An Ancient Epic,2020-10-01,2021-07-01,2022-07-01,70,"Netflix, SUPER.COM","Netflix, Nodding Heads Games",Xbox / PC
Thrillville: Off the Rails,2007-10-08,2022-07-01,2022-07-01,70,"Disney Interactive, LucasArts Entertainment","Frontier Developments, Frontier, Frontier Development",XB360/OG Xbox
Project Highrise: Architect's Edition,2016-09-07,2022-06-01,2022-07-01,73,"Kalypso Media, Kasedo Games","Kalypso Media, SomaSim, Kalypso Media Mobile",XB1/Series X|S
Lethal League Blaze,2018-10-01,2021-07-01,2022-07-01,82,Team Reptile,"Team Reptile, Reptile Games",Xbox / PC
Atomicrops,2019-09-01,2021-07-01,2022-07-01,78,Raw Fury,"Bird Bath Games, Bird Bath Game",Xbox / PC
Cris Tales,2021-07-01,2021-07-01,2022-07-01,75,Modus Games,"Dreams Uncorporated, SYCK",Xbox / PC
Children of Morta,2019-09-01,2020-01-01,2022-07-01,77,"11 bit studios, Dead Mage",Dead Mage,Xbox / PC
FIFA 20,2019-09-01,2020-11-01,2022-07-01,79,Electronic Arts,Electronic Arts Canada,Xbox / PC
Raskulls,2010-12-29,2022-06-01,2022-06-01,,Microsoft Studios,Halfbrick Studios,XB360/OG Xbox
Aven Colony,2017-07-24,2022-06-01,2022-06-01,65,Team17 Digital,"Team17 Digital, Mothership Entertainment",XB1/Series X|S
Last Stop,2021-07-01,2021-07-01,2022-06-01,67,"Annapurna Interactive, Tainted Games","Variable State, Tainted Games",Xbox / PC
Jurassic World Evolution,2018-06-01,2021-02-01,2022-06-01,76,Frontier Developments,Frontier Developments,Xbox
MotoGP 20,2020-04-01,2020-12-01,2022-06-01,82,Milestone,Milestone,Xbox / PC
Super Meat Boy,2010-10-20,2022-06-01,2022-06-01,87,"Microsoft Studios, BlitWorks","NVIDIA Lightspeed Studios, Team Meat",XB360/OG Xbox
The Inner World – The Last Wind Monk,2017-07-13,2022-05-01,2022-06-01,,"Kalypso Media, Headup Games","Kalypso Media, Headup Games, Studio Fizbin",XB1/Series X|S
Worms Rumble,2020-12-01,2021-06-01,2022-06-01,68,Team17 Digital,Team17 Digital,Xbox / PC
Dungeons & Dragons: Dark Alliance,2021-06-01,2021-06-01,2022-06-01,56,Wizards of the Coast,Tuque Games,Xbox / PC
GreedFall,2019-09-01,2020-12-01,2022-06-01,78,Focus Home Interactive,Spiders,Xbox / PC
Capsized,2011-04-01,2021-03-01,2022-06-01,80,"Bandai Namco Entertainment, Alientrap, Alientrap Games","Alientrap, IndiePub",PC
Cryptark,2017-06-01,2021-03-01,2022-06-01,80,"Alientrap, Alientrap Games",Alientrap,PC
Diluvion: Resubmerged,2017-01-01,2021-03-01,2022-06-01,66,Uppercut Games,Uppercut Games,PC
Dungeons of Dredmor: Complete,2011-07-01,2021-03-01,2022-06-01,79,Gaslamp Games,Gaslamp Games,PC
Epistory: Typing Chronicles,2016-03-01,2021-03-01,2022-06-01,74,"Plug In Digital, Fishing Cactus","Plug In Digital, Fishing Cactus",PC
HIVESWAP: Act 1,2017-09-01,2021-03-01,2022-06-01,78,What Pumpkin Games,What Pumpkin Games,PC
Stealth Bastard Deluxe,2012-11-01,2021-03-01,2022-06-01,80,Curve Digital,Curve Digital,PC
Viva Piñata: Party Animals,2007-10-30,2022-05-01,2022-05-01,81,"Microsoft Studios, Krome Studios","Rare, Microsoft Game Studios",XB360/OG Xbox
Yoku's Island Express,2018-05-28,2022-05-01,2022-05-01,,"Team17 Digital, Villa Gorilla","Team17 Digital, Villa Gorilla",XB1/Series X|S
Farming Simulator 19,2018-11-01,2021-07-01,2022-05-01,75,Focus Home Interactive,"Focus Home Interactive, Giants Software",Xbox / PC
SpellForce 3: Soul Harvest,2019-05-01,2021-05-01,2022-05-01,75,THQ Nordic,Grimlore Games,PC
Knockout City,2021-05-01,2021-05-01,2022-05-01,82,Electronic Arts,Velan studios,Xbox / PC
"Yes, Your Grace",2020-03-01,2020-12-01,2022-05-01,75,No More Robots,Brave At Night,Xbox / PC
NHL 20,2019-09-01,2020-11-01,2022-05-01,85,,Electronic Arts,Xbox
Resident Evil 7: Biohazard,2017-01-01,2020-09-01,2022-05-01,85,Capcom,"Capcom, Capcom U.S.A",Xbox / PC
Hydro Thunder: Hurricane,,2022-05-01,2022-05-01,,Microsoft Game Studios,Vector Unit,XB360/OG Xbox
Hue,2016-08-30,2022-04-01,2022-05-01,79,"Curve Digital, Serkan Binici","Curve Digital, Serkan Binici, Fiddlesticks Games, Fiddlesticks",XB1/Series X|S
The Catch: Carp & Coarse Fishing,2020-06-01,2021-05-01,2022-05-01,90,Dovetail Games – Fishing,Dovetail Games,Xbox / PC
The Wild at Heart,2021-05-01,2021-05-01,2022-05-01,76,"Humble Games, Moonlight Kids",Moonlight Kids,Xbox / PC
Final Fantasy X/X-2 HD Remaster,2013-12-01,2021-05-01,2022-05-01,84,Square Enix,"Square Enix, Virtuos",Xbox / PC
Steep,2016-12-01,2021-05-01,2022-05-01,72,Ubisoft Entertainment,"Ubisoft, Ubisoft Montpellier, Ubisoft Annecy, Ubisoft Kiev",Xbox
Grand Theft Auto: San Andreas - The Definitive Edition,2021-11-01,2021-11-01,2022-05-01,53,Rockstar Games,"Rockstar Games, Grove Street Games",Xbox
MX vs. ATV: Alive,2011-05-10,2022-04-01,2022-04-01,,THQ,"THQ Nordic, THQ, Rainbow Studios",XB360/OG Xbox
Another Sight,2018-09-06,2022-04-01,2022-04-01,,"Toplitz Productions, Fish Eagle, shingo","Toplitz Productions, Lunar Great Wall Studios, P.N.studio",XB1/Series X|S
Outlast 2,2017-04-01,2021-05-01,2022-04-01,76,Red Barrels,Red Barrels,Xbox / PC
Cricket 19,2019-05-01,2020-10-01,2022-04-01,73,Big Ant Studios,Big Ant Studios,Xbox / PC
Streets of Rage 4,2020-04-01,2020-04-01,2022-04-01,81,"Playdigious, DotEmu","Playdigious, DotEmu, Lizardcube, Guard Crush Games",Xbox / PC
F1 2019,2019-06-01,2020-07-01,2022-04-01,88,Codemasters,Codemasters,Xbox / PC
Outpost Kaloki X,2010-01-04,2022-04-01,2022-04-01,,Microsoft Studios,NinjaBee,XB360/OG Xbox
Street Power Football,2020-08-25,2022-03-01,2022-04-01,41,Maximum Games,"SFL Games, SFL Interactive, Gamajun",XB1/Series X|S
MLB The Show 21,2021-04-01,2021-04-01,2022-04-01,80,Sony Interactive Entertainment,SCEA San Diego Studio,Xbox
Pathway,2019-04-01,2021-04-01,2022-04-01,68,Chucklefish,Robotality,PC
Rain on Your Parade,2021-04-01,2021-04-01,2022-04-01,78,Unbound Creations,Unbound Creations,Xbox / PC
"Destiny 2: Forsaken, Shadowkeep, Beyond Light",2017-09-01,2020-09-01,2022-04-01,87,Bungie,Bungie,PC
Spongebob's Truth or Square,2009-10-26,2022-03-01,2022-03-01,,THQ,"Heavy Iron Studios, Barking Lizards Technologies",XB360/OG Xbox
The Flame in the Flood,2016-02-23,2022-03-01,2022-03-01,73,"Curve Digital, The Molasses Flood",The Molasses Flood,XB1/Series X|S
Narita Boy,2021-03-01,2021-03-01,2022-03-01,73,Team17 Digital,Studio Koba,Xbox / PC
Madden NFL 20,2019-07-01,2020-11-01,2022-03-01,79,,Electronic Arts,Xbox / PC
Shadow Warrior 2,2016-10-01,2018-12-01,2022-03-01,78,Devolver Digital,"Devolver Digital, Flying Wild Hog",Xbox / PC
Aragami,2016-10-01,2021-03-01,2022-03-01,71,Lince Works,Lince Works,PC
Lost Castle,2018-01-01,2021-03-01,2022-03-01,65,"X.D. Network, Another Indie, Another Indie Studio",Hunter Studio,PC
The Sexy Brutale,2017-04-01,2021-03-01,2022-03-01,83,Tequila Works,"Tequila Works, Cavalier Game Studios",PC
Sacred 2: Fallen Angel,2008-10-10,2022-03-01,2022-03-01,71,cdv Software Entertainment,ASCARON Entertainment,XB360/OG Xbox
Aerial_Knight's Never Yield,2021-05-19,2022-02-01,2022-03-01,70,,,XB1/Series X|S
Torchlight III,2020-06-01,2021-01-01,2022-03-01,67,"Perfect World Entertainment, Steam",Echtra,Xbox / PC
PHOGS!,2020-12-01,2020-12-01,2022-03-01,81,Coatsink,"Coatsink, Bit Loom Games",Xbox / PC
NieR Automata: Become as Gods Edition,2017-02-01,2020-04-01,2022-03-01,90,Square Enix,Platinum Games,Xbox / PC
The Surge 2,2019-09-01,2020-03-01,2022-03-01,78,Focus Home Interactive,"Focus Home Interactive, Deck 13, Deck13, Deck 13 Interactive",Xbox / PC
Titanfall: Deluxe Edition,2014-03-01,2020-11-01,2022-03-01,83,Electronic Arts,"Electronic Arts, Respawn Entertainment, Bluepoint Games",Xbox / PC
Band of Bugs,2007-12-03,2022-02-01,2022-02-01,,NinjaBee,NinjaBee,XB360/OG Xbox
Broken Sword 5: The Serpent's Curse,2013-12-03,2022-02-01,2022-02-01,,"Revolution Software, Revolution",Revolution Software,XB1/Series X|S
Killer Queen Black,2019-10-01,2021-02-01,2022-02-01,83,"LLC, Liquid Bit","BumbleBear, Liquid Bit",Xbox
Touhou Luna Nights,2019-02-01,2020-09-01,2022-02-01,77,"AGM PLAYISM, Vaka Game Magazine","Team Ladybug, Vaka Game Magazine",Xbox / PC
Kingdom Hearts III,2019-01-01,2020-02-01,2022-02-01,80,"Square Enix, Disney Interactive",Square Enix,Xbox
Stealth Inc 2: A Game of Clones,2014-10-01,2019-06-01,2022-02-01,77,Curve Digital,"NVIDIA Lightspeed Studios, Curve Digital, Carbon",Xbox
Hydrophobia,2010-08-12,2022-02-01,2022-02-01,59,Microsoft Studios,Dark Energy Digital,XB360/OG Xbox
Aground,2018-08-08,2022-01-01,2022-02-01,,Fancy Fish Games,"Fancy Fish Games, SnöBox Studio",XB1/Series X|S
Final Fantasy XII: The Zodiac Age,2017-07-01,2021-02-01,2022-02-01,82,Square Enix,Square Enix,Xbox / PC
Project Winter,2019-02-01,2021-02-01,2022-02-01,75,Other Ocean Group,Other Ocean Interactive,Xbox / PC
The Falconeer,2020-11-01,2021-02-01,2022-02-01,65,Wired Productions,Tomas Sala,Xbox / PC
The Medium,2021-01-01,2021-01-01,2022-02-01,74,Bloober Team,Bloober Team,Xbox / PC
Code Vein,2019-09-01,2020-12-01,2022-02-01,75,Bandai Namco Entertainment,"BANDAI NAMCO Entertainment America, Bandai Namco Entertainment",Xbox / PC
Control,2019-08-01,2020-12-01,2022-02-01,84,505 Games,"505 Games, Remedy Entertainment",Xbox / PC
Furi,2016-07-01,2021-03-01,2022-02-01,76,"Plug In Digital, The Game Bakers",The Game Bakers,PC
Space Invaders: Infinity Gene,2009-07-27,2022-01-01,2022-01-01,,Square Enix,Taito,XB360/OG Xbox
NeuroVoider,2016-08-30,2022-01-01,2022-01-01,,"Plug In Digital, Playdius, Plug In Digital Label, PLAYDIUS Ent.","Plug In Digital, Flying Oak Games, Flying Oak",XB1/Series X|S
Prison Architect,2015-10-01,2021-01-01,2022-01-01,83,Introversion Software,"Double Eleven, Introversion Software",PC
Cyber Shadow,2021-01-01,2021-01-01,2022-01-01,83,Yacht Club Games,"Aarne ""MekaSkull"" Hunziker",Xbox / PC
Xeno Crisis,2019-10-01,2020-08-01,2022-01-01,74,,Banyango,Xbox / PC
Nowhere Prophet,2017-10-01,2020-07-01,2022-01-01,73,"No More Robots, Sharkbomb Studios",Sharkbomb Studios,Xbox / PC
LEGRAND LEGACY: Tale of the Fatebounds,2018-01-01,2021-03-01,2022-01-01,67,"Another Indie, Another Indie Studio, Mayflower Entertainment, SEMISOFT",SEMISOFT,PC
This War of Mine,2014-11-01,2021-03-01,2022-01-01,83,11 bit studios,11 Bit Studios,PC
Torchlight II,2012-09-01,2021-03-01,2022-01-01,88,"Perfect World Entertainment, Runic Games, Perfect World","Runic Games, Perfect World Entertainment",PC
Trine 2: Complete Story,2011-12-01,2021-03-01,2022-01-01,84,Frozenbyte,Frozenbyte,PC
Trine: Enchanted Edition,2017-12-01,2021-03-01,2022-01-01,80,Frozenbyte,Frozenbyte,PC
Radiant Silvergun,1998-07-23,2022-01-01,2022-01-01,,"Microsoft Studios, Entertainment Software Publishing, Live Wire","Treasure, Live Wire, TREASURE Co.",XB360/OG Xbox
Tropico 5 – Penultimate Edition,2014-05-22,2021-12-01,2022-01-01,75,Kalypso Media,"Haemimont Games, Kalypso Media",XB1/Series X|S
Ghost of a Tale,2018-03-01,2021-02-01,2022-01-01,75,"Plug In Digital, SeithCG","Plug In Digital, SeithCG",PC
Desperados III,2020-06-01,2021-01-01,2022-01-01,86,THQ Nordic,Mimimi Productions,Xbox / PC
YIIK: A Postmodern RPG,2019-01-01,2021-01-01,2022-01-01,64,Ysbryd Games,"Ysbryd Games Worldwide, Ackk Studios, AckkStudios",PC
Mount & Blade: Warband,2010-03-01,2020-07-01,2022-01-01,59,TaleWorlds Entertainment,"TaleWorlds Entertainment, TaleWorlds Entertainment_TR",Xbox / PC
Pandemic: The Board Game,2018-08-01,2019-08-01,2022-01-01,60,"Asmodee Digital, Z-Man Games","Plug In Digital, Asmodee Digital, F2Z Entertainment",Xbox / PC
PlayerUnknown's Battlegrounds,2017-03-01,2018-11-01,2022-01-01,85,"KRAFTON, Bluehole","Krafton, Bluehole, PUBG",Xbox
Insanely Twisted Shadow Planet,2011-08-03,2021-12-01,2021-12-01,76,Microsoft Studios,Shadow Planet Productions,XB360/OG Xbox
The Escapists 2,2017-08-21,2021-12-01,2021-12-01,74,Team17 Digital,"Team17 Digital, Mouldy Toof Studios",XB1/Series X|S
eFootball PES 2021,2020-09-01,2021-01-01,2021-12-01,73,Konami,Konami Digital Entertainment,Xbox
The Little Acre,2016-12-01,2021-01-01,2021-12-01,75,"Curve Digital, Angel VGD","Curve Digital, Pewter Games Studios",Xbox
Orcs Must Die!,2011-10-05,2021-12-01,2021-12-01,83,"Microsoft Studios, Robot Entertainment",Robot Entertainment,XB360/OG Xbox
Kingdom Two Crowns,2018-12-10,2021-11-01,2021-12-01,85,Raw Fury,"Raw Fury, Noio, Coatsink, Fury Studios, StumpySquid",XB1/Series X|S
Beholder: Complete Edition,2018-01-01,2020-12-01,2021-12-01,74,Koei Tecmo Games,Koei Tecmo,Xbox / PC
Wilmot's Warehouse,2019-08-01,2020-12-01,2021-12-01,85,"Finji, Richard Hogg","Richard Hogg, Hollow Ponds",Xbox / PC
Yooka-Laylee and the Impossible Lair,2019-10-01,2020-12-01,2021-12-01,83,Team17 Digital,"Playtonic Games, playtronic",Xbox / PC
Unto the End,2020-12-01,2020-12-01,2021-12-01,66,Big Sugar,2 Ton Studios,Xbox / PC
The Dark Pictures Anthology: Man Of Medan,2019-08-01,2020-08-01,2021-12-01,69,Bandai Namco Entertainment,Supermassive Games,Xbox / PC
Guacamelee! 2,2018-08-01,2019-06-01,2021-12-01,85,DrinkBox Studios,DrinkBox Studios,Xbox / PC
SUPERHOT,2016-02-01,2019-06-01,2021-12-01,83,"SUPERHOT Team, SUPERHOT","SUPERHOT Team, SUPERHOT",PC
Lego Batman 2 DC Super Heroes,2012-06-19,2021-11-01,2021-11-01,75,"Feral Interactive, Warner Bros. Interactive","Traveller's Tales, TT Fusion",XB360/OG Xbox
Moving Out,2020-04-28,2021-11-01,2021-11-01,77,Team17 Digital,"SMG Studio, Devm Games",XB1/Series X|S
Football Manager 2021,2020-11-01,2021-03-01,2021-11-01,82,SEGA,Sports Interactive,Xbox / PC
Mørkredd,2020-12-01,2020-12-01,2021-11-01,67,Aspyr,Hyper Games,Xbox / PC
Call of the Sea,2020-12-01,2020-12-01,2021-11-01,79,Raw Fury,"Out of the Blue, Out of the Blue Studios",Xbox / PC
Haven,2020-12-01,2020-12-01,2021-11-01,75,Cleril Calamity Studios,Cleril Calamity Studios,Xbox / PC
Va-11 Hall-A: Cyberpunk Bartender Action,2016-06-01,2020-12-01,2021-11-01,77,"Ysbryd Games, Limited Run Games","Sukeban Games, Ysbryd Games Worldwide, Wolfgame",PC
FIFA 19,2018-09-01,2020-11-01,2021-11-01,83,EA SPORTS,Electronic Arts Vancouver,Xbox / PC
Hello Neighbor,2017-12-01,2018-10-01,2021-11-01,42,tinyBuild,"tinyBuild, Dynamic Pixels",Xbox / PC
SINNER: Sacrifice for Redemption,2018-10-01,2018-10-01,2021-11-01,63,"Another Indie, Another Indie Studio","Dark Star, ANOTHER INDIE STUDIO",PC
Oxenfree,2016-01-01,2018-03-01,2021-11-01,78,"Night School Studio, Night School Studios, Night School","Night School Studio, Night School Studios",PC
Rocket Knight,2010-05-11,2021-11-01,2021-11-01,,"Konami, Konami Digital Entertainment-US","Konami Digital Entertainment, Climax Studios, Climax",XB360/OG Xbox
Hover,2015-04-06,2021-10-01,2021-11-01,69,"Plug In Digital, Playdius, The Sidekicks","Plug In Digital, Playdius, Midgar Studio, Fusty Game",XB1/Series X|S
River City Girls,2019-09-01,2020-11-01,2021-11-01,80,"Arc System Works, WayForward, Wayforward Technologies, H2 Interactive",WayForward Technologies,Xbox / PC
Star Renegades,2020-09-01,2020-11-01,2021-11-01,79,"Raw Fury, Massive Damage",Massive Damage,Xbox / PC
Final Fantasy VIII: Remastered,2019-09-01,2020-11-01,2021-11-01,78,Square Enix,Square Enix,Xbox / PC
Planet Coaster,2016-11-01,2020-11-01,2021-11-01,85,Frontier Developments,Frontier Developments,Xbox
Streets of Rogue,2019-07-01,2020-06-01,2021-11-01,82,tinyBuild,"tinyBuild, Matt Dabrowski",Xbox / PC
The Gardens Between,2018-09-01,2018-11-01,2021-11-01,82,The Voxel Agents,The Voxel Agents,Xbox / PC
Resident Evil Code: Veronica X,2001-03-22,2021-10-01,2021-10-01,72,Capcom,Capcom,XB360/OG Xbox
Aaero,2017-04-11,2021-10-01,2021-10-01,,Reverb Triple XP,"Reverb Publishing, Mad Fellows",XB1/Series X|S
Comanche,2020-03-01,2020-11-01,2021-10-01,45,THQ Nordic,NUKKLEAR,PC
Eastshade,2019-02-01,2020-11-01,2021-10-01,78,Eastshade Studios,Eastshade Studios,Xbox / PC
Knights and Bikes,2019-08-01,2020-11-01,2021-10-01,79,Double Fine Productions,"Foam Sword, Foam Sword Games",Xbox / PC
Five Nights at Freddy's,2014-08-01,2020-10-01,2021-10-01,78,"Scott Cawthon, CLICKTEAM L.L.C.","Scott Cawthon, Clickteam",Xbox / PC
Five Nights at Freddy's 2,2014-11-01,2020-10-01,2021-10-01,62,"Scott Cawthon, CLICKTEAM L.L.C.",Scott Cawthon,Xbox / PC
Five Nights at Freddy's 3,2015-03-01,2020-10-01,2021-10-01,68,"Scott Cawthon, CLICKTEAM L.L.C.",Scott Cawthon,Xbox / PC
Five Nights at Freddy's 4,2015-07-01,2020-10-01,2021-10-01,51,"Scott Cawthon, CLICKTEAM L.L.C.",Scott Cawthon,Xbox / PC
Unruly Heroes,2019-01-01,2020-10-01,2021-10-01,79,"Perfect Game Speed Company, Magic Design Studios","Magic Design Studios, Perfect Game Speed",Xbox / PC
Carto,2020-10-01,2020-10-01,2021-10-01,73,"Humble Games, X.D. Network",Sunhead Games,Xbox / PC
Home Behind,2017-09-01,2021-03-01,2021-10-01,83,"Coconut Island Games, TPP Studio","Coconut Island Games, TPP Studio",PC
Shio,2018-05-01,2021-03-01,2021-10-01,73,Coconut Island Games,"Coconut Island Games, Coconut Island Studio",PC
Shantae: Half-Genie Hero,2016-12-01,2018-10-01,2021-10-01,76,WayForward,WayForward Technologies,PC
Castlevania: Harmony of Despair,2010-07-28,2021-10-01,2021-10-01,68,Konami,Konami Digital Entertainment,XB360/OG Xbox
Mulaka,2018-02-26,2021-09-01,2021-10-01,,Lienzo,"Lienzo, LIENZO MEXICO DESARROLLO DE VIDEOJUEGOS SA DE CV",XB1/Series X|S
GoNNER2,2020-10-01,2020-10-01,2021-10-01,75,Raw Fury,Art in Heart,Xbox / PC
Heave Ho,2019-08-01,2020-10-01,2021-10-01,76,Devolver Digital,"Le Cartel Studio, Le Cartel",PC
Katana Zero,2019-04-01,2020-10-01,2021-10-01,83,"Devolver Digital, Adult Swim Games",Askiisoft,Xbox / PC
Tales of Vesperia: Definitive Edition,2019-01-01,2020-10-01,2021-10-01,80,Bandai Namco Entertainment,"Bandai Namco Entertainment, QLOC",Xbox / PC
The Swords of Ditto: Mormo's Curse,2018-04-01,2020-10-01,2021-10-01,76,Devolver Digital,"Devolver Digital, Devolver, onebitbeyond",PC
ScourgeBringer,2020-02-01,2020-02-01,2021-10-01,76,"Plug In Digital, Dear Villagers","Plug In Digital, Dear Villagers, Flying Oak Games, E-Studio",Xbox / PC
Samurai Shodown II,1994-10-27,2021-09-01,2021-09-01,,"SNK, D4 Enterprise",SNK,XB360/OG Xbox
Warhammer: Chaosbane,2019-05-31,2021-09-01,2021-09-01,70,"Bigben Interactive, Nacon",Eko Software,XB1/Series X|S
Ikenfell,2020-10-01,2020-10-01,2021-09-01,74,"Humble Games, Humble Bundle",Happy Ray Games,Xbox / PC
Kathy Rain,2016-05-01,2020-09-01,2021-09-01,77,Raw Fury,"Raw Fury, Clifftop Games",PC
Night in the Woods,2017-02-01,2020-09-01,2021-09-01,82,Finji,"Finji, bombsfall, InfiniteAmmo, Infinite Fall",Xbox / PC
Drake Hollow,2020-08-01,2020-08-01,2021-09-01,78,"CD PROJEKT RED, The Molasses Flood",The Molasses Flood,Xbox / PC
Zone of the Enders HD Collection,2012-10-25,2021-09-01,2021-09-01,,Konami,"Konami Digital Entertainment, Kojima Productions",XB360/OG Xbox
Yooka-Laylee,2017-03-31,2021-08-01,2021-09-01,73,Team17 Digital,"Team17 Digital, Playtonic Games",XB1/Series X|S
Forza Motorsport 7,2017-10-01,2020-10-01,2021-09-01,84,Microsoft Studios,Turn 10 Studios,Xbox / PC
Company of Heroes 2: Complete Edition,2013-06-01,2020-09-01,2021-09-01,80,Archaic Entertainment,Archaic Entertainment,PC
Disgaea 4 Complete+,2019-10-01,2020-09-01,2021-09-01,84,NIS America,Nippon Ichi Software,PC
Hotshot Racing,2020-09-01,2020-09-01,2021-09-01,77,Curve Digital,"Sumo Digital, Lucky Mountain Games",Xbox
The Dark Crystal: Age of Resistance Tactics,2020-02-01,2020-09-01,2021-09-01,63,"Netflix, En Masse Entertainment","Krafton, BonusXP",Xbox / PC
Thronebreaker: The Witcher Tales,2018-10-01,2020-06-01,2021-09-01,85,"CD PROJEKT RED, CD PROJEKT","CD PROJEKT RED, CD PROJEKT",Xbox
Red Dead Online,2018-11-01,2021-05-01,2021-09-01,85,Rockstar Games,Rockstar Games,Xbox
Star Wars Battlefront (Classic),2017-11-01,2021-03-01,2021-09-01,76,"Electronic Arts, Disney Interactive, LucasArts Entertainment","Electronic Arts DICE, Pandemic Studios, Uprise",PC
Star Wars Battlefront II (Classic),2005-11-01,2021-03-01,2021-09-01,78,"Electronic Arts, Disney Interactive, LucasArts Entertainment","Electronic Arts DICE, Pandemic Studios, Uprise",PC
Star Wars Republic Commando,2005-02-01,2021-03-01,2021-09-01,78,"Disney Interactive, LucasArts Entertainment",LucasArts Entertainment,PC
The Escapists 2,2017-08-01,2019-11-01,2021-09-01,75,Team17 Digital,"Team17 Digital, Mouldy Toof Studios",PC
Vambrace: Cold Soul,2019-05-01,2019-11-01,2021-09-01,66,"Headup Games, Devespresso Games",Devespresso Games,PC
Yooka-Laylee,2017-04-01,2019-10-01,2021-09-01,75,Team17 Digital,"Team17 Digital, Playtonic Games",PC
Garou: Mark of the Wolves,1998-12-31,2021-08-01,2021-08-01,,"SNK, HAMSTER, Co.","DotEmu, SNK",XB360/OG Xbox
Darksiders III,2018-11-27,2021-08-01,2021-08-01,65,THQ Nordic,"THQ Nordic, Gunfire Games",XB1/Series X|S
NBA 2K21,2020-09-01,2021-03-01,2021-08-01,74,2K Games,"Visual Concepts, 2K Sports",Xbox
Double Kick Heroes,2020-08-01,2020-08-01,2021-08-01,76,"Plug In Digital, Headbang Club, Plug-In Digital",Headbang Club,Xbox / PC
Stranger Things 3: The Game,2019-07-01,2020-04-01,2021-08-01,62,"Netflix, BonusXP","Netflix, BonusXP, BONUS XP, InvertedEarthTheory",Xbox / PC
Blair Witch,2019-08-01,2019-08-01,2021-08-01,66,"Bloober Team, Lionsgate",Bloober Team,Xbox / PC
Pyre,2017-07-01,2021-03-01,2021-08-01,82,Supergiant Games,Supergiant Games,PC
Dear Esther: Landmark Edition,2012-02-01,2021-03-01,2021-08-01,68,The Chinese Room,"The Chinese Room, Robert Briscoe",PC
Mugsters,2018-07-01,2021-03-01,2021-08-01,75,Team17 Digital,"Team17 Digital, Reinkout",PC
Nex Machina,2017-06-01,2021-03-01,2021-08-01,84,Housemarque,Housemarque,PC
Overcooked: Gourmet Edition,2017-06-01,2021-03-01,2021-08-01,81,Team17 Digital,"Team17 Digital, Ghost Town Games",PC
Renowned Explorers: International Society,2015-09-01,2021-03-01,2021-08-01,72,Abbey Games,Abbey Games,PC
The Escapists,2015-02-01,2021-03-01,2021-08-01,71,Team17 Digital,"Team17 Digital, Mouldy Toof Studios",PC
Madden NFL 19,2018-08-01,2020-11-01,2021-08-01,81,,Electronic Arts,Xbox / PC
Yoku's Island Express,2018-05-01,2019-08-01,2021-08-01,83,"Team17 Digital, Villa Gorilla","Team17 Digital, Villa Gorilla",PC
Vampyr,2018-06-01,2019-03-01,2021-08-01,71,Focus Home Interactive,DONTNOD Entertainment,PC
Lost Planet 3,2013-08-26,2021-08-01,2021-08-01,60,Capcom,"Capcom U.S.A, Spark Unlimited",XB360/OG Xbox
Rock of Ages 3: Make & Break,2020-07-21,2021-07-01,2021-08-01,69,Modus Games,"ACE Team, Giant Monkey Robot",XB1/Series X|S
Don't Starve: Giant Edition,2014-09-01,2020-08-01,2021-08-01,75,Klei Entertainment,"Klei Entertainment, Capy Games",Xbox / PC
Crossing Souls,2018-02-01,2020-08-01,2021-08-01,70,Devolver Digital,"Devolver Digital, Fourattic",PC
Final Fantasy VII,1997-01-01,2020-08-01,2021-08-01,92,Square Enix,Square Enix,Xbox / PC
Darksiders Genesis,2019-12-01,2020-08-01,2021-08-01,77,THQ Nordic,Airship Syndicate,Xbox / PC
Train Sim World 2020,2018-07-01,2020-03-01,2021-08-01,76,,,Xbox / PC
Ape Out,2019-02-01,2019-08-01,2021-08-01,83,Devolver Digital,"Devolver Digital, Gabe Cuzzillo, Gabe Cuzillo",PC
Midway Arcade Origins,2012-11-06,2021-07-01,2021-07-01,,Warner Bros. Interactive,Backbone Entertainment,XB360/OG Xbox
Planet Alpha,2018-09-03,2021-07-01,2021-07-01,71,Team17 Digital,"Team17 Digital, Planet Alpha ApS",XB1/Series X|S
It Lurks Below,2019-05-01,2020-08-01,2021-07-01,45,Graybeard Games,Graybeard Games,Xbox / PC
UnderMine,2019-08-01,2020-08-01,2021-07-01,80,"Adam McLellan, Thorium Entertainment","Adam McLellan, Ricardo Chirino, Thorium Entertainment",Xbox / PC
The Touryst,2019-11-01,2020-07-01,2021-07-01,79,Shin'en Multimedia,Shin'en Multimedia,Xbox / PC
Conker: Live & Reloaded,2005-06-21,2021-07-01,2021-07-01,78,Microsoft Studios,Rare,XB360/OG Xbox
Shadows: Awakening,2018-08-31,2021-06-01,2021-07-01,73,Kalypso Media,"Kalypso Media, Games Farm",XB1/Series X|S
Endless Space 2: Deluxe Edition,2017-05-01,2020-07-01,2021-07-01,80,SEGA,Amplitude Studios,PC
Downwell,2015-10-01,2019-08-01,2021-07-01,81,"Devolver Digital, GHI Media","Devolver Digital, Moppin",PC
CrossCode,2015-05-01,2019-06-01,2021-07-01,86,"WhisperGames, Deck13, Deck 13",Radical Fish Games,Xbox / PC
EA Sports UFC,2014-06-01,2020-11-01,2021-07-01,70,"Electronic Arts, EA Swiss",Electronic Arts,Xbox
EA Sports UFC 2,2016-03-01,2020-11-01,2021-07-01,76,"Electronic Arts, EA Swiss",Electronic Arts,Xbox
Injustice: Gods Among Us,2013-04-03,2021-06-01,2021-06-01,80,Warner Bros. Interactive,"Warner Bros. Interactive, NetherRealm Studios",XB360/OG Xbox
The King's Bird,2018-08-23,2021-06-01,2021-06-01,,Graffiti Games,"Serenity Forge, Graffiti Games",XB1/Series X|S
Out of the Park Baseball 21,2020-03-01,2020-07-01,2021-06-01,87,Out of the Park Developments,Out of the Park Developments,PC
SoulCalibur VI,2018-10-01,2020-07-01,2021-06-01,84,"Bandai Namco Entertainment, BANDAI NAMCO Entertainment US","BANDAI NAMCO Entertainment America, Bandai Namco Entertainment, NAMCO",Xbox
MISTOVER,2019-10-01,2020-04-01,2021-06-01,60,KRAFTON,Krafton,PC
Battle Chasers: Nightwar,2017-10-01,2019-06-01,2021-06-01,84,"THQ Nordic, Nordic Games, www.handy-games.com","THQ Nordic, Handy Games, Airship Syndicate",Xbox / PC
The Messenger,2018-08-01,2019-06-01,2021-06-01,83,Devolver Digital,Sabotage,Xbox / PC
Monster Hunter: World,2018-01-01,2019-04-01,2021-06-01,90,Capcom,"Capcom, Capcom U.S.A",Xbox
Marvel vs. Capcom: Infinite,2017-09-01,2019-04-01,2021-06-01,77,Capcom,"Capcom, Capcom U.S.A",Xbox / PC
NeoGeo Battle Coliseum,2010-06-09,2021-06-01,2021-06-01,65,SNK,SNK,XB360/OG Xbox
Dungeons 3,2017-10-12,2021-05-01,2021-06-01,74,Kalypso Media,"Kalypso Media, Realmforge Studios",XB1/Series X|S
Observation,2019-05-01,2020-06-01,2021-06-01,79,Devolver Digital,"Devolver Digital, No Code",Xbox / PC
West of Dead,2020-06-01,2020-06-01,2021-06-01,71,Raw Fury,Upstream Arcade,Xbox / PC
Ace Combat 7: Skies Unknown,2019-01-01,2020-03-01,2021-06-01,79,"Bandai Namco Entertainment, BANDAI NAMCO Entertainment US","BANDAI NAMCO Entertainment America, Bandai Namco Entertainment, Project Aces",Xbox
Night Call,2019-07-01,2019-07-01,2021-06-01,68,Raw Fury,"Monkey Moon, Black Muffin, BlackMuffin Studio",Xbox / PC
Wizard of Legend,2018-05-01,2019-06-01,2021-06-01,79,"Humble Bundle, Contingent99","Humble Bundle, Contingent99",Xbox / PC
Tropico 4,2011-08-24,2021-05-01,2021-05-01,78,Kalypso Media,"Feral Interactive, Haemimont Games",XB360/OG Xbox
Kingdom Hearts HD I.5 + II.5 ReMix,2017-03-01,2020-06-01,2021-05-01,88,Square Enix,Square Enix,Xbox
Kingdom Hearts HD II.8 Final Chapter Prologue,2017-01-01,2020-06-01,2021-05-01,82,Square Enix,Square Enix,Xbox
Broforce,2015-10-01,2019-06-01,2021-05-01,83,Devolver Digital,"Devolver Digital, Free Lives",PC
Void Bastards,2019-05-01,2019-05-01,2021-05-01,75,"Humble Games, Humble Bundle",Blue Manchu,Xbox / PC
Surviving Mars,2018-03-01,2019-05-01,2021-05-01,76,Paradox Interactive,"Haemimont Games, Paradox Interactive",Xbox / PC
Armello,2015-09-01,2021-05-01,2021-05-01,75,League of Geeks,League of Geeks,XB1/Series X|S
Assetto Corsa,2014-12-01,2020-12-01,2021-05-01,63,"505 Games, Kunos Simulazioni","505 Games, Kunos Simulazioni",Xbox
Detention,2017-01-01,2021-03-01,2021-05-01,83,"Coconut Island Games, RedCandleGames, Red Candle Games","RedCandleGames, Coconut Island dba Shanghai Kena Information Technology Co",PC
Lego Batman,2008-09-23,2021-05-01,2021-05-01,80,"Feral Interactive, Warner Bros. Interactive","Traveller's Tales, TT Fusion",XB360/OG Xbox
Truck Racing Championship,2019-07-18,2021-04-01,2021-05-01,67,Bigben Interactive,"Neopica, N-Racing",XB1/Series X|S
Battlefleet Gothic: Armada II,2019-01-01,2020-06-01,2021-05-01,77,Focus Home Interactive,Tindalos Interactive,PC
Dungeon of the Endless,2014-10-01,2020-06-01,2021-05-01,79,"Playdigious, Amplitude Studios",Amplitude Studios,Xbox / PC
Plebby Quest: The Crusades,2020-04-01,2020-05-01,2021-05-01,84,NEOWIZ,PiedPipers Team,PC
Alan Wake,2010-05-01,2020-05-01,2021-05-01,83,"Microsoft Studios, THQ Nordic, Remedy Entertainment",Remedy Entertainment,Xbox / PC
Final Fantasy IX,2000-07-01,2020-05-01,2021-05-01,85,"Electronic Arts, Square Enix, Square","Square Enix, Sony Interactive Entertainment, Square, GUILD STUDIO, Guld Studio, Silicon Studio Thailand",Xbox / PC
Hotline Miami,2012-10-01,2019-06-01,2021-05-01,85,Devolver Digital,"Devolver Digital, Dennaton Games",PC
FIFA 15,2014-09-01,2020-11-01,2021-05-01,82,Electronic Arts,Electronic Arts Canada,Xbox / PC
FIFA 16,2015-09-01,2020-11-01,2021-05-01,84,Electronic Arts,"Electronic Arts, Electronic Arts Canada",Xbox / PC
FIFA 17,2016-09-01,2020-11-01,2021-05-01,84,Electronic Arts,Electronic Arts Canada,Xbox / PC
FIFA 18,2017-09-01,2020-11-01,2021-05-01,83,Electronic Arts,"Electronic Arts, Electronic Arts Canada",Xbox / PC
NBA LIVE 15,2014-10-01,2020-11-01,2021-05-01,53,Electronic Arts,Electronic Arts,Xbox
NBA LIVE 18: The One Edition,2017-09-01,2020-11-01,2021-05-01,72,"Electronic Arts, EA SPORTS","Electronic Arts Canada, Team Fusion",Xbox
Hard Corps: Uprising,2011-02-16,2021-04-01,2021-04-01,,Konami,"Konami Digital Entertainment, Arc System Works, Arc System Works Co.",XB360/OG Xbox
Vikings: Wolves of Midgard,2017-03-23,2021-04-01,2021-04-01,66,Kalypso Media,"Kalypso Media, Games Farm",XB1/Series X|S
Fractured Minds,2019-11-01,2020-05-01,2021-04-01,86,Wired Productions,"EmilyMGames, Emily M Games",Xbox
Endless Legend,2014-09-01,2020-05-01,2021-04-01,82,SEGA,Amplitude Studios,PC
Levelhead,2019-04-01,2020-04-01,2021-04-01,82,Butterscotch Shenanigans,Butterscotch Shenanigans,Xbox / PC
Moving Out,2020-04-01,2020-04-01,2021-04-01,78,Team17 Digital,"SMG Studio, Devm Games",Xbox / PC
Thumper,2016-10-01,2019-06-01,2021-04-01,86,Drool,Drool,PC
For The King,2018-02-01,2019-05-01,2021-04-01,87,"Curve Digital, IronOak Games","Curve Digital, IronOak Games",Xbox / PC
Bomber Crew,2017-10-01,2018-07-01,2021-04-01,75,Curve Digital,"Curve Digital, Runner Duck",Xbox / PC
Madden NFL 15,2014-08-01,2020-11-01,2021-04-01,80,Electronic Arts,"Electronic Arts, Electronic Arts Tiburon",Xbox
Madden NFL 16,2015-08-01,2020-11-01,2021-04-01,84,Electronic Arts,"Electronic Arts, Electronic Arts Tiburon",Xbox
Madden NFL 17,2016-08-01,2020-11-01,2021-04-01,83,Electronic Arts,"Electronic Arts, Electronic Arts Tiburon",Xbox
Madden NFL 18,2017-08-01,2020-11-01,2021-04-01,82,Electronic Arts,Electronic Arts,Xbox
Madden NFL 25,2013-08-01,2020-11-01,2021-04-01,73,Electronic Arts,"Electronic Arts, Electronic Arts Tiburon, Electronic Arts Sports",Xbox
NHL 18,2017-09-01,2020-11-01,2021-04-01,77,Electronic Arts,Electronic Arts,Xbox
NHL 19,2018-09-01,2020-11-01,2021-04-01,82,Electronic Arts,Electronic Arts,Xbox
Dark Void,2010-01-19,2021-04-01,2021-04-01,57,Capcom,Airtight Games,XB360/OG Xbox
Vicious Attack Llama Apocalypse,2018-03-16,2021-03-01,2021-04-01,,RogueCode,roguecode,XB1/Series X|S
Deliver Us the Moon,2019-10-01,2020-04-01,2021-04-01,75,"Wired Productions, KeokeN Interactive",KeokeN Interactive,Xbox / PC
Gato Roboto,2019-05-01,2020-04-01,2021-04-01,79,Devolver Digital,doinksoft,Xbox / PC
Wargroove,2019-02-01,2019-05-01,2021-04-01,81,Chucklefish,Chucklefish,Xbox / PC
Port Royale 3,2012-02-05,2021-03-01,2021-03-01,55,Kalypso Media,"Kalypso Media, Gaming Minds Studios, Gaming Minds",XB360/OG Xbox
Warface: Breakout,2020-05-26,2021-03-01,2021-03-01,,My.Com,Allods Team,XB1/Series X|S
HyperDot,2020-01-01,2020-04-01,2021-03-01,73,GLITCH,Tribe Games,Xbox / PC
Machinarium,2009-10-01,2020-04-01,2021-03-01,85,Amanita Design,Amanita Design,PC
Apotheon,2015-02-01,2021-03-01,2021-03-01,78,"Alientrap, Alientrap Games",Alientrap,PC
Mutant Year Zero: Road to Eden,2018-12-01,2021-03-01,2021-03-01,78,Funcom,"The Bearded Ladies, Funcom Oslo A/S, The Bearded Ladies Consulting",PC
Shift Quantum,2018-05-01,2021-03-01,2021-03-01,78,"Plug In Digital, Fishing Cactus, Red Panda Interactive","Fishing Cactus, Red Panda Interactive",PC
Star Wars Episode I: Racer,1999-04-01,2021-03-01,2021-03-01,63,"Nintendo, Disney Interactive, LucasArts Entertainment",LucasArts Entertainment,PC
Star Wars Galactic Battlegrounds: Saga,2001-11-01,2021-03-01,2021-03-01,82,LucasArts Entertainment,Ensemble Studios,PC
Star Wars Jedi Knight: Mysteries of the Sith,1998-02-01,2021-03-01,2021-03-01,83,"Activision Blizzard, Disney Interactive, LucasArts Entertainment",LucasArts Entertainment,PC
Star Wars Rebellion,1998-02-01,2021-03-01,2021-03-01,87,"Disney Interactive, LucasArts Entertainment","Lucasfilm, Coolhand Interactive",PC
Star Wars Rogue Squadron 3D,1998-12-01,2021-03-01,2021-03-01,76,"Disney Interactive, LucasArts Entertainment","LucasArts Entertainment, Lucasfilm, Factor 5",PC
Star Wars Shadows of the Empire,1996-12-01,2021-03-01,2021-03-01,78,"Nintendo, Disney Interactive, LucasArts Entertainment","LucasArts Entertainment, Lucasfilm",PC
Star Wars Starfighter,2001-02-01,2021-03-01,2021-03-01,71,"Disney Interactive, LucasArts Entertainment","Sony Interactive Entertainment, LucasArts Entertainment, Lucasfilm, Secret Level",PC
Star Wars X-Wing Alliance,1999-02-01,2021-03-01,2021-03-01,83,LucasArts Entertainment,Totally Games,PC
Star Wars Dark Forces,1995-02-01,2021-03-01,2021-03-01,75,"Disney Interactive, LucasArts Entertainment","Sony Interactive Entertainment, LucasArts Entertainment, Lucasfilm",PC
Into the Breach,2018-02-01,2019-06-01,2021-03-01,90,Subset Games,Subset Games,PC
Snake Pass,2017-03-01,2018-09-01,2021-03-01,74,Sumo Digital,Sumo Digital,PC
Hue,2016-08-01,2017-09-01,2021-03-01,79,"Curve Digital, Serkan Binici","Curve Digital, Serkan Binici, Fiddlesticks Games, Fiddlesticks",PC
Metal Slug 3,2000-03-23,2021-03-01,2021-03-01,,"SNK, D4 Enterprise","DotEmu, SNK",XB360/OG Xbox
Dandara: Trials of Fear Edition,2018-02-06,2021-02-01,2021-03-01,75,Raw Fury,"Raw Fury, Long Hat House",XB1/Series X|S
Alvastia Chronicles,2019-02-01,2020-04-01,2021-03-01,80,KEMCO,"KEMCO, Exe Create",Xbox / PC
Astrologaster,2019-05-01,2020-03-01,2021-03-01,74,"Application Systems Heidelberg, Nyamyam",Nyamyam,PC
The Witcher 3: Wild Hunt,2015-05-01,2019-12-01,2021-03-01,91,CD PROJEKT RED,CD PROJEKT RED,Xbox
Lost Planet 2,2010-05-11,2021-02-01,2021-02-01,63,Capcom,Capcom,XB360/OG Xbox
Gears 5,2019-09-10,2021-02-01,2021-02-01,83,"Microsoft Studios, Xbox Game Studios",The Coalition,XB1/Series X|S
Resident Evil,2002-03-22,2021-02-01,2021-02-01,88,Capcom,Capcom,XB1/Series X|S
The Jackbox Party Pack 4,2017-10-01,2020-09-01,2021-02-01,84,Jackbox Games,Jackbox Games,Xbox
Mother Russia Bleeds,2016-09-01,2020-03-01,2021-02-01,70,Devolver Digital,"Devolver Digital, Le Cartel Studio",PC
Momodora: Reverie Under the Moonlight,2016-03-01,2019-06-01,2021-02-01,77,"AGM PLAYISM, Playism, Active Gaming Media, DANGEN Entertainment","ACTIVE GAMING MEDIA, Bombservice, rdein",Xbox / PC
Shadows of the Damned,2011-06-01,2020-11-01,2021-02-01,76,Electronic Arts,"Electronic Arts, Grasshopper Manufacture",Xbox
Indiana Jones and the Emperor's Tomb,2003-03-25,2021-02-01,2021-02-01,69,"Disney Interactive, LucasArts Entertainment","Double Helix Games, The Collective",XB360/OG Xbox
Dead Rising,2006-08-08,2021-01-01,2021-02-01,82,Capcom,"Capcom, Capcom U.S.A",XB1/Series X|S
Ninja Gaiden II,2008-06-01,2020-02-01,2021-02-01,81,Tecmo,"Team NINJA, Tecmo",Xbox
World of Horror (Game Preview),2020-02-01,2020-02-01,2021-02-01,80,Ysbryd Games,panstasz,PC
de Blob,2008-09-01,2019-02-01,2021-02-01,72,"THQ Nordic, THQ, Nordic Games","THQ Nordic, Blue Tongue Entertainment",Xbox
Breakdown,2004-03-16,2021-01-01,2021-01-01,71,Bandai Namco Entertainment,NAMCO,XB360/OG Xbox
Little Nightmares,2017-04-27,2021-01-01,2021-01-01,81,"Bandai Namco Entertainment, BANDAI NAMCO Entertainment US, Playdigious","BANDAI NAMCO Entertainment America, Playdigious, Tarsier Studios",XB1/Series X|S
Reigns: Game of Thrones,2018-10-01,2020-02-01,2021-01-01,84,"Devolver Digital, GHI Media","Devolver Digital, Nerial",PC
Death Squared,2017-03-01,2020-02-01,2021-01-01,80,SMG Studio,SMG Studio,Xbox
Death's Gambit,2018-08-01,2020-02-01,2021-01-01,71,Adult Swim Games,"Adult Swim, White Rabbit",PC
Final Fantasy XV,2016-11-01,2020-02-01,2021-01-01,83,Square Enix,Square Enix,Xbox / PC
Fishing Sim World: Pro Tour,2018-09-01,2020-01-01,2021-01-01,70,,Dovetail Games,Xbox / PC
Sea Salt,2019-10-01,2020-01-01,2021-01-01,68,YCJY Games,"YCJY Games, YCJY",Xbox / PC
Bleed 2,2017-02-08,2020-12-01,2021-01-01,83,"Digerati, Ian Campbell","Digerati Distribution, Ian Campbell, BOOTDISK REVOLUTION, BootdiskRevolution",XB1/Series X|S
The King of Fighters XIII,2011-11-18,2021-01-01,2021-01-01,,"Atlus, SNK","SNK, Atlus U.S.A",XB360/OG Xbox
Tekken 7,2015-03-01,2020-01-01,2021-01-01,81,"Bandai Namco Entertainment, BANDAI NAMCO Entertainment US","BANDAI NAMCO Entertainment America, Bandai Namco Entertainment",Xbox
Sword Art Online: Fatal Bullet,2018-02-01,2020-01-01,2021-01-01,72,"Bandai Namco Entertainment, BANDAI NAMCO Entertainment US","BANDAI NAMCO Entertainment America, DIMPS",Xbox
FTL: Faster Than Light,2012-09-01,2020-01-01,2021-01-01,84,Subset Games,Subset Games,PC
Stacking,2011-02-07,2020-12-01,2020-12-01,80,"THQ Nordic, THQ, Double Fine Productions","THQ Nordic, Double Fine Productions",XB360/OG Xbox
The Raven Remastered,2018-03-12,2020-12-01,2020-12-01,,"THQ Nordic, Nordic Games","THQ Nordic, KING Art",XB1/Series X|S
Football Manager 2020,2019-11-01,2020-04-01,2020-12-01,84,SEGA,Sports Interactive,PC
Farming Simulator 17,2016-10-01,2019-01-01,2020-12-01,65,Focus Home Interactive,"Focus Home Interactive, Giants Software",Xbox / PC
Mortal Kombat X,2015-04-01,2018-12-01,2020-12-01,86,Warner Bros. Interactive,"Warner Bros. Interactive, NetherRealm Studios, High Voltage Software",Xbox
Saints Row: Gat Out of Hell,2015-01-20,2020-12-01,2020-12-01,66,Deep Silver,"Deep Silver, Volition, High Voltage Software",XB360/OG Xbox
Swimsanity!,2019-09-30,2020-11-01,2020-12-01,,Decoy Games,Decoy Games,XB1/Series X|S
Infinifactory,2015-06-01,2019-12-01,2020-12-01,85,Zachtronics,Zachtronics,PC
Untitled Goose Game,2019-09-01,2019-12-01,2020-12-01,81,Panic,House House,Xbox
Pathologic 2,2019-05-01,2019-12-01,2020-12-01,67,"tinyBuild, Ice-Pick Lodge",Ice-Pick Lodge,Xbox / PC
Ticket to Ride,2008-06-01,2019-12-01,2020-12-01,70,"Microsoft Studios, Asmodee Digital, Days of Wonder, Marmalade Game Studio","Plug In Digital, Asmodee Digital, Days of Wonder, Marmalade Game Studio, Next Level Games",Xbox / PC
Naruto to Boruto: Shinobi Striker,2018-08-01,2019-12-01,2020-12-01,60,"Bandai Namco Entertainment, BANDAI NAMCO Entertainment US","BANDAI NAMCO Entertainment America, Soleil",Xbox
Age of Wonders: Planetfall,2019-08-01,2019-11-01,2020-12-01,85,Paradox Interactive,"Triumph Studios, Paradox Interactive",Xbox / PC
The Turing Test,2016-08-01,2019-06-01,2020-12-01,80,"Square Enix, Bulkhead Interactive",Bulkhead Interactive,Xbox / PC
MudRunner,2017-10-01,2018-12-01,2020-12-01,72,Focus Home Interactive,"Saber Interactive, Focus Home Interactive",Xbox / PC
Metro: Last Light Redux,2014-08-01,2017-09-01,2020-12-01,88,"Deep Silver, Koch Media, FISHLABS","Deep Silver, 4A Games, Fishlabs Entertainment",PC
eFootball PES 2020,2019-09-01,2019-12-01,2020-12-01,82,Konami,Konami Digital Entertainment,Xbox
Demon's Tilt,2019-01-01,2019-12-01,2020-12-01,70,FLARB,"WIZNWAR, FLARB",Xbox / PC
Wandersong,2018-09-01,2019-12-01,2020-12-01,82,"Humble Bundle, Greg Lobanov, Dumb and Fat Games","Humble Bundle, Dumb and Fat Games, Greg Lobanov",Xbox / PC
Faeria,2016-02-01,2019-12-01,2020-12-01,81,"Versus Evil, Abrakam","Abrakam, Abrakam Entertainment",PC
Hatoful Boyfriend,2011-07-01,2019-06-01,2020-12-01,68,"Devolver Digital, GHI Media","Devolver Digital, Mediatonic, The Irregular, Hato Moa",PC
Absolver,2017-08-01,2019-01-01,2020-12-01,62,Devolver Digital,"Devolver Digital, Sloclap",Xbox
Dead Island: Definitive Edition,2016-05-01,2017-07-01,2020-12-01,67,Deep Silver,"Deep Silver, Techland",Xbox
Lego Indiana Jones,2007-01-01,2020-11-01,2020-11-01,78,"Disney Interactive, LucasArts Entertainment","Traveller's Tales, LucasArts Entertainment",XB360/OG Xbox
Aragami: Shadow Edition,2025-05-20,2020-11-01,2020-11-01,,GSC Game World,GSC Game World,XB1/Series X|S
Darksiders III,2018-11-01,2019-11-01,2020-11-01,69,THQ Nordic,"THQ Nordic, Gunfire Games",Xbox / PC
Munchkin: Quacked Quest,2019-11-01,2019-11-01,2020-11-01,40,Asmodee Digital,Asmodee Digital,Xbox / PC
Tracks: The Train Set Game,2017-09-01,2019-11-01,2020-11-01,69,,Dr. Whoop,Xbox / PC
The Talos Principle,2014-12-01,2019-11-01,2020-11-01,72,"Devolver Digital, GHI Media, Croteam","Devolver Digital, Croteam",Xbox / PC
Full Spectrum Warrior,2004-05-31,2020-11-01,2020-11-01,80,THQ Nordic,Pandemic Studios,XB360/OG Xbox
Maid of Sker,2020-07-28,2020-10-01,2020-11-01,64,Wales Interactive,Wales Interactive,XB1/Series X|S
Costume Quest,2010-10-19,2020-10-01,2020-10-01,,"THQ Nordic, THQ, Double Fine Productions","THQ Nordic, Double Fine Productions",XB360/OG Xbox
Slayaway Camp: Butcher's Cut,2017-10-23,2020-10-01,2020-10-01,,"Digerati, Blue Wizard Digital, Blue Wizard Digital LP","Digerati Distribution, Blue Wizard Digital, Blue Wizard Digital LP",XB1/Series X|S
The Lord of the Rings: Adventure Card Game,2018-08-01,2019-11-01,2020-10-01,60,,,Xbox / PC
Lego Star Wars III: The Clone Wars,2011-03-01,2019-10-01,2020-10-01,75,"Feral Interactive, Disney Interactive, LucasArts Entertainment","Feral Interactive, Traveller's Tales, LucasArts Entertainment",Xbox
Afterparty,2019-10-01,2019-10-01,2020-10-01,73,"Night School Studio, Night School Studios, Night School","Night School Studio, Night School Studios",Xbox
The Red Strings Club,2018-01-01,2019-09-01,2020-10-01,80,Devolver Digital,Deconstructeam,PC
Tacoma,2017-08-01,2019-05-01,2020-10-01,79,The Fullbright Company,Fullbright,PC
Rise & Shine,2017-05-01,2018-11-01,2020-10-01,66,Adult Swim Games,"Adult Swim, Super Mega Team",Xbox
NBA LIVE 16,2015-09-01,2020-11-01,2020-10-01,60,EA SPORTS,Electronic Arts Tiburon,Xbox
Sphinx and the Cursed Mummy,2003-11-10,2020-10-01,2020-10-01,,"THQ Nordic, THQ, '''Consoles''', '''PC'''",Eurocom,XB360/OG Xbox
The Book of Unwritten Tales 2,2015-02-20,2020-09-01,2020-10-01,80,Nordic Games,"KING Art, The Adventure Company",XB1/Series X|S
State of Mind,2018-08-01,2019-10-01,2020-10-01,69,Daedalic Entertainment,Daedalic Entertainment,PC
Minit,2018-04-01,2019-10-01,2020-10-01,74,"Devolver Digital, GHI Media","Devolver Digital, JW, Kitty, Jukio, and Dom, JW, Kitty, Jukio, and Dominik, JW, Kitty, Jukio, and Dom",Xbox / PC
Felix the Reaper,2019-10-01,2019-10-01,2020-10-01,69,Daedalic Entertainment,"Daedalic Entertainment, Kong Orange",Xbox / PC
Metro 2033 Redux,2014-08-01,2018-10-01,2020-10-01,84,"Deep Silver, Koch Media, FISHLABS","Deep Silver, 4A Games, Fishlabs Entertainment",Xbox / PC
Saints Row IV: Re-Elected,2013-08-01,2017-06-01,2020-10-01,73,"Deep Silver, Koch Media","Deep Silver, Volition",PC
NHL 17,2016-09-01,2020-11-01,2020-10-01,77,"Electronic Arts, EA SPORTS","Electronic Arts, Electronic Arts Canada",Xbox
Armed and Dangerous,2003-12-01,2020-09-01,2020-09-01,78,"Disney Interactive, LucasArts Entertainment","Lucasfilm, Planet Moon Studios",XB360/OG Xbox
Tom Clancy's The Division,2016-03-07,2020-09-01,2020-09-01,80,Ubisoft Entertainment,"Ubisoft, Massive Entertainment",XB1/Series X|S
Panzer Dragoon Orta,2003-01-01,2019-10-01,2020-09-01,90,SEGA,Smilebit,Xbox
Bad North: Jotunn Edition,2018-08-01,2019-09-01,2020-09-01,65,Raw Fury,Raw Fury,Xbox / PC
Westerado: Double Barreled,2015-04-01,2018-10-01,2020-09-01,80,Adult Swim Games,Ostrich Banditos,Xbox
Rocket League,2015-07-01,2018-07-01,2020-09-01,87,Psyonix,Psyonix,Xbox
de Blob 2,2011-02-22,2020-09-01,2020-09-01,74,"THQ Nordic, THQ, Nordic Games","BlitWorks, Halfbrick Studios, Blue Tongue Entertainment, Blue Tongue, Bluetongue Entertainment",XB360/OG Xbox
Override: Mech City Brawl,2018-12-04,2020-08-01,2020-09-01,64,Modus Games,"Modus Games, The Balance",XB1/Series X|S
NBA 2K20,2019-09-01,2020-03-01,2020-09-01,80,"2K Games, 2K Sports","2K, Visual Concepts",Xbox
Jump Force,2019-02-01,2019-09-01,2020-09-01,61,"Bandai Namco Entertainment, BANDAI NAMCO Entertainment US","BANDAI NAMCO Entertainment America, Spike Chunsoft",Xbox
GoNNER: Blueberry Edition,2018-02-01,2019-09-01,2020-09-01,60,Raw Fury,Art in Heart,Xbox / PC
Red Dead Redemption 2,2018-10-01,2020-05-01,2020-09-01,97,Rockstar Games,Rockstar Games,Xbox
Red Faction II,2002-10-14,2020-08-01,2020-08-01,64,"THQ Nordic, THQ","THQ Nordic, Volition, Outrage Games, Cranky Pants Games",XB360/OG Xbox
Portal Knights,2016-02-25,2020-08-01,2020-08-01,72,505 Games,"505 Games, Keen Games",XB1/Series X|S
The Jackbox Party Pack 3,2016-10-01,2020-02-01,2020-08-01,80,Jackbox Games,Jackbox Games,Xbox
Creature in the Well,2019-09-01,2019-09-01,2020-08-01,78,Flight School Studio,Flight School Studio,Xbox / PC
Metal Gear Solid HD Edition: 2 & 3,2011-11-01,2019-09-01,2020-08-01,90,Konami,"Konami Digital Entertainment, Bluepoint Games, Armature",Xbox
Giana Sisters: Twisted Dreams - Director's Cut,2012-10-01,2018-09-01,2020-08-01,80,Black Forest Games,Black Forest Games,Xbox
MX Unleashed,2018-04-26,2020-08-01,2020-08-01,80,THQ Nordic,Rainbow Studios,XB360/OG Xbox
Dunk Lords,2020-07-16,2020-07-01,2020-08-01,,Story Fort,Story Fort,XB1/Series X|S
Kingdom Come: Deliverance,2018-02-01,2019-08-01,2020-08-01,68,Warhorse Studios,"Deep Silver, Warhorse Studios",Xbox / PC
Devil May Cry 5,2019-03-01,2019-08-01,2020-08-01,87,Capcom,Capcom,Xbox
Space Hulk: Tactics,2018-10-01,2019-08-01,2020-08-01,73,Focus Home Interactive,"Cyanide Studio, Focus Home Interactive",PC
Where The Water Tastes Like Wine,2018-02-01,2019-08-01,2020-08-01,74,"Good Shepherd Entertainment, Dim Bulb Games","Serenity Forge, Dim Bulb Games",PC
F1 2018,2018-08-01,2019-03-01,2020-08-01,84,Codemasters,Codemasters,Xbox / PC
JUJU,2014-12-09,2020-07-01,2020-07-01,65,"Nordic Games, Flying Wild Hog",Flying Wild Hog,XB360/OG Xbox
WRC 8 FIA World Rally Championship,2019-09-10,2020-07-01,2020-07-01,,Bigben Interactive,KT Racing,XB1/Series X|S
Ashes Cricket,2017-12-01,2019-08-01,2020-07-01,79,Big Ant Studios,Big Ant Studios,Xbox
The Banner Saga 3,2018-07-01,2019-07-01,2020-07-01,88,Versus Evil,"Versus Evil, Stoic",Xbox / PC
RiME,2017-05-01,2018-02-01,2020-07-01,82,"Tequila Works, Grey Box, Grey Box - Six Foot","QLOC, Tequila Works, Grey Box",Xbox / PC
Saints Row 2,2008-10-14,2020-07-01,2020-07-01,78,"Deep Silver, Koch Media","Volition, THQ",XB360/OG Xbox
Coffee Talk,2020-01-28,2020-06-01,2020-07-01,74,Toge Productions,Toge Productions,XB1/Series X|S
Metal Gear Solid V: The Phantom Pain,2015-09-01,2019-07-01,2020-07-01,95,Konami,Kojima Productions,Xbox
Blazing Chrome,2019-07-01,2019-07-01,2020-07-01,82,The Arcade Crew,"JoyMasher, The Arcade Crew",Xbox / PC
Dead Rising 4,2016-12-01,2019-07-01,2020-07-01,72,"Microsoft Studios, Capcom",Capcom Vancouver,Xbox / PC
Timespinner,2018-09-01,2019-07-01,2020-07-01,74,"Chucklefish, Lunar Ray Games",Lunar Ray Games,Xbox / PC
Unavowed,2018-08-01,2019-07-01,2020-07-01,87,Wadjet Eye Games,Wadjet Eye Games,PC
Sine Mora,2012-03-21,2020-06-01,2020-06-01,77,"THQ Nordic, Nordic Games, www.handy-games.com, HandyGames","THQ Nordic, Handy Games, Grasshopper Manufacture, Digital Reality",XB360/OG Xbox
Shantae and the Pirate's Curse,2014-02-05,2020-06-01,2020-06-01,,"WayForward, Wayforward Technologies",WayForward Technologies,XB1/Series X|S
Battlefleet Gothic: Armada,2016-04-01,2019-06-01,2020-06-01,77,Focus Home Interactive,Tindalos Interactive,PC
ACA NeoGeo Metal Slug X,1999-03-01,2019-06-01,2020-06-01,61,"HAMSTER, Co.",HAMSTER,Xbox / PC
Metro Exodus,2019-02-01,2019-06-01,2020-06-01,82,Deep Silver,4A Games,Xbox / PC
Neon Chrome,2016-04-01,2019-06-01,2020-06-01,72,10tons,10tons,Xbox / PC
Shadow Tactics: Blades of the Shogun,2016-12-01,2019-06-01,2020-06-01,85,Daedalic Entertainment,"Daedalic Entertainment, Mimimi Productions",Xbox
Life is Strange 2,2018-09-01,2019-01-01,2020-06-01,75,Square Enix,DONTNOD Entertainment,Xbox
Die for Valhalla!,2018-05-01,2018-05-01,2020-06-01,70,"Libredia, Monster Couch","Monster Couch, Monster Couch sp",PC
The Flame in the Flood,2016-02-01,2017-07-01,2020-06-01,74,"Curve Digital, The Molasses Flood",The Molasses Flood,Xbox / PC
Destroy All Humans!,2005-05-26,2020-06-01,2020-06-01,70,"THQ Nordic, Panorama","THQ Nordic, Pandemic Studios, Black Forest Games",XB360/OG Xbox
"Warhammer 40,000: Inquisitor - Martyr",2018-06-06,2020-05-01,2020-06-01,67,NeocoreGames,NeoCoreGames,XB1/Series X|S
Resident Evil: Revelations,2012-01-01,2019-06-01,2020-06-01,78,Capcom,"Capcom, Capcom U.S.A, Tose",Xbox
Book of Demons,2018-12-01,2019-06-01,2020-06-01,73,"505 Games, Thing Trunk","SONKA, Thing Trunk",PC
Everspace,2016-09-01,2019-06-01,2020-06-01,84,ROCKFISH Games,ROCKFISH Games,Xbox / PC
Riverbond,2019-06-01,2019-06-01,2020-06-01,67,Cococucumber,Cococucumber,Xbox / PC
Samorost 3,2016-03-01,2019-06-01,2020-06-01,80,Amanita Design,Amanita Design,PC
Supermarket Shriek,2019-06-01,2019-06-01,2020-06-01,76,PQube,Billy Goat Entertainment,Xbox / PC
The Last Door: Season 2 - Collector's Edition,2016-03-01,2019-06-01,2020-06-01,85,"Phoenix Online Publishing, Phoenix Online Studios","The Game Kitchen, Phoenix Online Studios",PC
The Stillness of the Wind,2019-02-01,2019-06-01,2020-06-01,76,Fellow Traveller,"Fellow Traveller, Memory of God, Memory of God aka Coyan Cardenas, Lambic Studios",PC
Riptide GP: Renegade,2016-07-01,2018-02-01,2020-06-01,75,Vector Unit,Vector Unit,Xbox / PC
Overlord II,2009-06-22,2020-05-01,2020-05-01,79,Codemasters,"Triumph Studios, Virtual Programming",XB360/OG Xbox
V-Rally 4,2018-09-11,2020-05-01,2020-05-01,59,Bigben Interactive,Kylotonn Entertainment,XB1/Series X|S
Old Man's Journey,2017-05-01,2019-06-01,2020-05-01,76,Broken Rules,Broken Rules,Xbox / PC
Hydro Thunder: Hurricane,2010-07-01,2018-06-01,2020-05-01,75,Microsoft Game Studios,Vector Unit,Xbox / PC
#IDARB,2015-01-01,2017-06-01,2020-05-01,77,Other Ocean,,Xbox
The King of Fighters '98 Ultimate Match (KOF98UM),2008-03-01,2017-06-01,2020-05-01,73,SNK,"SNK, Code Mystics",Xbox
Sensible World of Soccer,1994-01-01,2020-05-01,2020-05-01,,"Microsoft Studios, Codemasters, GT Interactive, Renegade Software, Renegade",Sensible Software,XB360/OG Xbox
Knights of Pen and Paper Bundle,2015-05-13,2020-04-01,2020-05-01,,Paradox Interactive,"Paradox Interactive, Kyy Games",XB1/Series X|S
The Lego Ninjago Movie Video Game,2017-09-01,2019-11-01,2020-05-01,76,Warner Bros. Interactive,"Warner Bros. Interactive, Traveller's Tales, TT Games",Xbox
Imperator: Rome,2019-04-01,2019-06-01,2020-05-01,76,Paradox Interactive,Paradox Development Studio,PC
West of Loathing,2017-08-01,2019-06-01,2020-05-01,87,Asymmetric,Asymmetric,PC
Metal Gear Survive,2018-02-01,2019-05-01,2020-05-01,62,"Konami, Konami Digital Entertainment-US",Konami Digital Entertainment,Xbox
The Banner Saga,2014-01-01,2019-05-01,2020-05-01,76,"Versus Evil, Stoic","Versus Evil, Stoic",Xbox / PC
Mega Man Legacy Collection 2,2017-08-01,2018-06-01,2020-05-01,72,Capcom,"Capcom, Capcom U.S.A",Xbox
Toybox Turbos,2014-11-11,2020-04-01,2020-04-01,69,Codemasters,Codemasters,XB360/OG Xbox
Project CARS 2,2017-09-22,2020-04-01,2020-04-01,86,Bandai Namco Entertainment,Slightly Mad Studios,XB1/Series X|S
Silence: The Whispered World 2,2010-04-01,2019-06-01,2020-04-01,66,Daedalic Entertainment,Daedalic Entertainment,Xbox
Smoke and Sacrifice,2018-05-01,2019-06-01,2020-04-01,68,Curve Digital,"Curve Digital, Solar Sail Games",Xbox / PC
Full Metal Furies,2018-01-01,2019-06-01,2020-04-01,80,Cellar Door Games,Cellar Door Games,Xbox / PC
The Banner Saga 2,2016-04-01,2019-06-01,2020-04-01,84,"Versus Evil, Stoic","Versus Evil, Stoic",Xbox / PC
RUINER,2017-09-01,2018-08-01,2020-04-01,77,Devolver Digital,"Devolver Digital, Reikon Games",Xbox / PC
Braid,2008-08-01,2017-06-01,2020-04-01,93,"Microsoft Studios, Hothead Games, Number None","Hothead Games, Number None",Xbox
Metal Slug 3,2000-06-01,2017-06-01,2020-04-01,76,"SNK, D4 Enterprise","DotEmu, SNK",Xbox
Fable Anniversary,2014-02-04,2020-04-01,2020-04-01,68,Microsoft Studios,Lionhead Studios,XB360/OG Xbox
Shantae: Half-Genie Hero,2016-12-20,2020-03-01,2020-04-01,76,WayForward,WayForward Technologies,XB1/Series X|S
The Book of Unwritten Tales 2,2015-02-01,2017-06-01,2020-04-01,79,Nordic Games,"KING Art, The Adventure Company",Xbox
FEZ,2012-04-01,2019-06-01,2020-04-01,91,"Microsoft Studios, Trapdoor, Corporation Polytron, Polytron",POLYTRON,PC
Valkyria Chronicles,2008-04-01,2019-06-01,2020-04-01,85,SEGA,SEGA,PC
Guacamelee! Super Turbo Championship Edition,2014-07-01,2017-07-01,2020-04-01,88,DrinkBox Studios,"DrinkBox Studios, Broken Rules",Xbox
MX vs. ATV: Reflex,2009-12-01,2017-06-01,2020-04-01,75,"THQ Nordic, THQ","THQ Nordic, Double Helix Games, Rainbow Studios, Rainbow",Xbox
Samurai Shodown II,1994-10-01,2017-06-01,2020-04-01,73,"SNK, D4 Enterprise",SNK,Xbox
Sonic Generations,2011-11-01,2020-03-01,2020-03-01,77,SEGA,"SEGA, Sonic Team, Devil's Details",XB360/OG Xbox
Batman: The Enemy Within,2017-08-08,2020-03-01,2020-03-01,68,"Telltale Games, Belleal Games",Telltale Games,XB1/Series X|S
Castlevania: Lords of Shadow 2,2014-02-21,2020-03-01,2020-03-01,58,Konami,Mercury Steam Entertainment,XB360/OG Xbox
Call of Cthulhu,2018-10-30,2020-02-01,2020-03-01,66,Focus Home Interactive,Cyanide Studio,XB1/Series X|S
LEGO Worlds,2017-03-01,2019-09-01,2020-03-01,69,Warner Bros. Interactive,"Warner Bros. Interactive, Traveller's Tales",Xbox
Apocalipsis,2018-02-01,2019-06-01,2020-03-01,73,"WhisperGames, GameKraft","Punch Punk Games, GameKraft",PC
Battle Chef Brigade,2017-11-01,2019-06-01,2020-03-01,80,Adult Swim Games,"Adult Swim, Trinket Studios",PC
Borderlands 2,2012-09-01,2019-06-01,2020-03-01,80,"2K Games, Aspyr","Aspyr Media, 2K, Gearbox Software, Sony Computer Entertainment America",Xbox
Borderlands: The Pre-Sequel!,2014-10-01,2019-06-01,2020-03-01,80,"2K Games, Aspyr","Aspyr Media, 2K, Gearbox Software, 2K Australia",Xbox
Kingsway,2017-07-01,2019-06-01,2020-03-01,80,Adult Swim Games,Andrew Morrish,PC
Lichtspeer: Double Speer Edition,2016-09-01,2019-06-01,2020-03-01,69,"Crunching Koalas, Lichthund","Crunching Koalas, Lichthund",Xbox / PC
Orwell: Keeping an Eye on You,2016-10-01,2019-06-01,2020-03-01,77,"Fellow Traveller, Surprise Attack","Osmotic Studios, Fellow Traveller",PC
Shenmue,1999-12-01,2019-06-01,2020-03-01,75,SEGA,SEGA,Xbox / PC
Shenmue II,2001-09-01,2019-06-01,2020-03-01,75,"Microsoft Studios, SEGA",SEGA,Xbox / PC
Thimbleweed Park,2017-03-01,2019-06-01,2020-03-01,84,Terrible Toybox,Terrible Toybox,Xbox / PC
Titan-Quest: Anniversary Edition,2016-08-01,2019-06-01,2020-03-01,77,THQ Nordic,"THQ Nordic, Iron Lore Entertainment",PC
The Golf Club 2,2017-06-01,2019-04-01,2020-03-01,69,Maximum Games,"HB Studios, Maximum Games",Xbox
Operencia: The Stolen Sun,2019-03-01,2019-03-01,2020-03-01,80,Zen Studios,Zen Studios,Xbox / PC
Deus Ex: Mankind Divided,2016-08-01,2019-03-01,2020-03-01,83,"Square Enix, Feral Interactive",Eidos Montreal,Xbox
Star Wars Battlefront,2015-11-17,2020-02-01,2020-02-01,73,Electronic Arts,"Electronic Arts, Electronic Arts DICE",XB360/OG Xbox
TT Isle of Man,2018-03-13,2020-02-01,2020-02-01,,Bigben Interactive,Kylotonn Entertainment,XB1/Series X|S
Fable Heroes,2012-05-02,2020-02-01,2020-02-01,,Microsoft Studios,Lionhead Studios,XB360/OG Xbox
Batman: The Telltale Series,2016-08-02,2020-01-01,2020-02-01,79,Telltale Games,Telltale Games,XB1/Series X|S
Disney Epic Mickey 2: The Power of Two,2012-11-01,2019-02-01,2020-02-01,59,Disney Interactive,"Junction Point, Junction Point Studios",Xbox
Just Cause 4,2018-12-01,2019-03-01,2020-02-01,70,Square Enix,"Square Enix, Avalanche Studios",Xbox
Batman: Arkham City,2011-10-01,2019-02-01,2020-02-01,77,Warner Bros. Interactive,Rocksteady Studios,Xbox
The Jackbox Party Pack 2,2015-10-01,2019-08-01,2020-02-01,80,Jackbox Games,Jackbox Games,Xbox
Batman: Arkham Asylum,2009-08-01,2019-02-01,2020-02-01,77,"Square Enix, Feral Interactive, Eidos Interactive",Rocksteady Studios,Xbox
Pumped BMX Pro,2019-02-01,2019-02-01,2020-02-01,53,Curve Digital,"Yeah Us!, Warp Digital Entertainment",Xbox
LEGO Star Wars II: The Original Trilogy,2006-09-11,2020-01-01,2020-01-01,,"Feral Interactive, LucasArts Entertainment, small, (OS X), TT Games Publishing","Traveller's Tales, Amaze Entertainment, small, (handheld)",XB360/OG Xbox
Styx: Shards of Darkness,2017-03-13,2020-01-01,2020-01-01,72,Focus Home Interactive,Cyanide Studio,XB1/Series X|S
Tekken 6,2007-10-27,2020-01-01,2020-01-01,80,"Bandai Namco Entertainment, BANDAI NAMCO Entertainment US",Bandai Namco Entertainment,XB360/OG Xbox
Jurassic World Evolution,2018-06-12,2019-12-01,2020-01-01,71,Frontier Developments,Frontier Developments,XB1/Series X|S
Tom Clancy's The Division,2016-03-01,2019-12-01,2020-01-01,80,Ubisoft Entertainment,"Ubisoft, Massive Entertainment",Xbox
LEGO City Undercover,2013-03-01,2019-07-01,2020-01-01,77,"Warner Bros. Interactive, Nintendo, TT Games","Traveller's Tales, TT Fusion",Xbox
Resident Evil 4,2005-01-01,2019-07-01,2020-01-01,76,Capcom,Capcom,Xbox
Just Cause 3,2015-12-01,2019-01-01,2020-01-01,71,Square Enix,"Square Enix, Avalanche Studios",Xbox
Middle-earth: Shadow of Mordor - Game of the Year Edition,2014-09-01,2019-01-01,2020-01-01,87,"Feral Interactive, Warner Bros. Interactive","Feral Interactive, Monolith Productions",Xbox
Saints Row: The Third,2011-11-01,2019-01-01,2020-01-01,84,THQ,Volition,Xbox
Castlevania: Lords of Shadow - Mirror of Fate HD,2013-03-05,2019-12-01,2019-12-01,72,"Konami, Konami Digital Entertainment-US","Konami Digital Entertainment, Mercury Steam Entertainment",XB360/OG Xbox
Insane Robots,2018-07-10,2019-12-01,2019-12-01,,Playniac,Playniac,XB1/Series X|S
Toy Story 3,2010-06-15,2019-12-01,2019-12-01,73,Disney Interactive,"Disney Interactive Studios, Avalanche Software",XB360/OG Xbox
The Final Station,2016-08-29,2019-11-01,2019-12-01,76,tinyBuild,"tinyBuild, Do My Best, Andrey Rumak, Oleg Sergeev",XB1/Series X|S
Headlander,2016-07-01,2019-02-01,2019-12-01,78,Adult Swim Games,"Double Fine Productions, Adult Swim",Xbox
Life is Strange,2015-01-01,2019-01-01,2019-12-01,85,"Square Enix, Feral Interactive",DONTNOD Entertainment,Xbox
Life is Strange: Before the Storm,2017-08-01,2019-01-01,2019-12-01,82,"Square Enix, Feral Interactive","Square Enix, Deck Nine",Xbox
Pro Evolution Soccer 2019,2018-08-01,2018-12-01,2019-12-01,82,Konami,PES Productions,Xbox
Tecmo Bowl: Throwback,2010-04-01,2018-01-01,2019-12-01,67,"Tecmo Koei America, Tecmo Koei","KOEI TECMO America, Southend Interactive, SouthEnd Interactive™",Xbox
Joy Ride Turbo,2012-05-23,2019-11-01,2019-11-01,,,,XB360/OG Xbox
Sherlock Holmes: The Devil's Daughter,2016-06-10,2019-11-01,2019-11-01,65,"Plug In Digital, Bigben Interactive",Frogwares,XB1/Series X|S
Robocraft Infinity,2018-04-01,2018-04-01,2019-11-01,55,,Freejam,Xbox
Star Wars: Jedi Starfighter,2002-03-10,2019-11-01,2019-11-01,80,,Disney Interactive Studios,XB360/OG Xbox
Friday the 13th: The Game,2017-05-25,2019-10-01,2019-11-01,61,Gun Media,"IllFonic, GUN MEDIA HOLDINGS",XB1/Series X|S
Pony Island,2016-01-01,2019-06-01,2019-11-01,86,Daniel Mullins Games,Daniel Mullins Games,PC
Tyranny: Gold Edition,2016-11-01,2019-06-01,2019-11-01,80,Paradox Interactive,Obsidian Entertainment,PC
Football Manager 2019,2018-12-01,2019-06-01,2019-11-01,86,SEGA,Sports Interactive,PC
LEGO Batman 3: Beyond Gotham,2014-11-01,2019-05-01,2019-11-01,74,"Feral Interactive, Warner Bros. Interactive, WB Games","Feral Interactive, Warner Bros. Interactive, Traveller's Tales, TT Games",Xbox
The Surge,2017-05-01,2019-05-01,2019-11-01,74,Focus Home Interactive,"Focus Home Interactive, Deck13",Xbox
Below,2018-12-01,2018-12-01,2019-11-01,70,"Microsoft Studios, Capybara Games",Capybara Games,Xbox
Strange Brigade,2018-08-01,2018-12-01,2019-11-01,75,Rebellion,Rebellion,Xbox
Agents of Mayhem,2017-08-01,2018-11-01,2019-11-01,73,Deep Silver,"Deep Silver, Volition",Xbox
MXGP3,2017-05-01,2018-11-01,2019-11-01,78,Milestone,Milestone,Xbox
Thomas Was Alone,2012-06-01,2018-11-01,2019-11-01,80,"Curve Digital, Bossa Studios, Bithell Games","Curve Digital, Bossa Studios, Bithell Games, Mike Bithell",Xbox
ABZÛ,2016-08-01,2018-07-01,2019-11-01,83,505 Games,Giant Squid,Xbox / PC
Darksiders II: Deathinitive Edition,2012-08-01,2018-02-01,2019-11-01,75,"THQ Nordic, Nordic Games Publishing","THQ Nordic, Vigil Games, Gunfire Games",Xbox
Darksiders: Warmastered Edition,2010-01-01,2017-12-01,2019-11-01,80,,,Xbox
GRID 2,2013-05-01,2017-06-01,2019-11-01,78,Codemasters,"Feral Interactive, Codemasters",Xbox
Ninja Gaiden 3: Razor's Edge,2012-11-18,2019-10-01,2019-10-01,,"Nintendo, Tecmo Koei","Koei Tecmo, Team NINJA, KOEI TECMO America",XB360/OG Xbox
Tembo the Badass Elephant,2015-07-21,2019-10-01,2019-10-01,,SEGA,"SEGA, Game Freak",XB1/Series X|S
Bolt,2008-11-18,2019-10-01,2019-10-01,,Disney Interactive,"Disney Interactive Studios, Avalanche Software",XB360/OG Xbox
We Were Here,2017-02-03,2019-09-01,2019-10-01,63,Total Mayhem Games,Total Mayhem Games,XB1/Series X|S
Resident Evil 5,2009-03-01,2019-04-01,2019-10-01,75,Capcom,Capcom,Xbox
Dead Island: Riptide - Definitive Edition,2016-05-01,2018-10-01,2019-10-01,57,Deep Silver,Techland,Xbox
>observer_,2017-08-01,2018-08-01,2019-10-01,86,"Aspyr, Bloober Team, Observer Studio","Bloober Team, Observer Studio",Xbox
Tekken Tag Tournament 2,2012-09-11,2019-09-01,2019-09-01,83,"Bandai Namco Entertainment, BANDAI NAMCO Entertainment US, Namco","BANDAI NAMCO Entertainment America, Bandai Namco Entertainment, NAMCO",XB360/OG Xbox
Hitman: The Complete First Season,2016-03-11,2019-09-01,2019-09-01,83,"Square Enix, Feral Interactive, Warner Bros. Interactive","Feral Interactive, Square Enix, IO Interactive",XB1/Series X|S
Earth Defense Force 2025,2014-02-18,2019-09-01,2019-09-01,,D3 Publisher,"D3 Publisher, SANDLOT",XB360/OG Xbox
Forza Motorsport 6,2015-09-15,2019-08-01,2019-09-01,87,Microsoft Studios,Turn 10 Studios,XB1/Series X|S
LEGO Batman 2: DC Super Heroes,2012-06-01,2019-03-01,2019-09-01,79,"Feral Interactive, Warner Bros. Interactive","Traveller's Tales, TT Fusion",Xbox
LEGO Indiana Jones: The Original Adventures,2008-06-01,2018-10-01,2019-09-01,77,"Disney Interactive, LucasArts Entertainment","Traveller's Tales, LucasArts Entertainment",Xbox
Split/Second,2010-05-01,2018-10-01,2019-09-01,82,Disney Interactive,"Disney Interactive Studios, Black Rock Studio, BlackRock Studios",Xbox
Onrush,2018-06-01,2018-09-01,2019-09-01,77,Deep Silver,Codemasters,Xbox
Ninja Gaiden Black,2005-09-01,2017-11-01,2019-09-01,94,"Koei Tecmo Games, Tecmo","Koei Tecmo, Team NINJA, Tecmo",Xbox
Super Street Fighter IV: Arcade Edition,2010-02-01,2017-10-01,2019-09-01,78,Capcom,"Capcom, Capcom U.S.A, DIMPS",Xbox
'Splosion Man,2009-07-01,2017-06-01,2019-09-01,84,Microsoft Studios,Twisted Pixel Games,Xbox
The Maw,2009-01-01,2017-06-01,2019-09-01,75,"Microsoft Studios, Twisted Pixel Games",Twisted Pixel Games,Xbox
Castlevania: Lords of Shadow,2010-10-05,2019-08-01,2019-08-01,84,Konami,"Konami Digital Entertainment, Kojima Productions, Mercury Steam Entertainment",XB360/OG Xbox
Gears of War 4,2016-10-11,2019-08-01,2019-08-01,85,Microsoft Studios,The Coalition,XB1/Series X|S
Torchlight,2009-10-26,2019-08-01,2019-08-01,83,"Microsoft Studios, Perfect World Entertainment, JoWooD Entertainment, Runic Games",Runic Games,XB360/OG Xbox
Big Crown: Showdown,2018-12-14,2019-07-01,2019-08-01,,Sold Out,"Hyper Luminal Games, SOLD OUT SALES & MARKETING",XB1/Series X|S
InnerSpace,2018-01-01,2018-09-01,2019-08-01,64,Aspyr,"Aspyr Media, PolyKnight Games",Xbox
Manual Samuel,2016-10-01,2018-09-01,2019-08-01,66,Curve Digital,"Curve Digital, Perfectly Paranormal",Xbox
Sky Force: Reloaded,2018-02-01,2018-09-01,2019-08-01,86,Infinite Dreams,Infinite Dreams,Xbox
Graveyard Keeper,2018-08-01,2018-08-01,2019-08-01,70,"tinyBuild, Magic Cat","tinyBuild, Lazy Bear Games, Magic Cat",Xbox
Alien Hominid HD,2004-11-01,2018-06-01,2019-08-01,79,"Microsoft Studios, The Behemoth",The Behemoth,Xbox
BattleBlock Theater,2013-04-01,2018-06-01,2019-08-01,85,"Microsoft Studios, The Behemoth",The Behemoth,Xbox
Garou: Mark of the Wolves,1999-11-01,2017-09-01,2019-08-01,77,"SNK, HAMSTER, Co.","DotEmu, SNK",Xbox
A Kingdom for Keflings,2008-11-01,2017-06-01,2019-08-01,78,,NinjaBee,Xbox
A World of Keflings,2010-12-01,2017-06-01,2019-08-01,77,"Microsoft Studios, NinjaBee",NinjaBee,Xbox
CastleStorm,2013-05-01,2017-06-01,2019-08-01,79,"Microsoft Studios, Zen Studios",Zen Studios,Xbox
Joe Danger 2: The Movie,2012-10-01,2017-06-01,2019-08-01,82,"Microsoft Studios, Hello Games",Hello Games,Xbox
Joe Danger: Special Edition,2010-06-01,2017-06-01,2019-08-01,88,"Microsoft Studios, Hello Games",Hello Games,Xbox
Monday Night Combat,2010-08-01,2017-06-01,2019-08-01,79,"Microsoft Studios, Uber Entertainment",Uber Entertainment,Xbox
N+,2015-07-01,2017-06-01,2019-08-01,83,"Microsoft Studios, Atari","Metanet Software, Slick Entertainment, SilverBirch",Xbox
Spelunky,2009-09-01,2017-06-01,2019-08-01,87,"Microsoft Studios, Mossmouth",Mossmouth,Xbox
Toy Soldiers,2010-03-01,2017-06-01,2019-08-01,81,Microsoft Studios,Signal Studios,Xbox
Toy Soldiers: Cold War,2011-08-01,2017-06-01,2019-08-01,81,Microsoft Studios,Signal Studios,Xbox
Meet the Robinsons,2007-03-27,2019-07-01,2019-07-01,,Disney Interactive,"Sony Interactive Entertainment, Disney Interactive Studios, Avalanche Software, Climax Group, Buena Vista Games",XB360/OG Xbox
INSIDE,2016-06-28,2019-07-01,2019-07-01,87,Playdead,Playdead,XB1/Series X|S
Castlevania: Symphony of the Night,1997-03-20,2019-07-01,2019-07-01,93,Konami,"Sony Interactive Entertainment, Konami Digital Entertainment, Digital Eclipse",XB360/OG Xbox
Rivals of Aether,2017-03-28,2019-06-01,2019-07-01,,Dan Fornace,Dan Fornace,XB1/Series X|S
Aftercharge,2019-01-01,2019-01-01,2019-07-01,69,Chainsawesome Games,Chainsawesome Games,Xbox
The LEGO Movie Videogame,2014-02-01,2019-01-01,2019-07-01,69,Warner Bros. Interactive,"Feral Interactive, Warner Bros. Interactive, Traveller's Tales, TT Fusion",Xbox
Dandara,2018-02-01,2018-08-01,2019-07-01,70,Raw Fury,"Raw Fury, Long Hat House",Xbox
Dead Rising 2,2010-09-01,2018-08-01,2019-07-01,79,Capcom,"Capcom U.S.A, Capcom Vancouver, Blue Castle Games",Xbox
HITMAN,2016-03-01,2018-08-01,2019-07-01,85,"Square Enix, Feral Interactive, Warner Bros. Interactive","Feral Interactive, Square Enix, IO Interactive",Xbox
Metal Slug XX,2009-12-01,2017-08-01,2019-07-01,61,SNK,SNK,Xbox
Defense Grid: The Awakening,2008-12-01,2017-06-01,2019-07-01,82,Hidden Path Entertainment,Hidden Path Entertainment,Xbox
Hexic 2,2007-08-01,2017-06-01,2019-07-01,72,Microsoft Studios,Carbonated Games,Xbox
Earth Defense Force 2017,2007-03-20,2019-06-01,2019-06-01,69,D3 Publisher,Sandlot Games,XB360/OG Xbox
NHL 19,2020-10-16,2019-06-01,2019-06-01,76,Electronic Arts,Electronic Arts,XB1/Series X|S
Portal: Still Alive,2008-06-23,2019-06-01,2019-06-01,90,Microsoft Studios,Valve Software,XB360/OG Xbox
The Golf Club 2019 featuring PGA Tour,2018-08-28,2019-05-01,2019-06-01,,2K Games,HB Studios Multimedia,XB1/Series X|S
Ultimate Marvel vs. Capcom 3,2011-11-01,2019-01-01,2019-06-01,78,Capcom,"Capcom, Capcom U.S.A",Xbox
Shadow Complex: Remastered,2009-08-01,2018-07-01,2019-06-01,80,,"Epic Games, ChAIR Entertainment",Xbox
Zombie Army Trilogy,2015-03-01,2018-07-01,2019-06-01,62,Rebellion,Rebellion,Xbox
Next Up Hero,2017-07-01,2018-06-01,2019-06-01,61,Aspyr,"Aspyr Media, Digital Continue",Xbox
Devil May Cry 4: Special Edition,2015-06-01,2018-01-01,2019-06-01,76,Capcom,Capcom,Xbox
Comic Jumper,2010-08-10,2019-05-01,2019-05-01,,Microsoft Studios,Twisted Pixel Games,XB360/OG Xbox
Marooners,2016-09-15,2019-05-01,2019-05-01,,M2H,M2H,XB1/Series X|S
Earth Defense Force: Insect Armageddon,2011-07-05,2019-05-01,2019-05-01,69,D3 Publisher,"D3 Publisher, Vicious Cycle Software",XB360/OG Xbox
Outcast: Second Contact,2017-11-13,2019-04-01,2019-05-01,65,"Infogrames, Bigben Interactive",Appeal,XB1/Series X|S
LEGO Star Wars: The Complete Saga,2007-11-01,2018-06-01,2019-05-01,80,"Warner Bros. Interactive, Disney Interactive, LucasArts Entertainment","Feral Interactive, Warner Bros. Interactive, Traveller's Tales",Xbox
STAR WARS: Knights of the Old Republic,2003-07-01,2018-06-01,2019-05-01,94,"Aspyr, LucasArts Entertainment","Aspyr Media, BioWare, Lucasfilm",Xbox
MotoGP 17,2017-07-01,2018-06-01,2019-05-01,73,Milestone,Milestone,Xbox
Star Wars: The Force Unleashed,2008-09-01,2018-06-01,2019-05-01,73,"THQ, LucasArts Entertainment","Aspyr Media, LucasArts Entertainment, n-Space, Krome Studios, Universomo",Xbox
Star Wars: The Force Unleashed II,2010-10-01,2018-06-01,2019-05-01,61,"Disney Interactive, LucasArts Entertainment","Aspyr Media, LucasArts Entertainment, Lucasfilm, Red Fly Studio",Xbox
Laser League,2018-05-01,2018-05-01,2019-05-01,81,505 Games,"505 Games, Roll7",Xbox
Comic Jumper,2010-10-01,2017-06-01,2019-05-01,74,Microsoft Studios,Twisted Pixel Games,Xbox
D4: Dark Dreams Don't Die,2014-09-01,2017-06-01,2019-05-01,76,"Microsoft Studios, AGM PLAYISM, Active Gaming Media",Access Games,Xbox
DmC: Devil May Cry - Definitive Edition,2013-01-01,2017-06-01,2019-05-01,86,Capcom,Ninja Theory,Xbox
JumpJet Rex,2016-04-01,2017-06-01,2019-05-01,76,"LOOT Interactive, TreeFortress Games","LOOT™ Interactive, TreeFortress Games",Xbox
Knight Squad,2015-11-01,2017-06-01,2019-05-01,71,"Chainsawesome Games, Chainsawesome",Chainsawesome Games,Xbox
Layers of Fear,2016-02-01,2017-06-01,2019-05-01,78,"Aspyr, Bloober Team","Bloober Team, Anshar Studios",Xbox
Mega Man Legacy Collection,2015-08-01,2017-06-01,2019-05-01,80,Capcom,"Capcom, Capcom U.S.A, Digital Eclipse",Xbox
Ms. Splosion Man,2011-07-01,2017-06-01,2019-05-01,83,"Microsoft Studios, Twisted Pixel","Microsoft, Twisted Pixel Games",Xbox
Shantae and the Pirate's Curse,2014-10-01,2017-06-01,2019-05-01,79,"WayForward, Wayforward Technologies",WayForward Technologies,Xbox
Super Mega Baseball: Extra Innings,2015-08-01,2017-06-01,2019-05-01,80,Metalhead Software,Metalhead Software,Xbox
Super Time Force,2014-05-01,2017-06-01,2019-05-01,80,"Microsoft Studios, Capy",Capy,Xbox
Tom Clancy's Ghost Recon Advanced Warfighter 2,2007-03-06,2019-04-01,2019-04-01,82,Ubisoft Entertainment,"Ubisoft, High Voltage Software, Red Storm, GRIN",XB360/OG Xbox
The Technomancer,2016-06-27,2019-04-01,2019-04-01,56,Focus Home Interactive,Spiders,XB1/Series X|S
Star Wars: Battlefront II,2017-11-17,2019-04-01,2019-04-01,74,Electronic Arts,Electronic Arts DICE,XB360/OG Xbox
Plants vs. Zombies: Garden Warfare 2,2016-02-23,2019-03-01,2019-04-01,81,Electronic Arts,"Electronic Arts, PopCap Games",XB1/Series X|S
OlliOlli2: XL Edition,2016-08-01,2018-11-01,2019-04-01,83,Devolver Digital,"Roll7, Roll 7",Xbox
Sheltered,2016-03-01,2018-11-01,2019-04-01,69,Team17 Digital,"Team17 Digital, Unicube",Xbox
Outlast,2013-09-01,2018-10-01,2019-04-01,80,Red Barrels,Red Barrels,Xbox
Homefront: The Revolution,2016-05-01,2018-05-01,2019-04-01,49,Deep Silver,"Deep Silver, Dambuster Studios",Xbox
Sonic & Knuckles,2017-08-01,2018-05-01,2019-04-01,69,SEGA,"SEGA, Backbone Entertainment",Xbox
Unmechanical: Extended Edition,2012-08-01,2018-05-01,2019-04-01,66,"Grip Digital sro, Teotl Studios",Talawa Games,Xbox
OlliOlli,2014-01-01,2017-06-01,2019-04-01,78,"Devolver Digital, Curve Digital, GHI Media","Devolver Digital, Carbon, Roll7, General Arcade",Xbox
Pumped BMX +,2015-09-01,2017-06-01,2019-04-01,56,Curve Digital,"Curve Digital, Carbon, Yeah Us!",Xbox
The Golf Club,2014-08-01,2017-06-01,2019-04-01,64,HB Studios,HB Studios,Xbox
The Swapper,2013-05-01,2017-06-01,2019-04-01,92,"Curve Digital, Facepalm Games","Curve Digital, Facepalm Games",Xbox
Metal Gear Rising: Revengeance,2013-02-19,2019-03-01,2019-03-01,83,Konami,Platinum Games,XB360/OG Xbox
Adventure Time: Pirates of the Enchiridion,2018-07-17,2019-03-01,2019-03-01,59,,,XB1/Series X|S
Star Wars Republic Commando,2005-03-01,2019-03-01,2019-03-01,78,"Disney Interactive, LucasArts Entertainment",LucasArts Entertainment,XB360/OG Xbox
Super Bomberman R,2017-03-03,2019-02-01,2019-03-01,,"Konami, Konami Digital Entertainment-US",Konami Digital Entertainment,XB1/Series X|S
Kingdom: New Lands,2015-10-01,2018-04-01,2019-03-01,87,Raw Fury,"Raw Fury, Noio, Licorice",Xbox
Late Shift,2017-04-01,2018-04-01,2019-03-01,72,"Wales Interactive, {CRYTIME}","Wales Interactive, CtrlMovie, {CRYTIME}",Xbox
Portal Knights,2016-02-01,2018-04-01,2019-03-01,77,505 Games,"505 Games, Keen Games",Xbox
Sacred Citadel,2013-04-01,2018-04-01,2019-03-01,63,Deep Silver,"Deep Silver, Southend Interactive, Southend",Xbox
Star Wars Jedi Knight: Jedi Academy,2003-09-16,2019-02-01,2019-02-01,81,"Aspyr, Disney Interactive, LucasArts Entertainment","Aspyr Media, Raven Software, Lucasfilm",XB360/OG Xbox
Bloodstained: Curse of the Moon,2018-05-24,2019-02-01,2019-02-01,78,Inti Creates,Inti Creates,XB1/Series X|S
F1 2015,2015-07-01,2017-07-01,2019-02-01,64,"Feral Interactive, Codemasters","Feral Interactive, Codemasters",Xbox
Assassin's Creed Rogue,2014-11-11,2019-02-01,2019-02-01,74,Ubisoft Entertainment,"Ubisoft, Ubisoft Kiev, Ubisoft Sofia",XB360/OG Xbox
WRC 6,2016-10-07,2019-01-01,2019-02-01,68,Bigben Interactive,"Plug In Digital, Kylotonn Entertainment",XB1/Series X|S
Aven Colony,2017-07-01,2018-09-01,2019-02-01,77,Team17 Digital,"Team17 Digital, Mothership Entertainment",Xbox
Shadow Warrior,2013-09-01,2018-09-01,2019-02-01,74,"Devolver Digital, GHI Media, 3D Realms","Devolver Digital, 3D Realms",Xbox
Dovetail Games: Euro Fishing,2015-11-01,2018-03-01,2019-02-01,61,"Dovetail Games, Dovetail Games - Fishing",Dovetail Games,Xbox
Resident Evil: Revelations 2,2015-02-01,2018-03-01,2019-02-01,75,Capcom,"Capcom, Capcom U.S.A, Tose",Xbox
Sonic CD,1993-09-01,2018-03-01,2019-02-01,82,"SEGA, Softkey",Sonic Team,Xbox
The Final Station,2016-08-01,2018-03-01,2019-02-01,70,tinyBuild,"tinyBuild, Do My Best, Andrey Rumak, Oleg Sergeev",Xbox
Kyub,2016-07-01,2017-06-01,2019-02-01,90,"NextNinja, Ninja Egg",NextNinja Co.,Xbox
Mega Coin Squad,2014-08-01,2017-06-01,2019-02-01,74,Adult Swim Games,"Adult Swim, Big Pixel Studios",Xbox
Far Cry 2,2008-10-21,2019-01-01,2019-01-01,85,Ubisoft Entertainment,"Ubisoft, Ubisoft Montreal",XB360/OG Xbox
Celeste,2018-01-25,2019-01-01,2019-01-01,91,Matt Makes Games,"Matt Makes Games, Extremely OK Games, Noel",XB1/Series X|S
Lara Croft and the Guardian of Light,2010-08-05,2019-01-01,2019-01-01,82,Square Enix,"Square Enix, Crystal Dynamics",XB360/OG Xbox
Never Alone (Kishima Ingitchuna),2014-11-18,2018-12-01,2019-01-01,70,E-Line Media,Upper One Games,XB1/Series X|S
The Escapists: The Walking Dead,2015-09-01,2018-08-01,2019-01-01,65,Team17 Digital,Team17 Digital,Xbox
Letter Quest: Grimm's Journey - Remastered,2014-07-01,2018-02-01,2019-01-01,77,Digerati Distribution,Bacon Bandit Games,Xbox
Dead Rising 3,2013-11-01,2017-08-01,2019-01-01,78,Microsoft Studios,Capcom Vancouver,Xbox
Electronic Super Joy,2013-08-01,2017-06-01,2019-01-01,77,"LOOT Interactive, Michael Todd Games","Broken Rules, LOOT™ Interactive, Michael Todd Games, MichaelToddGames",Xbox
Roundabout,2014-09-01,2017-06-01,2019-01-01,74,No Goblin,No Goblin,Xbox
Steredenn,2015-05-01,2017-06-01,2019-01-01,79,"Plug In Digital, Pixelnest Studio","Plug In Digital, Pixelnest Studio",Xbox
Mercenaries: Playground of Destruction,2005-01-11,2018-12-01,2018-12-01,,LucasArts Entertainment,Pandemic Studios,XB360/OG Xbox
Q.U.B.E. 2,2018-03-13,2018-12-01,2018-12-01,75,"Trapped Nerve Games, TrappedNerveGames","Toxic Games, Trapped Nerve Games",XB1/Series X|S
Dragon Age II,2011-03-08,2018-12-01,2018-12-01,81,Electronic Arts,BioWare,XB360/OG Xbox
Race the Sun,2013-08-17,2018-11-01,2018-12-01,79,Flippfly,FlippFly,XB1/Series X|S
Bayonetta,2009-10-01,2018-01-01,2018-12-01,90,"SEGA, Nintendo",Platinum Games,Xbox
Deadlight: Director's Cut,2014-09-01,2018-01-01,2018-12-01,69,Deep Silver,"Deep Silver, Abstraction Games, Tequila Works",Xbox
Injustice: Gods Among Us,2013-04-01,2018-01-01,2018-12-01,81,Warner Bros. Interactive,"Warner Bros. Interactive, NetherRealm Studios",Xbox
Metal Gear Solid V: Ground Zeroes,2014-03-01,2018-01-01,2018-12-01,76,Konami,Kojima Productions,Xbox
NBA Playgrounds,2017-05-01,2018-01-01,2018-12-01,66,"Saber Interactive, Mad Dog Games","Saber Interactive, Mad Dog Games",Xbox
WRC 5: FIA World Rally Championships,2010-10-01,2018-01-01,2018-12-01,70,Bigben Interactive,Milestone,Xbox
Farming Simulator 15,2014-10-01,2017-06-01,2018-12-01,54,Focus Home Interactive,Giants Software,Xbox
Dante's Inferno,2010-02-05,2018-11-01,2018-11-01,75,Electronic Arts,"Electronic Arts, Visceral Games",XB360/OG Xbox
Battlefield 1,2016-10-21,2018-11-01,2018-11-01,88,Electronic Arts,"Electronic Arts, Electronic Arts DICE",XB1/Series X|S
Assassin's Creed,2007-11-13,2018-11-01,2018-11-01,80,Ubisoft Entertainment,Ubisoft,XB360/OG Xbox
Victor Vran,2015-07-23,2018-10-01,2018-11-01,75,EuroVideo Medien,Haemimont Games,XB1/Series X|S
The Technomancer,2016-06-01,2018-06-01,2018-11-01,68,Focus Home Interactive,Spiders,Xbox
Casey Powell Lacrosse 16,2016-03-01,2017-12-01,2018-11-01,60,"Big Ant Studios, Big Ant Studios PTY","Big Ant Studios, Crosse Studios",Xbox
Mega Man 10,2010-03-01,2017-12-01,2018-11-01,79,Capcom,"Capcom, Capcom U.S.A, Inti Creates",Xbox
Sherlock Holmes: The Devil's Daughter,2016-06-01,2017-12-01,2018-11-01,66,"Plug In Digital, Bigben Interactive",Frogwares,Xbox
This War of Mine: The Little Ones,2014-11-01,2017-12-01,2018-11-01,78,Deep Silver,Deep Silver,Xbox
Resident Evil Zero,2002-11-01,2017-06-01,2018-11-01,69,Capcom,Capcom,Xbox
Hitman: Blood Money,2006-05-29,2018-10-01,2018-10-01,82,"Square Enix, Io-Interactive","Square Enix, IO Interactive",XB360/OG Xbox
Overcooked!,2016-08-01,2018-10-01,2018-10-01,81,Team17 Digital,"Team17 Digital, Ghost Town Games",XB1/Series X|S
Stuntman: Ignition,2010-07-15,2018-10-01,2018-10-01,,THQ,"Sony Interactive Entertainment, Paradigm Entertainment",XB360/OG Xbox
Livelock,2016-08-30,2018-09-01,2018-10-01,73,Perfect World Entertainment,"Tuque Games, Perfect World Entertainment",XB1/Series X|S
Oddworld: New 'n' Tasty,2014-07-01,2017-11-01,2018-10-01,86,Oddworld Inhabitants,"Oddworld Inhabitants, Just Add Water, Nephilim Games",Xbox
Mega Man 9,2008-09-01,2017-11-01,2018-10-01,82,Capcom,"Capcom U.S.A, Inti Creates",Xbox
Resident Evil,2002-03-01,2017-11-01,2018-10-01,82,Capcom,Capcom,Xbox
Sky Force: Anniversary,2015-04-01,2017-11-01,2018-10-01,77,Infinite Dreams,"Crunching Koalas, Infinite Dreams",Xbox
World of Van Helsing: Deathtrap,2015-02-01,2017-11-01,2018-10-01,80,NeocoreGames,NeoCoreGames,Xbox
Sega Vintage Collection: Monster World,2012-05-23,2018-09-01,2018-09-01,,SEGA,"SEGA, M2",XB360/OG Xbox
Prison Architect,2015-10-05,2018-09-01,2018-09-01,83,Introversion Software,"Double Eleven, Introversion Software",XB1/Series X|S
LEGO Star Wars III: The Clone Wars,2011-03-21,2018-09-01,2018-09-01,76,"Feral Interactive, Disney Interactive, LucasArts Entertainment","Feral Interactive, Traveller's Tales, LucasArts Entertainment",XB360/OG Xbox
For Honor,2017-02-13,2018-08-01,2018-09-01,76,Ubisoft Entertainment,"Ubisoft, Ubisoft Montreal, Ubisoft Toronto, Ubisoft Quebec, Blue Byte",XB1/Series X|S
Maldita Castilla EX: Cursed Castilla,2012-12-01,2017-10-01,2018-09-01,81,Abylight Studios,"Abylight Studios, Locomalito, Gryzor87",Xbox
Saints Row: Gat Out of Hell,2015-01-01,2017-10-01,2018-09-01,65,Deep Silver,"Deep Silver, Volition, High Voltage Software",Xbox
The Bug Butcher,2016-01-01,2017-10-01,2018-09-01,80,"Noodlecake Studios, 2Awesome Studio, Triangle Studios, Awfully Nice Studios","Noodlecake Studios, Triangle Studios, Awfully Nice Studios",Xbox
Tower of Guns,2014-03-01,2017-10-01,2018-09-01,71,"Grip Digital sro, Terrible Posture Games",Terrible Posture Games,Xbox
Epic Mickey 2: The Power of Two,2012-03-20,2018-08-01,2018-08-01,59,Disney Interactive,"Junction Point, Junction Point Studios",XB360/OG Xbox
Forza Horizon 2,2014-09-30,2018-08-01,2018-08-01,86,Microsoft Studios,"Sumo Digital, Playground Games",XB1/Series X|S
Dead Space 3,2013-02-05,2018-08-01,2018-08-01,77,Electronic Arts,"Electronic Arts, Visceral Games, Visceral",XB360/OG Xbox
Death Squared,2017-03-13,2018-07-01,2018-08-01,77,SMG Studio,SMG Studio,XB1/Series X|S
Pro Evolution Soccer 2018,2017-09-01,2018-05-01,2018-08-01,82,Konami,PES Productions,Xbox
10 Second Ninja X,2016-07-01,2017-09-01,2018-08-01,82,Curve Digital,"Curve Digital, Four Circle Interactive",Xbox
The Bridge,2013-02-01,2017-09-01,2018-08-01,72,"Midnight City, The Quantum Astrophysicists Guild","The Quantum Astrophysicists Guild, Ty Taylor and Mario Castañeda, Ty Taylor and Mario Castaneda",Xbox
Galaga Legions DX,2011-06-01,2017-06-01,2018-08-01,74,Bandai Namco Entertainment,"BANDAI NAMCO Entertainment America, Bandai Namco Entertainment",Xbox
Pac-Man Museum,2014-02-01,2017-06-01,2018-08-01,64,"Bandai Namco Entertainment, BANDAI NAMCO Entertainment US","BANDAI NAMCO Entertainment America, Bandai Namco Entertainment",Xbox
SoulCalibur II HD Online,2013-11-01,2017-06-01,2018-08-01,76,"Bandai Namco Entertainment, BANDAI NAMCO Entertainment US","BANDAI NAMCO Entertainment America, Bandai Namco Entertainment, Project Soul",Xbox
Tekken Tag Tournament 2,2011-09-01,2017-06-01,2018-08-01,83,"Bandai Namco Entertainment, BANDAI NAMCO Entertainment US, Namco","BANDAI NAMCO Entertainment America, Bandai Namco Entertainment, NAMCO",Xbox
Tom Clancy's Splinter Cell: Conviction,2010-04-13,2018-07-01,2018-07-01,83,Ubisoft Entertainment,Ubisoft Montreal,XB360/OG Xbox
Assault Android Cactus,2015-09-23,2018-07-01,2018-07-01,79,Witch Beam,Witch Beam,XB1/Series X|S
Virtua Fighter 5 Final Showdown,2012-05-29,2018-07-01,2018-07-01,77,SEGA,SEGA,XB360/OG Xbox
Smite,2015-08-19,2018-06-01,2018-07-01,83,Hi-Rez Studios,Hi-Rez Studios,XB1/Series X|S
Overcooked!,2016-08-01,2018-05-01,2018-07-01,80,Team17 Digital,"Team17 Digital, Ghost Town Games",Xbox
Pharaonic,2016-04-01,2017-08-01,2018-07-01,71,Milkstone Studios,Milkstone Studios,Xbox
So Many Me,2015-07-01,2017-08-01,2018-07-01,82,,"Extend Studio, OR1GO",Xbox
Ultratron,2013-03-01,2017-08-01,2018-07-01,74,"Curve Digital, Puppy Games","Curve Digital, Carbon, Puppygames",Xbox
LEGO Indiana Jones 2: The Adventure Continues,2009-11-17,2018-06-01,2018-06-01,66,"Feral Interactive, Disney Interactive, LucasArts Entertainment","Feral Interactive, Traveller's Tales, LucasArts Entertainment",XB360/OG Xbox
Assassin's Creed Chronicles: Russia,2016-02-09,2018-06-01,2018-06-01,58,Ubisoft Entertainment,"Ubisoft, Climax Studios",XB1/Series X|S
Sonic & All-Stars Racing Transformed,2012-11-16,2018-06-01,2018-06-01,79,SEGA,Sumo Digital,XB360/OG Xbox
Metal Gear Solid V: The Phantom Pain,2015-09-01,2018-05-01,2018-06-01,91,Konami,Kojima Productions,XB1/Series X|S
Bomberman Live: Battlefest,2010-12-01,2018-04-01,2018-06-01,70,Hudson Entertainment,Pi Studios,Xbox
Bard's Gold,2015-08-01,2017-07-01,2018-06-01,63,"Pixel Lantern, Erdem Sen","Erdem Sen t/a Erdem Sen, Erdem Sen",Xbox
Monaco: What's Yours is Mine,2013-04-01,2017-07-01,2018-06-01,81,"Majesco Entertainment, Pocketwatch Games",Pocketwatch Games,Xbox
Resident Evil 6,2012-10-01,2017-07-01,2018-06-01,63,Capcom,Capcom,Xbox
Vanquish,2010-10-19,2018-05-01,2018-05-01,79,"SEGA, GreenOrb","Platinum Games, GreenOrb",XB360/OG Xbox
Super Mega Baseball 2,2018-05-01,2018-05-01,2018-05-01,,Metalhead Software,Metalhead Software,XB1/Series X|S
Sega Vintage Collection: Streets of Rage,2012-05-30,2018-05-01,2018-05-01,,SEGA,M2,XB360/OG Xbox
Assassin's Creed Syndicate,2015-10-23,2018-04-01,2018-05-01,74,Ubisoft Entertainment,"Ubisoft Montreal, Ubisoft Quebec, Ubisoft Singapore",XB1/Series X|S
BioShock Infinite,2013-03-01,2017-06-01,2018-05-01,93,"2K Games, Aspyr","Aspyr Media, 2K Australia, Irrational Games",Xbox
BioShock 2,2010-02-01,2017-06-01,2018-05-01,88,"2K Games, Feral Interactive","Feral Interactive, 2K, Digital Extremes, 2K Australia, 2K Marin, 2K China",Xbox
BioShock,2007-08-01,2017-06-01,2018-05-01,96,"2K Games, Feral Interactive","Digital Extremes, 2K Australia, 2K Marin, Irrational Games, 2K China",Xbox
Age of Booty,2008-10-01,2017-06-01,2018-05-01,76,Capcom,Certain Affinity™,Xbox
Bionic Commando: Rearmed 2,2011-02-01,2017-06-01,2018-05-01,62,Capcom,"Capcom, Capcom U.S.A, GRIN",Xbox
Blood Bowl 2,2015-09-01,2017-06-01,2018-05-01,70,Focus Home Interactive,Cyanide Studio,Xbox
Borderlands,2009-10-01,2017-06-01,2018-05-01,84,2K Games,"2K, Gearbox Software",Xbox
Bound by Flame,2014-05-01,2017-06-01,2018-05-01,56,Focus Home Interactive,Spiders,Xbox
de Blob 2,2011-02-01,2017-06-01,2018-05-01,76,"THQ Nordic, THQ, Nordic Games","BlitWorks, Halfbrick Studios, Blue Tongue Entertainment, Blue Tongue, Bluetongue Entertainment",Xbox
Dead Rising 2: Case Zero,2010-08-01,2017-06-01,2018-05-01,79,Capcom,Blue Castle Games,Xbox
Defense Grid 2,2014-09-01,2017-06-01,2018-05-01,78,"505 Games, Hidden Path Entertainment","505 Games, Hidden Path Entertainment",Xbox
Dig Dug,1982-04-01,2017-06-01,2018-05-01,65,Namco,NAMCO,Xbox
Final Fight: Double Impact,2010-04-01,2017-06-01,2018-05-01,77,Capcom,"Capcom U.S.A, Proper Games",Xbox
LEGO Batman: The Videogame,2008-09-01,2017-06-01,2018-05-01,76,"Feral Interactive, Warner Bros. Interactive","Traveller's Tales, TT Fusion",Xbox
Mad Max,2015-09-01,2017-06-01,2018-05-01,72,"Feral Interactive, Warner Bros. Interactive",Avalanche Studios,Xbox
NeoGeo Battle Coliseum,2005-12-01,2017-06-01,2018-05-01,64,SNK,SNK,Xbox
Operation Flashpoint: Dragon Rising,2009-10-01,2017-06-01,2018-05-01,77,Codemasters,Codemasters,Xbox
Pac-Man Championship Edition DX,2010-11-01,2017-06-01,2018-05-01,93,"Bandai Namco Entertainment, BANDAI NAMCO Entertainment US","BANDAI NAMCO Entertainment America, Mine Loader Software Co",Xbox
Sacred 3,2014-07-01,2017-06-01,2018-05-01,51,Deep Silver,"Deep Silver, Keen Games",Xbox
Sam & Max: Beyond Time and Space,2011-11-01,2017-06-01,2018-05-01,75,Skunkape Games,Skunkape Games,Xbox
Sam & Max: Save the World,2011-11-01,2017-06-01,2018-05-01,74,Skunkape Games,Skunkape Games,Xbox
SEGA Vintage Collection: Alex Kidd & Co.,2012-05-01,2017-06-01,2018-05-01,69,SEGA,"SEGA, M2",Xbox
SEGA Vintage Collection: Golden Axe,2012-05-01,2017-06-01,2018-05-01,60,SEGA,M2,Xbox
SoulCalibur,1998-07-01,2017-06-01,2018-05-01,79,"Bandai Namco Entertainment, Namco","BANDAI NAMCO Entertainment America, NAMCO, Project Soul",Xbox
XCOM: Enemy Within,2013-11-01,2017-06-01,2018-05-01,88,2K Games,"2K, Firaxis",Xbox
Dead Space 2,2011-01-25,2018-04-01,2018-04-01,87,Electronic Arts,"Electronic Arts, Visceral Games",XB360/OG Xbox
The Witness,2016-01-25,2018-04-01,2018-04-01,87,"Thekla, Number None","NVIDIA Lightspeed Studios, Number None, Thekla",XB1/Series X|S
Lumo,2016-04-01,2017-06-01,2018-04-01,77,Rising Star Games,"Rising Star Games, Spiral House, Triple Eh?",Xbox
Cars 2: The Video Game,2011-06-21,2018-04-01,2018-04-01,67,Disney Interactive,"Sony Interactive Entertainment, Disney Interactive Studios, Avalanche Software",XB360/OG Xbox
Superhot,2016-02-24,2018-03-01,2018-04-01,82,"SUPERHOT Team, SUPERHOT","SUPERHOT Team, SUPERHOT",XB1/Series X|S
NBA 2K17,2016-09-01,2018-02-01,2018-04-01,90,"2K Games, 2K Sports","2K, Visual Concepts",Xbox
WWE 2K17,2016-10-01,2018-02-01,2018-04-01,68,2K Games,"2K, Visual Concepts, Yuke's Co",Xbox
Quantum Conundrum,2012-06-21,2018-03-01,2018-03-01,77,Square Enix,"Square Enix, Airtight Games",XB360/OG Xbox
Trials of the Blood Dragon,2016-06-13,2018-03-01,2018-03-01,54,Ubisoft Entertainment,"Ubisoft, Ubisoft Kiev, Redlynx",XB1/Series X|S
Comix Zone,1995-08-01,2017-06-01,2018-03-01,71,SEGA,"SEGA, Sonic Team, Backbone Entertainment",Xbox
Brave: The Video Game,2012-04-09,2018-03-01,2018-03-01,,Disney Interactive,Behaviour Interactive,XB360/OG Xbox
Assassin's Creed Chronicles: India,2016-01-12,2018-02-01,2018-03-01,63,Ubisoft Entertainment,"Ubisoft, Climax Studios",XB1/Series X|S
CAPCOM Arcade Cabinet,2013-02-01,2017-06-01,2018-03-01,68,Capcom,"Capcom, Capcom U.S.A",Xbox
Dark Void,2010-01-01,2017-06-01,2018-03-01,59,Capcom,Airtight Games,Xbox
FLOCK!,2015-08-01,2017-06-01,2018-03-01,68,Capcom,"Capcom U.S.A, Proper Games",Xbox
SEGA Vintage Collection: Monster World,2012-05-01,2017-06-01,2018-03-01,72,SEGA,"SEGA, M2",Xbox
SEGA Vintage Collection: Streets of Rage,2012-05-01,2017-06-01,2018-03-01,84,SEGA,M2,Xbox
Strider,2014-02-01,2017-06-01,2018-03-01,76,"SEGA, Capcom, U.S. Gold","Capcom, Capcom U.S.A, Double Helix Games, Capcom Osaka studio",Xbox
Virtua Fighter 5 Final Showdown,2012-06-01,2017-06-01,2018-03-01,81,SEGA,SEGA,Xbox
Crazy Taxi,1999-01-01,2018-02-01,2018-02-01,82,"SEGA, Activision Value Publishing, Acclaim Entertainment","SEGA, Acclaim Cheltenham, Hitmaker, Strangelite",XB360/OG Xbox
Shadow Warrior,1997-05-13,2018-02-01,2018-02-01,73,"Devolver Digital, GHI Media, 3D Realms","Devolver Digital, 3D Realms",XB1/Series X|S
Split/Second,2010-05-18,2018-02-01,2018-02-01,79,Disney Interactive,"Disney Interactive Studios, Black Rock Studio, BlackRock Studios",XB360/OG Xbox
Zombi,2015-08-18,2018-01-01,2018-02-01,65,Ubisoft Entertainment,"Ubisoft, Straight Right",XB1/Series X|S
Army of Two,2008-03-04,2018-01-01,2018-01-01,73,Electronic Arts,"Electronic Arts, Electronic Arts Montreal",XB360/OG Xbox
The Incredible Adventures of Van Helsing III,2015-05-22,2018-01-01,2018-01-01,64,NeocoreGames,,XB1/Series X|S
WWE 2K16,2015-10-01,2017-06-01,2018-01-01,72,2K Games,"2K, Visual Concepts, Yuke's Co",Xbox
Tomb Raider: Underworld,2008-11-18,2018-01-01,2018-01-01,80,"Square Enix, Feral Interactive, Eidos Interactive","Feral Interactive, Square Enix, Crystal Dynamics, Santa Cruz Games",XB360/OG Xbox
Back to the Future: The Game 30th Anniversary Edition,2010-12-21,2017-12-01,2018-01-01,74,Telltale Games,Telltale Games,XB1/Series X|S
Marlow Briggs and the Mask of Death,2013-09-20,2017-12-01,2017-12-01,,505 Games,"Zootfly, Microsoft Studios",XB360/OG Xbox
Warhammer: End Times - Vermintide,2015-10-23,2017-12-01,2017-12-01,79,Fatshark,Fatshark,XB1/Series X|S
NBA 2K16,2015-09-01,2017-06-01,2017-12-01,86,2K Games,"2K, Visual Concepts",Xbox
Child of Eden,2011-06-14,2017-12-01,2017-12-01,,Ubisoft Entertainment,Q Entertainment,XB360/OG Xbox
Tales from the Borderlands,2015-10-21,2017-11-01,2017-12-01,85,"2K Games, Telltale Games",Telltale Games,XB1/Series X|S
Deadfall Adventures,2013-11-14,2017-11-01,2017-11-01,53,"THQ Nordic, Nordic Games",The Farm 51,XB360/OG Xbox
Trackmania Turbo,2016-03-22,2017-11-01,2017-11-01,79,Ubisoft Entertainment,"Ubisoft, Nadeo",XB1/Series X|S
NiGHTS into Dreams,1995-02-11,2017-11-01,2017-11-01,,SEGA,SEGA,XB360/OG Xbox
The Turing Test,2016-08-30,2017-10-01,2017-11-01,74,"Square Enix, Bulkhead Interactive",Bulkhead Interactive,XB1/Series X|S
Medal of Honor: Airborne,2007-09-04,2017-10-01,2017-10-01,78,Electronic Arts,Electronic Arts Los Angeles,XB360/OG Xbox
Gone Home: Console Edition,2016-01-12,2017-10-01,2017-10-01,,"Annapurna Interactive, Majesco Entertainment",The Fullbright Company,XB1/Series X|S
Rayman 3 HD,2012-03-21,2017-10-01,2017-10-01,,Ubisoft Entertainment,"Ubisoft Shanghai, Ubisoft Paris",XB360/OG Xbox
Oxenfree,2016-01-14,2017-09-01,2017-10-01,80,"Night School Studio, Night School Studios, Night School","Night School Studio, Night School Studios",XB1/Series X|S
Battlefield 3,2011-10-25,2017-09-01,2017-09-01,86,Electronic Arts,Electronic Arts DICE,XB360/OG Xbox
Forza Motorsport 5,2013-11-22,2017-09-01,2017-09-01,79,Microsoft Studios,Turn 10 Studios,XB1/Series X|S
Hydro Thunder Hurricane,2010-07-28,2017-09-01,2017-09-01,,Microsoft Game Studios,Vector Unit,XB360/OG Xbox
Trials Fusion,2014-04-15,2017-08-01,2017-09-01,80,Ubisoft Entertainment,"Ubisoft, Ubisoft Shanghai, Redlynx",XB1/Series X|S
Red Faction: Armageddon,2011-06-07,2017-08-01,2017-08-01,75,"THQ Nordic, THQ","Volition, THQ",XB360/OG Xbox
Slime Rancher,2016-01-14,2017-08-01,2017-08-01,81,Monomi Park,Monomi Park,XB1/Series X|S
Bayonetta,2009-06-23,2017-08-01,2017-08-01,90,"SEGA, Nintendo",Platinum Games,XB360/OG Xbox
Runbow,2015-08-27,2017-07-01,2017-08-01,,"Headup Games, 13AM Games","Headup Games, 13AM Games",XB1/Series X|S
Dungeons & Dragons: Chronicles of Mystara,2013-06-01,2017-06-01,2017-08-01,77,Capcom,"Capcom U.S.A, Iron Galaxy Studios",Xbox
LEGO Pirates of the Caribbean: The Video Game,2011-05-10,2017-07-01,2017-07-01,73,Disney Interactive,"Traveller's Tales, TT Fusion, Disney Interactive Studios",XB360/OG Xbox
Grow Up,2016-08-16,2017-07-01,2017-07-01,71,Ubisoft Entertainment,"Ubisoft, Ubisoft Reflections",XB1/Series X|S
Kane & Lynch 2: Dog Days,2010-08-17,2017-07-01,2017-07-01,66,Square Enix,"Square Enix, IO Interactive",XB360/OG Xbox
WATCH_DOGS™,2014-05-27,2017-06-01,2017-07-01,77,Ubisoft Entertainment,"Ubisoft, Ubisoft Montreal",XB1/Series X|S
Dragon Age: Origins,2009-11-03,2017-06-01,2017-06-01,91,Electronic Arts,"BioWare, Edge of Reality",XB360/OG Xbox
SpeedRunners,2016-04-19,2017-06-01,2017-06-01,84,tinyBuild,"tinyBuild, DoubleDutch Games",XB1/Series X|S
Assassin's Creed III,2012-10-30,2017-06-01,2017-06-01,80,Ubisoft Entertainment,Ubisoft Montreal,XB360/OG Xbox
Lara Croft and the Temple of Osiris,2014-12-08,2017-05-01,2017-06-01,73,Square Enix,"Square Enix, Crystal Dynamics",XB1/Series X|S
Lego Star Wars: The Complete Saga,2007-11-06,2017-05-01,2017-05-01,77,"Warner Bros. Interactive, Disney Interactive, LucasArts Entertainment","Feral Interactive, Warner Bros. Interactive, Traveller's Tales",XB360/OG Xbox
Giana Sisters: Twisted Dreams – Director's Cut,2014-12-09,2017-05-01,2017-05-01,80,Black Forest Games,Black Forest Games,XB1/Series X|S
Star Wars: The Force Unleashed II,2010-10-25,2017-05-01,2017-05-01,59,"Disney Interactive, LucasArts Entertainment","Aspyr Media, LucasArts Entertainment, Lucasfilm, Red Fly Studio",XB360/OG Xbox
The Walking Dead: Season Two,2013-12-16,2017-04-01,2017-05-01,80,"Telltale Games, Skybound Games",Telltale Games,XB1/Series X|S
Assassin's Creed Revelations,2011-11-15,2017-04-01,2017-04-01,80,Ubisoft Entertainment,Ubisoft,XB360/OG Xbox
Ryse: Son of Rome,2013-11-22,2017-04-01,2017-04-01,61,"Microsoft Studios, Crytek",Crytek,XB1/Series X|S
Darksiders,2010-01-27,2017-04-01,2017-04-01,83,"THQ Nordic, THQ","THQ, Vigil Games",XB360/OG Xbox
Evolve: Ultimate Edition,2015-11-19,2017-03-01,2017-04-01,,Axol Studio,Axol Studio,XB1/Series X|S
Heavy Weapon,2008-01-01,2017-03-01,2017-03-01,,"Electronic Art, Toan Truong","PopCap Games, Toan Truong",XB360/OG Xbox
Layers of Fear,2016-02-16,2017-03-01,2017-03-01,72,"Aspyr, Bloober Team","Bloober Team, Anshar Studios",XB1/Series X|S
Borderlands 2,2012-09-18,2017-03-01,2017-03-01,89,"2K Games, Aspyr","Aspyr Media, 2K, Gearbox Software, Sony Computer Entertainment America",XB360/OG Xbox
Project CARS,2015-05-06,2017-02-01,2017-03-01,83,"Bandai Namco Entertainment, Slightly Mad Studios",Slightly Mad Studios,XB1/Series X|S
Star Wars: The Force Unleashed,2008-09-16,2017-02-01,2017-02-01,69,"THQ, LucasArts Entertainment","Aspyr Media, LucasArts Entertainment, n-Space, Krome Studios, Universomo",XB360/OG Xbox
Lovers in a Dangerous Spacetime,2015-09-08,2017-02-01,2017-02-01,80,Asteroid Base,Asteroid Base,XB1/Series X|S
Monkey Island 2 Special Edition: LeChuck's Revenge,2010-07-07,2017-02-01,2017-02-01,87,"Disney Interactive, LucasArts Entertainment",LucasArts Entertainment,XB360/OG Xbox
Killer Instinct Season 2 Ultra Edition,1994-06-28,2017-01-01,2017-02-01,,"Nintendo, Midway Games, Midway, Rareware",Rare,XB1/Series X|S
Rayman Origins,2011-11-15,2017-01-01,2017-01-01,86,"Ubisoft Entertainment, Feral Interactive","Ubisoft, Feral Interactive, Ubisoft Casablanca, UBIart Montpellier",XB360/OG Xbox
World of Van Helsing: Deathtrap,2015-02-03,2017-01-01,2017-01-01,77,NeocoreGames,NeoCoreGames,XB1/Series X|S
The Cave,2013-01-22,2017-01-01,2017-01-01,68,"SEGA, Double Fine Productions, CGPills","SEGA, Double Fine Productions, CGPills",XB360/OG Xbox
Outlast,2013-09-03,2016-12-01,2017-01-01,80,Red Barrels,Red Barrels,XB1/Series X|S
Burnout Paradise,2008-01-22,2016-12-01,2016-12-01,87,Electronic Arts,"Electronic Arts, Criterion Games",XB360/OG Xbox
Sleeping Dogs: Definitive Edition,2014-10-08,2016-12-01,2016-12-01,76,Square Enix,"Feral Interactive, United Front Games, Square Enix London Studios",XB1/Series X|S
Outland,2011-04-26,2016-12-01,2016-12-01,83,"Ubisoft Entertainment, Housemarque","Ubisoft, Housemarque",XB360/OG Xbox
Murdered: Soul Suspect,2014-06-03,2016-11-01,2016-12-01,59,Square Enix,"Square Enix, Airtight Games",XB1/Series X|S
Far Cry 3: Blood Dragon,2013-04-30,2016-11-01,2016-11-01,81,Ubisoft Entertainment,"Ubisoft, Ubisoft Montreal",XB360/OG Xbox
Super Dungeon Bros,2016-11-01,2016-11-01,2016-11-01,,"THQ Nordic, Wired Productions","Wired Productions, React Games",XB1/Series X|S
The Secret of Monkey Island: Special Edition,2009-07-15,2016-11-01,2016-11-01,86,"Aspyr, Disney Interactive, LucasArts Entertainment","Aspyr Media, LucasArts Entertainment",XB360/OG Xbox
The Escapists,2015-02-12,2016-10-01,2016-11-01,71,Team17 Digital,"Team17 Digital, Mouldy Toof Studios",XB1/Series X|S
I Am Alive,2012-03-07,2016-10-01,2016-10-01,66,Ubisoft Entertainment,"Ubisoft, Ubisoft Shanghai",XB360/OG Xbox
Super Mega Baseball: Extra Innings,2015-08-14,2016-10-01,2016-10-01,,Metalhead Software,Metalhead Software,XB1/Series X|S
MX vs. ATV Reflex,2009-12-01,2016-10-01,2016-10-01,,"THQ Nordic, THQ","THQ Nordic, Double Helix Games, Rainbow Studios, Rainbow",XB360/OG Xbox
Assassin's Creed Chronicles: China,2015-04-21,2016-09-01,2016-10-01,68,Ubisoft Entertainment,"Ubisoft, Climax Studios",XB1/Series X|S
Mirror's Edge,2008-11-11,2016-09-01,2016-09-01,81,Electronic Arts,Electronic Arts DICE,XB360/OG Xbox
Earthlock: Festival of Magic,2016-09-01,2016-09-01,2016-09-01,,Snowcastle Games,"Snowcastle Games, Snow Castle AS",XB1/Series X|S
Forza Horizon,2012-10-23,2016-09-01,2016-09-01,85,Microsoft Studios,Playground Games,XB360/OG Xbox
WWE 2K16,2015-10-27,2016-08-01,2016-09-01,74,2K Games,"2K, Visual Concepts, Yuke's Co",XB1/Series X|S
Beyond Good & Evil HD,2024-06-24,2016-08-01,2016-08-01,,Ubisoft Entertainment,Ubisoft,XB360/OG Xbox
Warriors Orochi 3 Ultimate,2013-09-26,2016-08-01,2016-08-01,75,"Koei Tecmo Games, Tecmo Koei","KOEI TECMO America, Omega Force",XB1/Series X|S
Spelunky,2012-07-04,2016-08-01,2016-08-01,90,"Microsoft Studios, Mossmouth",Mossmouth,XB360/OG Xbox
Tumblestone,2016-07-11,2016-07-01,2016-08-01,91,The Quantum Astrophysicists Guild,The Quantum Astrophysicists Guild,XB1/Series X|S
Tron: Evolution,2010-11-26,2016-07-01,2016-07-01,57,Disney Interactive,"n-Space, Disney Interactive Studios, SuperVillain Studios, Propaganda Games",XB360/OG Xbox
The Banner Saga 2,2016-04-18,2016-07-01,2016-07-01,82,"Versus Evil, Stoic","Versus Evil, Stoic",XB1/Series X|S
Tom Clancy's Rainbow Six: Vegas 2,2008-04-16,2016-07-01,2016-07-01,78,Ubisoft Entertainment,"Ubisoft, Ubisoft Montreal",XB360/OG Xbox
The Crew,2014-12-01,2016-06-01,2016-07-01,71,Ubisoft Entertainment,"Ubisoft Reflections, Ivory Tower",XB1/Series X|S
XCOM: Enemy Unknown,2012-10-09,2016-06-01,2016-06-01,89,"2K Games, Feral Interactive","Feral Interactive, 2K, Firaxis",XB360/OG Xbox
Goat Simulator,2014-04-01,2016-06-01,2016-06-01,62,"Coffee Stain Studios, Double Eleven","Double Eleven, Coffee Stain Studios, Coffee Stain Publishing",XB1/Series X|S
Super Meat Boy,2010-10-20,2016-06-01,2016-06-01,87,"Microsoft Studios, BlitWorks","NVIDIA Lightspeed Studios, Team Meat",XB360/OG Xbox
Costume Quest 2,2014-10-06,2016-05-01,2016-06-01,68,"Majesco Entertainment, Midnight City","Double Fine Productions, Majesco Entertainment Company",XB1/Series X|S
Peggle,2007-02-27,2016-05-01,2016-05-01,88,PopCap Games,PopCap Games,XB360/OG Xbox
Defense Grid 2,2014-09-23,2016-05-01,2016-05-01,81,"505 Games, Hidden Path Entertainment","505 Games, Hidden Path Entertainment",XB1/Series X|S
Grid 2,2013-05-27,2016-05-01,2016-05-01,80,Codemasters,"Feral Interactive, Codemasters",XB360/OG Xbox
Sunset Overdrive,2014-10-28,2016-04-01,2016-05-01,82,"Microsoft Studios, THQ Nordic","Insomniac Games, Blind Squirrel Games",XB1/Series X|S
Saints Row IV,2013-08-20,2016-04-01,2016-04-01,86,Deep Silver,Volition,XB360/OG Xbox
The Wolf Among Us,2013-10-10,2016-04-01,2016-04-01,82,Telltale Games,Telltale Games,XB1/Series X|S
Dead Space,2008-10-13,2016-04-01,2016-04-01,86,Electronic Arts,"Electronic Arts, Visceral Games, Electronic Arts Redwood Shores",XB360/OG Xbox
Lords of the Fallen,2023-10-13,2016-03-01,2016-04-01,,"CI Games, City Interactive","City Interactive, HEXWORKS, Hexaworks",XB1/Series X|S
Borderlands,2009-10-20,2016-03-01,2016-03-01,81,2K Games,"2K, Gearbox Software",XB360/OG Xbox
Sherlock Holmes: Crimes & Punishments,2014-09-30,2016-03-01,2016-03-01,77,"Focus Home Interactive, Frogwares",Frogwares,XB1/Series X|S
Supreme Commander 2,2010-03-01,2016-03-01,2016-03-01,77,Square Enix,Gas Powered Games,XB360/OG Xbox
Styx: Master of Shadows,2014-10-06,2016-02-01,2016-03-01,71,"Focus Home Interactive, Nacon",Cyanide Studio,XB1/Series X|S
Gears of War 2,2008-11-07,2016-02-01,2016-02-01,93,Microsoft Studios,Epic Games,XB360/OG Xbox
Hand of Fate,2015-02-16,2016-02-01,2016-02-01,78,Defiant Development,Defiant Development,XB1/Series X|S
Sacred Citadel,2013-03-19,2016-02-01,2016-02-01,61,Deep Silver,"Deep Silver, Southend Interactive, Southend",XB360/OG Xbox
Zheros,2016-01-15,2016-01-01,2016-02-01,58,Rimlight Studios,Rimlight Studios,XB1/Series X|S
Deus Ex: Human Revolution,2011-08-22,2016-01-01,2016-01-01,89,Square Enix,Eidos Montreal,XB360/OG Xbox
Killer Instinct Season 1 Ultra Edition,1994-06-28,2016-01-01,2016-01-01,,"Nintendo, Midway Games, Midway, Rareware",Rare,XB1/Series X|S
DiRT Showdown,2012-05-24,2016-01-01,2016-01-01,74,Codemasters,Codemasters,XB360/OG Xbox
Thief,2014-02-25,2015-12-01,2016-01-01,70,Square Enix,"Feral Interactive, Square Enix, Eidos Montreal",XB1/Series X|S
Sacred 3,2014-07-31,2015-12-01,2015-12-01,57,Deep Silver,"Deep Silver, Keen Games",XB360/OG Xbox
Operation Flashpoint: Dragon Rising,2009-10-06,2015-12-01,2015-12-01,76,Codemasters,Codemasters,XB360/OG Xbox
The Incredible Adventures of Van Helsing,2013-05-22,2015-12-01,2015-12-01,72,NeocoreGames,,XB1/Series X|S
CastleStorm,2013-05-29,2015-12-01,2015-12-01,73,"Microsoft Studios, Zen Studios",Zen Studios,XB360/OG Xbox
Knight Squad,2015-11-16,2015-11-01,2015-12-01,,"Chainsawesome Games, Chainsawesome",Chainsawesome Games,XB1/Series X|S
Dungeon Siege III,2011-05-31,2015-11-01,2015-11-01,72,Square Enix,"Square Enix, Obsidian Entertainment",XB360/OG Xbox
Pneuma: Breath of Life,2015-02-27,2015-11-01,2015-11-01,63,"Deco Digital & Bevel Studios, Deco Digital","Deco Digital, Bevel Studios",XB1/Series X|S
DiRT 3,2011-05-24,2015-11-01,2015-11-01,87,Codemasters,Codemasters,XB360/OG Xbox
The Walking Dead: The Complete First Season,2012-04-23,2015-10-01,2015-11-01,92,Telltale Games,Telltale Games,XB1/Series X|S
The Walking Dead: The Complete First Season,2012-04-23,2015-10-01,2015-10-01,92,Telltale Games,Telltale Games,XB360/OG Xbox
Valiant Hearts: The Great War,2014-06-24,2015-10-01,2015-10-01,80,Ubisoft Entertainment,Ubisoft Montpellier,XB1/Series X|S
Metal Gear Solid V: Ground Zeroes,2014-03-18,2015-10-01,2015-10-01,80,Konami,Kojima Productions,XB360/OG Xbox
Tomb Raider: Definitive Edition,2014-01-31,2015-09-01,2015-10-01,86,"Square Enix, Feral Interactive","Feral Interactive, Square Enix, NVIDIA Lightspeed Studios, Crystal Dynamics",XB1/Series X|S
Crysis 3,2013-02-19,2015-09-01,2015-09-01,76,Electronic Arts,"Electronic Arts, Crytek",XB360/OG Xbox
The Deer God,2015-02-27,2015-09-01,2015-09-01,59,"Crescent Moon Games, Level 77, Mobot Studios","Crescent Moon Games, LEVEL 77, Blowfish Studios, Mobot Studios, Cinopt Studios",XB1/Series X|S
Battlestations: Pacific,2009-05-12,2015-09-01,2015-09-01,,"Feral Interactive, Eidos Interactive","Feral Interactive, Eidos Hungary",XB360/OG Xbox
How To Survive: Storm Warning Edition,2015-07-02,2015-08-01,2015-09-01,,505 Games,Eko Software,XB1/Series X|S
Metro: Last Light,2013-05-13,2015-08-01,2015-08-01,81,Deep Silver,4A Games,XB360/OG Xbox
Metal Gear Solid V: Ground Zeroes,2014-03-18,2015-08-01,2015-08-01,80,Konami,Kojima Productions,XB1/Series X|S
Metro 2033,2010-03-16,2015-08-01,2015-08-01,79,"Deep Silver, THQ",4A Games,XB360/OG Xbox
So Many Me,2014-07-17,2015-07-01,2015-08-01,78,,"Extend Studio, OR1GO",XB1/Series X|S
Gears of War 3,2011-09-20,2015-07-01,2015-07-01,91,Microsoft Studios,Epic Games,XB360/OG Xbox
Assassin's Creed IV: Black Flag,2013-10-29,2015-07-01,2015-07-01,85,Ubisoft Entertainment,"Ubisoft, Ubisoft Montreal, Ubisoft Toronto, Ubisoft Bucharest",XB1/Series X|S
Plants vs. Zombies,2009-05-05,2015-07-01,2015-07-01,86,"Electronic Arts, PopCap Games",PopCap Games,XB360/OG Xbox
Massive Chalice,2015-05-31,2015-06-01,2015-07-01,73,Double Fine Productions,Double Fine Productions,XB1/Series X|S
Thief,2014-02-25,2015-06-01,2015-06-01,70,Square Enix,"Feral Interactive, Square Enix, Eidos Montreal",XB360/OG Xbox
Pool Nation FX,2015-04-01,2015-04-01,2015-06-01,,"Cherry Pop Games, CherryPop Games",CherryPop Games,XB1/Series X|S
Just Cause 2,2010-03-23,2015-06-01,2015-06-01,84,Square Enix,"Square Enix, Avalanche Studios",XB360/OG Xbox
F1 2013,2013-10-03,2015-05-01,2015-05-01,78,Codemasters,"Feral Interactive, Codemasters",XB360/OG Xbox
CastleStorm: Definitive Edition,2014-09-23,2015-05-01,2015-05-01,,Zen Studios,Zen Studios,XB1/Series X|S
Mafia II,2010-08-24,2015-05-01,2015-05-01,77,"2K Games, 1C-SoftClub",2K Czech,XB360/OG Xbox
Assassin's Creed IV: Black Flag,2013-10-29,2015-04-01,2015-04-01,85,Ubisoft Entertainment,"Ubisoft, Ubisoft Montreal, Ubisoft Toronto, Ubisoft Bucharest",XB360/OG Xbox
Army of Two: The Devil's Cartel,2013-03-01,2015-04-01,2015-04-01,56,Electronic Arts,"Electronic Arts, Visceral, Visceral Games Montreal",XB360/OG Xbox
Child of Light,2014-04-29,2015-04-01,2015-04-01,77,Ubisoft Entertainment,"Ubisoft, Ubisoft Montreal",XB1/Series X|S
Rayman Legends,2013-08-29,2015-03-01,2015-04-01,89,Ubisoft Entertainment,"Ubisoft, Ubisoft Montpellier",XB1/Series X|S
Gears of War: Judgment,2013-03-19,2015-04-01,2015-04-01,79,Microsoft Studios,Epic Games,XB360/OG Xbox
Terraria,2011-05-16,2015-04-01,2015-04-01,81,"505 Games, Headup Games, Spike Chunsoft, Re-Logic","Engine Software, Codeglue, Pipeworks Studio, Re-Logic",XB360/OG Xbox
BioShock Infinite,2013-03-26,2015-03-01,2015-03-01,94,"2K Games, Aspyr","Aspyr Media, 2K Australia, Irrational Games",XB360/OG Xbox
#IDARB,2015-01-30,2015-02-01,2015-03-01,,Other Ocean,,XB1/Series X|S
Tomb Raider,1996-10-25,2015-03-01,2015-03-01,88,Eidos Interactive,Core Design,XB360/OG Xbox
Sniper Elite V2,2012-05-01,2015-02-01,2015-02-01,66,"505 Games, Rebellion",Rebellion,XB360/OG Xbox
Worms Battlegrounds,2014-05-30,2014-12-01,2015-02-01,66,Team17 Digital,Team17 Digital,XB1/Series X|S
Brothers: A Tale of Two Sons,2013-08-07,2015-02-01,2015-02-01,90,"505 Games, Parables Games","Starbreeze Studios, Parables Games",XB360/OG Xbox
The Witcher 2: Assassins of Kings,2011-05-17,2015-01-01,2015-01-01,88,"CD PROJEKT RED, Atari",CD PROJEKT RED,XB360/OG Xbox
D4: Dark Dreams Don't Die,2014-09-19,2015-01-01,2015-01-01,72,"Microsoft Studios, AGM PLAYISM, Active Gaming Media",Access Games,XB1/Series X|S
MX vs. ATV Alive,2011-05-10,2015-01-01,2015-01-01,,THQ,"THQ Nordic, THQ, Rainbow Studios",XB360/OG Xbox
SSX,2012-02-28,2014-12-01,2014-12-01,82,"Electronic Arts, EA SPORTS","Electronic Arts, Electronic Arts Canada",XB360/OG Xbox
Völgarr the Viking,2013-09-12,2014-11-01,2014-12-01,76,"Adult Swim Games, Crazy Viking Studios, Crazy Viking",Crazy Viking Studios,XB1/Series X|S
The Raven: Legacy of a Master Thief,2013-07-23,2014-12-01,2014-12-01,74,THQ Nordic,"THQ Nordic, KING Art",XB360/OG Xbox
Red Faction: Guerrilla,2009-06-02,2014-11-01,2014-11-01,82,"THQ Nordic, THQ","THQ Nordic, Volition, THQ, Reactor Zero",XB360/OG Xbox
Chariot,2014-09-30,2014-10-01,2014-11-01,76,"Microids Indie, Frima Studio","Anuman Interactive, Frima Studio",XB1/Series X|S
Viva Piñata: Trouble in Paradise,2007-10-30,2014-11-01,2014-11-01,81,"Microsoft Studios, Krome Studios","Rare, Microsoft Game Studios",XB360/OG Xbox
Darksiders II,2012-08-14,2014-10-01,2014-10-01,83,THQ,"THQ Nordic, Vigil Games",XB360/OG Xbox
Crimson Dragon,2013-11-22,2014-08-01,2014-10-01,,Microsoft Studios,Grounding,XB1/Series X|S
Battlefield: Bad Company 2,2010-03-02,2014-10-01,2014-10-01,87,Electronic Arts,"Electronic Arts, Electronic Arts DICE, Digital Illusions CE",XB360/OG Xbox
Halo: Reach,2010-09-14,2014-09-01,2014-09-01,91,Microsoft Studios,Bungie,XB360/OG Xbox
Super Time Force,2014-05-14,2014-09-01,2014-09-01,,"Microsoft Studios, Capy",Capy,XB1/Series X|S
Monaco: What's Yours Is Mine,2013-04-24,2014-09-01,2014-09-01,83,"Majesco Entertainment, Pocketwatch Games",Pocketwatch Games,XB360/OG Xbox
Dishonored,2012-09-25,2014-08-01,2014-08-01,91,Bethesda Softworks,"Bethesda Softworks, Arkane Studios",XB360/OG Xbox
Strike Suit Zero: Director's Cut,2014-04-08,2014-08-01,2014-08-01,,Born Ready Games,Born Ready Games,XB1/Series X|S
Motocross Madness,1998-08-14,2014-08-01,2014-08-01,,Microsoft Studios,"Rainbow Studios, Bongfish",XB360/OG Xbox
BattleBlock Theater,2013-04-03,2014-07-01,2014-07-01,85,"Microsoft Studios, The Behemoth",The Behemoth,XB360/OG Xbox
Guacamelee! Super Turbo Championship Edition,2014-07-01,2014-07-01,2014-07-01,86,DrinkBox Studios,"DrinkBox Studios, Broken Rules",XB1/Series X|S
Halo: Spartan Assault,2013-07-18,2014-06-01,2014-07-01,70,Microsoft Studios,"343 Industries, Microsoft, Vanguard Games",XB1/Series X|S
Max: The Curse of Brotherhood,2013-12-20,2014-06-01,2014-07-01,,"Microsoft Studios, Bending Spoons Apps IVS, Flashbulb ApS, Stage Clear Studios","Stage Clear Studios, Bending Spoons Apps IVS, Flashbulb Games, Flashbulb ApS, Press Play",XB1/Series X|S
Gotham City Impostors,2012-02-07,2014-07-01,2014-07-01,,Warner Bros. Interactive,Monolith Productions,XB360/OG Xbox
Charlie Murder,2013-06-04,2014-06-01,2014-06-01,,"Microsoft Studios, Ska Studios",Ska Studios,XB360/OG Xbox
Super Street Fighter IV: Arcade Edition,2009-02-12,2014-06-01,2014-06-01,91,Capcom,"Capcom, Capcom U.S.A, DIMPS",XB360/OG Xbox
Dark Souls,2011-09-22,2014-06-01,2014-06-01,89,"Bandai Namco Entertainment, BANDAI NAMCO Entertainment US","BANDAI NAMCO Entertainment America, FromSoftware",XB360/OG Xbox
Saints Row: The Third,2011-11-15,2014-05-01,2014-05-01,84,THQ,Volition,XB360/OG Xbox
Dust: An Elysian Tail,2012-08-15,2014-05-01,2014-05-01,84,"Microsoft Studios, Humble Hearts",Humble Hearts,XB360/OG Xbox
Deadlight,2012-06-01,2014-04-01,2014-04-01,78,Microsoft Studios,Tequila Works,XB360/OG Xbox
Hitman: Absolution,2012-11-19,2014-04-01,2014-04-01,79,"Square Enix, Io-Interactive",IO Interactive,XB360/OG Xbox
Dungeon Defenders,2010-12-16,2014-03-01,2014-03-01,81,"Reverb Communications, Trendy Entertainment",Trendy Entertainment,XB360/OG Xbox
Sid Meier's Civilization Revolution,2008-06-13,2014-03-01,2014-03-01,84,2K Games,Firaxis,XB360/OG Xbox
Toy Soldiers: Cold War,2010-08-03,2014-02-01,2014-02-01,,Microsoft Studios,Signal Studios,XB360/OG Xbox
Dead Island,2011-09-06,2014-02-01,2014-02-01,74,Deep Silver,Techland,XB360/OG Xbox
Lara Croft and the Guardian of Light,2010-08-05,2014-01-01,2014-01-01,82,Square Enix,"Square Enix, Crystal Dynamics",XB360/OG Xbox
Sleeping Dogs,2012-08-14,2014-01-01,2014-01-01,81,Square Enix,"United Front Games, Square Enix London Studios",XB360/OG Xbox
Shoot Many Robots,2012-03-13,2013-12-01,2013-12-01,,Ubisoft Entertainment,"Ubisoft, Demiurge Studios, Demiurge",XB360/OG Xbox
Gears of War,2006-11-08,2013-12-01,2013-12-01,90,Microsoft Studios,"Epic Games, People Can Fly",XB360/OG Xbox
Iron Brigade,2010-08-06,2013-11-01,2013-11-01,75,"Microsoft Studios, Double Fine Productions",Double Fine Productions,XB360/OG Xbox
A World of Keflings,2010-12-22,2013-11-01,2013-11-01,,"Microsoft Studios, NinjaBee",NinjaBee,XB360/OG Xbox
Halo 3,2007-09-25,2013-10-01,2013-10-01,91,Microsoft Studios,Bungie,XB360/OG Xbox
Might & Magic: Clash of Heroes,2009-12-01,2013-10-01,2013-10-01,76,Ubisoft Entertainment,"Ubisoft, Capybara Games",XB360/OG Xbox
Tom Clancy's Rainbow Six: Vegas,2006-11-22,2013-09-01,2013-09-01,85,Ubisoft Entertainment,"Ubisoft, Ubisoft Montreal",XB360/OG Xbox
Magic: The Gathering - Duels of the Planeswalkers 2013,2012-06-19,2013-09-01,2013-09-01,77,Wizards of the Coast,"Stainless Games, Wizards of the Coast",XB360/OG Xbox
Dead Rising 2,2010-08-31,2013-08-01,2013-08-01,78,Capcom,"Capcom U.S.A, Capcom Vancouver, Blue Castle Games",XB360/OG Xbox
Crackdown,2007-02-20,2013-08-01,2013-08-01,,Microsoft Studios,Realtime Worlds,XB360/OG Xbox
Assassin's Creed II,2009-11-17,2013-07-01,2013-07-01,89,Ubisoft Entertainment,Ubisoft Montreal,XB360/OG Xbox
Defense Grid: The Awakening,2008-12-08,2013-07-01,2013-07-01,81,Hidden Path Entertainment,Hidden Path Entertainment,XB360/OG Xbox
Fable III,2010-10-25,2013-06-01,2013-06-01,78,Microsoft Studios,Lionhead Studios,XB360/OG Xbox
